"RelativePath","FileType","SizeBytes","TrackedStatus","UsedByProductionBuild","ReferencedByPlatformIO","ReferencedFromSourceIncludes","DocumentationEvidenceOnly","Generated","ObsoleteDiagnostic","Duplicate","Unknown","Classification","SHA256"
".git\COMMIT_EDITMSG","[no extension]","60","git-internal","NO/NOT SHOWN","NO","NO","NO","NO/NOT SHOWN","NO/NOT SHOWN","NO","False","KEEP_DEVELOPMENT","87f2294d4fb6cafe383ca28000af2328d4b8c8c06b3dfd2dc1b1ca1bc248ac0f"
".git\config","[no extension]","130","git-internal","NO/NOT SHOWN","NO","NO","NO","NO/NOT SHOWN","NO/NOT SHOWN","NO","False","KEEP_DEVELOPMENT","05becdb83bb897f6103c8d91439e2e9092144edf5b3955a746fce4975c12bfdc"
".git\description","[no extension]","73","git-internal","NO/NOT SHOWN","NO","NO","NO","NO/NOT SHOWN","NO/NOT SHOWN","NO","False","KEEP_DEVELOPMENT","85ab6c163d43a17ea9cf7788308bca1466f1b0a8d1cc92e26e9bf63da4062aee"
".git\HEAD","[no extension]","23","git-internal","NO/NOT SHOWN","NO","NO","NO","NO/NOT SHOWN","NO/NOT SHOWN","NO","False","KEEP_DEVELOPMENT","f6f2b945f6c411b02ba3da9c7ace88dcf71b6af65ba2e0d89aa82900042b5a10"
".git\hooks\applypatch-msg.sample",".sample","478","git-internal","NO/NOT SHOWN","NO","NO","NO","NO/NOT SHOWN","POSSIBLE - REVIEW","NO","False","KEEP_DEVELOPMENT","0223497a0b8b033aa58a3a521b8629869386cf7ab0e2f101963d328aa62193f7"
".git\hooks\commit-msg.sample",".sample","896","git-internal","NO/NOT SHOWN","NO","NO","NO","NO/NOT SHOWN","NO/NOT SHOWN","NO","False","KEEP_DEVELOPMENT","1f74d5e9292979b573ebd59741d46cb93ff391acdd083d340b94370753d92437"
".git\hooks\fsmonitor-watchman.sample",".sample","4726","git-internal","NO/NOT SHOWN","NO","NO","NO","NO/NOT SHOWN","NO/NOT SHOWN","NO","False","KEEP_DEVELOPMENT","e0549964e93897b519bd8e333c037e51fff0f88ba13e086a331592bf801fa1d0"
".git\hooks\post-update.sample",".sample","189","git-internal","NO/NOT SHOWN","NO","NO","NO","NO/NOT SHOWN","NO/NOT SHOWN","NO","False","KEEP_DEVELOPMENT","81765af2daef323061dcbc5e61fc16481cb74b3bac9ad8a174b186523586f6c5"
".git\hooks\pre-applypatch.sample",".sample","424","git-internal","NO/NOT SHOWN","NO","NO","NO","NO/NOT SHOWN","POSSIBLE - REVIEW","NO","False","KEEP_DEVELOPMENT","e15c5b469ea3e0a695bea6f2c82bcf8e62821074939ddd85b77e0007ff165475"
".git\hooks\pre-commit.sample",".sample","1649","git-internal","NO/NOT SHOWN","NO","NO","NO","NO/NOT SHOWN","NO/NOT SHOWN","NO","False","KEEP_DEVELOPMENT","57185b7b9f05239d7ab52db045f5b89eb31348d7b2177eab214f5eb872e1971b"
".git\hooks\pre-merge-commit.sample",".sample","416","git-internal","NO/NOT SHOWN","NO","NO","NO","NO/NOT SHOWN","NO/NOT SHOWN","NO","False","KEEP_DEVELOPMENT","d3825a70337940ebbd0a5c072984e13245920cdf8898bd225c8d27a6dfc9cb53"
".git\hooks\prepare-commit-msg.sample",".sample","1492","git-internal","NO/NOT SHOWN","NO","NO","NO","NO/NOT SHOWN","NO/NOT SHOWN","NO","False","KEEP_DEVELOPMENT","e9ddcaa4189fddd25ed97fc8c789eca7b6ca16390b2392ae3276f0c8e1aa4619"
".git\hooks\pre-push.sample",".sample","1374","git-internal","NO/NOT SHOWN","NO","NO","NO","NO/NOT SHOWN","NO/NOT SHOWN","NO","False","KEEP_DEVELOPMENT","ecce9c7e04d3f5dd9d8ada81753dd1d549a9634b26770042b58dda00217d086a"
".git\hooks\pre-rebase.sample",".sample","4898","git-internal","NO/NOT SHOWN","NO","NO","NO","NO/NOT SHOWN","NO/NOT SHOWN","NO","False","KEEP_DEVELOPMENT","4febce867790052338076f4e66cc47efb14879d18097d1d61c8261859eaaa7b3"
".git\hooks\pre-receive.sample",".sample","544","git-internal","NO/NOT SHOWN","NO","NO","NO","NO/NOT SHOWN","NO/NOT SHOWN","NO","False","KEEP_DEVELOPMENT","a4c3d2b9c7bb3fd8d1441c31bd4ee71a595d66b44fcf49ddb310252320169989"
".git\hooks\push-to-checkout.sample",".sample","2783","git-internal","NO/NOT SHOWN","NO","NO","NO","NO/NOT SHOWN","NO/NOT SHOWN","NO","False","KEEP_DEVELOPMENT","a53d0741798b287c6dd7afa64aee473f305e65d3f49463bb9d7408ec3b12bf5f"
".git\hooks\sendemail-validate.sample",".sample","2308","git-internal","NO/NOT SHOWN","NO","NO","NO","NO/NOT SHOWN","NO/NOT SHOWN","NO","False","KEEP_DEVELOPMENT","44ebfc923dc5466bc009602f0ecf067b9c65459abfe8868ddc49b78e6ced7a92"
".git\hooks\update.sample",".sample","3650","git-internal","NO/NOT SHOWN","NO","NO","NO","NO/NOT SHOWN","NO/NOT SHOWN","NO","False","KEEP_DEVELOPMENT","8d5f2fa83e103cf08b57eaa67521df9194f45cbdbcb37da52ad586097a14d106"
".git\index","[no extension]","58833","git-internal","NO/NOT SHOWN","NO","NO","NO","NO/NOT SHOWN","NO/NOT SHOWN","NO","False","KEEP_DEVELOPMENT","1b9126755401f25d73606b6ecfd63f08190db98f858bece14b3f104ab5fb8179"
".git\info\exclude","[no extension]","240","git-internal","NO/NOT SHOWN","NO","NO","NO","NO/NOT SHOWN","NO/NOT SHOWN","NO","False","KEEP_DEVELOPMENT","6671fe83b7a07c8932ee89164d1f2793b2318058eb8b98dc5c06ee0a5a3b0ec1"
".git\logs\HEAD","[no extension]","12319","git-internal","NO/NOT SHOWN","NO","NO","NO","NO/NOT SHOWN","NO/NOT SHOWN","YES (identical SHA-256 elsewhere)","False","KEEP_DEVELOPMENT","db097e87ef33ed56825977b77fdf2593bef2f014efb4824d3721922dd3cf63fc"
".git\logs\refs\heads\master","[no extension]","12319","git-internal","NO/NOT SHOWN","NO","NO","NO","NO/NOT SHOWN","NO/NOT SHOWN","YES (identical SHA-256 elsewhere)","False","KEEP_DEVELOPMENT","db097e87ef33ed56825977b77fdf2593bef2f014efb4824d3721922dd3cf63fc"
".git\objects\00\011baf834acbaaaf9ef418fdb1599359cce87b","[no extension]","693","git-internal","NO/NOT SHOWN","NO","NO","NO","NO/NOT SHOWN","NO/NOT SHOWN","NO","False","KEEP_DEVELOPMENT","4e213ee10693dc00405e06fd1d3e74c39ec51b12f444875d5423130ce782036d"
".git\objects\00\1e9e4fe3bfa39044de9ed6a5a6dd3947459f9c","[no extension]","371","git-internal","NO/NOT SHOWN","NO","NO","NO","NO/NOT SHOWN","NO/NOT SHOWN","NO","False","KEEP_DEVELOPMENT","0c5ccce5b59641e48dd91e3c1031a566565223845060c627fce580fbedabbbad"
".git\objects\00\20af29fbb9cc1c8b11f90f389f6f4980532dcc","[no extension]","51","git-internal","NO/NOT SHOWN","NO","NO","NO","NO/NOT SHOWN","NO/NOT SHOWN","NO","False","KEEP_DEVELOPMENT","3e53be7e86aba07f390d6944088b77b5609a51ffc5d84692cc477aa628f60287"
".git\objects\00\322b85e8511d71253567c80d2cd1e7ca009782","[no extension]","200","git-internal","NO/NOT SHOWN","NO","NO","NO","NO/NOT SHOWN","NO/NOT SHOWN","NO","False","KEEP_DEVELOPMENT","ede07109b63bbdaa3cf802af795f4de8939830e5559b3e15611737dc4cc575c3"
".git\objects\00\3834399a01cc5baa0b71d61b76365cfb8fcd7e","[no extension]","139","git-internal","NO/NOT SHOWN","NO","NO","NO","NO/NOT SHOWN","NO/NOT SHOWN","NO","False","KEEP_DEVELOPMENT","7448e1869cad638b4d7822451ca1f47999325db898ac90b766d736388920512a"
".git\objects\00\3cfcabdf00f7d3be5e005ba74498f1f26550b7","[no extension]","82","git-internal","NO/NOT SHOWN","NO","NO","NO","NO/NOT SHOWN","NO/NOT SHOWN","NO","False","KEEP_DEVELOPMENT","7def5827b254bf487d3abfadadbc1e07686f150dbd428cc5bb6216ebbacdbb7b"
".git\objects\00\418c25c1a35669f79b7ef481539470623e7e05","[no extension]","1421","git-internal","NO/NOT SHOWN","NO","NO","NO","NO/NOT SHOWN","NO/NOT SHOWN","NO","False","KEEP_DEVELOPMENT","e69337931e4d023e5f590e015b93f4a47d31c85a3b231af198fd581799f69bfe"
".git\objects\00\67ac9a4a0719ed1a05af3ca6ab7330f90d3b23","[no extension]","228","git-internal","NO/NOT SHOWN","NO","NO","NO","NO/NOT SHOWN","NO/NOT SHOWN","NO","False","KEEP_DEVELOPMENT","95cea9eebaa9a9e6fa4928d488b38c3f933a7bf1641f773546837fbc2fa20829"
".git\objects\00\c0d937f836c98ebbaf36e3b9f5ccf4b60a94f6","[no extension]","321","git-internal","NO/NOT SHOWN","NO","NO","NO","NO/NOT SHOWN","NO/NOT SHOWN","NO","False","KEEP_DEVELOPMENT","a08a127da867cf95a4a222df32d9e6267f5b54723a701780794b73ded7012ddb"
".git\objects\01\2cd5b6c357470d0bf01e47d8527d9fd169239e","[no extension]","56","git-internal","NO/NOT SHOWN","NO","NO","NO","NO/NOT SHOWN","NO/NOT SHOWN","NO","False","KEEP_DEVELOPMENT","c45ffedea1c4cb106b1182f13d96e40f2f8a463c2e70d5f6a44aa1c106997532"
".git\objects\01\69bc6c0e878c85cb84f276e37aa6e4dfdf0228","[no extension]","592","git-internal","NO/NOT SHOWN","NO","NO","NO","NO/NOT SHOWN","NO/NOT SHOWN","NO","False","KEEP_DEVELOPMENT","25cdd24e08cf58ba102bfde155b5cb172af27f2c34364b1cb02b1bd2b5fdf2d6"
".git\objects\01\a5d5484ed0c279617c4a6ccbb14a435cd4fa4c","[no extension]","546","git-internal","NO/NOT SHOWN","NO","NO","NO","NO/NOT SHOWN","NO/NOT SHOWN","NO","False","KEEP_DEVELOPMENT","50fb573e260fad99d7f3bf29ac0aca7768aa3a363b1ff7700787f4f2f718105f"
".git\objects\01\c2378cfc308fe7c4e9815d09fb040a4d8149d4","[no extension]","6180","git-internal","NO/NOT SHOWN","NO","NO","NO","NO/NOT SHOWN","NO/NOT SHOWN","NO","False","KEEP_DEVELOPMENT","06175cacc51bd6f32f979830bbfc6e0d547d6f050752a3531edc18015dd1fe7b"
".git\objects\01\c7dbc87710cc5e01d2fa9d90c807f47729eda2","[no extension]","5240","git-internal","NO/NOT SHOWN","NO","NO","NO","NO/NOT SHOWN","NO/NOT SHOWN","NO","False","KEEP_DEVELOPMENT","471bddb0b416c119863168313ff75cfa560b5edbdac3aabe9d251ab5131fbca0"
".git\objects\02\33be0777f16e4993505a21f8c599f3e7c4f1ed","[no extension]","552","git-internal","NO/NOT SHOWN","NO","NO","NO","NO/NOT SHOWN","NO/NOT SHOWN","NO","False","KEEP_DEVELOPMENT","03bc8c6594c85cc9baa13338540d9d084e90248d29847e53bc2252b43bc85b6e"
".git\objects\02\4cccfb181b4fd04b05f7a9a16f00b01aa96011","[no extension]","6796","git-internal","NO/NOT SHOWN","NO","NO","NO","NO/NOT SHOWN","NO/NOT SHOWN","NO","False","KEEP_DEVELOPMENT","66fe13920ff3fe5ccfe1442d96ba23daaee475d6d5bd01b85de88ce56d8a3370"
".git\objects\02\62005e2e5cf9aca5ccb743b66d90eb25162f1a","[no extension]","371","git-internal","NO/NOT SHOWN","NO","NO","NO","NO/NOT SHOWN","NO/NOT SHOWN","NO","False","KEEP_DEVELOPMENT","d8c7bd1973e33dfdd817eb85041fbb2976ff1da80854396043352240597fb6d1"
".git\objects\02\8f1dc85d9696a46e01ab1fc0f5ac6c4248d4d0","[no extension]","59","git-internal","NO/NOT SHOWN","NO","NO","NO","NO/NOT SHOWN","NO/NOT SHOWN","NO","False","KEEP_DEVELOPMENT","dc426140f843cba32801cab24e919b864fc5c90e999e3dca5a02313facee5d53"
".git\objects\02\a48d2eefc29c413387e79abf16834c40422857","[no extension]","212","git-internal","NO/NOT SHOWN","NO","NO","NO","NO/NOT SHOWN","NO/NOT SHOWN","NO","False","KEEP_DEVELOPMENT","fad897ec8d8925726736c6ed9ca09cef5dba851eb7039e02b129a606a0a01054"
".git\objects\02\f72c4d064f59e5c00da4ec3a0e939586b655e6","[no extension]","5012","git-internal","NO/NOT SHOWN","NO","NO","NO","NO/NOT SHOWN","NO/NOT SHOWN","NO","False","KEEP_DEVELOPMENT","3e037b6687c18cd6b21b33c281660ef1e569144865467574233fe9254c8d1d85"
".git\objects\03\704023c5957e13dd04625c25371d07962b7d9d","[no extension]","1106","git-internal","NO/NOT SHOWN","NO","NO","NO","NO/NOT SHOWN","NO/NOT SHOWN","NO","False","KEEP_DEVELOPMENT","28b2436b946d92c5624f033d32d1553dfa52b7abf616e35be0aa2f756115a2bf"
".git\objects\03\84972d14db99e97d3dd10e22804a384aa6c9f9","[no extension]","1380","git-internal","NO/NOT SHOWN","NO","NO","NO","NO/NOT SHOWN","NO/NOT SHOWN","NO","False","KEEP_DEVELOPMENT","58b8749225fb19dd548732e95d1044ab7945b0730f8f8f7effc8f294dbbccbb7"
".git\objects\03\85813f0c0be9f9cb6b1b693583728a85f5bb93","[no extension]","277","git-internal","NO/NOT SHOWN","NO","NO","NO","NO/NOT SHOWN","NO/NOT SHOWN","NO","False","KEEP_DEVELOPMENT","9c373fa1a479688f14d8fd89d5d5c0a0ae0c24af841ec18ff6627169612c21c2"
".git\objects\03\87abc27d15c2565a4290b426e06d0f47650105","[no extension]","1912","git-internal","NO/NOT SHOWN","NO","NO","NO","NO/NOT SHOWN","NO/NOT SHOWN","NO","False","KEEP_DEVELOPMENT","b6d2c69a47fad97ba8404da51e3d12a68095244a5f3ead75c0c1e1435c03f32a"
".git\objects\03\c8a7e0973d2054aca8932d3247648eb3e1d07a","[no extension]","27874","git-internal","NO/NOT SHOWN","NO","NO","NO","NO/NOT SHOWN","NO/NOT SHOWN","NO","False","KEEP_DEVELOPMENT","1df047ca0ccf3db779dc567349167645cfcc784dd1c57468ebf0b1af8e68f1b1"
".git\objects\03\cc5b6982e63ed6123469404527047026dadf3b","[no extension]","553","git-internal","NO/NOT SHOWN","NO","NO","NO","NO/NOT SHOWN","NO/NOT SHOWN","NO","False","KEEP_DEVELOPMENT","4f05ef7c4779503c29e82536f8852ecb92c6cdc277b81eb1f6ce9b13670ad87c"
".git\objects\03\d5a40449aef07ab7bb9750c9f811762c845bac","[no extension]","1328","git-internal","NO/NOT SHOWN","NO","NO","NO","NO/NOT SHOWN","NO/NOT SHOWN","NO","False","KEEP_DEVELOPMENT","91992db56ed7ef4711176d50178a3fd27a5339d58c8de46ea135fc7dbb82f55e"
".git\objects\04\195ff7afd1044e28c352dee745da871f1efe6e","[no extension]","1533","git-internal","NO/NOT SHOWN","NO","NO","NO","NO/NOT SHOWN","NO/NOT SHOWN","NO","False","KEEP_DEVELOPMENT","1e691b8e5a8a8d7a3efef2acdf1840087b59c8be99750ba47a633ce96ad101e2"
".git\objects\04\2649033719d7aa2d1fe9e5d73dc1d4fe08881c","[no extension]","298","git-internal","NO/NOT SHOWN","NO","NO","NO","NO/NOT SHOWN","NO/NOT SHOWN","NO","False","KEEP_DEVELOPMENT","0eae19296ffd83b1f731801f4b608f34a71b4acc0a8cae2c1448a11c28e0c802"
".git\objects\04\319fe7ba7a7cd1210b70614b79af49aa2a86c4","[no extension]","1135","git-internal","NO/NOT SHOWN","NO","NO","NO","NO/NOT SHOWN","NO/NOT SHOWN","NO","False","KEEP_DEVELOPMENT","dfd20bda4df5cc76a273339b2a17d871d210274c9e9d6d49cdf69f71e730eec0"
".git\objects\04\5834f1a4f58579ca6cd4ed1ff655b04ed379a8","[no extension]","574","git-internal","NO/NOT SHOWN","NO","NO","NO","NO/NOT SHOWN","NO/NOT SHOWN","NO","False","KEEP_DEVELOPMENT","623f2e6d3b8f44c27f42bf0abd99325e3e275d8a706417d61aec58e167cd4461"
".git\objects\04\740e76512d06e282569cfe26157b1f2884b316","[no extension]","203","git-internal","NO/NOT SHOWN","NO","NO","NO","NO/NOT SHOWN","NO/NOT SHOWN","NO","False","KEEP_DEVELOPMENT","12eb9d1d697f968d086a7173fe79776915bbe065dc4ae2a466930f782730fad1"
".git\objects\04\b2a9a697227d54f97574d295dbe633ec07ab76","[no extension]","828","git-internal","NO/NOT SHOWN","NO","NO","NO","NO/NOT SHOWN","NO/NOT SHOWN","NO","False","KEEP_DEVELOPMENT","a9ec3cdeca42bff1e84feb219ec04aa955b2323eefce3b9204912af8ceb21186"
".git\objects\04\ecd6fc628714e0288b1a5967b939b08c4cb351","[no extension]","3220","git-internal","NO/NOT SHOWN","NO","NO","NO","NO/NOT SHOWN","NO/NOT SHOWN","NO","False","KEEP_DEVELOPMENT","91a9474411ccd36c0f8b90ea03cb5b5b99c28ac2624dd06f8f0e5cc4280933ea"
".git\objects\05\02fe7bcaef56c6d66f153f633f0f62e314e60f","[no extension]","1271","git-internal","NO/NOT SHOWN","NO","NO","NO","NO/NOT SHOWN","NO/NOT SHOWN","NO","False","KEEP_DEVELOPMENT","730bf52cf62dc751c48a146e733482542e3f73c455cc38587cd007db13cfcd73"
".git\objects\05\120b34eef6862bafd27efc4a60d1168406e328","[no extension]","3095","git-internal","NO/NOT SHOWN","NO","NO","NO","NO/NOT SHOWN","NO/NOT SHOWN","NO","False","KEEP_DEVELOPMENT","32608d657ed491d368b58ac9937deac065d506fc7fe115437f2566f538154995"
".git\objects\05\157a29b4f83d7de7604af9ae878a5b8bea8c6f","[no extension]","1543","git-internal","NO/NOT SHOWN","NO","NO","NO","NO/NOT SHOWN","NO/NOT SHOWN","NO","False","KEEP_DEVELOPMENT","9d4690fc668788751713bc7bf408d3d1142f83becea24b14e29ac5afb4323e93"
".git\objects\05\3d1b430298d320caf9b1a77463140a70d05c60","[no extension]","1784","git-internal","NO/NOT SHOWN","NO","NO","NO","NO/NOT SHOWN","NO/NOT SHOWN","NO","False","KEEP_DEVELOPMENT","8e1ede156b55e5fcad05dbab34ea8be144c90133587340a08f16359379b417af"
".git\objects\05\61d9a5bfd54768a0452f917310a6f73451c262","[no extension]","5273","git-internal","NO/NOT SHOWN","NO","NO","NO","NO/NOT SHOWN","NO/NOT SHOWN","NO","False","KEEP_DEVELOPMENT","d471bfe297cd273b11821cb7d73574cb95bcd1308bfdff52771119a70b44b65c"
".git\objects\05\702017f4f990e0cde6e92c41a8b3f0d1ff4898","[no extension]","526","git-internal","NO/NOT SHOWN","NO","NO","NO","NO/NOT SHOWN","NO/NOT SHOWN","NO","False","KEEP_DEVELOPMENT","6b9acb97d8393d982275ba70ee84b39b498e17ef5480e09c1d85d1c878f66e8b"
".git\objects\05\709440d1a14586271339432e5487e682737621","[no extension]","1090","git-internal","NO/NOT SHOWN","NO","NO","NO","NO/NOT SHOWN","NO/NOT SHOWN","NO","False","KEEP_DEVELOPMENT","5910d295e8ab743771a4e80843de31723c2db1d4c13832d3cb154deffe8cddf4"
".git\objects\05\726e5d2c7b51d441f1bece71f2aca68549ad38","[no extension]","333","git-internal","NO/NOT SHOWN","NO","NO","NO","NO/NOT SHOWN","NO/NOT SHOWN","NO","False","KEEP_DEVELOPMENT","7e35fe7d30f8e179687e41d02c89eb589e8b9ec34d5ba6c11666e3fd479f903a"
".git\objects\05\92cc4d0afde5a4f4ad6d6ce155508773360f09","[no extension]","1701","git-internal","NO/NOT SHOWN","NO","NO","NO","NO/NOT SHOWN","NO/NOT SHOWN","NO","False","KEEP_DEVELOPMENT","3e1ab496af2ad06af64fa9d30db8b7d4e955adfda9ae33e821ac2b61d27f245c"
".git\objects\05\bda3255700e39a609f63cba8c14858738ae19e","[no extension]","4529","git-internal","NO/NOT SHOWN","NO","NO","NO","NO/NOT SHOWN","NO/NOT SHOWN","NO","False","KEEP_DEVELOPMENT","edeb68ee3336966ec5791cb161d0738e6689de2d82084fd141a8ad5478f04eb9"
".git\objects\06\33dd84cc3f5fc8d5626d4b2ee6309e7ef71ae9","[no extension]","513","git-internal","NO/NOT SHOWN","NO","NO","NO","NO/NOT SHOWN","NO/NOT SHOWN","NO","False","KEEP_DEVELOPMENT","95e3bf733fb4f2e7cd2563a0f2cbc1578c93c4705018ed75145edd713ce83496"
".git\objects\06\33f275c0636b39a6a47eb14fc79c3e4f51523d","[no extension]","2087","git-internal","NO/NOT SHOWN","NO","NO","NO","NO/NOT SHOWN","NO/NOT SHOWN","NO","False","KEEP_DEVELOPMENT","291240f0216cae05dcdc64971651e1e56ea9c403b1badb9aeb3cf76450aa7963"
".git\objects\06\3b84ccfd079b2746286339f4dff546eb9fbc2d","[no extension]","602","git-internal","NO/NOT SHOWN","NO","NO","NO","NO/NOT SHOWN","NO/NOT SHOWN","NO","False","KEEP_DEVELOPMENT","4a2d74477eaa0b919b463248d2af84275c6626aed1504570e42127d4dfc8ef4e"
".git\objects\06\3db9fcf75674f85076834288ea9db82db5f234","[no extension]","664","git-internal","NO/NOT SHOWN","NO","NO","NO","NO/NOT SHOWN","NO/NOT SHOWN","NO","False","KEEP_DEVELOPMENT","d077e6dfbef648ea4e3390567987698c3ebdab65b376fb12939839ae1d9c5c11"
".git\objects\06\4346ab87db3ef40c33560f858de9e5919cb1cb","[no extension]","629","git-internal","NO/NOT SHOWN","NO","NO","NO","NO/NOT SHOWN","NO/NOT SHOWN","NO","False","KEEP_DEVELOPMENT","e281c851dbe20741e6b1162a9db1825cfa4010697b1777a6a328e3433dd0c64d"
".git\objects\06\4518abc55002a121a03c7b848a2e635a9afb78","[no extension]","192","git-internal","NO/NOT SHOWN","NO","NO","NO","NO/NOT SHOWN","NO/NOT SHOWN","NO","False","KEEP_DEVELOPMENT","a5988e8bb2facaf5a6793c10a99257bce8e3069ee95232d7b88c0296bdfcf078"
".git\objects\06\5e82f60aeca483853a21b9833279427004948d","[no extension]","1823","git-internal","NO/NOT SHOWN","NO","NO","NO","NO/NOT SHOWN","NO/NOT SHOWN","NO","False","KEEP_DEVELOPMENT","6b78861b7f87a4f894a107335c122cec6d2a5c536077751b2e6d298b2293bb14"
".git\objects\06\76096b9f8f8f46ba7cefc26393cbc516c203b9","[no extension]","1560","git-internal","NO/NOT SHOWN","NO","NO","NO","NO/NOT SHOWN","NO/NOT SHOWN","NO","False","KEEP_DEVELOPMENT","5cc655248c081b98cc3b2f20ba1c60eb192100de161f1ee6b2db30e95fa97286"
".git\objects\06\9fb317867d1420f66f5146a652031d22c642ed","[no extension]","334","git-internal","NO/NOT SHOWN","NO","NO","NO","NO/NOT SHOWN","NO/NOT SHOWN","NO","False","KEEP_DEVELOPMENT","9d913a418555cabefa2a1709d86f8af5b06459a7cc5d581d545693417cfa2344"
".git\objects\06\bd41b7f8c54adbfa5e27c69adb4764f822f9dd","[no extension]","1874","git-internal","NO/NOT SHOWN","NO","NO","NO","NO/NOT SHOWN","NO/NOT SHOWN","NO","False","KEEP_DEVELOPMENT","704f89a9cc2ab84ef5acc059a2fbf1dbfde2c41ad372ef28f6e90dda6cd105b9"
".git\objects\07\10b4d8951c0afd7940b05ff65c7d938346cf55","[no extension]","1542","git-internal","NO/NOT SHOWN","NO","NO","NO","NO/NOT SHOWN","NO/NOT SHOWN","NO","False","KEEP_DEVELOPMENT","0b7e83d0c19eb5298ccd4f6982e32afda4c897ee5fb38f52b53d7c3ebd31bc55"
".git\objects\07\27950aaeb437c692f0197543c0399fd5d099c5","[no extension]","3733","git-internal","NO/NOT SHOWN","NO","NO","NO","NO/NOT SHOWN","NO/NOT SHOWN","NO","False","KEEP_DEVELOPMENT","6548a63ead1279a8ccb23adf70684e44c28a4b19a5287f365506be0955b75817"
".git\objects\07\356e4b30e7829aceb3f75d99d75366ffd931a5","[no extension]","54","git-internal","NO/NOT SHOWN","NO","NO","NO","NO/NOT SHOWN","NO/NOT SHOWN","NO","False","KEEP_DEVELOPMENT","37fe85e48d72399de72bafd2f5aeaa70bdc9b7c80577bda789cc26d3a58c0fbe"
".git\objects\07\426e2cf41ef2cd730a17919165b80f94cc19a5","[no extension]","707","git-internal","NO/NOT SHOWN","NO","NO","NO","NO/NOT SHOWN","NO/NOT SHOWN","NO","False","KEEP_DEVELOPMENT","a8ee487a48d86194f0269171c77cda9db95013009b8e56ae029764ad7beff84a"
".git\objects\07\515ca65e7f0ed3e59c781d3a10f79861833fd5","[no extension]","144","git-internal","NO/NOT SHOWN","NO","NO","NO","NO/NOT SHOWN","NO/NOT SHOWN","NO","False","KEEP_DEVELOPMENT","2c9e3898444a904385094e8b66aef0cfc0b341daa22e8659d8f4ed57991599b9"
".git\objects\07\54750cbebd8adf7771d890c225ab21b1674d0b","[no extension]","708","git-internal","NO/NOT SHOWN","NO","NO","NO","NO/NOT SHOWN","NO/NOT SHOWN","NO","False","KEEP_DEVELOPMENT","d51255485dd63935861288304878e5e111b529ac3819e4a50d98214c4cc407f9"
".git\objects\07\974e13e0214fe7ddc2ce2bd230fa0ee242d35b","[no extension]","371","git-internal","NO/NOT SHOWN","NO","NO","NO","NO/NOT SHOWN","NO/NOT SHOWN","NO","False","KEEP_DEVELOPMENT","d1f2738bf010800b1ac1e3bf688e9f8b96b8178cc0e0fb7a1dfb9b332861fc50"
".git\objects\07\aa0ce76dd0d7e26faca230daa786038e1ac534","[no extension]","6918","git-internal","NO/NOT SHOWN","NO","NO","NO","NO/NOT SHOWN","NO/NOT SHOWN","NO","False","KEEP_DEVELOPMENT","53e0dec9c8138df4a042e794f715fa8402c614ac46d055925b0996f0fb54f263"
".git\objects\07\ef632a06f7ff44abe74010f2fc690ee5692943","[no extension]","185","git-internal","NO/NOT SHOWN","NO","NO","NO","NO/NOT SHOWN","NO/NOT SHOWN","NO","False","KEEP_DEVELOPMENT","12302e46ba7012dc935ec6d4d1a3a1612c271e7ffd5b9f24b9e58bdb7512072d"
".git\objects\08\0e590110322be7eb69d51cfe2dd6a04f095e8e","[no extension]","6171","git-internal","NO/NOT SHOWN","NO","NO","NO","NO/NOT SHOWN","NO/NOT SHOWN","NO","False","KEEP_DEVELOPMENT","47ab4460e297fcb4fe9c53ef34f7658049f77e16fa655c3e767468dbc287587b"
".git\objects\08\2ebc2c6bf1ec066d3e16515fd7db2244bc475f","[no extension]","343","git-internal","NO/NOT SHOWN","NO","NO","NO","NO/NOT SHOWN","NO/NOT SHOWN","NO","False","KEEP_DEVELOPMENT","a5487db507a227126025b31123e98669f964ce63f77658291c3a482c510e3988"
".git\objects\08\3fdd2dd8e35c65ba46b74e5ff866eac99ad7b5","[no extension]","56","git-internal","NO/NOT SHOWN","NO","NO","NO","NO/NOT SHOWN","NO/NOT SHOWN","NO","False","KEEP_DEVELOPMENT","9fec8e77ce2f9735cebd7ad14ec5d9a4e3afc83b05e764c4ac6aaf1d2f3031e2"
".git\objects\08\40b70bfbb243074a88c563af6369aab9f998a0","[no extension]","4639","git-internal","NO/NOT SHOWN","NO","NO","NO","NO/NOT SHOWN","NO/NOT SHOWN","NO","False","KEEP_DEVELOPMENT","e9d799e697c2d5e0a516a3c502f1159a3e3e796dc1097bc3e682234e6d50ac5a"
".git\objects\08\43ed75e07ffabfbc15850832cbe9361d3c8b0a","[no extension]","689","git-internal","NO/NOT SHOWN","NO","NO","NO","NO/NOT SHOWN","NO/NOT SHOWN","NO","False","KEEP_DEVELOPMENT","4530365eb7a17412281f2c182374ac5e38cb5a5bc00e74c59494f2dfa86c68a1"
".git\objects\08\5203349659c7f1c5a14fd4f1182cb23afadd61","[no extension]","5549","git-internal","NO/NOT SHOWN","NO","NO","NO","NO/NOT SHOWN","NO/NOT SHOWN","NO","False","KEEP_DEVELOPMENT","34a9b7e66aaee0dbeb28a63c2282fb28ba564d57b6aa0ca37a2f521474dcb420"
".git\objects\08\6ed5b530b6526a179f26c1512288c2b9c8bf92","[no extension]","24986","git-internal","NO/NOT SHOWN","NO","NO","NO","NO/NOT SHOWN","NO/NOT SHOWN","NO","False","KEEP_DEVELOPMENT","bc46f63ed7e05ed87da8ffa92bdbca4998738d0782a89cd93e2d9b7f716256cf"
".git\objects\08\862c23fc1c702286b98727b0a3b5e375cf1245","[no extension]","373","git-internal","NO/NOT SHOWN","NO","NO","NO","NO/NOT SHOWN","NO/NOT SHOWN","NO","False","KEEP_DEVELOPMENT","7a2c79ec6ebea887ee7d9838dda9485408cdbcd0819613e32e2019234154f880"
".git\objects\08\870af51420541039a694ffff07a604b1d886d0","[no extension]","1819","git-internal","NO/NOT SHOWN","NO","NO","NO","NO/NOT SHOWN","NO/NOT SHOWN","NO","False","KEEP_DEVELOPMENT","fbd316e6ee7391d6ae3cbdc908611a09ce9e42e45870254ef750a12a4ea218c0"
".git\objects\08\97a1142a07db48552db76339ac78bb5146d52e","[no extension]","399","git-internal","NO/NOT SHOWN","NO","NO","NO","NO/NOT SHOWN","NO/NOT SHOWN","NO","False","KEEP_DEVELOPMENT","fcf684ef0d9c1095d79232c27b52a45fc8efcdf8da99af892a3938e3be9a135a"
".git\objects\08\9b8efbe180f305c71d8d3981b57cd5659c436f","[no extension]","179","git-internal","NO/NOT SHOWN","NO","NO","NO","NO/NOT SHOWN","NO/NOT SHOWN","NO","False","KEEP_DEVELOPMENT","4c472a58da7caa8c958c219802d1c628e388085a49deab63ec6c65c66943f1c6"
".git\objects\08\c45b887e49605707991a75c64d0449ad4f78d0","[no extension]","401","git-internal","NO/NOT SHOWN","NO","NO","NO","NO/NOT SHOWN","NO/NOT SHOWN","NO","False","KEEP_DEVELOPMENT","26c4d7be7609707b63adc1c5e2444ef10722f83996607023ae9141db095ad2d8"
".git\objects\08\dc6fe401feb82548af7d1161d55b5f728eccb5","[no extension]","512","git-internal","NO/NOT SHOWN","NO","NO","NO","NO/NOT SHOWN","NO/NOT SHOWN","NO","False","KEEP_DEVELOPMENT","19787027b073b0372fded8da922e94b416ff5bbebcbb0039bd162864bf8cfeb6"
".git\objects\09\10539a105e7f4e021705050f70d1df0f296d2b","[no extension]","2249","git-internal","NO/NOT SHOWN","NO","NO","NO","NO/NOT SHOWN","NO/NOT SHOWN","NO","False","KEEP_DEVELOPMENT","af507634e5e9eb971e9ffdcedb6e3f8c1ecc89127135972ec5661d059122d983"
".git\objects\09\6d4bbbf829102d1138d12b511f6d74a5f0d340","[no extension]","402","git-internal","NO/NOT SHOWN","NO","NO","NO","NO/NOT SHOWN","NO/NOT SHOWN","NO","False","KEEP_DEVELOPMENT","b663bda26fee188fef0fb24dffa0b4668fbbe9e579b638a66cdd9095a9ec6ece"
".git\objects\09\9fd906e578a63b1eec8f27e5d76fa030fecad8","[no extension]","737","git-internal","NO/NOT SHOWN","NO","NO","NO","NO/NOT SHOWN","NO/NOT SHOWN","NO","False","KEEP_DEVELOPMENT","08d37b24648a657cbb7ed922a76766caad8a81f4882ef40d3d63dbd5049047ec"
".git\objects\0a\1ac899de81ba7b91c2d17c845c8e4feda76de7","[no extension]","200","git-internal","NO/NOT SHOWN","NO","NO","NO","NO/NOT SHOWN","NO/NOT SHOWN","NO","False","KEEP_DEVELOPMENT","24ee9a8b03cc5169929aa386a66313f065acdd85821f96162f0182919dbb89f4"
".git\objects\0a\70bc60fb848c38d17ca0002f214d214c5479ec","[no extension]","642","git-internal","NO/NOT SHOWN","NO","NO","NO","NO/NOT SHOWN","NO/NOT SHOWN","NO","False","KEEP_DEVELOPMENT","c9bc858b560b083aeda113745504ce885cc877b6096797d658ba2d1c66b2d9d6"
".git\objects\0a\745640f49263fac50b0bdbfc2162c9c5fd5542","[no extension]","2029","git-internal","NO/NOT SHOWN","NO","NO","NO","NO/NOT SHOWN","NO/NOT SHOWN","NO","False","KEEP_DEVELOPMENT","24ee5b1ec199447bff2a2ba3e572badf09e4df7078370258a2929dd21cdf38dd"
".git\objects\0a\9cac95604b45f241e9f84b2a36d25873166cdf","[no extension]","4503","git-internal","NO/NOT SHOWN","NO","NO","NO","NO/NOT SHOWN","NO/NOT SHOWN","NO","False","KEEP_DEVELOPMENT","c81615b8228ae095067b5be91006d89fffd963babfefdd57b5723379a49d7adb"
".git\objects\0a\a7f736c5df5fed48ddbb728cc0397a171371a2","[no extension]","235","git-internal","NO/NOT SHOWN","NO","NO","NO","NO/NOT SHOWN","NO/NOT SHOWN","NO","False","KEEP_DEVELOPMENT","c808c83effee11361001a26e8e1283ce7799151ebe3b6abcf899e0f0deceb00b"
".git\objects\0a\caaf8c8b3a87c1e33059b8481bb53c86bf406e","[no extension]","6562","git-internal","NO/NOT SHOWN","NO","NO","NO","NO/NOT SHOWN","NO/NOT SHOWN","NO","False","KEEP_DEVELOPMENT","ba595c13f08c581c82bc802ac228b1b253ce115b847413086a3ea5cc0e2d7f41"
".git\objects\0a\d4598cd406924d758b58c1b782d224568e90bb","[no extension]","367","git-internal","NO/NOT SHOWN","NO","NO","NO","NO/NOT SHOWN","NO/NOT SHOWN","NO","False","KEEP_DEVELOPMENT","c8fa7c6fe23823eb5658c8cd96a999b726edbba97d97810ba15c760b2aa4c969"
".git\objects\0a\efc3b20c24825c0bdb9a60daf9f0ea0d6998ca","[no extension]","470","git-internal","NO/NOT SHOWN","NO","NO","NO","NO/NOT SHOWN","NO/NOT SHOWN","NO","False","KEEP_DEVELOPMENT","1c99d9a7986799bacd7feff8778fddb2cbdd8029776b5be5490f0f264994dc43"
".git\objects\0b\424718c6a1990d2753c65f35fdb3aee4a35c69","[no extension]","255","git-internal","NO/NOT SHOWN","NO","NO","NO","NO/NOT SHOWN","NO/NOT SHOWN","NO","False","KEEP_DEVELOPMENT","6e722c7658ab3ef115c5ee74959958416b9c58c82429a81da342e4c79c96d4d1"
".git\objects\0b\6ab9a6b47234ee9027af0cc751888b210576fb","[no extension]","3353","git-internal","NO/NOT SHOWN","NO","NO","NO","NO/NOT SHOWN","NO/NOT SHOWN","NO","False","KEEP_DEVELOPMENT","f086b597ccf86d13b28995287d1270ceb4d84a64446baa9d20dbb19b8a568ea1"
".git\objects\0b\71dff1376fcd70b231748a09a5790891946110","[no extension]","1636","git-internal","NO/NOT SHOWN","NO","NO","NO","NO/NOT SHOWN","NO/NOT SHOWN","NO","False","KEEP_DEVELOPMENT","0a36bddc995b288b18dd3b92834ba4ea6b22e634b0e08126d88ab5728ac775fa"
".git\objects\0b\8e05a6ec57f903e2bd84b84536bab6ce24affc","[no extension]","343","git-internal","NO/NOT SHOWN","NO","NO","NO","NO/NOT SHOWN","NO/NOT SHOWN","NO","False","KEEP_DEVELOPMENT","21707577b229feaa9da060c8f2dbc8df61c414950b312aac6573e3ca4640c0ae"
".git\objects\0b\91da767b4fef95171cf6c78cc0bb9af5e836ee","[no extension]","262","git-internal","NO/NOT SHOWN","NO","NO","NO","NO/NOT SHOWN","NO/NOT SHOWN","NO","False","KEEP_DEVELOPMENT","c2083510bf17e883425e886134a1599ff6f7fd64cb2e1e5c75f43fa19fabd049"
".git\objects\0b\bd9d6fa5942480d7f2f44bb1e4a8893305b2ef","[no extension]","592","git-internal","NO/NOT SHOWN","NO","NO","NO","NO/NOT SHOWN","NO/NOT SHOWN","NO","False","KEEP_DEVELOPMENT","d3f83d1cec1987efd680a0076bf851ceceb7778f055261e3890c48bc25b3847f"
".git\objects\0c\04064ec9d99235a137c1603bb21d8bd109b631","[no extension]","351","git-internal","NO/NOT SHOWN","NO","NO","NO","NO/NOT SHOWN","NO/NOT SHOWN","NO","False","KEEP_DEVELOPMENT","65c2ea300847f8c660ab761e37f632028fc87d043d4e6147f9b6502201e53e0a"
".git\objects\0c\12d7f3bd62fa07cb48caad7fdc9d6a5f3910ad","[no extension]","897","git-internal","NO/NOT SHOWN","NO","NO","NO","NO/NOT SHOWN","NO/NOT SHOWN","NO","False","KEEP_DEVELOPMENT","772a83274d0a4ba384e8d1ff66ce983b84d8715fcfd529713ff046a3ff34e721"
".git\objects\0c\91c387fd65f15cd664fec9d0a5279f572e3291","[no extension]","1539","git-internal","NO/NOT SHOWN","NO","NO","NO","NO/NOT SHOWN","NO/NOT SHOWN","NO","False","KEEP_DEVELOPMENT","0714a46381152bedc24879ed5d21d4be9f7effd79600ade1e925b1d95c1c9221"
".git\objects\0c\a43e810b80e056a694c4a4951f04c6a0c66ec4","[no extension]","224","git-internal","NO/NOT SHOWN","NO","NO","NO","NO/NOT SHOWN","NO/NOT SHOWN","NO","False","KEEP_DEVELOPMENT","f9c581c6ce45a282478e2b8f385b9b9ceb84c407f73217ed7f1e07025bdf5fae"
".git\objects\0c\de38ee9ef81e8e35dc2bb381215a2c765a5a67","[no extension]","209","git-internal","NO/NOT SHOWN","NO","NO","NO","NO/NOT SHOWN","NO/NOT SHOWN","NO","False","KEEP_DEVELOPMENT","ecf009e5a1da0a897b122ff1c7a89cc722bf83d70bb8d0409d194472adfece48"
".git\objects\0c\e8c663769c456325d19b2b3439297d8ebb9ca6","[no extension]","195","git-internal","NO/NOT SHOWN","NO","NO","NO","NO/NOT SHOWN","NO/NOT SHOWN","NO","False","KEEP_DEVELOPMENT","50887946d58a567fc6d81608b826bae9e297dade2907ee0a22bbbae90c38a2b3"
".git\objects\0c\e8fc68492272053559fccd275ab415599327e6","[no extension]","88","git-internal","NO/NOT SHOWN","NO","NO","NO","NO/NOT SHOWN","NO/NOT SHOWN","NO","False","KEEP_DEVELOPMENT","9f9edfa46fec51998d42e28f4dc85882b375e2abcaae1f26c0245bd9dc090bed"
".git\objects\0d\3312b103b513ea9f24400b8cb399a082968410","[no extension]","145","git-internal","NO/NOT SHOWN","NO","NO","NO","NO/NOT SHOWN","NO/NOT SHOWN","NO","False","KEEP_DEVELOPMENT","40a00098c022c2e47cd0c24c433c11271342e16bd859353ed7ced688739ff289"
".git\objects\0d\982face94b0aced632d9fed5b28981d66b802c","[no extension]","435","git-internal","NO/NOT SHOWN","NO","NO","NO","NO/NOT SHOWN","NO/NOT SHOWN","NO","False","KEEP_DEVELOPMENT","7fb18e5e7e36c8857c7cd3b7fa8da064916968c63ac293ca94754b62f16fa9cd"
".git\objects\0d\c4bfd5d18f87b786c3a048816bf0ba96a83f99","[no extension]","114","git-internal","NO/NOT SHOWN","NO","NO","NO","NO/NOT SHOWN","NO/NOT SHOWN","NO","False","KEEP_DEVELOPMENT","29d146083fe6ace970b67583b8a65682dd1dd5083fa402c366b95a0ebfa7e14a"
".git\objects\0e\297d2e8ed749fd36ceb0e7870c74a71f3fbcab","[no extension]","1222","git-internal","NO/NOT SHOWN","NO","NO","NO","NO/NOT SHOWN","NO/NOT SHOWN","NO","False","KEEP_DEVELOPMENT","6a0336647bbd2c04e0dbe62d3f288fd2dcc48c5446b61bb983bf7733d1561a43"
".git\objects\0e\441683610583b44ad28f293f5f765cb4cc678d","[no extension]","943","git-internal","NO/NOT SHOWN","NO","NO","NO","NO/NOT SHOWN","NO/NOT SHOWN","NO","False","KEEP_DEVELOPMENT","31e41458f066a5e277f1017ed8e095e46c690007c0babf2ff375647845f5f399"
".git\objects\0e\6a2eed2a444668c1a36cb4ac85ccdfe78d248e","[no extension]","1165","git-internal","NO/NOT SHOWN","NO","NO","NO","NO/NOT SHOWN","NO/NOT SHOWN","NO","False","KEEP_DEVELOPMENT","e18c3877213c05a5921d6a97818fcca1bedee7a245b9791cdeeeed0a0fa19f50"
".git\objects\0e\d2af6c6f807c7b08c9b49b6a4b4d19626a0b26","[no extension]","281","git-internal","NO/NOT SHOWN","NO","NO","NO","NO/NOT SHOWN","NO/NOT SHOWN","NO","False","KEEP_DEVELOPMENT","c7adcc1fd1a8183feb90b42667a36489b7bc62b70a0e6e8f4393ab06c04feee9"
".git\objects\0e\e5982897f14ced1b185ae9258bfd4e2aa7061a","[no extension]","978","git-internal","NO/NOT SHOWN","NO","NO","NO","NO/NOT SHOWN","NO/NOT SHOWN","NO","False","KEEP_DEVELOPMENT","d8c7b5ff9ddd53b8809571b3e12cc56786bbef9ac6b821c48b0be90012bb5e04"
".git\objects\0f\01425bbf8c4b20eae2239b7e79f280c98458f6","[no extension]","1331","git-internal","NO/NOT SHOWN","NO","NO","NO","NO/NOT SHOWN","NO/NOT SHOWN","NO","False","KEEP_DEVELOPMENT","6a88d2484ca2cbeba1ddb2e300b1767b9c18d6cc08244bd570981f3dbd0d9695"
".git\objects\0f\43b210d013c1907f5cb95e5a1a5a7063f5d96b","[no extension]","5775","git-internal","NO/NOT SHOWN","NO","NO","NO","NO/NOT SHOWN","NO/NOT SHOWN","NO","False","KEEP_DEVELOPMENT","9784ce66545ce3768307d8d665d8509869a0ce6a49ea14b4eaaa9e3a86d87902"
".git\objects\0f\48488b1d6d95e3ddb8aeeb0c63d06d4dcce81a","[no extension]","622","git-internal","NO/NOT SHOWN","NO","NO","NO","NO/NOT SHOWN","NO/NOT SHOWN","NO","False","KEEP_DEVELOPMENT","c6bea0990ac9529b1fe46a839b813e325384af5c097435a20d098e757fcedc9f"
".git\objects\0f\5049cdebf210ff3770398f0245c64a787ec75d","[no extension]","1548","git-internal","NO/NOT SHOWN","NO","NO","NO","NO/NOT SHOWN","NO/NOT SHOWN","NO","False","KEEP_DEVELOPMENT","5bf38b7bce33d246819c2a4b45a5a65bdf736fe4ec445041b58d0bf951e3ad98"
".git\objects\0f\98e64ff4c3e059536f1ed871b7a2753095e8b8","[no extension]","1312","git-internal","NO/NOT SHOWN","NO","NO","NO","NO/NOT SHOWN","NO/NOT SHOWN","NO","False","KEEP_DEVELOPMENT","ee67299b7a1c954174066281b5b44f1c6a4cf15e0b23b1cacbf7b5ee9a7a497b"
".git\objects\0f\bc54a4e329d2574cf4f7816093d46843ed8d71","[no extension]","666","git-internal","NO/NOT SHOWN","NO","NO","NO","NO/NOT SHOWN","NO/NOT SHOWN","NO","False","KEEP_DEVELOPMENT","cfb0b86adc2b2e3e50d123f583dac390aebfa03130d9a825866df140dec161e1"
".git\objects\0f\e25854dec07d82c6458da1b91dec2e6f0c6c51","[no extension]","4022","git-internal","NO/NOT SHOWN","NO","NO","NO","NO/NOT SHOWN","NO/NOT SHOWN","NO","False","KEEP_DEVELOPMENT","7e32b0aba7e3333ebec9df9614093360fa345de2c3a6af6a5893f759a761cd10"
".git\objects\0f\ece13283d6e41437fae604726909ff5d8552c7","[no extension]","876","git-internal","NO/NOT SHOWN","NO","NO","NO","NO/NOT SHOWN","NO/NOT SHOWN","NO","False","KEEP_DEVELOPMENT","3e1c45af0d587272c13936b3d7a87defb79a20abe4b3224a4ee42b9ab9592840"
".git\objects\0f\f6fd00001d1b7629c3bd41c774bbced1c30c21","[no extension]","1453","git-internal","NO/NOT SHOWN","NO","NO","NO","NO/NOT SHOWN","NO/NOT SHOWN","NO","False","KEEP_DEVELOPMENT","2c8726c3eefdbbb39d8ff20814beb3f9d2988cb05491a956ff1c1284eee6e1a8"
".git\objects\10\2739fc99cc30203fabb6cf4248e0f5a6350bd1","[no extension]","373","git-internal","NO/NOT SHOWN","NO","NO","NO","NO/NOT SHOWN","NO/NOT SHOWN","NO","False","KEEP_DEVELOPMENT","aaa428e701957f7faef860f5de78cb04616a45e539867b252f31dc98544d821d"
".git\objects\10\400e5b77423c40aa0336cf72f6cdb75097b040","[no extension]","9685","git-internal","NO/NOT SHOWN","NO","NO","NO","NO/NOT SHOWN","NO/NOT SHOWN","NO","False","KEEP_DEVELOPMENT","38a88b52c020655ce9bd296201f0c646e54c08124fa65dbb0303ad252bd89fb4"
".git\objects\10\b5e040fad6a942ab29ae71eddcec36d154e017","[no extension]","1460","git-internal","NO/NOT SHOWN","NO","NO","NO","NO/NOT SHOWN","NO/NOT SHOWN","NO","False","KEEP_DEVELOPMENT","d40c47f12a0741c2376f112504b20d3f44e28c0a78eee927a10e041bbc558e62"
".git\objects\10\eecf4dd17aa5ae82b41fea17097dba9a162f27","[no extension]","1096","git-internal","NO/NOT SHOWN","NO","NO","NO","NO/NOT SHOWN","NO/NOT SHOWN","NO","False","KEEP_DEVELOPMENT","4ca969945000fbe66964543cfd247448b0d0830d2708c940fd67edc312316f2f"
".git\objects\11\2fb1bca2c1649c84674f9594df67246fd1e503","[no extension]","124","git-internal","NO/NOT SHOWN","NO","NO","NO","NO/NOT SHOWN","NO/NOT SHOWN","NO","False","KEEP_DEVELOPMENT","a55aeffd181043ff5944144ad788feaa75f17ba6b0fc49a3b3cb83e49947908f"
".git\objects\11\3561050fdcfa30b3b09b0de98d5f29c6b3c140","[no extension]","7174","git-internal","NO/NOT SHOWN","NO","NO","NO","NO/NOT SHOWN","NO/NOT SHOWN","NO","False","KEEP_DEVELOPMENT","620ed08187b1ad43b9c62453611627f2083a5d707176f7b846521844d78cd181"
".git\objects\11\5c92e4fc3a9c2446e6a6648cf8a5a853598e6a","[no extension]","143","git-internal","NO/NOT SHOWN","NO","NO","NO","NO/NOT SHOWN","NO/NOT SHOWN","NO","False","KEEP_DEVELOPMENT","fbb68fa5e621d963cb8319e6e30b2b9079a8222da4c6f13d7f1f63177c6accdb"
".git\objects\11\731237a42939813d5e36b12064eebdf44739e7","[no extension]","663","git-internal","NO/NOT SHOWN","NO","NO","NO","NO/NOT SHOWN","NO/NOT SHOWN","NO","False","KEEP_DEVELOPMENT","9bca52a38029e5b09ea3f9874328decde789780013a2601d1d137166bf74e394"
".git\objects\11\99bdd2ec4df987220d31343881f0aed4d08e63","[no extension]","4083","git-internal","NO/NOT SHOWN","NO","NO","NO","NO/NOT SHOWN","NO/NOT SHOWN","NO","False","KEEP_DEVELOPMENT","a82af830bb3b29a888ef165456035ead81db675524c4536aa8017125af7f2662"
".git\objects\11\a15ac98fdc9d0d9ed607dc5d71d5b47238629d","[no extension]","572","git-internal","NO/NOT SHOWN","NO","NO","NO","NO/NOT SHOWN","NO/NOT SHOWN","NO","False","KEEP_DEVELOPMENT","4807f50f652640874458be4cab15d4d1db2ae62cbc35ef49ab201e9e3797a715"
".git\objects\11\cb5ba4040bf760c9d0b87c95d91442e744b051","[no extension]","255","git-internal","NO/NOT SHOWN","NO","NO","NO","NO/NOT SHOWN","NO/NOT SHOWN","NO","False","KEEP_DEVELOPMENT","4ebcd95c99bbe06f1c85cda9fd8be97bd4b6923d665e433acc66ef08a7f5cb2e"
".git\objects\11\cf25c5d99f930b82de091247441a6ad9899936","[no extension]","276","git-internal","NO/NOT SHOWN","NO","NO","NO","NO/NOT SHOWN","NO/NOT SHOWN","NO","False","KEEP_DEVELOPMENT","149e66cd2f8070f2d0b2b40e0799ef8e5e81254f26fd4d31e0b93adc2012666a"
".git\objects\11\f76a10ccc6658b7f58802f1318a3c8cfb95b46","[no extension]","104","git-internal","NO/NOT SHOWN","NO","NO","NO","NO/NOT SHOWN","NO/NOT SHOWN","NO","False","KEEP_DEVELOPMENT","5c856b4b4f6cdc9be58b42197287aeea7888a2c476c8068cb7705c4ea9c918bd"
".git\objects\12\05199cd4f321147ae356869e35ce0931d411da","[no extension]","277","git-internal","NO/NOT SHOWN","NO","NO","NO","NO/NOT SHOWN","NO/NOT SHOWN","NO","False","KEEP_DEVELOPMENT","943a56313d88e108a116675bdad4b073f2f3861a8782f589a40a8777938ee52c"
".git\objects\12\5adf1db19bc709a3a65089d8635292bd0b1a87","[no extension]","377","git-internal","NO/NOT SHOWN","NO","NO","NO","NO/NOT SHOWN","NO/NOT SHOWN","NO","False","KEEP_DEVELOPMENT","1e2adf6ca667f3b6e3f599b1ba1e24a8a623ba50cb8a61262e88aad12ca225d3"
".git\objects\12\6c638a56c0444433aacca4fd5fc24c03e0d02a","[no extension]","474","git-internal","NO/NOT SHOWN","NO","NO","NO","NO/NOT SHOWN","NO/NOT SHOWN","NO","False","KEEP_DEVELOPMENT","4bedd6e6ca1634fe02f934ad5b12258f0a7280626ea87ca72e3383b27fe2fb54"
".git\objects\12\b5ebd5669ce38adabeb50a809535235c69b8ec","[no extension]","5082","git-internal","NO/NOT SHOWN","NO","NO","NO","NO/NOT SHOWN","NO/NOT SHOWN","NO","False","KEEP_DEVELOPMENT","65c06e520ed433fd0c338af72ab66be95515ef87d521f793abe767291945efbd"
".git\objects\12\d187e89836e4c50250d4c8330d1aca59dd7f62","[no extension]","1611","git-internal","NO/NOT SHOWN","NO","NO","NO","NO/NOT SHOWN","NO/NOT SHOWN","NO","False","KEEP_DEVELOPMENT","9aead5ad0b954c5e3d188e1893256002f32c3f9eb4f4a6c4a7dbe3cad6bc6bde"
".git\objects\12\de423cc8bc3e027e8120ef2e9ffecb49f46486","[no extension]","953","git-internal","NO/NOT SHOWN","NO","NO","NO","NO/NOT SHOWN","NO/NOT SHOWN","NO","False","KEEP_DEVELOPMENT","cc9030322397afbe8da8ce30ee76ea2379569d098a533985576d31ca35aaa8fb"
".git\objects\13\341924da71422a42f9f4ea3a950b89104b6b92","[no extension]","275","git-internal","NO/NOT SHOWN","NO","NO","NO","NO/NOT SHOWN","NO/NOT SHOWN","NO","False","KEEP_DEVELOPMENT","b596f2a1053d0ab02a2246a3593d252b36016aaa47bc4bcbfe2c86407917a12e"
".git\objects\13\451286571387cc0618d16f291d93a13d128885","[no extension]","343","git-internal","NO/NOT SHOWN","NO","NO","NO","NO/NOT SHOWN","NO/NOT SHOWN","NO","False","KEEP_DEVELOPMENT","97fe4b7e4e11ca54d2aaeba29b6b015751a6c028da584ec3422080079692f9ae"
".git\objects\13\45c3a0aa31f31ea90bdd08b35ef3d4d89533d1","[no extension]","3636","git-internal","NO/NOT SHOWN","NO","NO","NO","NO/NOT SHOWN","NO/NOT SHOWN","NO","False","KEEP_DEVELOPMENT","87a941b2d1195c2d68bf1abe940d10196167ec43967ee77e8f03a667c1a9c3fa"
".git\objects\13\562cabb9648287fdf70d2a22789fdf1e4156b4","[no extension]","102","git-internal","NO/NOT SHOWN","NO","NO","NO","NO/NOT SHOWN","NO/NOT SHOWN","NO","False","KEEP_DEVELOPMENT","e68ba9f10ebd6267c1e4445c07053b0ec32f94180be85182ad71dfbacbd9a52c"
".git\objects\13\7d51b85441f389ad882d57adb918fc229579a7","[no extension]","143","git-internal","NO/NOT SHOWN","NO","NO","NO","NO/NOT SHOWN","NO/NOT SHOWN","NO","False","KEEP_DEVELOPMENT","f9a30f75a0c9a0f2d75659f25042f09a2bf6e78c2f2dc17697c14b93027c9a6a"
".git\objects\13\a0edea81217cc02d9cdcaee1d7da1220a4e993","[no extension]","911","git-internal","NO/NOT SHOWN","NO","NO","NO","NO/NOT SHOWN","NO/NOT SHOWN","NO","False","KEEP_DEVELOPMENT","96eb673cf28e858bfd2c8a9c139b1f2e0e7c5b3bcbe7a25b0a1d406562b5550e"
".git\objects\13\a6754ea29ffb28e2cbc64ca297539bb91df702","[no extension]","712","git-internal","NO/NOT SHOWN","NO","NO","NO","NO/NOT SHOWN","NO/NOT SHOWN","NO","False","KEEP_DEVELOPMENT","9c10778392cec5ce78f5659fa74ede6b2c4444ecbd615bcce3fe8e7814d4d5d7"
".git\objects\13\b6f699308d30a08528437f1daae47a374ebd7e","[no extension]","1334","git-internal","NO/NOT SHOWN","NO","NO","NO","NO/NOT SHOWN","NO/NOT SHOWN","NO","False","KEEP_DEVELOPMENT","f6b961ee45fec31f5e22ead3355a7633484cf98de5c701ed53670c78a4ebd5c5"
".git\objects\13\f5ffa088c528526e695ae3309ac2ffb3ba6392","[no extension]","945","git-internal","NO/NOT SHOWN","NO","NO","NO","NO/NOT SHOWN","NO/NOT SHOWN","NO","False","KEEP_DEVELOPMENT","b48febfc340fdc0607e35a57c9735715ebd5af830ba3d92c2b15ddcc84e01877"
".git\objects\14\645a9b0e6707ed9f7124a9686c6adf24bff659","[no extension]","197","git-internal","NO/NOT SHOWN","NO","NO","NO","NO/NOT SHOWN","NO/NOT SHOWN","NO","False","KEEP_DEVELOPMENT","2b67bb41ea790adff8b30d8cbf0693da337b7ba565395c9a3537b348ddfa0b69"
".git\objects\14\9622e15db5850c8fa5edfa215593645105e7ce","[no extension]","6460","git-internal","NO/NOT SHOWN","NO","NO","NO","NO/NOT SHOWN","NO/NOT SHOWN","NO","False","KEEP_DEVELOPMENT","72715220ce85c70fe18033a76e4ab15f81f11758185976cbc3c5ede424e682c6"
".git\objects\14\d8f8c8311064d190d1744edb2b98888fc0df4f","[no extension]","3448","git-internal","NO/NOT SHOWN","NO","NO","NO","NO/NOT SHOWN","NO/NOT SHOWN","NO","False","KEEP_DEVELOPMENT","9897bed3f1f3af96b770c90911d55a1e62964fd041587034be4084846f128ab0"
".git\objects\15\11a62b231d77ee2daf66cb4509021620b92fb7","[no extension]","1972","git-internal","NO/NOT SHOWN","NO","NO","NO","NO/NOT SHOWN","NO/NOT SHOWN","NO","False","KEEP_DEVELOPMENT","a22201233b3d83336603837d7d608a6d0c37e26755ed45e6dc325b44b1fe31a2"
".git\objects\15\612e503a8b76929689f08ad710c99aef7a464b","[no extension]","1360","git-internal","NO/NOT SHOWN","NO","NO","NO","NO/NOT SHOWN","NO/NOT SHOWN","NO","False","KEEP_DEVELOPMENT","08221945835b25dc8338ca566886cc40a10c925c21369abcc47f5e663bbab64e"
".git\objects\15\8c53a7df230e652dceda5292dfe6d0c326d12c","[no extension]","228","git-internal","NO/NOT SHOWN","NO","NO","NO","NO/NOT SHOWN","NO/NOT SHOWN","NO","False","KEEP_DEVELOPMENT","65f68d711ac125d4a117d8cf641470adde4f7c83a384afa6a5ce15e2aa09c3ef"
".git\objects\16\1a95b37c494a4560cb76f0a6002341cdac8edc","[no extension]","2316","git-internal","NO/NOT SHOWN","NO","NO","NO","NO/NOT SHOWN","NO/NOT SHOWN","NO","False","KEEP_DEVELOPMENT","74a36e6c75bdd3eaff86e7a9bf7b253cd32d08bf86a7504134368dcb342f03e4"
".git\objects\16\28eae247347efd1fc62ed76f7fd0cb9466a659","[no extension]","1964","git-internal","NO/NOT SHOWN","NO","NO","NO","NO/NOT SHOWN","NO/NOT SHOWN","NO","False","KEEP_DEVELOPMENT","7e5c287ec6b82dea9794304e6cbf015c61b543aba2cdccd8480767a65a260e40"
".git\objects\16\2d6ceee119c5a486a919ef83944873464ac548","[no extension]","3957","git-internal","NO/NOT SHOWN","NO","NO","NO","NO/NOT SHOWN","NO/NOT SHOWN","NO","False","KEEP_DEVELOPMENT","41eff639af9f15bc917ce2f8bf7badae13b17a9854ee215bb2ee1a276a809dce"
".git\objects\16\49c0bf4f9246cce7b52ca4380a5c3be63f9b07","[no extension]","2264","git-internal","NO/NOT SHOWN","NO","NO","NO","NO/NOT SHOWN","NO/NOT SHOWN","NO","False","KEEP_DEVELOPMENT","93cb9cb1ffb1cc3c8b76b5822aac81ea9e8597a640a258f0ef64546e1a424ce8"
".git\objects\16\adcfc2ef29d360bea0c8d872bd6c1a90255877","[no extension]","789","git-internal","NO/NOT SHOWN","NO","NO","NO","NO/NOT SHOWN","NO/NOT SHOWN","NO","False","KEEP_DEVELOPMENT","d6538c10c2ddef3ccd5888b83ea4750e17d65352699f122cf467f80951c13a48"
".git\objects\16\ecaaa6d44b82a26b19b2f8c70fa31a257454ac","[no extension]","761","git-internal","NO/NOT SHOWN","NO","NO","NO","NO/NOT SHOWN","NO/NOT SHOWN","NO","False","KEEP_DEVELOPMENT","3b30ad3cdfc30bc518d76e975944a2a56f2ca9c737141f1ecf02a73272859767"
".git\objects\16\f832d53c2867c1c9888c13e8703d476b4b4364","[no extension]","963","git-internal","NO/NOT SHOWN","NO","NO","NO","NO/NOT SHOWN","NO/NOT SHOWN","NO","False","KEEP_DEVELOPMENT","459c3edd8d72ec2145f08d7ad7f2c3eed60cf55cfbd6a72f894a01a050e80e9d"
".git\objects\17\1cd3116f24fca6d2100eeafe4ced404c819cb6","[no extension]","165","git-internal","NO/NOT SHOWN","NO","NO","NO","NO/NOT SHOWN","NO/NOT SHOWN","NO","False","KEEP_DEVELOPMENT","0a65947ff0f113fa46e4ba9ee9573aae7d86f64ac8a7e36ecb994b0957871b00"
".git\objects\17\1cf295cce1eff18d8301a5f175a6cc7acf3748","[no extension]","195","git-internal","NO/NOT SHOWN","NO","NO","NO","NO/NOT SHOWN","NO/NOT SHOWN","NO","False","KEEP_DEVELOPMENT","60bc21442bd6e9b9e845c5e192d655bdb6b3105480463a8e3ec056bb106c7a81"
".git\objects\17\2f37f11f2623b3871c6089f7efab616421ffbb","[no extension]","2381","git-internal","NO/NOT SHOWN","NO","NO","NO","NO/NOT SHOWN","NO/NOT SHOWN","NO","False","KEEP_DEVELOPMENT","f8a75105c904ef29b6d1b36717f4bf098d688b15aabd6a8ade5e6d7f38843f06"
".git\objects\17\6413c20c2eca73480ff3739bf7c95d467ad00f","[no extension]","1340","git-internal","NO/NOT SHOWN","NO","NO","NO","NO/NOT SHOWN","NO/NOT SHOWN","NO","False","KEEP_DEVELOPMENT","ef905b135f0a5f48907d0e21ee7061dcce7c37ebdd62fbed0c30a1e474fbd718"
".git\objects\17\77cd35d6eefd672c50952eac492a04b1d46fc9","[no extension]","152","git-internal","NO/NOT SHOWN","NO","NO","NO","NO/NOT SHOWN","NO/NOT SHOWN","NO","False","KEEP_DEVELOPMENT","4196dfb947187dcb2088fe2732815e73798e9e29c969f6ea5d54881e1f55699d"
".git\objects\17\89d11fcae5d7647a95708cfc3658222c4f7321","[no extension]","1065","git-internal","NO/NOT SHOWN","NO","NO","NO","NO/NOT SHOWN","NO/NOT SHOWN","NO","False","KEEP_DEVELOPMENT","10436518c666ecc81afd7e1d91cb4b31f6f3a068f40591f29c5e0d13535835e3"
".git\objects\17\9b88905319faf2c0cd383cb6d989a10791b782","[no extension]","455","git-internal","NO/NOT SHOWN","NO","NO","NO","NO/NOT SHOWN","NO/NOT SHOWN","NO","False","KEEP_DEVELOPMENT","3189e8f97631a2631bb92c42bba37648b9322cb7878b52edbafdd641d693143a"
".git\objects\17\a57a7b4640824eb8f9dc72ce435e186e88dcdc","[no extension]","321","git-internal","NO/NOT SHOWN","NO","NO","NO","NO/NOT SHOWN","NO/NOT SHOWN","NO","False","KEEP_DEVELOPMENT","7390fcbf089a6abaf1b5d925047d1a41957b7b4d3963889d950f1109b2449acd"
".git\objects\17\ad43f5b33059e59a9a60ee3a983387b0334c67","[no extension]","176","git-internal","NO/NOT SHOWN","NO","NO","NO","NO/NOT SHOWN","NO/NOT SHOWN","NO","False","KEEP_DEVELOPMENT","e71c44dd09bc805d9fbcd0b702dd8116ff58b269d24bdfe5be79213e4a2aeae9"
".git\objects\17\bbe0389cf7d1158dc306c88979c0dc80f0555f","[no extension]","281","git-internal","NO/NOT SHOWN","NO","NO","NO","NO/NOT SHOWN","NO/NOT SHOWN","NO","False","KEEP_DEVELOPMENT","0263d5763dfd7d4f4786fb12cc63c0d05b827e8f4ff03eaf439a2306308ded5f"
".git\objects\17\c0c2e3aa0947c0be5f818b940a6d6bee27b6de","[no extension]","2499","git-internal","NO/NOT SHOWN","NO","NO","NO","NO/NOT SHOWN","NO/NOT SHOWN","NO","False","KEEP_DEVELOPMENT","ba3fb4e72b510faf4af254ef623faf18fd446ecb4c0fba5a10774a5eaf9fca74"
".git\objects\17\de16a61e9773dfa3b06b5df610816f5134b6a6","[no extension]","208","git-internal","NO/NOT SHOWN","NO","NO","NO","NO/NOT SHOWN","NO/NOT SHOWN","NO","False","KEEP_DEVELOPMENT","304cdb95038f928e6ded085939c4ca33bad872f1fd00a9e803b20be2a22fd712"
".git\objects\18\0b2c7bf579e11de5c180e178877cff62ddd474","[no extension]","233","git-internal","NO/NOT SHOWN","NO","NO","NO","NO/NOT SHOWN","NO/NOT SHOWN","NO","False","KEEP_DEVELOPMENT","ec4b04e2fbfdb39a1ba5cb852d6599c05fec51cd4458934b91b8a9856e50c89e"
".git\objects\18\13fefcdf7d901639f32d141f4c567a2b7be984","[no extension]","932","git-internal","NO/NOT SHOWN","NO","NO","NO","NO/NOT SHOWN","NO/NOT SHOWN","NO","False","KEEP_DEVELOPMENT","b0f50ea39e26ba485e7534b4e7ee493ceeac3b9ed1578ab42642da63e2f92306"
".git\objects\18\3054b73cbbf90f4a1a7c580a03b0d4a2a53930","[no extension]","5546","git-internal","NO/NOT SHOWN","NO","NO","NO","NO/NOT SHOWN","NO/NOT SHOWN","NO","False","KEEP_DEVELOPMENT","fe75254906067f283ace1b763a9cc701a8e6977e28082a11f470964dfa8ebec2"
".git\objects\18\38f071976c35fabe7bbc35e021a965cdce1596","[no extension]","1464","git-internal","NO/NOT SHOWN","NO","NO","NO","NO/NOT SHOWN","NO/NOT SHOWN","NO","False","KEEP_DEVELOPMENT","6a0d9cc3e9b37cc69846f2171b072fad3c878420a1340e80ca6d964218560c12"
".git\objects\18\5c434b4f35cb7bcf6a67d4e50f24fde5e0b79d","[no extension]","232","git-internal","NO/NOT SHOWN","NO","NO","NO","NO/NOT SHOWN","NO/NOT SHOWN","NO","False","KEEP_DEVELOPMENT","7fb19b2c6d8d578bb06ee28e496b38ea7167daa0b0f5198f72e1e30af028507d"
".git\objects\18\70e1901db36c996561fc346d0c95fd56fc82f7","[no extension]","361","git-internal","NO/NOT SHOWN","NO","NO","NO","NO/NOT SHOWN","NO/NOT SHOWN","NO","False","KEEP_DEVELOPMENT","e37ebdf22a4ab0a8985686238f74333b46257a007e26719c0418e975738c91ea"
".git\objects\18\78a0d2aa95f878d86be96b1af61291bd224bca","[no extension]","366","git-internal","NO/NOT SHOWN","NO","NO","NO","NO/NOT SHOWN","NO/NOT SHOWN","NO","False","KEEP_DEVELOPMENT","672495f39856dddb47898befd5b762dcf5d049d2345ddfcc2b3834bea392660d"
".git\objects\18\88221f9eac5bef0b45bb34818b479fad6ce445","[no extension]","286","git-internal","NO/NOT SHOWN","NO","NO","NO","NO/NOT SHOWN","NO/NOT SHOWN","NO","False","KEEP_DEVELOPMENT","3049b5232a1afaccd4c01b60588766c39d1f9f3a8b6038bd245e9af4f4772cd8"
".git\objects\18\b959abe4b0dfd0bcad5f678a41b7a04e84c5a5","[no extension]","6842","git-internal","NO/NOT SHOWN","NO","NO","NO","NO/NOT SHOWN","NO/NOT SHOWN","NO","False","KEEP_DEVELOPMENT","732d203737ec92cf19ec2733bf9fa63511aeac13b8abfa421c97992c25b50c64"
".git\objects\18\ca2688f5c9eca28163bae5c012dffec06e08e0","[no extension]","1445","git-internal","NO/NOT SHOWN","NO","NO","NO","NO/NOT SHOWN","NO/NOT SHOWN","NO","False","KEEP_DEVELOPMENT","87cb386238914359b678e620f5783039876aaaf66fe1eaf73fb59e486b38d4e5"
".git\objects\18\d7ce95b9035b04a9b288c3f3c8d2e182c46a77","[no extension]","6165","git-internal","NO/NOT SHOWN","NO","NO","NO","NO/NOT SHOWN","NO/NOT SHOWN","NO","False","KEEP_DEVELOPMENT","acf7bc409bfeaaa15cb1a780c5e0a56dd9cb1ff89b728e4326f36eb5133b0781"
".git\objects\19\1976fe5b0573c51243de6fa5f138afb535a40d","[no extension]","1329","git-internal","NO/NOT SHOWN","NO","NO","NO","NO/NOT SHOWN","NO/NOT SHOWN","NO","False","KEEP_DEVELOPMENT","e79fdc2dbb6678f3079597e3ed9261301d147fb809bb8046cce0c9d5a5e847fc"
".git\objects\19\4cb73f7d52abf51b7efc2c5b75e756f4410bd3","[no extension]","123","git-internal","NO/NOT SHOWN","NO","NO","NO","NO/NOT SHOWN","NO/NOT SHOWN","NO","False","KEEP_DEVELOPMENT","4333d7b01092bee3f8c40387933d1fbec6fe3e2e258d2dc45ba26c917c3d2399"
".git\objects\19\4d30813ffb103e38ad088f5c1fb95848b1c5f6","[no extension]","458","git-internal","NO/NOT SHOWN","NO","NO","NO","NO/NOT SHOWN","NO/NOT SHOWN","NO","False","KEEP_DEVELOPMENT","c72313a4a2f1a2581ebc0c024ad8b521403fd54265ec9231c073eead56de4d93"
".git\objects\19\51df267971e28b98f4cf8f2985995bece80098","[no extension]","676","git-internal","NO/NOT SHOWN","NO","NO","NO","NO/NOT SHOWN","NO/NOT SHOWN","NO","False","KEEP_DEVELOPMENT","aa3d8505caff954a5605c9070a316d8f084fc4bc26090be242b7f3993447ace7"
".git\objects\19\64117dd90702441f572ac5c917f12e97900f67","[no extension]","124","git-internal","NO/NOT SHOWN","NO","NO","NO","NO/NOT SHOWN","NO/NOT SHOWN","NO","False","KEEP_DEVELOPMENT","96eba783985f0314dd80af78b71fda3309fa6ccf251307870a8411286c0f7b4c"
".git\objects\19\c75105b9f6cf0d363e659c95ab75bf565b91e9","[no extension]","6147","git-internal","NO/NOT SHOWN","NO","NO","NO","NO/NOT SHOWN","NO/NOT SHOWN","NO","False","KEEP_DEVELOPMENT","1e21913502c3d4357825df6ddc12108bd8acbaa8c6350a04a1fe585bc463e8d4"
".git\objects\19\f1f5f888a975056b584cd2e3a483a6def298a2","[no extension]","5412","git-internal","NO/NOT SHOWN","NO","NO","NO","NO/NOT SHOWN","NO/NOT SHOWN","NO","False","KEEP_DEVELOPMENT","6eca65f13671ceefd0b31d20238269c4553db877df5021ba5d12fc81b9a772d5"
".git\objects\19\fc44300a88e7465f100d414de98408b4ca70e1","[no extension]","2737","git-internal","NO/NOT SHOWN","NO","NO","NO","NO/NOT SHOWN","NO/NOT SHOWN","NO","False","KEEP_DEVELOPMENT","522bccee04151553193bfca7f061535c5ff983f598d28b52958ce61075779e3b"
".git\objects\1a\04c3e3cc19a0f718a4965983aea3dcc2b84387","[no extension]","540","git-internal","NO/NOT SHOWN","NO","NO","NO","NO/NOT SHOWN","NO/NOT SHOWN","NO","False","KEEP_DEVELOPMENT","399027ea3d7ee621cef0cc4234f015b90f6c6ad46c1db2cd6b62c7d0b85dd10f"
".git\objects\1a\0f45b0779b697643c90941a1ece5e01820f174","[no extension]","1549","git-internal","NO/NOT SHOWN","NO","NO","NO","NO/NOT SHOWN","NO/NOT SHOWN","NO","False","KEEP_DEVELOPMENT","cacbc3e30f359baf825ed36b08f007c23f75832bd7f485c28f7da1027d05dfac"
".git\objects\1a\6bab97eccab804e0e90d3ddce99625999a4038","[no extension]","1315","git-internal","NO/NOT SHOWN","NO","NO","NO","NO/NOT SHOWN","NO/NOT SHOWN","NO","False","KEEP_DEVELOPMENT","ce207f57c2f00dfee5ec68418ce4f51a71456a46b9516b08607187cc3de92b8f"
".git\objects\1a\7b78c8eddae1ef8c06ba5825720c92f724e03a","[no extension]","217","git-internal","NO/NOT SHOWN","NO","NO","NO","NO/NOT SHOWN","NO/NOT SHOWN","NO","False","KEEP_DEVELOPMENT","69a4dca377ad0c62853c5afb458b30499de17b856c3de029124ff51b7d37ab3e"
".git\objects\1a\8397819235b7d1a73d2f6b78a69754907b5594","[no extension]","329","git-internal","NO/NOT SHOWN","NO","NO","NO","NO/NOT SHOWN","NO/NOT SHOWN","NO","False","KEEP_DEVELOPMENT","ecfe410177138cab8d6275a8dbbbf5e340d379d7589a0f9fd0ee27f3b686f171"
".git\objects\1a\e4012495fe5bdbe045e9cafa711c1b4d5a466c","[no extension]","487","git-internal","NO/NOT SHOWN","NO","NO","NO","NO/NOT SHOWN","NO/NOT SHOWN","NO","False","KEEP_DEVELOPMENT","7919cb97f8b3e67ae4cddbc590236187c935635293effb62674c040db578b3a3"
".git\objects\1a\e6b0be5b4ed8e0e8e05be89f2aca21db200b92","[no extension]","1499","git-internal","NO/NOT SHOWN","NO","NO","NO","NO/NOT SHOWN","NO/NOT SHOWN","NO","False","KEEP_DEVELOPMENT","f9296fed1fab813bc0cffb11f76980fa09c636e4d995ff3993f0a1b80c9fe3b6"
".git\objects\1a\e6e96d1da445b1b2b0f10d19832f061889c94e","[no extension]","3715","git-internal","NO/NOT SHOWN","NO","NO","NO","NO/NOT SHOWN","NO/NOT SHOWN","NO","False","KEEP_DEVELOPMENT","b5edd1a53bebaaa5f40d522cc4607062f610127a0fb18dd9c5783840057a40bc"
".git\objects\1a\f1bcf9f526c8acd825192fbff1bb336c5a6bde","[no extension]","782","git-internal","NO/NOT SHOWN","NO","NO","NO","NO/NOT SHOWN","NO/NOT SHOWN","NO","False","KEEP_DEVELOPMENT","6955f83d274304fab8cd2857ece12d631a85ff3b5ddd306a3b493b6c13f59e65"
".git\objects\1b\1651946dd66f977c154763ac99804ab77530de","[no extension]","56","git-internal","NO/NOT SHOWN","NO","NO","NO","NO/NOT SHOWN","NO/NOT SHOWN","NO","False","KEEP_DEVELOPMENT","e997bd94d5637d717c3f2da328a63899b742d1a97781282797495635749f66ea"
".git\objects\1b\425595e6a7641f86b3424f3f6707297f79266f","[no extension]","57","git-internal","NO/NOT SHOWN","NO","NO","NO","NO/NOT SHOWN","NO/NOT SHOWN","NO","False","KEEP_DEVELOPMENT","74fff51e325c0a2adf76604d5580f935c3ed8701357011481f9c443ddb50c7ac"
".git\objects\1b\4388cb76e153cb65be718fb4130a77c2fd61d9","[no extension]","1631","git-internal","NO/NOT SHOWN","NO","NO","NO","NO/NOT SHOWN","NO/NOT SHOWN","NO","False","KEEP_DEVELOPMENT","ef604a6f731ff2ae21b139c5be87f902b2485fcf655ab7febd2060212a6a25e1"
".git\objects\1b\7d33609e806a4f4b7f7251a68a14dd8899a92c","[no extension]","3554","git-internal","NO/NOT SHOWN","NO","NO","NO","NO/NOT SHOWN","NO/NOT SHOWN","NO","False","KEEP_DEVELOPMENT","2dcfe61888bc289780475dacb89f1de302ba8ec48042f16b9cf26360bd349cef"
".git\objects\1b\8068d2a96930856a3d122998c925ed4aae8383","[no extension]","56","git-internal","NO/NOT SHOWN","NO","NO","NO","NO/NOT SHOWN","NO/NOT SHOWN","NO","False","KEEP_DEVELOPMENT","da5796fecd396fc789ea7b12e0a4c980c0d931171839d248a48b02ac0ec58ddc"
".git\objects\1b\a87d2d5b05612e5e1c6b088032fc97b451f738","[no extension]","307","git-internal","NO/NOT SHOWN","NO","NO","NO","NO/NOT SHOWN","NO/NOT SHOWN","NO","False","KEEP_DEVELOPMENT","4f050b857edc2ae0128a1bf7640067b53490529ba5c2f1c33c6350fa4af21f42"
".git\objects\1b\b0ef765b5f78c7d63d265e26d90e5a01e96d6a","[no extension]","1614","git-internal","NO/NOT SHOWN","NO","NO","NO","NO/NOT SHOWN","NO/NOT SHOWN","NO","False","KEEP_DEVELOPMENT","33c78c48f174f85f7b880e1e59bb23ff9896cbf859f82798c787d081337d98fb"
".git\objects\1b\d0efb53df4492235f0f2db7171008e6a36de6b","[no extension]","8927","git-internal","NO/NOT SHOWN","NO","NO","NO","NO/NOT SHOWN","NO/NOT SHOWN","NO","False","KEEP_DEVELOPMENT","a94dac8006ac5f5859ca1bc8ffce579141a4a565d2dab33769fcf6dbd688b58e"
".git\objects\1b\d20945d373920de90441a9526d70502a286ad3","[no extension]","1369","git-internal","NO/NOT SHOWN","NO","NO","NO","NO/NOT SHOWN","NO/NOT SHOWN","NO","False","KEEP_DEVELOPMENT","9196df1630313c2faf94c7559882110544bdc677d784e308fe7ac9c0caeb922e"
".git\objects\1b\e1074937d58f53ea2532cc215976fca3bfd47c","[no extension]","143","git-internal","NO/NOT SHOWN","NO","NO","NO","NO/NOT SHOWN","NO/NOT SHOWN","NO","False","KEEP_DEVELOPMENT","bc5767f226334974b7b9a7a8c467c88aef0cd8786a4314ebd2a509f3887451b3"
".git\objects\1b\f01b7026becce37d2baeb7d9aef02900263469","[no extension]","27530","git-internal","NO/NOT SHOWN","NO","NO","NO","NO/NOT SHOWN","NO/NOT SHOWN","NO","False","KEEP_DEVELOPMENT","0d14a5d73284b616c5b459d6c8651ed425100cf9874c745dd347f5c832e845ce"
".git\objects\1b\f21bd6bbf07422068e91358e217d019b8592b0","[no extension]","788","git-internal","NO/NOT SHOWN","NO","NO","NO","NO/NOT SHOWN","NO/NOT SHOWN","NO","False","KEEP_DEVELOPMENT","07d81a150c00084ebd1c5ab10b808376849ef673aa75dca3b4e69d2b825a3d18"
".git\objects\1b\f7099f95ab07001b928b430e803aeb9566f971","[no extension]","633","git-internal","NO/NOT SHOWN","NO","NO","NO","NO/NOT SHOWN","NO/NOT SHOWN","NO","False","KEEP_DEVELOPMENT","b1bdaa312ba35c7d5ae911a2e20c37a9006a64b945d20e9f03114c4931926631"
".git\objects\1c\51d2215db5c8759755af567c3dfdf070ba2176","[no extension]","415","git-internal","NO/NOT SHOWN","NO","NO","NO","NO/NOT SHOWN","NO/NOT SHOWN","NO","False","KEEP_DEVELOPMENT","42b93e8b9ccf177a7e3b6cfd1cc0ff1dc85aee34adbefa7b1048aab9487dcc63"
".git\objects\1c\7bc2f92aad6db44f4351d4e54e659f96630717","[no extension]","480","git-internal","NO/NOT SHOWN","NO","NO","NO","NO/NOT SHOWN","NO/NOT SHOWN","NO","False","KEEP_DEVELOPMENT","b36711518f3406fbe1b34ed440b25ea7af4cce55af8f884945b2e350728ec920"
".git\objects\1c\7d20f1aaa90b30e4fc80a5240412e1eb624170","[no extension]","27427","git-internal","NO/NOT SHOWN","NO","NO","NO","NO/NOT SHOWN","NO/NOT SHOWN","NO","False","KEEP_DEVELOPMENT","2279fb77468e3db7148fd5c047588d6295c64b6e9272cca81a5c3e5605c74ad9"
".git\objects\1c\be45c2ddb07e2bc523d66bc92a3edfd5ecaf03","[no extension]","598","git-internal","NO/NOT SHOWN","NO","NO","NO","NO/NOT SHOWN","NO/NOT SHOWN","NO","False","KEEP_DEVELOPMENT","6e3c67d580b8ad29dc2929b5ce64ca7ef8a2a12e5ba0cc5dbd6dcbafa8aac4fb"
".git\objects\1c\db67240342a9c5646a51756b3dc462b7681504","[no extension]","2632","git-internal","NO/NOT SHOWN","NO","NO","NO","NO/NOT SHOWN","NO/NOT SHOWN","NO","False","KEEP_DEVELOPMENT","d9eddf0c9607719ff3cb37640b390db718b911b62a9f7ff212cfa1e9fc05db56"
".git\objects\1d\0fedcf8f8bc97fe32b14e0ecd5dc0c975c0aac","[no extension]","595","git-internal","NO/NOT SHOWN","NO","NO","NO","NO/NOT SHOWN","NO/NOT SHOWN","NO","False","KEEP_DEVELOPMENT","d7b89e1022ca90e52922f10c92e88aadec0287a89b19f5845413bdd9d608c422"
".git\objects\1d\31bc45e512281b10f06094073c1ab8c2ab04f8","[no extension]","2360","git-internal","NO/NOT SHOWN","NO","NO","NO","NO/NOT SHOWN","NO/NOT SHOWN","NO","False","KEEP_DEVELOPMENT","67418ab2c07493093aae33626f78882f5dffe22c19f3b5b893c021195768a0be"
".git\objects\1d\854905dd0d0284cc743969b0aacfab6399e248","[no extension]","101","git-internal","NO/NOT SHOWN","NO","NO","NO","NO/NOT SHOWN","NO/NOT SHOWN","NO","False","KEEP_DEVELOPMENT","379b0c9cb129cd420d2170c8fb63c945990197b099ed7d898f09180a4d97e8fa"
".git\objects\1d\85c8be533944f7a061492df4237a55d9a0c9a3","[no extension]","28158","git-internal","NO/NOT SHOWN","NO","NO","NO","NO/NOT SHOWN","NO/NOT SHOWN","NO","False","KEEP_DEVELOPMENT","23b7521c6363ba5a3b936b894059348271eed8dd41ea69d48ff90c6f30e73514"
".git\objects\1d\e6862842f7601b02a08b37fa8f97ecca8c85b5","[no extension]","1218","git-internal","NO/NOT SHOWN","NO","NO","NO","NO/NOT SHOWN","NO/NOT SHOWN","NO","False","KEEP_DEVELOPMENT","f1352310c1ce9c45961066927abaf4aa56ec287d9cd6e4be6ec5b7c30451b3f1"
".git\objects\1d\eaf5c83bd0b177118b0b869d65ccb65f1cf6c4","[no extension]","1325","git-internal","NO/NOT SHOWN","NO","NO","NO","NO/NOT SHOWN","NO/NOT SHOWN","NO","False","KEEP_DEVELOPMENT","f57ab72053faa753e070e62ec824828e70fe107125aa400526cbe0c9e39c9274"
".git\objects\1e\017a9989b429d1e64c1579450ef5bb8030928c","[no extension]","149","git-internal","NO/NOT SHOWN","NO","NO","NO","NO/NOT SHOWN","NO/NOT SHOWN","NO","False","KEEP_DEVELOPMENT","2d701b4ae24459c23cbd6f6b2db889a3edb99dc3c2df6f0fcbd14269f0d69249"
".git\objects\1e\186e98b3d38a7127a241fd94e2674cbc34c90d","[no extension]","3217","git-internal","NO/NOT SHOWN","NO","NO","NO","NO/NOT SHOWN","NO/NOT SHOWN","NO","False","KEEP_DEVELOPMENT","d3a02270767b52336e8f079bb9b959b69932cb3650c260c01ca2a267cc3a4142"
".git\objects\1e\222cbabd1c8d90af62c00f230bd9fc19e3b0ed","[no extension]","298","git-internal","NO/NOT SHOWN","NO","NO","NO","NO/NOT SHOWN","NO/NOT SHOWN","NO","False","KEEP_DEVELOPMENT","09bdf3618a8ecfab4e91fb86711ccf050d797b94c759d7d8ae7d3256e488db24"
".git\objects\1e\4c62fe36d573a947c43923c30cfe3281070112","[no extension]","1488","git-internal","NO/NOT SHOWN","NO","NO","NO","NO/NOT SHOWN","NO/NOT SHOWN","NO","False","KEEP_DEVELOPMENT","deb33edac6076a5f042b410d61378638048ca18ff46ae02cff0123cc4ef31201"
".git\objects\1e\66413f44d44665465f664040a53921425d2837","[no extension]","7198","git-internal","NO/NOT SHOWN","NO","NO","NO","NO/NOT SHOWN","NO/NOT SHOWN","NO","False","KEEP_DEVELOPMENT","80d08081c294eed4e4edf89eae3b62f141abee1d297b39da72d271c167aef39a"
".git\objects\1e\69f66ef85a5c8c607c62a1c5f62e9ca1ac144f","[no extension]","454","git-internal","NO/NOT SHOWN","NO","NO","NO","NO/NOT SHOWN","NO/NOT SHOWN","NO","False","KEEP_DEVELOPMENT","763804612eb22835b12110959e88c995dccb8881d881f39ec4f6935a3bbbb9cd"
".git\objects\1e\eb2ada20af5a17e2421b55e0b6b83cba322728","[no extension]","3821","git-internal","NO/NOT SHOWN","NO","NO","NO","NO/NOT SHOWN","NO/NOT SHOWN","NO","False","KEEP_DEVELOPMENT","c15c47694f2b4a2281c9ceb63070de71af34b676a7a1f4602259c5df7337e3d5"
".git\objects\1f\0569593c3f8884bce7b45aab4e8b6d5457e304","[no extension]","122","git-internal","NO/NOT SHOWN","NO","NO","NO","NO/NOT SHOWN","NO/NOT SHOWN","NO","False","KEEP_DEVELOPMENT","e8c1b0bd043741c776bf298edfba4b3ea2f406799d0690019f1ec15c549e27ea"
".git\objects\1f\097330124283e3aed9556c2ec6b81422f234a2","[no extension]","3620","git-internal","NO/NOT SHOWN","NO","NO","NO","NO/NOT SHOWN","NO/NOT SHOWN","NO","False","KEEP_DEVELOPMENT","ac8704c6a67c624dd49478d0342e704c4cd4e59a133e72fe332e2e3f9563749e"
".git\objects\1f\290753ed684049710f699dc7ab01ae48ac352b","[no extension]","2967","git-internal","NO/NOT SHOWN","NO","NO","NO","NO/NOT SHOWN","NO/NOT SHOWN","NO","False","KEEP_DEVELOPMENT","3f229e885a7389925783c3b2dd097c13c8aab14a93f246e3686fdd4c394f1792"
".git\objects\1f\31daa9bf4bb74fb20960ba475c1cc4d6f1c219","[no extension]","3728","git-internal","NO/NOT SHOWN","NO","NO","NO","NO/NOT SHOWN","NO/NOT SHOWN","NO","False","KEEP_DEVELOPMENT","bbe2ce795a2c0af6e7a6a62bbe841b331d6030234ecb765f3cd577828ff5c747"
".git\objects\1f\386a5c08b6781fba700eac31f71acc71c4e0ef","[no extension]","120","git-internal","NO/NOT SHOWN","NO","NO","NO","NO/NOT SHOWN","NO/NOT SHOWN","NO","False","KEEP_DEVELOPMENT","0971dd481dd8be113eac681e53abf654c0e0cb0dffc05d59fc47cab04ba0ca62"
".git\objects\1f\83103ec6ca131ed165a384b76b7081aa12c8c4","[no extension]","4590","git-internal","NO/NOT SHOWN","NO","NO","NO","NO/NOT SHOWN","NO/NOT SHOWN","NO","False","KEEP_DEVELOPMENT","60a7d7996ebc1dcbfabcbcf64746c36e4c6fd74ced951f2083b213a0c5c598d4"
".git\objects\1f\b6ec3f6e81efeab23d0edfba67c5180c06e164","[no extension]","289","git-internal","NO/NOT SHOWN","NO","NO","NO","NO/NOT SHOWN","NO/NOT SHOWN","NO","False","KEEP_DEVELOPMENT","c65822029d5fd084f1c81bcae3b189199372fae42418d65925481b328a9c6566"
".git\objects\1f\d0d33a5ed1eaed7e146601aa03b9f52eaedc91","[no extension]","247","git-internal","NO/NOT SHOWN","NO","NO","NO","NO/NOT SHOWN","NO/NOT SHOWN","NO","False","KEEP_DEVELOPMENT","c9448fea078a3a64745f3fd75fc6609842c5e1b5f667546083596da3d9d2c038"
".git\objects\1f\d327c5c6187e6150eb51164c2d53bf31ee04ee","[no extension]","102","git-internal","NO/NOT SHOWN","NO","NO","NO","NO/NOT SHOWN","NO/NOT SHOWN","NO","False","KEEP_DEVELOPMENT","166b89e7db1957377f25b31ce63add1387d849c0eb405f906dadfe548369dd5d"
".git\objects\20\0039337d56451a8f9e8f534cbff60513e0d730","[no extension]","1278","git-internal","NO/NOT SHOWN","NO","NO","NO","NO/NOT SHOWN","NO/NOT SHOWN","NO","False","KEEP_DEVELOPMENT","84af08b17068cc52628b56b6bbf2431e397401a99d13317807552910c497d253"
".git\objects\20\444b445e30e70d7eb6e4a3685427b12aad398d","[no extension]","127","git-internal","NO/NOT SHOWN","NO","NO","NO","NO/NOT SHOWN","NO/NOT SHOWN","NO","False","KEEP_DEVELOPMENT","1c07f88f4152c93374bb5548f09ff9b26adc3130056a474721f11d670f4d23b1"
".git\objects\20\6374a74d5bc3659f8506510ab12a4d5cc10193","[no extension]","1673","git-internal","NO/NOT SHOWN","NO","NO","NO","NO/NOT SHOWN","NO/NOT SHOWN","NO","False","KEEP_DEVELOPMENT","2f918a35741c7209b038596e1d0d855abc10c6b464a907835803832501609427"
".git\objects\20\746edd80e5e0d363f72f0f857a279f1a65c2e8","[no extension]","276","git-internal","NO/NOT SHOWN","NO","NO","NO","NO/NOT SHOWN","NO/NOT SHOWN","NO","False","KEEP_DEVELOPMENT","b990e5b556fa241895891197db2599935080625a4775b3a53fd96526e027d950"
".git\objects\20\9387ce0558999c6551f7cdc2870730ca2baf4a","[no extension]","2870","git-internal","NO/NOT SHOWN","NO","NO","NO","NO/NOT SHOWN","NO/NOT SHOWN","NO","False","KEEP_DEVELOPMENT","38f907f5e8117d86e9bf0cbfef1b1a0f0780ef0c6ea8f3d55bea886b92dea7cd"
".git\objects\20\ca64fee03e9367ebe9dfd55e259d2cebd3d83f","[no extension]","592","git-internal","NO/NOT SHOWN","NO","NO","NO","NO/NOT SHOWN","NO/NOT SHOWN","NO","False","KEEP_DEVELOPMENT","043aa12368f323ca93662311a322e48d0f46279e42dfe81741516544163af134"
".git\objects\21\1abbb98dc98d5368273f90981a6c2485913d06","[no extension]","7238","git-internal","NO/NOT SHOWN","NO","NO","NO","NO/NOT SHOWN","NO/NOT SHOWN","NO","False","KEEP_DEVELOPMENT","f39562b2a4de4e7addc1c580cb8ffb1ecc4bde4634cd814758a4ef8d1d866699"
".git\objects\21\2e9515fa66a9ebca33855a12de53ab71a6f462","[no extension]","257","git-internal","NO/NOT SHOWN","NO","NO","NO","NO/NOT SHOWN","NO/NOT SHOWN","NO","False","KEEP_DEVELOPMENT","01bf21a65b2f6c445fe641b32f0a02cbe93a0ed25f1b7e20c3d3ed2e8d445f04"
".git\objects\21\5dfb5c44000a617d999de2de1c61bd0076cc6c","[no extension]","385","git-internal","NO/NOT SHOWN","NO","NO","NO","NO/NOT SHOWN","NO/NOT SHOWN","NO","False","KEEP_DEVELOPMENT","f8695e75838b0bdedffb849933edd0410014750d198a4cd5ca454db789edc4da"
".git\objects\21\78440e92f0a46ca6ef23e5bb19c3392690514b","[no extension]","1562","git-internal","NO/NOT SHOWN","NO","NO","NO","NO/NOT SHOWN","NO/NOT SHOWN","NO","False","KEEP_DEVELOPMENT","690c72c5233c0da274effcb1505dc9f6f13b8f38493916954f7871c8722f9ff8"
".git\objects\21\7c20f816069db7c7b9edaba307d597d21084c3","[no extension]","143","git-internal","NO/NOT SHOWN","NO","NO","NO","NO/NOT SHOWN","NO/NOT SHOWN","NO","False","KEEP_DEVELOPMENT","48a49c9a979d453577b9e2583aac525efecd51a1e407c1faf1769b65e0f0af57"
".git\objects\21\8ba57134e50cf915a478c8cf75b81ac4189c7b","[no extension]","143","git-internal","NO/NOT SHOWN","NO","NO","NO","NO/NOT SHOWN","NO/NOT SHOWN","NO","False","KEEP_DEVELOPMENT","7e7a98247b61942bc12def9961cc7e0706ecd1e394db9599c3ddd44b9b4dd184"
".git\objects\21\a723d3d6ac4c56d8d668956cac16fd10b7d4c4","[no extension]","24927","git-internal","NO/NOT SHOWN","NO","NO","NO","NO/NOT SHOWN","NO/NOT SHOWN","NO","False","KEEP_DEVELOPMENT","28cf73973c64c29660a003f38a61731d202019438749a304cff40b92126d6610"
".git\objects\22\20298216cd59d3414990be0b697e9f7a3ce602","[no extension]","378","git-internal","NO/NOT SHOWN","NO","NO","NO","NO/NOT SHOWN","NO/NOT SHOWN","NO","False","KEEP_DEVELOPMENT","b27e956156c25c7d53297840f2b37b2e45cba3ee6aaaa136766221dc0058e23b"
".git\objects\22\36dbf892179cb9122908a2cd3bbd5331772adf","[no extension]","383","git-internal","NO/NOT SHOWN","NO","NO","NO","NO/NOT SHOWN","NO/NOT SHOWN","NO","False","KEEP_DEVELOPMENT","4fe96d778b134f31d2bdd6821d512849dc835988eb59936e79e0e31dee7f62f9"
".git\objects\22\37d6931a24bcdc0b8553d2b3363e85845e19b1","[no extension]","929","git-internal","NO/NOT SHOWN","NO","NO","NO","NO/NOT SHOWN","NO/NOT SHOWN","NO","False","KEEP_DEVELOPMENT","dc5eec13532f05fbdf5b2c39299a9e92a0251bf4fedbcd0659f34808906b36fd"
".git\objects\22\5eb8946991c04ff35423edaed83ffbdcae6546","[no extension]","9482","git-internal","NO/NOT SHOWN","NO","NO","NO","NO/NOT SHOWN","NO/NOT SHOWN","NO","False","KEEP_DEVELOPMENT","1f81b3d675efa5d2b9f913631891c910554dd9636efe18668fb3e89192d525dc"
".git\objects\23\5db772f1210e142bb7ae3657795eed9b79497b","[no extension]","1583","git-internal","NO/NOT SHOWN","NO","NO","NO","NO/NOT SHOWN","NO/NOT SHOWN","NO","False","KEEP_DEVELOPMENT","cd989e5947ee6a861364dacaca54b258cc85165a20aa32775a0c21435328cbf4"
".git\objects\23\7fc83d8b37580f6e027f98111a15bc0480f19b","[no extension]","5469","git-internal","NO/NOT SHOWN","NO","NO","NO","NO/NOT SHOWN","NO/NOT SHOWN","NO","False","KEEP_DEVELOPMENT","8cec3f5ca42bf8e3fd3967c9c47bfcc1fb41ca0671757398c50ee6f5e9c9dd06"
".git\objects\23\94bf1fac1e077a932f0cffa2e4e972cd7afc35","[no extension]","169","git-internal","NO/NOT SHOWN","NO","NO","NO","NO/NOT SHOWN","NO/NOT SHOWN","NO","False","KEEP_DEVELOPMENT","1588c11bc0a9ac46929b3080b13dadc5ccdedc19420319039835adce709bacfb"
".git\objects\23\a637b46cfeef4931633e9763c1554a6cfe5a32","[no extension]","595","git-internal","NO/NOT SHOWN","NO","NO","NO","NO/NOT SHOWN","NO/NOT SHOWN","NO","False","KEEP_DEVELOPMENT","7075cfcc0980e91f8f0b7cd9a2b49cefc3bdf275ab8e0a222df01c04e5a294ae"
".git\objects\23\ee02c37f5badb11a04ed92c0bc6afcdd5e4e6b","[no extension]","632","git-internal","NO/NOT SHOWN","NO","NO","NO","NO/NOT SHOWN","NO/NOT SHOWN","NO","False","KEEP_DEVELOPMENT","eafab43279d2978be2703802cbd6e29dfa44fb1a66be52a3c7ba26a021f8157b"
".git\objects\23\fe61f2342888e423edd4301c3684df46f1dbdf","[no extension]","2601","git-internal","NO/NOT SHOWN","NO","NO","NO","NO/NOT SHOWN","NO/NOT SHOWN","NO","False","KEEP_DEVELOPMENT","8d92b65a9eab442ec67dae599bca573ec14dfbc83681acd8ad6750c2b572971e"
".git\objects\24\0d32391fc1f8c4dc4d0437f79672222633e883","[no extension]","171","git-internal","NO/NOT SHOWN","NO","NO","NO","NO/NOT SHOWN","NO/NOT SHOWN","NO","False","KEEP_DEVELOPMENT","44e6b21a7797ab107146a080d4a8360f5dda30a1722d4c5f90b9d894317ea831"
".git\objects\24\143a659454acc35e2a4bdf571ed0ae84527f03","[no extension]","2661","git-internal","NO/NOT SHOWN","NO","NO","NO","NO/NOT SHOWN","NO/NOT SHOWN","NO","False","KEEP_DEVELOPMENT","bb5a7871e18de34a2d575cee2014fe918af47be7161ab3f958b0215bfa97aaae"
".git\objects\24\38adbc963af13226b42f13c01a4ee94567b7cf","[no extension]","1302","git-internal","NO/NOT SHOWN","NO","NO","NO","NO/NOT SHOWN","NO/NOT SHOWN","NO","False","KEEP_DEVELOPMENT","75e428581b4e5bda9becb467fc7dcb32c048345f583d97a82b047252f3e2fa26"
".git\objects\24\399a7216086a2ef8a2fe71ccbe4551088c30cf","[no extension]","139","git-internal","NO/NOT SHOWN","NO","NO","NO","NO/NOT SHOWN","NO/NOT SHOWN","NO","False","KEEP_DEVELOPMENT","cda146c29dc5f7ab4fccb0d228a3d208665d5dd7fa9aba493e325e55f9c08161"
".git\objects\24\466a8debcd376e1826fa2fd98be57c012b7765","[no extension]","1864","git-internal","NO/NOT SHOWN","NO","NO","NO","NO/NOT SHOWN","NO/NOT SHOWN","NO","False","KEEP_DEVELOPMENT","a88a4f7e715148d96f087d2e09d857b3cc561f38e4403bc0b022bbb5c1925ee5"
".git\objects\24\94f36bf2398b78abc42faf419a9bdcb11c00eb","[no extension]","6763","git-internal","NO/NOT SHOWN","NO","NO","NO","NO/NOT SHOWN","NO/NOT SHOWN","NO","False","KEEP_DEVELOPMENT","bc7a91c565e91d22027a694505ec3de1aa95d17e362cba9f99a5768b318f5bf1"
".git\objects\24\c7c358a475a08234911b4fdd2485a0144e2c60","[no extension]","3121","git-internal","NO/NOT SHOWN","NO","NO","NO","NO/NOT SHOWN","NO/NOT SHOWN","NO","False","KEEP_DEVELOPMENT","771ef2eb462e224beb90b5c38e5f3d108fa16a0d5e1e40268832779c0fd167ef"
".git\objects\25\1f2d499f28f81a0dd3081c47082945716fe1af","[no extension]","1204","git-internal","NO/NOT SHOWN","NO","NO","NO","NO/NOT SHOWN","NO/NOT SHOWN","NO","False","KEEP_DEVELOPMENT","e1e8c0a6100a874ce6fb98fa435ffcf81015fd503f15096068ef7005d7dd518e"
".git\objects\25\374d115043d85ac52a7ea1eded18e7902f691a","[no extension]","952","git-internal","NO/NOT SHOWN","NO","NO","NO","NO/NOT SHOWN","NO/NOT SHOWN","NO","False","KEEP_DEVELOPMENT","af74561cde8b1d3e66c633a3235629b58305df5fea31f7d58167c00d84f04fcb"
".git\objects\25\412eb331b830c33112ac6b0b068a893a83e237","[no extension]","11791","git-internal","NO/NOT SHOWN","NO","NO","NO","NO/NOT SHOWN","NO/NOT SHOWN","NO","False","KEEP_DEVELOPMENT","af9df92d2ef3cfbd438bfd368f2cc221c3d118e7c623f96a347c657072dcf1db"
".git\objects\25\4cb809ded5d502055fe0aeb605ef98b71e9e22","[no extension]","31035","git-internal","NO/NOT SHOWN","NO","NO","NO","NO/NOT SHOWN","NO/NOT SHOWN","NO","False","KEEP_DEVELOPMENT","9a273546ae3ced5ce43f70d61e9f9683f4efd1349404e8276c409043ac058caa"
".git\objects\25\98ac95c8fe4d5f9581ca9d2e3c94b928221c0a","[no extension]","119","git-internal","NO/NOT SHOWN","NO","NO","NO","NO/NOT SHOWN","NO/NOT SHOWN","NO","False","KEEP_DEVELOPMENT","2af799fb552f28edaf37cc60c2f38da73fb196bfc24057cd4f12cda37c8ec17f"
".git\objects\25\9d6aacaf3f3c01fc736f9852d91e41be17495a","[no extension]","56","git-internal","NO/NOT SHOWN","NO","NO","NO","NO/NOT SHOWN","NO/NOT SHOWN","NO","False","KEEP_DEVELOPMENT","5e48bd6948b3f727315433f3a42eae8a3e27c4bf0c9a721fefa7af305b2d5d33"
".git\objects\25\c7519587670f978a99ebf314d37f6689343434","[no extension]","2815","git-internal","NO/NOT SHOWN","NO","NO","NO","NO/NOT SHOWN","NO/NOT SHOWN","NO","False","KEEP_DEVELOPMENT","a7fbbca42be47a7366382bbf857a46e45f696b4b00c19b8df676ee0ff1982487"
".git\objects\25\ce9df60da6d7d43ded74634c668ebf99d46212","[no extension]","172","git-internal","NO/NOT SHOWN","NO","NO","NO","NO/NOT SHOWN","NO/NOT SHOWN","NO","False","KEEP_DEVELOPMENT","ed8b1b28174cb518605c0083c54248509fc311d2cd130dae515fe8caa95b05a1"
".git\objects\26\204454099d5a87df04d816a69b5c7cc146028e","[no extension]","454","git-internal","NO/NOT SHOWN","NO","NO","NO","NO/NOT SHOWN","NO/NOT SHOWN","NO","False","KEEP_DEVELOPMENT","54e4af65f2e1419e85dd00a5118f8a264d3024d82c53a3bd8ea90278c85f676e"
".git\objects\26\24f1095e485b690bc2a4c029243610294d53b1","[no extension]","1653","git-internal","NO/NOT SHOWN","NO","NO","NO","NO/NOT SHOWN","NO/NOT SHOWN","NO","False","KEEP_DEVELOPMENT","ea51ec0666f747891b3f18c5b8317d78d5147b6243994f7d35addef98aa4c5ff"
".git\objects\26\2d516bdad27b27109beac4a9435e892c7f8436","[no extension]","145","git-internal","NO/NOT SHOWN","NO","NO","NO","NO/NOT SHOWN","NO/NOT SHOWN","NO","False","KEEP_DEVELOPMENT","f0776f38182e8ec8e942266bb60ea0307f80783dfecd8b1a160c8dde50cb3721"
".git\objects\26\331a2a34f9675c512f8f17cf18584f96b2359f","[no extension]","1040","git-internal","NO/NOT SHOWN","NO","NO","NO","NO/NOT SHOWN","NO/NOT SHOWN","NO","False","KEEP_DEVELOPMENT","7f1d9bd21ff76524677d9ab90c7d906e8c00f90aad1ed49509ba3a5aeb81f591"
".git\objects\26\3c8e0d3202c41b129d2dcccbd2bac125dd5767","[no extension]","484","git-internal","NO/NOT SHOWN","NO","NO","NO","NO/NOT SHOWN","NO/NOT SHOWN","NO","False","KEEP_DEVELOPMENT","5ab6d50ea9ef3aa7d1e8a6d3a82cd9931c29c5adba9d836dd3edcc0c7b671979"
".git\objects\26\498976cd8c69536965e12489e1bce5aaeb38ee","[no extension]","282","git-internal","NO/NOT SHOWN","NO","NO","NO","NO/NOT SHOWN","NO/NOT SHOWN","NO","False","KEEP_DEVELOPMENT","a843b991c2cedfaa0a9218e96d690539ad3dd853626005dfa15b3c7ff9c03d5c"
".git\objects\26\4f586a67f7a9ddf331f0762fc17de2ce51d903","[no extension]","1353","git-internal","NO/NOT SHOWN","NO","NO","NO","NO/NOT SHOWN","NO/NOT SHOWN","NO","False","KEEP_DEVELOPMENT","8be8f39dd2aa0373038bd97933ab5483d05197bc1cea7e88d2318a50cb471723"
".git\objects\26\bc4224603ce63f688e5dcdb3aeabd50380dd46","[no extension]","1358","git-internal","NO/NOT SHOWN","NO","NO","NO","NO/NOT SHOWN","NO/NOT SHOWN","NO","False","KEEP_DEVELOPMENT","882c13cbdcb3eaafb30d5c2a791643d6c804127c31cb0e946cbd52f6e5914f85"
".git\objects\26\ed66238a0fffb5fc8a29bb8edede1a2e6669f8","[no extension]","745","git-internal","NO/NOT SHOWN","NO","NO","NO","NO/NOT SHOWN","NO/NOT SHOWN","NO","False","KEEP_DEVELOPMENT","ebe611e3c1ba190b279aa9ed67e1946f2e01dc5f46f74d90817661e66971e1e0"
".git\objects\26\f0fce4292553dae564a447f68d06d5be301aef","[no extension]","646","git-internal","NO/NOT SHOWN","NO","NO","NO","NO/NOT SHOWN","NO/NOT SHOWN","NO","False","KEEP_DEVELOPMENT","f946748e500a17f5ef6a9c80dbeebb7498a44efffa584e5f2c630ffeefe4bf71"
".git\objects\27\296b7163240f507f3c4dbd84fcb1597412a4f4","[no extension]","1971","git-internal","NO/NOT SHOWN","NO","NO","NO","NO/NOT SHOWN","NO/NOT SHOWN","NO","False","KEEP_DEVELOPMENT","cd1f79b5d55383bfd1ba2dc1fcd2e6650785a9b573c5d72b22102513e1c253ea"
".git\objects\27\850603b441932880d39d34a1d7b4b8b0021b87","[no extension]","122","git-internal","NO/NOT SHOWN","NO","NO","NO","NO/NOT SHOWN","NO/NOT SHOWN","NO","False","KEEP_DEVELOPMENT","6efe08b73eab6a530e682d43b2e9fb81579e23788d0d157490959616a29275fc"
".git\objects\28\28b7c75252a56d3a758c58381dcbea293df01c","[no extension]","329","git-internal","NO/NOT SHOWN","NO","NO","NO","NO/NOT SHOWN","NO/NOT SHOWN","NO","False","KEEP_DEVELOPMENT","95f92fa6a366efd53390801f55d26f2ec9868b61e73738bc7e63bb562b43d7e6"
".git\objects\28\2ff71874bf766979616629cd0a1621ea82d9d5","[no extension]","814","git-internal","NO/NOT SHOWN","NO","NO","NO","NO/NOT SHOWN","NO/NOT SHOWN","NO","False","KEEP_DEVELOPMENT","e863072bd8ca8a75ac030dbe16cf32dc1712e18d60d462a68c24f395a40b1a90"
".git\objects\28\a17fbc0e6b32ed440b4ae24bc7b4021e2e2f7d","[no extension]","1743","git-internal","NO/NOT SHOWN","NO","NO","NO","NO/NOT SHOWN","NO/NOT SHOWN","NO","False","KEEP_DEVELOPMENT","9501de0706ace7415154469e5712d1425ee04f8ecc2d915babec4f0ed3da58ee"
".git\objects\29\36e2cdbff45bb4765c72d0546d30f590b3bb18","[no extension]","480","git-internal","NO/NOT SHOWN","NO","NO","NO","NO/NOT SHOWN","NO/NOT SHOWN","NO","False","KEEP_DEVELOPMENT","985f50538250503d247ae6fe27df5ef9f1d409498c42c275af109cd1db1c9085"
".git\objects\29\4848e9b1b9554426a9315443d57c119e58560e","[no extension]","2121","git-internal","NO/NOT SHOWN","NO","NO","NO","NO/NOT SHOWN","NO/NOT SHOWN","NO","False","KEEP_DEVELOPMENT","50ff1cee91b6dd11077800ecb0097d623431dbc3d0b65f62c1d30a6ae45b01e3"
".git\objects\29\52c0bb131781e4023bfe39d055445dc9fe935f","[no extension]","207","git-internal","NO/NOT SHOWN","NO","NO","NO","NO/NOT SHOWN","NO/NOT SHOWN","NO","False","KEEP_DEVELOPMENT","595b9a9f8be4527aea6388b4c0b4d8102726d81cff1e953e04bf562ef5c2af6c"
".git\objects\29\68b17f80c77035154d02076210d37c2ba34e42","[no extension]","826","git-internal","NO/NOT SHOWN","NO","NO","NO","NO/NOT SHOWN","NO/NOT SHOWN","NO","False","KEEP_DEVELOPMENT","7411e22df16f6224d12c2e3a0a0c418f066894d2ff024df88beca151383cc0cf"
".git\objects\29\78a5977cfebb8feef884d4aa9c8d43d34a181b","[no extension]","1743","git-internal","NO/NOT SHOWN","NO","NO","NO","NO/NOT SHOWN","NO/NOT SHOWN","NO","False","KEEP_DEVELOPMENT","e94e2f51012928f19bf54358aaa364fbb39dcb36bf274eb8f43abd09c1fa5285"
".git\objects\29\b58366b94f2fa3348b1f6d502da3755d7ed269","[no extension]","430","git-internal","NO/NOT SHOWN","NO","NO","NO","NO/NOT SHOWN","NO/NOT SHOWN","NO","False","KEEP_DEVELOPMENT","1609f279598f5956a2c4e63ef455d86822ca251af0430c276da7b844a2b02f53"
".git\objects\29\f416200f84261bd182ef41df8172de8379aeb2","[no extension]","188","git-internal","NO/NOT SHOWN","NO","NO","NO","NO/NOT SHOWN","NO/NOT SHOWN","NO","False","KEEP_DEVELOPMENT","8d2345d960541d5b6756c1b88d26d7ac3be010769fc3e9a1689a4317e0727073"
".git\objects\2a\0218546bdce050a00b1c48272d8ad5ff39169b","[no extension]","885","git-internal","NO/NOT SHOWN","NO","NO","NO","NO/NOT SHOWN","NO/NOT SHOWN","NO","False","KEEP_DEVELOPMENT","f37afe845291189e9e19f8caf3d5252fccafbde39d3ac5c45141d809b594f78a"
".git\objects\2a\446915ec8e690ccfc1a012a407d61925305782","[no extension]","1899","git-internal","NO/NOT SHOWN","NO","NO","NO","NO/NOT SHOWN","NO/NOT SHOWN","NO","False","KEEP_DEVELOPMENT","fa8f3e5b08860f9ae5fd77d0b3600f083eac44e9974eedca5aedfa9796261706"
".git\objects\2a\5046c27913471cd119ca97470885cdd44088de","[no extension]","1270","git-internal","NO/NOT SHOWN","NO","NO","NO","NO/NOT SHOWN","NO/NOT SHOWN","NO","False","KEEP_DEVELOPMENT","8eeacfc878f8119653e5ad29252864ea73409aaa46a9a7a7a6c965b9f5995c6d"
".git\objects\2a\595081b70a057f925720d540da6ae387a357dd","[no extension]","609","git-internal","NO/NOT SHOWN","NO","NO","NO","NO/NOT SHOWN","NO/NOT SHOWN","NO","False","KEEP_DEVELOPMENT","2acdd59fc3a45259a18342e7e69116412641dfe1805c5048625b55ae534c0d1b"
".git\objects\2a\b9384983cd882b906fb199526b604a7e75e618","[no extension]","6457","git-internal","NO/NOT SHOWN","NO","NO","NO","NO/NOT SHOWN","NO/NOT SHOWN","NO","False","KEEP_DEVELOPMENT","f2e347ec5613bb952cd34f1f0d7a6af95b283169f886cd4fd17231f362039930"
".git\objects\2a\c8301520be38f2780029b57f5499d9ccbdfd34","[no extension]","2203","git-internal","NO/NOT SHOWN","NO","NO","NO","NO/NOT SHOWN","NO/NOT SHOWN","NO","False","KEEP_DEVELOPMENT","e7beefb8b1b27db638a7d2c0b7897c065e0c3363713addaccaeeb25aa55f8963"
".git\objects\2a\d523fd2f6099582d89f1562f9be6d048072e44","[no extension]","180","git-internal","NO/NOT SHOWN","NO","NO","NO","NO/NOT SHOWN","NO/NOT SHOWN","NO","False","KEEP_DEVELOPMENT","8d35786c83daaa4895c3e5f0d32ad03d8b20f716ac6fc6565c501f67116740ba"
".git\objects\2a\e801189f0544a4acd6500e275975d5dab0f0da","[no extension]","201","git-internal","NO/NOT SHOWN","NO","NO","NO","NO/NOT SHOWN","NO/NOT SHOWN","NO","False","KEEP_DEVELOPMENT","3d33165b291c7fa52047744b55a1a69b9d5defbce4be9f6d3eec4705b53e993f"
".git\objects\2b\39973dd9a1c8f74b65037a6907d4476309ad68","[no extension]","6236","git-internal","NO/NOT SHOWN","NO","NO","NO","NO/NOT SHOWN","NO/NOT SHOWN","NO","False","KEEP_DEVELOPMENT","856911ebcd79fff93841f70f21b522f9f187d581efd6119a50e197fd55067cf0"
".git\objects\2b\4fcf217c55b9a73e756bd14ac1522b0750007f","[no extension]","199","git-internal","NO/NOT SHOWN","NO","NO","NO","NO/NOT SHOWN","NO/NOT SHOWN","NO","False","KEEP_DEVELOPMENT","7f96dbf888ee31c26ff822fae814fa39236e8232ec91078ae0580e46b9657bf2"
".git\objects\2b\62e90d2cbaac433ec76dd288746301a5be178a","[no extension]","5858","git-internal","NO/NOT SHOWN","NO","NO","NO","NO/NOT SHOWN","NO/NOT SHOWN","NO","False","KEEP_DEVELOPMENT","c029eb54bde942d0a2b6f664d8289715362411a21fb522e88a886f232b2755b9"
".git\objects\2b\6413caf09571a641ba60e64bc63b10e02eae1b","[no extension]","256","git-internal","NO/NOT SHOWN","NO","NO","NO","NO/NOT SHOWN","NO/NOT SHOWN","NO","False","KEEP_DEVELOPMENT","39b4b504f990137285cec3430441c23f31c55cc8a9afe0a293b60d1bd6aeff2a"
".git\objects\2b\6a6163ac80ed62295953f6b3f1e13459a4f035","[no extension]","781","git-internal","NO/NOT SHOWN","NO","NO","NO","NO/NOT SHOWN","NO/NOT SHOWN","NO","False","KEEP_DEVELOPMENT","9093f5347a0f674d84114ee8ea3e7424eba34392396d39cca8fd333b5fe74eba"
".git\objects\2b\6c0541b6052a414f5632ae11e28fe53e60575f","[no extension]","131","git-internal","NO/NOT SHOWN","NO","NO","NO","NO/NOT SHOWN","NO/NOT SHOWN","NO","False","KEEP_DEVELOPMENT","c08b315fea4ed7c31e0bbcc81efba00339af12358e63fff7fa3c05636b8b7c62"
".git\objects\2b\73cbd1ae1f8725d06d4e40c95db64375d1b941","[no extension]","5319","git-internal","NO/NOT SHOWN","NO","NO","NO","NO/NOT SHOWN","NO/NOT SHOWN","NO","False","KEEP_DEVELOPMENT","55a9851017d5a5d9916195e9d511eaee398e6b3b3f5d17e3232015ee495f91b0"
".git\objects\2b\7e6e57f19f99f77e6226784ef493f89f93ddf2","[no extension]","26033","git-internal","NO/NOT SHOWN","NO","NO","NO","NO/NOT SHOWN","NO/NOT SHOWN","NO","False","KEEP_DEVELOPMENT","7e3ea6827933c5f1a91537dd06c6cd5ecbab88b17588a0bc4e900b47809d4f48"
".git\objects\2b\90e03b8bdb2b2801703b834e731f8420927462","[no extension]","1768","git-internal","NO/NOT SHOWN","NO","NO","NO","NO/NOT SHOWN","NO/NOT SHOWN","NO","False","KEEP_DEVELOPMENT","0d855a4ad60bc01662c2a3c13091866be42c0ac0b496cd8e82ed16f9e731acc4"
".git\objects\2b\ce5a7fd3613909c50d6255d08db7649c13535c","[no extension]","1926","git-internal","NO/NOT SHOWN","NO","NO","NO","NO/NOT SHOWN","NO/NOT SHOWN","NO","False","KEEP_DEVELOPMENT","a6765cab1f7c89c196426220bbb2f76958ba8625e8a8ae282d31f51ffbc6332c"
".git\objects\2b\ed682a1a349585a587449391c8fa01c0b608bd","[no extension]","854","git-internal","NO/NOT SHOWN","NO","NO","NO","NO/NOT SHOWN","NO/NOT SHOWN","NO","False","KEEP_DEVELOPMENT","5aff072dc3d2bf1d34eacabb8f867e8b997a6af21b28fbb76add61a28a1004be"
".git\objects\2b\f493ee8b2993a8e61d5c7e87c5c43f251b1b75","[no extension]","689","git-internal","NO/NOT SHOWN","NO","NO","NO","NO/NOT SHOWN","NO/NOT SHOWN","NO","False","KEEP_DEVELOPMENT","064312b2311a107e38db41186d9b284a0a136c4d2d713a015e3a094e7758ce74"
".git\objects\2c\1c3cc9ff8c30ddb3474ee33929743e5e2cbdcf","[no extension]","3123","git-internal","NO/NOT SHOWN","NO","NO","NO","NO/NOT SHOWN","NO/NOT SHOWN","NO","False","KEEP_DEVELOPMENT","0a3fee91b87b6e348beeb502e4fa68f8564046bfdf0a8f748ea1f00a4ad8e900"
".git\objects\2c\1cdb4870cc14b5f012c57ba550d5bc2fada042","[no extension]","144","git-internal","NO/NOT SHOWN","NO","NO","NO","NO/NOT SHOWN","NO/NOT SHOWN","NO","False","KEEP_DEVELOPMENT","3e74c07b08646d4d3d7d48e325f73e6d0509671b914ef872cd72f26451d0c782"
".git\objects\2c\280305833e48fd722dbea67ab1b99d78288e84","[no extension]","198","git-internal","NO/NOT SHOWN","NO","NO","NO","NO/NOT SHOWN","NO/NOT SHOWN","NO","False","KEEP_DEVELOPMENT","f1fbba33886e1c06c34b44c5332867bbb8903d1d0cdb421b63bf6dc5cb38f11c"
".git\objects\2c\3d7180542ce0a0e3d33597b1a27d6aa8a88771","[no extension]","2431","git-internal","NO/NOT SHOWN","NO","NO","NO","NO/NOT SHOWN","NO/NOT SHOWN","NO","False","KEEP_DEVELOPMENT","4438865d27c9b415390bafca1cef1fb6f0e3967d09eaf766b2cc6ddcadd1a262"
".git\objects\2c\60f2623119c55861f2d626c281ecbeeec54673","[no extension]","4047","git-internal","NO/NOT SHOWN","NO","NO","NO","NO/NOT SHOWN","NO/NOT SHOWN","NO","False","KEEP_DEVELOPMENT","d903134d6a5b3031db965564ad7b196c0b0ac335a1f73874848d069e99848448"
".git\objects\2c\7fc07ff94d904e8a11cee9d45b32cb0f20d1eb","[no extension]","276","git-internal","NO/NOT SHOWN","NO","NO","NO","NO/NOT SHOWN","NO/NOT SHOWN","NO","False","KEEP_DEVELOPMENT","560ff3357c0d4163191ca0660b6dba9afa19495db503309e3add68014091008b"
".git\objects\2c\8f6c627ae87b7069d14a3ca1a2a636fb6b5c4a","[no extension]","1551","git-internal","NO/NOT SHOWN","NO","NO","NO","NO/NOT SHOWN","NO/NOT SHOWN","NO","False","KEEP_DEVELOPMENT","b2c99725ffc0829c14c0b49fae6b60666b1d2c745b40d5bfcaf221d15619fcd5"
".git\objects\2c\e7c37feddaa6a8bb813ccb4d0b29119e55dc7a","[no extension]","3194","git-internal","NO/NOT SHOWN","NO","NO","NO","NO/NOT SHOWN","NO/NOT SHOWN","NO","False","KEEP_DEVELOPMENT","c8284e11e121c8a718f41c01abef4a1d255de9ff91e42536ecd73f29e4b3ded9"
".git\objects\2c\f3ef48cf3bae1a1a1ec2e9f5b563caa9eaa6c3","[no extension]","1692","git-internal","NO/NOT SHOWN","NO","NO","NO","NO/NOT SHOWN","NO/NOT SHOWN","NO","False","KEEP_DEVELOPMENT","1816f84a85427820d82fc99c50d66d318ac84788e769d2e2d06758aad0efff5e"
".git\objects\2d\39f32b5fe8ac9f6dfca6c611f486bd334556a3","[no extension]","771","git-internal","NO/NOT SHOWN","NO","NO","NO","NO/NOT SHOWN","NO/NOT SHOWN","NO","False","KEEP_DEVELOPMENT","16e4e439c65aa992133957d26a482eceddc2077d781b3a51aff40d243ea85e9a"
".git\objects\2d\90b3853a280c653ca68e03222c953c755db108","[no extension]","150","git-internal","NO/NOT SHOWN","NO","NO","NO","NO/NOT SHOWN","NO/NOT SHOWN","NO","False","KEEP_DEVELOPMENT","70337effcb08c61785de750e4b8a6b9b72af691fd6237f3e652956446afbd210"
".git\objects\2d\bad44980dba0af4bbcd26ca7a5880a611c092e","[no extension]","328","git-internal","NO/NOT SHOWN","NO","NO","NO","NO/NOT SHOWN","NO/NOT SHOWN","NO","False","KEEP_DEVELOPMENT","2b6697510f9646dcd5c7ac90ae6cd9afb09dd0ab09ef5e62fbbc9873ca5a46ee"
".git\objects\2d\d61a3a979b0e98f237e07bc5ef173e0092d757","[no extension]","1679","git-internal","NO/NOT SHOWN","NO","NO","NO","NO/NOT SHOWN","NO/NOT SHOWN","NO","False","KEEP_DEVELOPMENT","e0ac916771478fd34b6239bda650620966a9008dd35855ec36cd65cf55bde93d"
".git\objects\2d\efb2eff63a48dd3504a17376132653e42a0f1e","[no extension]","253","git-internal","NO/NOT SHOWN","NO","NO","NO","NO/NOT SHOWN","NO/NOT SHOWN","NO","False","KEEP_DEVELOPMENT","114d198e8c5ce3040279be1e1944aba2f461ce717c17ea5475a1e28f8801d857"
".git\objects\2d\fd84de68089affa3ccf3606012e50af44854e1","[no extension]","297","git-internal","NO/NOT SHOWN","NO","NO","NO","NO/NOT SHOWN","NO/NOT SHOWN","NO","False","KEEP_DEVELOPMENT","505b0dd4561b305515cc54373a9d541b2ac46d0e16289d483915f167edcb7fe8"
".git\objects\2e\6320d552dda5ae3b9e42ab301282eb4f6a13b9","[no extension]","534","git-internal","NO/NOT SHOWN","NO","NO","NO","NO/NOT SHOWN","NO/NOT SHOWN","NO","False","KEEP_DEVELOPMENT","111b12703337c5433e463fb4603021f0953e85dd1f743b304cdde37d8807b672"
".git\objects\2e\6c4f167727c805887ee7e5037ead99aade8185","[no extension]","148","git-internal","NO/NOT SHOWN","NO","NO","NO","NO/NOT SHOWN","NO/NOT SHOWN","NO","False","KEEP_DEVELOPMENT","f35f5cf5117fafe16aeb216d1c7075599dae2ddd93b0ecdd7f30276793c7c434"
".git\objects\2e\75e1c0f0e77cec9158c5bf58202f259e0fcc9d","[no extension]","153","git-internal","NO/NOT SHOWN","NO","NO","NO","NO/NOT SHOWN","NO/NOT SHOWN","NO","False","KEEP_DEVELOPMENT","ff023ba31c2ccecd13e903e19f6d0a587a59feef530d675502696e248b34deda"
".git\objects\2e\ae133728b091037e9c9aa23bae8b0a0bc007d7","[no extension]","418","git-internal","NO/NOT SHOWN","NO","NO","NO","NO/NOT SHOWN","NO/NOT SHOWN","NO","False","KEEP_DEVELOPMENT","e39f9fcbe9007611b1d306a50e41d6048e5b04169bb2d157350cda8544bd9cd6"
".git\objects\2e\c19a436a6fe786ada890b7f33704442c58168c","[no extension]","277","git-internal","NO/NOT SHOWN","NO","NO","NO","NO/NOT SHOWN","NO/NOT SHOWN","NO","False","KEEP_DEVELOPMENT","e7a3e8bd0d0f37c55db4416bd06102e5183db6c047a9c49973bd947356c38b70"
".git\objects\2f\57ff146348ed1c3be26b796c856ea0099b23f3","[no extension]","441","git-internal","NO/NOT SHOWN","NO","NO","NO","NO/NOT SHOWN","NO/NOT SHOWN","NO","False","KEEP_DEVELOPMENT","74e77ca5ba04e01419f1bc00af41f524a48d6a5def062a42fee70b32a3dff0a6"
".git\objects\2f\8bcc1a53b939ddf73be2f0b2884b8a53fd2774","[no extension]","523","git-internal","NO/NOT SHOWN","NO","NO","NO","NO/NOT SHOWN","NO/NOT SHOWN","NO","False","KEEP_DEVELOPMENT","28bf6872e94159a077db985e42b46bf39cbbf4f06dc938c51a79c94ba979999b"
".git\objects\2f\b4422947e491ddc3e359f787425b689f0ae0f9","[no extension]","9079","git-internal","NO/NOT SHOWN","NO","NO","NO","NO/NOT SHOWN","NO/NOT SHOWN","NO","False","KEEP_DEVELOPMENT","6c896fed2ec5f63a681862bf10f6b3732818ce20ed458738e0770121e8ef18d5"
".git\objects\2f\b80ae656cac89fe93288dfdd7adb232a0dd235","[no extension]","1905","git-internal","NO/NOT SHOWN","NO","NO","NO","NO/NOT SHOWN","NO/NOT SHOWN","NO","False","KEEP_DEVELOPMENT","97b28ccea918eb924b3e0bb12bb9fecdb2f76f94d4d69c8ac0e38164d86c3fbb"
".git\objects\2f\cf5bb7a81be302f5fd6e539c61caee8c8112d6","[no extension]","120","git-internal","NO/NOT SHOWN","NO","NO","NO","NO/NOT SHOWN","NO/NOT SHOWN","NO","False","KEEP_DEVELOPMENT","44ae4c4220645a63a334daad71e3d28763b9b210a9b33a285d3460e97610849d"
".git\objects\2f\d2d2f05860aa44d79d70b56c01f990d8adbfe0","[no extension]","415","git-internal","NO/NOT SHOWN","NO","NO","NO","NO/NOT SHOWN","NO/NOT SHOWN","NO","False","KEEP_DEVELOPMENT","783bc3304ee3238b52c3314cd5c9253204102ae42ba070b0f2db9ba58d339c45"
".git\objects\2f\f2a38732db8c047b9658baac77785a67103a20","[no extension]","927","git-internal","NO/NOT SHOWN","NO","NO","NO","NO/NOT SHOWN","NO/NOT SHOWN","NO","False","KEEP_DEVELOPMENT","580313c1ae4d12725938d60944e8caf31163c88d6de0b4f87e6d38eb57cb2c8e"
".git\objects\30\3ee8f58fb45206760ef17c41c75dea47089e6c","[no extension]","53","git-internal","NO/NOT SHOWN","NO","NO","NO","NO/NOT SHOWN","NO/NOT SHOWN","NO","False","KEEP_DEVELOPMENT","ea1cebf38d80b02b30f2c17e7c065eac32fef3655c6fb8050af607e9487daa30"
".git\objects\30\a3dffdb5225b097a191040edaf3ee54dea8c1c","[no extension]","855","git-internal","NO/NOT SHOWN","NO","NO","NO","NO/NOT SHOWN","NO/NOT SHOWN","NO","False","KEEP_DEVELOPMENT","9e6a4be95413cc8fd576d6569acd9fabe9f6237cfd0011865604f2950b550e6e"
".git\objects\31\2f28d2865fd0b1d1bfe7e00a6b283e8a200bf7","[no extension]","55","git-internal","NO/NOT SHOWN","NO","NO","NO","NO/NOT SHOWN","NO/NOT SHOWN","NO","False","KEEP_DEVELOPMENT","9c26387f3257c157fb2bf87a253dcb2f5d394209f23d5480348f9c2faa0f2b48"
".git\objects\31\3dbba1b0673236799992c8e2b27e339325b262","[no extension]","183","git-internal","NO/NOT SHOWN","NO","NO","NO","NO/NOT SHOWN","NO/NOT SHOWN","NO","False","KEEP_DEVELOPMENT","27c1170d709bba48dd56fdc9e7d4f71b8b620df1f3f593d82cf8d90d6ac0d279"
".git\objects\31\4cfa7b3d3a7d1bd843043d104d13d13a44f647","[no extension]","354","git-internal","NO/NOT SHOWN","NO","NO","NO","NO/NOT SHOWN","NO/NOT SHOWN","NO","False","KEEP_DEVELOPMENT","5eba1eecac42725c42f7f4b073a2c379a17daddaf519004c5e6af4d66dd4df6f"
".git\objects\31\709a3de5a32560ca7ee66de2a685042fcd6abf","[no extension]","9692","git-internal","NO/NOT SHOWN","NO","NO","NO","NO/NOT SHOWN","NO/NOT SHOWN","NO","False","KEEP_DEVELOPMENT","7b58cb6f29068b9f012a4664ef8be188bb3686ff7503b49fc8a106b94caafa21"
".git\objects\31\97e160950e1efacb345a9ef95ec82434bf4026","[no extension]","1556","git-internal","NO/NOT SHOWN","NO","NO","NO","NO/NOT SHOWN","NO/NOT SHOWN","NO","False","KEEP_DEVELOPMENT","44a9f1f81cbabc7a680f1c4cf453726a54dc244c54bb2c4f13838fb4208d025b"
".git\objects\32\0c1a297e1f9dea2259a9f1e74237c6fed5afdd","[no extension]","734","git-internal","NO/NOT SHOWN","NO","NO","NO","NO/NOT SHOWN","NO/NOT SHOWN","NO","False","KEEP_DEVELOPMENT","c7c816d6413bd1383f39970e7b5f8439086d32148cf76db1f9e0d264f6c0357c"
".git\objects\32\1cd088eaa58b16b4de88c33b428fe42f1e9205","[no extension]","1058","git-internal","NO/NOT SHOWN","NO","NO","NO","NO/NOT SHOWN","NO/NOT SHOWN","NO","False","KEEP_DEVELOPMENT","4c6cc4cbf43348f36fff865106dd708399d1fdb94d1bed07408e503e512d222f"
".git\objects\32\2ac190e9ef4bc6b180e3ee8e0aecb10298882b","[no extension]","504","git-internal","NO/NOT SHOWN","NO","NO","NO","NO/NOT SHOWN","NO/NOT SHOWN","NO","False","KEEP_DEVELOPMENT","3360fc1fcb82a103726b6302e6cf5db2d762de1e665f99430f7fde69eec7c463"
".git\objects\32\363f698bbf5019903458d4a858cb6797a38d78","[no extension]","1387","git-internal","NO/NOT SHOWN","NO","NO","NO","NO/NOT SHOWN","NO/NOT SHOWN","NO","False","KEEP_DEVELOPMENT","28b65e36e1d83bbab11a98dedb553ad03f909536399d78a419ac6aec7e505b9a"
".git\objects\32\4b92d1f56628c5dca71a6cb31d6e7b75ffb4e9","[no extension]","196","git-internal","NO/NOT SHOWN","NO","NO","NO","NO/NOT SHOWN","NO/NOT SHOWN","NO","False","KEEP_DEVELOPMENT","e3972745ac2851f341c5a871332c3f686a7a27c580182455c24a98285180c688"
".git\objects\32\65c11ebedef6fcca22c8ebfea3f3cbd00c4064","[no extension]","531","git-internal","NO/NOT SHOWN","NO","NO","NO","NO/NOT SHOWN","NO/NOT SHOWN","NO","False","KEEP_DEVELOPMENT","952f027095d06b66227cfa599374b6f3b2cbc1137ac69794d7e17374cc52665c"
".git\objects\32\6aa2523ba3abff8c1e332751947a9747e5f1df","[no extension]","668","git-internal","NO/NOT SHOWN","NO","NO","NO","NO/NOT SHOWN","NO/NOT SHOWN","NO","False","KEEP_DEVELOPMENT","ceec16a0e4dd5b26211e497b5383bc504a946ccc6cd9855e57d3928cc2c93803"
".git\objects\32\6cdcad2b9c9dd6047538f301a831e68b1ef86d","[no extension]","20889","git-internal","NO/NOT SHOWN","NO","NO","NO","NO/NOT SHOWN","NO/NOT SHOWN","NO","False","KEEP_DEVELOPMENT","763a6cf41b6b1603c503d69a6ea3f3d059aea599b166ef33493a5f8cd4100a4d"
".git\objects\32\709d37e2cd4da03bbeb90584f6aa2507eba077","[no extension]","544","git-internal","NO/NOT SHOWN","NO","NO","NO","NO/NOT SHOWN","NO/NOT SHOWN","NO","False","KEEP_DEVELOPMENT","a0c3a537ceeda218792d1d35a64deae3c1f1471f1ff3db1ff53c0f08d850fc63"
".git\objects\32\9d52b6d9c88d7da46519b7dd3118caa237ac53","[no extension]","468","git-internal","NO/NOT SHOWN","NO","NO","NO","NO/NOT SHOWN","NO/NOT SHOWN","NO","False","KEEP_DEVELOPMENT","abff29e5c4f1b6193e1b4cb851a7c675725f8bc6863c8e745e94556a201cd738"
".git\objects\33\1045436cf034f6625e8b7f446b5300bdda1645","[no extension]","400","git-internal","NO/NOT SHOWN","NO","NO","NO","NO/NOT SHOWN","NO/NOT SHOWN","NO","False","KEEP_DEVELOPMENT","e8c5bd62a091b8aba77bc1a15d5ff1bf276ae36663e631a25ede7cb328e971bd"
".git\objects\33\11321ecc039542bc2ed03e0d42c23a4fe5bfbc","[no extension]","819","git-internal","NO/NOT SHOWN","NO","NO","NO","NO/NOT SHOWN","NO/NOT SHOWN","NO","False","KEEP_DEVELOPMENT","e414f7ce81c16aa7a8b7efda5c689b9d1bb063dbde314862e55e8e93422ccd5c"
".git\objects\33\1a3ff30bc19561f5cb5347201f89c479d2182f","[no extension]","10750","git-internal","NO/NOT SHOWN","NO","NO","NO","NO/NOT SHOWN","NO/NOT SHOWN","NO","False","KEEP_DEVELOPMENT","7404107a0ca8b7454c41b9418b38206af98c4ae544c0ff2fabd6e6ed4b3256e7"
".git\objects\33\22080a3310da84082442e0beeae4facdf6ff64","[no extension]","161","git-internal","NO/NOT SHOWN","NO","NO","NO","NO/NOT SHOWN","NO/NOT SHOWN","NO","False","KEEP_DEVELOPMENT","69b016e97caef2fa99aeae7f61d588c387a1d80c43feb9a56d34630441b2d28a"
".git\objects\33\755a9f28764d955ff32c3a35668f110b23ada8","[no extension]","187","git-internal","NO/NOT SHOWN","NO","NO","NO","NO/NOT SHOWN","NO/NOT SHOWN","NO","False","KEEP_DEVELOPMENT","1cd5bb04669d060ac9da53fe19d6af60cca61cc16e7a0f2944848423670d9d6e"
".git\objects\33\962285ce62aad45fe0fba0eb6663760b5e4fee","[no extension]","152","git-internal","NO/NOT SHOWN","NO","NO","NO","NO/NOT SHOWN","NO/NOT SHOWN","NO","False","KEEP_DEVELOPMENT","910f64c6197ebc681f435cf1f0c5d309fd54c8a7874be1aa5d2ef95ddb04852e"
".git\objects\33\d3ca3fd3b62a5b2970e0d339f53d4dd7995435","[no extension]","147","git-internal","NO/NOT SHOWN","NO","NO","NO","NO/NOT SHOWN","NO/NOT SHOWN","NO","False","KEEP_DEVELOPMENT","2010e885479b9e872c431c145777a1465f4434094e9ccd1e49267cd9d0390f84"
".git\objects\33\fee14bce517ef7ecc91bc5eb56459cd0856b8c","[no extension]","457","git-internal","NO/NOT SHOWN","NO","NO","NO","NO/NOT SHOWN","NO/NOT SHOWN","NO","False","KEEP_DEVELOPMENT","073e638e1460897be3520976b70efb30fb2b070974eac946852d1cf7046e2dd9"
".git\objects\34\8ed99de5dc30764c8f6534623a9a7d1799148c","[no extension]","1657","git-internal","NO/NOT SHOWN","NO","NO","NO","NO/NOT SHOWN","NO/NOT SHOWN","NO","False","KEEP_DEVELOPMENT","852e621c702f03d20f32b7750d334e559818be8aed29738c74b12177d672f13d"
".git\objects\34\e19426e5d36bda20184fff0b6d1feb2d5b491c","[no extension]","152","git-internal","NO/NOT SHOWN","NO","NO","NO","NO/NOT SHOWN","NO/NOT SHOWN","NO","False","KEEP_DEVELOPMENT","a9d1a467b5dc1ad808090fd1dd5a6475b616222973e3230dbda8d0ccc57b3b15"
".git\objects\34\edd8f8f1ac011ed79a3706ee47112357e93396","[no extension]","327","git-internal","NO/NOT SHOWN","NO","NO","NO","NO/NOT SHOWN","NO/NOT SHOWN","NO","False","KEEP_DEVELOPMENT","857826dcc4bb14766d54532a3a75b652e8c4874bc07eab73cb60e479148e1eed"
".git\objects\34\f266b0acd0496d4f2a2e85336e0d8b8b9ee40f","[no extension]","1091","git-internal","NO/NOT SHOWN","NO","NO","NO","NO/NOT SHOWN","NO/NOT SHOWN","NO","False","KEEP_DEVELOPMENT","db967d9b8f9484a5c3dec2d03b3a7d420b6860be54866c56d895e8ee9190e36e"
".git\objects\35\20b59a4a4b9518afbb629320dc9137a4e00ac1","[no extension]","2825","git-internal","NO/NOT SHOWN","NO","NO","NO","NO/NOT SHOWN","NO/NOT SHOWN","NO","False","KEEP_DEVELOPMENT","a23e9d85557f6128c0fe9d3ad0ed3c0a5ce30ca30f5792025e2bc32112a23859"
".git\objects\35\3ad93bb10664ad899eaf48729ab6c233c3cbcd","[no extension]","2064","git-internal","NO/NOT SHOWN","NO","NO","NO","NO/NOT SHOWN","NO/NOT SHOWN","NO","False","KEEP_DEVELOPMENT","63d2416ab25b86735d38b772ece027a08150abbc5d02d8d680947bbb8605eeba"
".git\objects\35\88f4d86bcde9eef9171232bf2d9d30683cd857","[no extension]","186","git-internal","NO/NOT SHOWN","NO","NO","NO","NO/NOT SHOWN","NO/NOT SHOWN","NO","False","KEEP_DEVELOPMENT","4b5377f6b95df2ac2ef7f2208f1e16f37d655d0577a443858d00aafd463203df"
".git\objects\35\8bae2a4984ea9bb6c651469011b571f4a37f2b","[no extension]","789","git-internal","NO/NOT SHOWN","NO","NO","NO","NO/NOT SHOWN","NO/NOT SHOWN","NO","False","KEEP_DEVELOPMENT","d80958cc89fbac25c60fd979faa5de091b3d7b173e959e3dd0c70d16a94992c5"
".git\objects\35\b48c42b326a1b3a2bb6aeb2aca55ecb33bf53b","[no extension]","281","git-internal","NO/NOT SHOWN","NO","NO","NO","NO/NOT SHOWN","NO/NOT SHOWN","NO","False","KEEP_DEVELOPMENT","c4c6ea505003b0c89328f547f449d330b44e694ff479aebc2d094b5e2a16be20"
".git\objects\35\d6a4a8b9f1d775aa05de075e924ef3bd83b061","[no extension]","1323","git-internal","NO/NOT SHOWN","NO","NO","NO","NO/NOT SHOWN","NO/NOT SHOWN","NO","False","KEEP_DEVELOPMENT","4dabc1567675643385a3d1f31cee46212a21f6fa05e28c37b675d0cf410f8c98"
".git\objects\35\fca016899908696857287267405a2d7452bc5e","[no extension]","387","git-internal","NO/NOT SHOWN","NO","NO","NO","NO/NOT SHOWN","NO/NOT SHOWN","NO","False","KEEP_DEVELOPMENT","a9f3b952d0dcdccbecf63cfc4aff504d40abda8df2d077e98db995a682022a3d"
".git\objects\36\19d2126f7e7935a74024b6d815657085db7ae7","[no extension]","207","git-internal","NO/NOT SHOWN","NO","NO","NO","NO/NOT SHOWN","NO/NOT SHOWN","NO","False","KEEP_DEVELOPMENT","4f2709edf5766c5e38f257902e1540102df7ebc751b985758fdf72abce024ce5"
".git\objects\36\43570b2e17584753f69c65da74e0c89fd4a155","[no extension]","151","git-internal","NO/NOT SHOWN","NO","NO","NO","NO/NOT SHOWN","NO/NOT SHOWN","NO","False","KEEP_DEVELOPMENT","5cb10ba4978a5d3e7e6c901401fc69ca8656d0c2e013704775ef0061517a32a2"
".git\objects\36\45f7a8b57a9702a5c4ec419816db19e0e22033","[no extension]","1728","git-internal","NO/NOT SHOWN","NO","NO","NO","NO/NOT SHOWN","NO/NOT SHOWN","NO","False","KEEP_DEVELOPMENT","d53820eed0cc7b824f7e0d75af7e93b051dffd1621dd0f27dfabe44dd6e6cbfa"
".git\objects\36\53d6d2aaa7fcde00d96eefc1e7d59fe3332005","[no extension]","441","git-internal","NO/NOT SHOWN","NO","NO","NO","NO/NOT SHOWN","NO/NOT SHOWN","NO","False","KEEP_DEVELOPMENT","5e2b6bf30f01d74197a5615fdb8ea5075679ec4bf46421b4ca044c696f5133b8"
".git\objects\36\55dd6b11b0a64eac19d2134693014743a72d06","[no extension]","1170","git-internal","NO/NOT SHOWN","NO","NO","NO","NO/NOT SHOWN","NO/NOT SHOWN","NO","False","KEEP_DEVELOPMENT","53e0d78a23eff431be8a2cb1fc42f841d0d8d4e91f5d6668f5aa663d3da99bb9"
".git\objects\36\64cfdfbad293361b7753672e733b0d40e11aed","[no extension]","5194","git-internal","NO/NOT SHOWN","NO","NO","NO","NO/NOT SHOWN","NO/NOT SHOWN","NO","False","KEEP_DEVELOPMENT","c464d03fd266ac49641f706640e9027b4e3372cf26eadfc0df07c961dceb7323"
".git\objects\36\af33e515a87a868ab92b30782a38ffd1b887c2","[no extension]","155","git-internal","NO/NOT SHOWN","NO","NO","NO","NO/NOT SHOWN","NO/NOT SHOWN","NO","False","KEEP_DEVELOPMENT","b1a114bcdc13e05d50913276461271397b5800f1e1465226e05908d6475ae906"
".git\objects\36\dd3a6334b72ed021c6b6d5767268cdb1bebe4c","[no extension]","371","git-internal","NO/NOT SHOWN","NO","NO","NO","NO/NOT SHOWN","NO/NOT SHOWN","NO","False","KEEP_DEVELOPMENT","c786f280ca5e041f4f9de55375e3623b817aacbb7eaa0881b4ed76fc26270fb6"
".git\objects\36\ff77c701476dff78c1bb2d1fe02dc9ff083b46","[no extension]","545","git-internal","NO/NOT SHOWN","NO","NO","NO","NO/NOT SHOWN","NO/NOT SHOWN","NO","False","KEEP_DEVELOPMENT","51122dafb4f170ea5a69cd998d4bdbc4d54c75e4756a154b4252a5c9d78bd930"
".git\objects\37\792f6637801a4aee982d951c6a7f33f850e4ba","[no extension]","185","git-internal","NO/NOT SHOWN","NO","NO","NO","NO/NOT SHOWN","NO/NOT SHOWN","NO","False","KEEP_DEVELOPMENT","64d00fae988c9cf306be5bb0da929b3add2d817408ee998a53b1bc2ab2ad9fdb"
".git\objects\37\d579b41e3f7a34d8f66f411c2c794852cda3b3","[no extension]","1065","git-internal","NO/NOT SHOWN","NO","NO","NO","NO/NOT SHOWN","NO/NOT SHOWN","NO","False","KEEP_DEVELOPMENT","4b998dea0c094e7c69272e8a8fae833881aeee8c5f0dd0049a135e577493a2de"
".git\objects\37\e5e0469f09ea70f3fdd14261fd709728328032","[no extension]","1034","git-internal","NO/NOT SHOWN","NO","NO","NO","NO/NOT SHOWN","NO/NOT SHOWN","NO","False","KEEP_DEVELOPMENT","7c40db1d717039d4eda5605c772ea3954445d42720bc6479c468681a5dd24d9c"
".git\objects\37\ee76f3c59e6761f9758334762b651af677704a","[no extension]","264","git-internal","NO/NOT SHOWN","NO","NO","NO","NO/NOT SHOWN","NO/NOT SHOWN","NO","False","KEEP_DEVELOPMENT","fbb9f1a5bcb393749418e342f076810405490945514a656a2a5f5bcc4354eaa5"
".git\objects\38\4796c7caeaf0c077df569f7af8c93dc4287533","[no extension]","1521","git-internal","NO/NOT SHOWN","NO","NO","NO","NO/NOT SHOWN","NO/NOT SHOWN","NO","False","KEEP_DEVELOPMENT","621acfb38df9921acf363ee1526836e054d8da3b5f81c3946a650c6080b7aafb"
".git\objects\38\56e5448b39980ca09b6490d373d8264587dd25","[no extension]","2379","git-internal","NO/NOT SHOWN","NO","NO","NO","NO/NOT SHOWN","NO/NOT SHOWN","NO","False","KEEP_DEVELOPMENT","6798b67d65d2b52c1d5e0059dd8b1370057a0791c5b977daffbb00ccfe58c0e6"
".git\objects\38\6af2ebadc16f1aa946e6592fa3d0012a766716","[no extension]","86","git-internal","NO/NOT SHOWN","NO","NO","NO","NO/NOT SHOWN","NO/NOT SHOWN","NO","False","KEEP_DEVELOPMENT","d6459544cff816787fabafd78291c24200c9bd8aa870eb5b6fec2e43200288df"
".git\objects\38\72ab75bb32771564552bd9b4069c97f4af0d62","[no extension]","371","git-internal","NO/NOT SHOWN","NO","NO","NO","NO/NOT SHOWN","NO/NOT SHOWN","NO","False","KEEP_DEVELOPMENT","e4727ee6850414a19522cec695d3f682e24036e07942ed93e4699a1c71b8bf07"
".git\objects\38\872d09850a689b607fae601e5e6c38c60eadd7","[no extension]","1017","git-internal","NO/NOT SHOWN","NO","NO","NO","NO/NOT SHOWN","NO/NOT SHOWN","NO","False","KEEP_DEVELOPMENT","7a0fe20d4e7edb73c173567787bb9375089c35b64b0061e42c306e52f593b8ca"
".git\objects\38\8dfb11c3b8b7e289bff4b2ccde275467f6acbb","[no extension]","188","git-internal","NO/NOT SHOWN","NO","NO","NO","NO/NOT SHOWN","NO/NOT SHOWN","NO","False","KEEP_DEVELOPMENT","9f3c4931fd8ad5cc5fc5372920ec093c4e966d606cacce94d4620047ddafbf48"
".git\objects\38\c9cb33da321b1251475d2d40d1f10c4b2aa454","[no extension]","3131","git-internal","NO/NOT SHOWN","NO","NO","NO","NO/NOT SHOWN","NO/NOT SHOWN","NO","False","KEEP_DEVELOPMENT","e197acfb09177fb2343e425d85a88d2d3a49f2172cb3d7ff33d4b13602388137"
".git\objects\38\ca4a6048c53a125c47025484ce6a303d780961","[no extension]","913","git-internal","NO/NOT SHOWN","NO","NO","NO","NO/NOT SHOWN","NO/NOT SHOWN","NO","False","KEEP_DEVELOPMENT","2e7dbad9e3eac1b37aead5bb71986bcc19e4141abde1e4b7deed019bbffcc5cb"
".git\objects\38\cda8786b7223186ad026742c0f6445ecef4f91","[no extension]","1423","git-internal","NO/NOT SHOWN","NO","NO","NO","NO/NOT SHOWN","NO/NOT SHOWN","NO","False","KEEP_DEVELOPMENT","263fa3393dc11cf4fa0fcc239ec966181333a7daddc79bf9f7bfbf1a38aaf696"
".git\objects\38\d5123a00e0e6e0d843fc8a3a6f44baacf4f00b","[no extension]","290","git-internal","NO/NOT SHOWN","NO","NO","NO","NO/NOT SHOWN","NO/NOT SHOWN","NO","False","KEEP_DEVELOPMENT","9ed7047e7e62a1e5880526a43edecfc59e679acba7b0fe30e49ab5d4d7522a82"
".git\objects\38\e2ab06001dc02243618b8671ba9cc828ae6c8c","[no extension]","2274","git-internal","NO/NOT SHOWN","NO","NO","NO","NO/NOT SHOWN","NO/NOT SHOWN","NO","False","KEEP_DEVELOPMENT","cd2f53b5ccaa51ca6f680fff0883aa9690ed7ce97a2d9d7a0ee99cf9e4e9c36a"
".git\objects\38\ee38a70aea6c675c44bfbe552c0980616ff8c5","[no extension]","307","git-internal","NO/NOT SHOWN","NO","NO","NO","NO/NOT SHOWN","NO/NOT SHOWN","NO","False","KEEP_DEVELOPMENT","ae77c21f890f834b2455786b01a0db387d9d93bc8c373864f9bf47a2e34b45d4"
".git\objects\38\eeb4429788a654d314695d9760c19b0aeb83be","[no extension]","116","git-internal","NO/NOT SHOWN","NO","NO","NO","NO/NOT SHOWN","NO/NOT SHOWN","NO","False","KEEP_DEVELOPMENT","e28809feccc10ea9699fa22cf3c1c59dae1b3011618b92ab48e4ac58dc32c74e"
".git\objects\39\1f9364a19317f39b3f918951295a945223b049","[no extension]","373","git-internal","NO/NOT SHOWN","NO","NO","NO","NO/NOT SHOWN","NO/NOT SHOWN","NO","False","KEEP_DEVELOPMENT","1963471dd332d096cb2ecc158e652cd25f027f4aea9e571f839e77e8b43b272c"
".git\objects\39\217204e0df390714d675842053769d21fb6ca0","[no extension]","903","git-internal","NO/NOT SHOWN","NO","NO","NO","NO/NOT SHOWN","NO/NOT SHOWN","NO","False","KEEP_DEVELOPMENT","6cbaaad317ad6e908ff7c720ee4b1c48493bd5d6742eda7cdf6155d78e9c1c4e"
".git\objects\39\74d09c412ada07158376d4427ecb1ae6a51b73","[no extension]","1839","git-internal","NO/NOT SHOWN","NO","NO","NO","NO/NOT SHOWN","NO/NOT SHOWN","NO","False","KEEP_DEVELOPMENT","ac04170aa3c5fe01fb18a369d6065d9a1905e86fac2acc4a94ca48a1e4faed1b"
".git\objects\39\81f20e0cc31fbb3ec19168959b06c0fc8bb333","[no extension]","3212","git-internal","NO/NOT SHOWN","NO","NO","NO","NO/NOT SHOWN","NO/NOT SHOWN","NO","False","KEEP_DEVELOPMENT","515057426d0df5cc70cda7a3dd604857053cda3a89d786934af080d1e67d7d1f"
".git\objects\39\89cc2e20664f84221bd071634d16690594646d","[no extension]","164","git-internal","NO/NOT SHOWN","NO","NO","NO","NO/NOT SHOWN","NO/NOT SHOWN","NO","False","KEEP_DEVELOPMENT","b8691428df62c916f08343dda08257ba8887d2e7aa12b40da49db7b5175c3a8c"
".git\objects\3a\026a7a634489bfba2643b932cb3c04030419df","[no extension]","1277","git-internal","NO/NOT SHOWN","NO","NO","NO","NO/NOT SHOWN","NO/NOT SHOWN","NO","False","KEEP_DEVELOPMENT","15ed63a3a985b10fce76431cf4fa54d0b1a0c25fd175d9d00c701ce6455fda37"
".git\objects\3a\11a5a7c409abb9aa96ec08648be236dbb29717","[no extension]","185","git-internal","NO/NOT SHOWN","NO","NO","NO","NO/NOT SHOWN","NO/NOT SHOWN","NO","False","KEEP_DEVELOPMENT","5690b3cb62e9ab1c1b50fc027cdeceeb5777aec3072f120d57f1a84e342b026e"
".git\objects\3a\68d5aa68f89b5ec4571d11eb9460eb924f9c80","[no extension]","399","git-internal","NO/NOT SHOWN","NO","NO","NO","NO/NOT SHOWN","NO/NOT SHOWN","NO","False","KEEP_DEVELOPMENT","a98975c54ae04448cfd3115ff55ad3b760a25ac707b659066b548bddaa2ad44a"
".git\objects\3a\8aea4bab06637b5d89c624257ba4c831e788d7","[no extension]","275","git-internal","NO/NOT SHOWN","NO","NO","NO","NO/NOT SHOWN","NO/NOT SHOWN","NO","False","KEEP_DEVELOPMENT","3130831987cfa315cc7210673676b0b5ad66e8c103dd9ef5f01de2606dd1cb37"
".git\objects\3a\b2a162d55600559e1773c0258252b5c1ad813b","[no extension]","942","git-internal","NO/NOT SHOWN","NO","NO","NO","NO/NOT SHOWN","NO/NOT SHOWN","NO","False","KEEP_DEVELOPMENT","285322074afc53d1337f79c830b2b00435691d0cd0e57fc33d0794c0eb420da1"
".git\objects\3a\c09b6409fc5fe8998425b6cfd46c4f934abeb1","[no extension]","95","git-internal","NO/NOT SHOWN","NO","NO","NO","NO/NOT SHOWN","NO/NOT SHOWN","NO","False","KEEP_DEVELOPMENT","0d4b8f97f20f333fbaaa0bd13e6ad6fd985653e986107e46705366cb64469293"
".git\objects\3a\dc08a1c13dbe953add956c43786c93b23d6adf","[no extension]","240","git-internal","NO/NOT SHOWN","NO","NO","NO","NO/NOT SHOWN","NO/NOT SHOWN","NO","False","KEEP_DEVELOPMENT","252b5d3d6dac01b71e10927ca0545297a43984e00d11d46a93abb4e7dda21e46"
".git\objects\3a\e83d3576fbab46fdfba30699372648793f86c3","[no extension]","3633","git-internal","NO/NOT SHOWN","NO","NO","NO","NO/NOT SHOWN","NO/NOT SHOWN","NO","False","KEEP_DEVELOPMENT","bac5be73e1b1dc55128c48493e3b7a024c7799c00955f37927c03e0b2cb2cc94"
".git\objects\3b\1bc19d51f04431450f08296c047d81084dac30","[no extension]","396","git-internal","NO/NOT SHOWN","NO","NO","NO","NO/NOT SHOWN","NO/NOT SHOWN","NO","False","KEEP_DEVELOPMENT","081a73c28632ea9a35a2abfa39f753de529c7dd4a174b3234489132c665a7e85"
".git\objects\3b\76c14bbd6827e9d29648995bdf503bd4054d08","[no extension]","1022","git-internal","NO/NOT SHOWN","NO","NO","NO","NO/NOT SHOWN","NO/NOT SHOWN","NO","False","KEEP_DEVELOPMENT","08cef2eacd9ce7e6c3d1b46d869cda82016c35475882f02a177efe666d182603"
".git\objects\3b\9004337cd3114eff11710856fa2138f6a89633","[no extension]","130","git-internal","NO/NOT SHOWN","NO","NO","NO","NO/NOT SHOWN","NO/NOT SHOWN","NO","False","KEEP_DEVELOPMENT","f9d497a919d866b7cbec61ae335862a7b5310ca397a1f3177ed62c25dde669dd"
".git\objects\3b\a28d888d7d31467deffe4ee9fc12bd7c9227b0","[no extension]","1824","git-internal","NO/NOT SHOWN","NO","NO","NO","NO/NOT SHOWN","NO/NOT SHOWN","NO","False","KEEP_DEVELOPMENT","1c9586b14cb116a0e5bc2d28978887fe5e8e5faa5ed5df5d32c75a7886bd7151"
".git\objects\3b\ae6556e218870bcb27132acd39d2ba9236e309","[no extension]","1050","git-internal","NO/NOT SHOWN","NO","NO","NO","NO/NOT SHOWN","NO/NOT SHOWN","NO","False","KEEP_DEVELOPMENT","bafcd380bf798a0c2169b90d6c76ac75f2a9abe9b2795786b78213779110391b"
".git\objects\3b\c2308c95d169634eb7018dd99eb1638b538771","[no extension]","1962","git-internal","NO/NOT SHOWN","NO","NO","NO","NO/NOT SHOWN","NO/NOT SHOWN","NO","False","KEEP_DEVELOPMENT","d707dea090308c108a75a922ba1af25dfcdc4638ae112da8b527c4f7303e9afa"
".git\objects\3b\c397c28d9e3fd1be758071ef38f7ed58fd4feb","[no extension]","497","git-internal","NO/NOT SHOWN","NO","NO","NO","NO/NOT SHOWN","NO/NOT SHOWN","NO","False","KEEP_DEVELOPMENT","b0796164748c479dd32b0e4988922e97a458c013f8669981265cd7c2c572671d"
".git\objects\3b\d299af44d76d641007d466fd8b680e69361f10","[no extension]","1346","git-internal","NO/NOT SHOWN","NO","NO","NO","NO/NOT SHOWN","NO/NOT SHOWN","NO","False","KEEP_DEVELOPMENT","5963d44535b158f8b10bdb8b2400e663ebc867c457d1a0db19288ab637db564e"
".git\objects\3b\fb8951a5f352feebdc9d9a775563262129dcfe","[no extension]","49","git-internal","NO/NOT SHOWN","NO","NO","NO","NO/NOT SHOWN","NO/NOT SHOWN","NO","False","KEEP_DEVELOPMENT","d188bced451437f01e6282a979c8c9d5567266b82ab50e29f232baac8c2e925a"
".git\objects\3c\090117c49424b050d194dc137a3d737937ccb5","[no extension]","883","git-internal","NO/NOT SHOWN","NO","NO","NO","NO/NOT SHOWN","NO/NOT SHOWN","NO","False","KEEP_DEVELOPMENT","e3d0f8096adc501060715b4229dd442f0ea693a12d94d4111120fafb4f272ae3"
".git\objects\3c\6e4f1cc0866ab65f3c6f0c77dab358cee72e8a","[no extension]","3689","git-internal","NO/NOT SHOWN","NO","NO","NO","NO/NOT SHOWN","NO/NOT SHOWN","NO","False","KEEP_DEVELOPMENT","1b3c56f1cbbae38f4581503d3f7a20798d9e3c0e1729250bce6f7843aa48ccaf"
".git\objects\3c\85da153fe599db4b3c32fe9d7d2a0317435949","[no extension]","338","git-internal","NO/NOT SHOWN","NO","NO","NO","NO/NOT SHOWN","NO/NOT SHOWN","NO","False","KEEP_DEVELOPMENT","91a50ad99e1829a8d33f027fa534b214e8e76d88fc65ab41c85467d1253489f1"
".git\objects\3c\fa2e0d998ae9330df8878e8f870772af33bf0e","[no extension]","418","git-internal","NO/NOT SHOWN","NO","NO","NO","NO/NOT SHOWN","NO/NOT SHOWN","NO","False","KEEP_DEVELOPMENT","796ce5d18551889e99eb2f81646421addee6ab73b00c2042ec0aa062418c8d60"
".git\objects\3d\531a12088a35c2d4e7f9f78a7ae006aa8e1d07","[no extension]","1144","git-internal","NO/NOT SHOWN","NO","NO","NO","NO/NOT SHOWN","NO/NOT SHOWN","NO","False","KEEP_DEVELOPMENT","4a38d047dd284beabec85af27b622aaa45bc26b06d3aae2904d76e05fa58f623"
".git\objects\3d\85a16c481a99f32b264a63b1730f7e0538c3ed","[no extension]","647","git-internal","NO/NOT SHOWN","NO","NO","NO","NO/NOT SHOWN","NO/NOT SHOWN","NO","False","KEEP_DEVELOPMENT","79f4edb42c97dda86d47d4f570cd434ebd7aad17e3ba02946d9cb95d021e04e2"
".git\objects\3d\909408ffefc8f01e3ad5f7e88bd130e7c969c0","[no extension]","41","git-internal","NO/NOT SHOWN","NO","NO","NO","NO/NOT SHOWN","NO/NOT SHOWN","NO","False","KEEP_DEVELOPMENT","ba61b83ea099974f93a6287b87747d8b016deb6b0c6f12a3d1e1b20f02e9adfa"
".git\objects\3d\a2011989347dabe3fa9b3aea073122f28ba922","[no extension]","6119","git-internal","NO/NOT SHOWN","NO","NO","NO","NO/NOT SHOWN","NO/NOT SHOWN","NO","False","KEEP_DEVELOPMENT","9f098316f9f966cfd1199e424816b20ec11390f480f963264b123ca86f71545e"
".git\objects\3d\f5ddfa566ba2eb020194c670c8cf9dde9c9176","[no extension]","6628","git-internal","NO/NOT SHOWN","NO","NO","NO","NO/NOT SHOWN","NO/NOT SHOWN","NO","False","KEEP_DEVELOPMENT","371f2012881cb1eebc6b76635b7adafd77efa298e99b34e27eaf81124a2d7f5e"
".git\objects\3e\024250569e552fb251dcdb54982adc7ed34417","[no extension]","1692","git-internal","NO/NOT SHOWN","NO","NO","NO","NO/NOT SHOWN","NO/NOT SHOWN","NO","False","KEEP_DEVELOPMENT","47174554f40b07eccbc53ad2efc20e0e3d7d818151dcf1284abd392ee9ced66a"
".git\objects\3e\0d4aec7cfc070fb10a23163e67c02f27c3578f","[no extension]","1974","git-internal","NO/NOT SHOWN","NO","NO","NO","NO/NOT SHOWN","NO/NOT SHOWN","NO","False","KEEP_DEVELOPMENT","a1fec3bd181d8395ae78d4e165d9d36e0adace069dcfcbfbb8e815dd0abe0918"
".git\objects\3e\4efbe442729f8ff56241ad345f9c7cbe04b9f5","[no extension]","144","git-internal","NO/NOT SHOWN","NO","NO","NO","NO/NOT SHOWN","NO/NOT SHOWN","NO","False","KEEP_DEVELOPMENT","730dc6b022be6fa6d526e793ad4c720550d8b3d76586dad338cb3d34e1e993a7"
".git\objects\3e\5c169a7c2bd6dad6bee4c1826f247966a19d7a","[no extension]","2218","git-internal","NO/NOT SHOWN","NO","NO","NO","NO/NOT SHOWN","NO/NOT SHOWN","NO","False","KEEP_DEVELOPMENT","c3f3175fe05db88c0678a63d4a4cc74c47c06f44aca3d4d199a8bdbde4b2ec98"
".git\objects\3e\5c6f6a0c93027e079447cd933b38cfdabef783","[no extension]","1701","git-internal","NO/NOT SHOWN","NO","NO","NO","NO/NOT SHOWN","NO/NOT SHOWN","NO","False","KEEP_DEVELOPMENT","aa09ac68bd70b37caf9ae2112f28058b7714e1440d02a1c9b82e278149ed8ce1"
".git\objects\3e\7782bc4da096727d28e14137e6a0217937246d","[no extension]","1693","git-internal","NO/NOT SHOWN","NO","NO","NO","NO/NOT SHOWN","NO/NOT SHOWN","NO","False","KEEP_DEVELOPMENT","4bba2ccabb29194ad2230ffac4f07ea7cd654a687841992438db32b31c18f6d9"
".git\objects\3e\7938cfe541fd1c8e49e4995ebf18b93529ebdd","[no extension]","3184","git-internal","NO/NOT SHOWN","NO","NO","NO","NO/NOT SHOWN","NO/NOT SHOWN","NO","False","KEEP_DEVELOPMENT","b9d2d119ebaa1a3a1179bb1f161ac801fa54e1240d3a9a1d5946156747f5608c"
".git\objects\3e\7dde16df5111179c9033606f113b4d60567c51","[no extension]","3713","git-internal","NO/NOT SHOWN","NO","NO","NO","NO/NOT SHOWN","NO/NOT SHOWN","NO","False","KEEP_DEVELOPMENT","56f14fb726e1d40aa4e9bfb36ea165eec598222ee4daa0b54bbdc2103f546b3e"
".git\objects\3e\e49829f2db8347c258651b97d5be572e62ea2c","[no extension]","2115","git-internal","NO/NOT SHOWN","NO","NO","NO","NO/NOT SHOWN","NO/NOT SHOWN","NO","False","KEEP_DEVELOPMENT","17398a5346a77fc172ad5c002ecab51b67857ade16ab2786debd7a930c2c5f36"
".git\objects\3e\e643db92eeb1f3b541d3707f3f3daf652abde0","[no extension]","196","git-internal","NO/NOT SHOWN","NO","NO","NO","NO/NOT SHOWN","NO/NOT SHOWN","NO","False","KEEP_DEVELOPMENT","619093efd680467f6b515c37d2eae099715214709ced3c938249f62a4b756acf"
".git\objects\3e\e87c33d84f6b53fb81e8635cdd9396cf3098dd","[no extension]","275","git-internal","NO/NOT SHOWN","NO","NO","NO","NO/NOT SHOWN","NO/NOT SHOWN","NO","False","KEEP_DEVELOPMENT","4fa755405f65200f7ebb9cd8b5a6c675be39a5e49dfc22dd3bfd6545e984dfe5"
".git\objects\3f\185bd4a7bd1db3be71c43a672fbf7976dae819","[no extension]","726","git-internal","NO/NOT SHOWN","NO","NO","NO","NO/NOT SHOWN","NO/NOT SHOWN","NO","False","KEEP_DEVELOPMENT","073590525ada0c0dbeeb1fe7aa51235abdbc4cd75a1bbe6208f3fc2c4ea12e10"
".git\objects\3f\18a32a92b5ee337dc4b38f0abab8d8ecf35f9e","[no extension]","209","git-internal","NO/NOT SHOWN","NO","NO","NO","NO/NOT SHOWN","NO/NOT SHOWN","NO","False","KEEP_DEVELOPMENT","bc96673eca9f27d3f6fd6bc09cd985102c844276f6367ab4e73a3dc9f2bf0275"
".git\objects\3f\61cb0074149e977e392f937016039fa5cc6c61","[no extension]","1279","git-internal","NO/NOT SHOWN","NO","NO","NO","NO/NOT SHOWN","NO/NOT SHOWN","NO","False","KEEP_DEVELOPMENT","d8270ccaf67d8ffe8b477ea71134351cc4b5a6363291edb33d516b2517d53ecb"
".git\objects\3f\a4b9bcce0e448909a20dfdf710ce333529ed26","[no extension]","1571","git-internal","NO/NOT SHOWN","NO","NO","NO","NO/NOT SHOWN","NO/NOT SHOWN","NO","False","KEEP_DEVELOPMENT","4d53e492563e995bee45f3512abd059c7e751041cda6838cbbb10fc4a42bb0fd"
".git\objects\3f\b174305b6bce29b456e5a4165074a85202334e","[no extension]","273","git-internal","NO/NOT SHOWN","NO","NO","NO","NO/NOT SHOWN","NO/NOT SHOWN","NO","False","KEEP_DEVELOPMENT","0e2498bbf6dc7809622d950a0226107f9d0f95ecbdf608d4f544baf6c5659f95"
".git\objects\3f\b3149e8647688d293aafe7eb611bb78b4ed0f8","[no extension]","415","git-internal","NO/NOT SHOWN","NO","NO","NO","NO/NOT SHOWN","NO/NOT SHOWN","NO","False","KEEP_DEVELOPMENT","a827d4f4eb9176179e8d2b7437dab32fff5b01c062e458a4401fccdb0cdd2775"
".git\objects\3f\c128d8832f51ca8d760f301a68e34c860b3dbb","[no extension]","210","git-internal","NO/NOT SHOWN","NO","NO","NO","NO/NOT SHOWN","NO/NOT SHOWN","NO","False","KEEP_DEVELOPMENT","c184632172d4d06ba343f146cd928e6fc0d86ff9f764d10a33e061457ec1fc11"
".git\objects\3f\c7b0328db8762666f18a635bcd8b0758c8f691","[no extension]","2215","git-internal","NO/NOT SHOWN","NO","NO","NO","NO/NOT SHOWN","NO/NOT SHOWN","NO","False","KEEP_DEVELOPMENT","72519279c2bcee6cfb6a15bd9cb68e1508755515b8aca0895955e369543c7194"
".git\objects\3f\f3e49b54c13832da188c0912709d31c0435cee","[no extension]","154","git-internal","NO/NOT SHOWN","NO","NO","NO","NO/NOT SHOWN","NO/NOT SHOWN","NO","False","KEEP_DEVELOPMENT","1c93f4a432f88eb52262c655d10039ab9fbbb3b2d8fa095935fc72e7bbc3c2fe"
".git\objects\40\0af8b50a9a36e8a6be2538297a580e2ed02c0c","[no extension]","3998","git-internal","NO/NOT SHOWN","NO","NO","NO","NO/NOT SHOWN","NO/NOT SHOWN","NO","False","KEEP_DEVELOPMENT","467e4b630cb44b8e5da5b2e0f61f647585e6340531316ed14ea31ef2ff67c929"
".git\objects\40\484f274589f2d58719611fc86bd48c22f8edfa","[no extension]","5282","git-internal","NO/NOT SHOWN","NO","NO","NO","NO/NOT SHOWN","NO/NOT SHOWN","NO","False","KEEP_DEVELOPMENT","2071327835f8f18bc5a35ca9e0dffe83f45638d62d1a4164cffa0da05489b3b4"
".git\objects\40\779eef87aaf1fcfbedbb2938c87d4aa3647a16","[no extension]","5497","git-internal","NO/NOT SHOWN","NO","NO","NO","NO/NOT SHOWN","NO/NOT SHOWN","NO","False","KEEP_DEVELOPMENT","b54d7b3d716ae6bad7398f12dd08312f13f289e086629a1ee543d20ee223e98d"
".git\objects\40\793e0422fa1cfd9a44f473a5f32881d8f4caac","[no extension]","1240","git-internal","NO/NOT SHOWN","NO","NO","NO","NO/NOT SHOWN","NO/NOT SHOWN","NO","False","KEEP_DEVELOPMENT","ebf88db4325e179d2e54173a9a25d36917f4170f5d1622ee7b8345d020e8a0f5"
".git\objects\41\214f5fa921d93456f7ca9d7d55d50f10f60e97","[no extension]","395","git-internal","NO/NOT SHOWN","NO","NO","NO","NO/NOT SHOWN","NO/NOT SHOWN","NO","False","KEEP_DEVELOPMENT","6ec4b98ea51f16d1a766a0e71007015b9eebcf34dc440f0efec8bb99e76957c5"
".git\objects\41\335761aeb711b160d96533b82bc626a819b7fb","[no extension]","178","git-internal","NO/NOT SHOWN","NO","NO","NO","NO/NOT SHOWN","NO/NOT SHOWN","NO","False","KEEP_DEVELOPMENT","3bb24ef84f39d7048ae174a28aef993d1ed5ca55c7b4cfa40755f2b36b9d38f6"
".git\objects\41\3b608b18ac1aaeeca2362ad4e587f8f9a5575d","[no extension]","381","git-internal","NO/NOT SHOWN","NO","NO","NO","NO/NOT SHOWN","NO/NOT SHOWN","NO","False","KEEP_DEVELOPMENT","2072fbe77c6a7e2eb969db4baeabcf179612ae200d73ac4d1bfc1a5e65490466"
".git\objects\41\40998d454e3cfe7dbf678811990d11e33bbe2f","[no extension]","901","git-internal","NO/NOT SHOWN","NO","NO","NO","NO/NOT SHOWN","NO/NOT SHOWN","NO","False","KEEP_DEVELOPMENT","13b47fb6dcf115ca1db0e2fa6c9f9347c4cdcb16af1e721b99b5b99e6bf688fe"
".git\objects\41\6a3bb45b4bc160f1194dbf7629fcc24b82d5ca","[no extension]","668","git-internal","NO/NOT SHOWN","NO","NO","NO","NO/NOT SHOWN","NO/NOT SHOWN","NO","False","KEEP_DEVELOPMENT","674cb6abadf145870df260f93dea81da7543b29e40632c55fd651fd557189d15"
".git\objects\41\850cd1918c627299e2bb88ce7ebee10330dba5","[no extension]","422","git-internal","NO/NOT SHOWN","NO","NO","NO","NO/NOT SHOWN","NO/NOT SHOWN","NO","False","KEEP_DEVELOPMENT","907bc5fb6daf5f05c24c14a68485e225ddff7d830c2ec7345c2495ff9a4e2706"
".git\objects\42\0a7440034e78723f09ca92fe91bffb07e24fd2","[no extension]","812","git-internal","NO/NOT SHOWN","NO","NO","NO","NO/NOT SHOWN","NO/NOT SHOWN","NO","False","KEEP_DEVELOPMENT","950234cfed93c7cc53b11b40e219c8ba3cd37eaaf4c9172c84d929416538eb52"
".git\objects\42\384557a25dbe7e8cf00e010941b0109ccf0e0e","[no extension]","1585","git-internal","NO/NOT SHOWN","NO","NO","NO","NO/NOT SHOWN","NO/NOT SHOWN","NO","False","KEEP_DEVELOPMENT","c5cc959f0f9877f749cfb1ae1016a7d9d0a15df0b985c560cc6b80c1bfbdab89"
".git\objects\42\70f695d187a1231a1488e177d0f8bc5b6a9226","[no extension]","584","git-internal","NO/NOT SHOWN","NO","NO","NO","NO/NOT SHOWN","NO/NOT SHOWN","NO","False","KEEP_DEVELOPMENT","b8a707ec19f7afc3473f4bcbafe2b94de2711bd6ddef4a7dde14830bcba29464"
".git\objects\42\8e7bb60e85b1de542a81b8b7fe752868a7bce8","[no extension]","185","git-internal","NO/NOT SHOWN","NO","NO","NO","NO/NOT SHOWN","NO/NOT SHOWN","NO","False","KEEP_DEVELOPMENT","005356c3f0b669ad59e1dc25c871947988c479a3cfa3e921bfceb84094e9620f"
".git\objects\42\a369ace7df108273112fa666d616486f09acd6","[no extension]","375","git-internal","NO/NOT SHOWN","NO","NO","NO","NO/NOT SHOWN","NO/NOT SHOWN","NO","False","KEEP_DEVELOPMENT","1dfcc6e38cef901d8fd9ea26649df138d564743bb87e9dd97ae2ab26054a2690"
".git\objects\42\e7bd284d98f7da37532f6375b4ae00e93a8093","[no extension]","499","git-internal","NO/NOT SHOWN","NO","NO","NO","NO/NOT SHOWN","NO/NOT SHOWN","NO","False","KEEP_DEVELOPMENT","0851f4ecef2604bd542c094b3e29a21303ce313c46a0c274450f142464641e13"
".git\objects\42\fb2cd5027457470b4c0e0f7e770e0258d41e66","[no extension]","466","git-internal","NO/NOT SHOWN","NO","NO","NO","NO/NOT SHOWN","NO/NOT SHOWN","NO","False","KEEP_DEVELOPMENT","441958184b885887b3937c8777016f2f870446ea733f565ab0ef0bd6b9233c90"
".git\objects\43\5faf28e7ee9b4e3361fc7f6cbe8745b9672df8","[no extension]","371","git-internal","NO/NOT SHOWN","NO","NO","NO","NO/NOT SHOWN","NO/NOT SHOWN","NO","False","KEEP_DEVELOPMENT","f3358a519b7a4666f43a6877cc0152d879c8a8b2c0355d0fe2c3e59a29876a1c"
".git\objects\43\b76029cb36891ef5da05678cdbf3c5aa093ce3","[no extension]","148","git-internal","NO/NOT SHOWN","NO","NO","NO","NO/NOT SHOWN","NO/NOT SHOWN","NO","False","KEEP_DEVELOPMENT","e29fdb631ed18d055b50d7a995223c5e3eb2943734614e9e6d1bb468eba2b115"
".git\objects\43\c026fb12de65fdbb9785fe7c9fa90e32babc60","[no extension]","52","git-internal","NO/NOT SHOWN","NO","NO","NO","NO/NOT SHOWN","NO/NOT SHOWN","NO","False","KEEP_DEVELOPMENT","ed96319cb1fa87535136ea5f783104565b01d5e1de5383b637e3d29c9db941e4"
".git\objects\43\c52f54cffefbff4835138c2259e2cfcaa7e62b","[no extension]","522","git-internal","NO/NOT SHOWN","NO","NO","NO","NO/NOT SHOWN","NO/NOT SHOWN","NO","False","KEEP_DEVELOPMENT","35c4ac5a577262bfbb6ddd751809d9cdfe5df5dfe714c392231bf74368382be9"
".git\objects\43\ddd0ac75e61d77dc4c4fb37098fcc6ec0de26f","[no extension]","122","git-internal","NO/NOT SHOWN","NO","NO","NO","NO/NOT SHOWN","NO/NOT SHOWN","NO","False","KEEP_DEVELOPMENT","e3a7661e791f2fa9aa7b35b9c641c0f82f415f73cb853983866066c2f641f3b1"
".git\objects\43\f04c95d1064ec82b771545d567542318f13a5b","[no extension]","74","git-internal","NO/NOT SHOWN","NO","NO","NO","NO/NOT SHOWN","NO/NOT SHOWN","NO","False","KEEP_DEVELOPMENT","9ef7cb115149bf7e9e1824bef72cd71ad38e158b09e202e7380e4438a3fb3f9f"
".git\objects\44\06b5f13e7c7ec4f0e5c764528ebb962a990399","[no extension]","347","git-internal","NO/NOT SHOWN","NO","NO","NO","NO/NOT SHOWN","NO/NOT SHOWN","NO","False","KEEP_DEVELOPMENT","ea366fea180843f8d0a44c776658a16212f253a1d25de44fbed8fdf619d84dfd"
".git\objects\44\26195f5b2d6b4a1b337957cd683fd9618a2bf2","[no extension]","237","git-internal","NO/NOT SHOWN","NO","NO","NO","NO/NOT SHOWN","NO/NOT SHOWN","NO","False","KEEP_DEVELOPMENT","68fa79e24dbdb2eb3f60b8159adec396d3e88d7634ef1d6f4218188aaef6b04c"
".git\objects\44\39bdbab8ab0260175891b0e45c6e079613f8ce","[no extension]","193","git-internal","NO/NOT SHOWN","NO","NO","NO","NO/NOT SHOWN","NO/NOT SHOWN","NO","False","KEEP_DEVELOPMENT","59b7cbf693edd3e281841732770c4ac94fb56593c35d1b4e4e621309846b654f"
".git\objects\44\a10152800ea0dcdcb2c1d59fdec0159a0c4b63","[no extension]","437","git-internal","NO/NOT SHOWN","NO","NO","NO","NO/NOT SHOWN","NO/NOT SHOWN","NO","False","KEEP_DEVELOPMENT","7b618c8f1d992123c0d7bb81c13ef2f0d58cb96c6079e811310d2b25064b2541"
".git\objects\44\c14086b000b5c3eac335aaf824f732c8e8dcd1","[no extension]","7920","git-internal","NO/NOT SHOWN","NO","NO","NO","NO/NOT SHOWN","NO/NOT SHOWN","NO","False","KEEP_DEVELOPMENT","e36bd7388bc89c2593a57a9d8cb5c4328f4b95c771812e9589384ed7298d5efe"
".git\objects\45\268640dd927aeb2951cfb5d1b7afb54d314666","[no extension]","1091","git-internal","NO/NOT SHOWN","NO","NO","NO","NO/NOT SHOWN","NO/NOT SHOWN","NO","False","KEEP_DEVELOPMENT","3a488ae82e24ca460da05fbd0fd06683785dade51283a8488db848b93161983d"
".git\objects\45\7d32bdebfdbe658e604c9ec1f09ddbea8e6dfe","[no extension]","7418","git-internal","NO/NOT SHOWN","NO","NO","NO","NO/NOT SHOWN","NO/NOT SHOWN","NO","False","KEEP_DEVELOPMENT","4304138fae4a44ac3630b76c21b0f41438050a311809af114d706b85374da9eb"
".git\objects\45\82260631b309c961b80d69e79b349afed8c95c","[no extension]","54","git-internal","NO/NOT SHOWN","NO","NO","NO","NO/NOT SHOWN","NO/NOT SHOWN","NO","False","KEEP_DEVELOPMENT","f8cc7926110f98ec4196ec007daf41e1ad31f0623fb46bc7b020ee7f3d7520f6"
".git\objects\45\9a10ee180ce7e9240ada5ad4695612bed841f0","[no extension]","211","git-internal","NO/NOT SHOWN","NO","NO","NO","NO/NOT SHOWN","NO/NOT SHOWN","NO","False","KEEP_DEVELOPMENT","83a08cb6162c4a939b572d679c5b3e2d0a38bb692eb6af075caa52d408dd2013"
".git\objects\45\ad30e192cbfdf73fbc7880bee799de88d63fb4","[no extension]","209","git-internal","NO/NOT SHOWN","NO","NO","NO","NO/NOT SHOWN","NO/NOT SHOWN","NO","False","KEEP_DEVELOPMENT","6f0d029b352f910b63306ff18a8a08085b487857a54663e18d2a93d49e6abdc0"
".git\objects\45\d2f8c53d568f7a911afcebebc1a23b485022bf","[no extension]","755","git-internal","NO/NOT SHOWN","NO","NO","NO","NO/NOT SHOWN","NO/NOT SHOWN","NO","False","KEEP_DEVELOPMENT","611ec4a7d2fddb9ab5207ecd6cd47632d82a1cb9bf001553c5a72426a5f1a861"
".git\objects\45\f66541ca822422b2cbe453af236ff3cd0397fe","[no extension]","1297","git-internal","NO/NOT SHOWN","NO","NO","NO","NO/NOT SHOWN","NO/NOT SHOWN","NO","False","KEEP_DEVELOPMENT","79ee4cc8d9f644ec013ea362d6e4ab167f7e1860a9ab66d7d3ee28eb9a557d47"
".git\objects\46\0e39164d588a96b5383a2062eac0f9a26f3be3","[no extension]","294","git-internal","NO/NOT SHOWN","NO","NO","NO","NO/NOT SHOWN","NO/NOT SHOWN","NO","False","KEEP_DEVELOPMENT","fa4e71ea098c45bedd91762c2af409b927d4387d1c2349df3047fd7d1e4d9aaf"
".git\objects\46\38ff5d43f66280a9e88a67d1245cd031b6bdbb","[no extension]","20222","git-internal","NO/NOT SHOWN","NO","NO","NO","NO/NOT SHOWN","NO/NOT SHOWN","NO","False","KEEP_DEVELOPMENT","5fa0873738982098544d68ef105ec5e88395aa4209c5af1737b4be5e6f43c537"
".git\objects\46\4b7a8a7432030244016610bade5e2751b2945d","[no extension]","1840","git-internal","NO/NOT SHOWN","NO","NO","NO","NO/NOT SHOWN","NO/NOT SHOWN","NO","False","KEEP_DEVELOPMENT","34daa0f99aed23e56e0e17b07a16c54b3ccaa548e277065876e13ef47dde63dc"
".git\objects\46\5c948adc8e429fbe3c59483e3078afcc312209","[no extension]","1337","git-internal","NO/NOT SHOWN","NO","NO","NO","NO/NOT SHOWN","NO/NOT SHOWN","NO","False","KEEP_DEVELOPMENT","3ebf8d957954e04ad7b88053c616c49e1a9d9e1f0107e5bea7f32728d45c5d7e"
".git\objects\46\7fcab48a685f92266b104ca882fe5cbe40e9ea","[no extension]","1364","git-internal","NO/NOT SHOWN","NO","NO","NO","NO/NOT SHOWN","NO/NOT SHOWN","NO","False","KEEP_DEVELOPMENT","4d44e94ad728545a009f6112aa7d6f0f07936177aff20cd71fa29048696a53d4"
".git\objects\46\c3b15d9fb78cdc5daa4a7691a5c288badd06ac","[no extension]","6490","git-internal","NO/NOT SHOWN","NO","NO","NO","NO/NOT SHOWN","NO/NOT SHOWN","NO","False","KEEP_DEVELOPMENT","23af6ae64af9190b6f9b50bcdd71d08f9f80cbf8f70475acffe7f252d7ad5836"
".git\objects\46\cbe2f684a2a25195e7aacf6676ad49305f3475","[no extension]","479","git-internal","NO/NOT SHOWN","NO","NO","NO","NO/NOT SHOWN","NO/NOT SHOWN","NO","False","KEEP_DEVELOPMENT","3e5f5d9a60b31c78177f1000eb1812a0214a42bc3a7c9f6902c31dd2e224c9b5"
".git\objects\47\310801db57c85f81d75db70fabdc60a65da1e5","[no extension]","1498","git-internal","NO/NOT SHOWN","NO","NO","NO","NO/NOT SHOWN","NO/NOT SHOWN","NO","False","KEEP_DEVELOPMENT","d44b1280f27588ba24f543548cbe0382bc07cba1eba95005e111760334342e58"
".git\objects\47\5627465d0588783bbcbcbb7717e302b36e7e03","[no extension]","26079","git-internal","NO/NOT SHOWN","NO","NO","NO","NO/NOT SHOWN","NO/NOT SHOWN","NO","False","KEEP_DEVELOPMENT","9a2368e823c0ade6677a538e1a57d26c87fb01d5177bc74a43adc1d56da92bc7"
".git\objects\47\5841fc6baabc7a92af86c00298e5f0174421ee","[no extension]","399","git-internal","NO/NOT SHOWN","NO","NO","NO","NO/NOT SHOWN","NO/NOT SHOWN","NO","False","KEEP_DEVELOPMENT","6699e01d774754b5e0dfc24b5f2143d84cf5465b7682dedb988b945d5d96edb6"
".git\objects\47\898deee5f74142bd6bfe4f05c2d9241804be65","[no extension]","386","git-internal","NO/NOT SHOWN","NO","NO","NO","NO/NOT SHOWN","NO/NOT SHOWN","NO","False","KEEP_DEVELOPMENT","758ec877f1bbbc21cffea7df858671c5541c394b00c220ada859e63c93789c7b"
".git\objects\47\9a6df2d41eb7ee13e709c2fa7096547cbe759d","[no extension]","258","git-internal","NO/NOT SHOWN","NO","NO","NO","NO/NOT SHOWN","NO/NOT SHOWN","NO","False","KEEP_DEVELOPMENT","93db68e3a066aee150aa3142a02cd466e4da4a0ec1b4f3e2a878fa4e99791958"
".git\objects\47\9d84fa7c73153d8e13242d9c0aa6856e64be01","[no extension]","2380","git-internal","NO/NOT SHOWN","NO","NO","NO","NO/NOT SHOWN","NO/NOT SHOWN","NO","False","KEEP_DEVELOPMENT","0d56ee4b5946711369836460544c42b5bb2b4696bf988d3c6ab574a46efc115b"
".git\objects\47\a87683d58eca2893cce645770574e7e66dd0c9","[no extension]","12184","git-internal","NO/NOT SHOWN","NO","NO","NO","NO/NOT SHOWN","NO/NOT SHOWN","NO","False","KEEP_DEVELOPMENT","5e9dd5b52fda84fd8e112207249b06dfb4ecb9b868eb5cd57350e015081fba34"
".git\objects\47\dbe18b01814080f556f6db6329e91c9b2f8b75","[no extension]","122","git-internal","NO/NOT SHOWN","NO","NO","NO","NO/NOT SHOWN","NO/NOT SHOWN","NO","False","KEEP_DEVELOPMENT","e2bb814876e874d16f4f623af0ec9b87caf48b78d71a2a51d8ed580ebf618c71"
".git\objects\47\dd6dd024dbc72d133c77b7a5437f7651d6db8b","[no extension]","2049","git-internal","NO/NOT SHOWN","NO","NO","NO","NO/NOT SHOWN","NO/NOT SHOWN","NO","False","KEEP_DEVELOPMENT","0d766203d765e56294aa77a832ee141abc0ed10ec8ada9a1972b5398ca2ac0d7"
".git\objects\47\ddba9939a5bce1bb2c2a32074410a1531b57cf","[no extension]","3012","git-internal","NO/NOT SHOWN","NO","NO","NO","NO/NOT SHOWN","NO/NOT SHOWN","NO","False","KEEP_DEVELOPMENT","a4e6d78909dc6d550e6b639b64e8a18738870cbfc580feb4a8e695199c4262ef"
".git\objects\47\e0895c69723e70cb447d6bf443db070f56c50f","[no extension]","276","git-internal","NO/NOT SHOWN","NO","NO","NO","NO/NOT SHOWN","NO/NOT SHOWN","NO","False","KEEP_DEVELOPMENT","e95ca1dfdcb823e313cb2e4c87de6fe2f9a8a44aff1f393c6e5c33f94f703ae6"
".git\objects\48\489f0627c186132deb559a359505010b1e2580","[no extension]","118","git-internal","NO/NOT SHOWN","NO","NO","NO","NO/NOT SHOWN","NO/NOT SHOWN","NO","False","KEEP_DEVELOPMENT","e345b0c8b253b00d2cc5a23cae7fa9b8491a09b214fb2dfc8e505863ecf58068"
".git\objects\48\710c5c03cf34d8d62e8e398e9fb299da9ba06d","[no extension]","1649","git-internal","NO/NOT SHOWN","NO","NO","NO","NO/NOT SHOWN","NO/NOT SHOWN","NO","False","KEEP_DEVELOPMENT","c6ce30b562fffda5454af25e0fd6af171d6787ba622b431d5d12558e45ffbd10"
".git\objects\48\7453054296fef59d9ec130a75d5ff5bc0bc8ae","[no extension]","154","git-internal","NO/NOT SHOWN","NO","NO","NO","NO/NOT SHOWN","NO/NOT SHOWN","NO","False","KEEP_DEVELOPMENT","db4419a8191d828f5c613f56e3d4a432bcf8c6bf238d8c99640dd25cd27447f2"
".git\objects\48\c25bfc4edc6c9763f2f15028cb304cb23bc3be","[no extension]","730","git-internal","NO/NOT SHOWN","NO","NO","NO","NO/NOT SHOWN","NO/NOT SHOWN","NO","False","KEEP_DEVELOPMENT","afddcc0d1ec17f9958b282668f86773f4a14e82febf786dd9193481829351882"
".git\objects\48\c653e46dc948aacab307f9082cdfea47f4603d","[no extension]","198","git-internal","NO/NOT SHOWN","NO","NO","NO","NO/NOT SHOWN","NO/NOT SHOWN","NO","False","KEEP_DEVELOPMENT","71f95478d1ce679cbf081d6bf0f55987a0a50722c01199294a6d6021ec5b65f6"
".git\objects\48\e52ba191132997db66ea2e08f4f03d3e22d9a0","[no extension]","240","git-internal","NO/NOT SHOWN","NO","NO","NO","NO/NOT SHOWN","NO/NOT SHOWN","NO","False","KEEP_DEVELOPMENT","a64e48512f9dca905f9b31f8d8d367a3bcd647526ba345444c2780c0232c74c6"
".git\objects\49\2f67e7519bcfe3ad047d587c7bb2a33d3bd56b","[no extension]","371","git-internal","NO/NOT SHOWN","NO","NO","NO","NO/NOT SHOWN","NO/NOT SHOWN","NO","False","KEEP_DEVELOPMENT","834db04fc5df801f2fcfe2d14506e1447aa890c71c8dcae5505b527138c0979a"
".git\objects\49\3e1fae6f990c24733037b920df561170da7270","[no extension]","316","git-internal","NO/NOT SHOWN","NO","NO","NO","NO/NOT SHOWN","NO/NOT SHOWN","NO","False","KEEP_DEVELOPMENT","819fcdd4275f963faad8b22e2c7011d2e443afef037f94712cb92735fee3160a"
".git\objects\49\45941c107dcfa66c7bc4024b177fad53ab0a17","[no extension]","5003","git-internal","NO/NOT SHOWN","NO","NO","NO","NO/NOT SHOWN","NO/NOT SHOWN","NO","False","KEEP_DEVELOPMENT","fa64d7be41826f8cf1600b465848c16c3c39a7f0f0d272eae9ae07e2ded4f1af"
".git\objects\49\49fd9e587b87f3ca51bfa14d7610764835b3fd","[no extension]","1637","git-internal","NO/NOT SHOWN","NO","NO","NO","NO/NOT SHOWN","NO/NOT SHOWN","NO","False","KEEP_DEVELOPMENT","d9093f14eff054f1a9a31ec02f3e3652114346b770ff67b445047aefe939a480"
".git\objects\49\b346af9ee7723cdd56a2b48a334242a851c1ca","[no extension]","206","git-internal","NO/NOT SHOWN","NO","NO","NO","NO/NOT SHOWN","NO/NOT SHOWN","NO","False","KEEP_DEVELOPMENT","85c264d5d58b8cd7986304e1744143adad4f18c6e191c367c422a12c40515180"
".git\objects\49\b892674d8fa6934767a9e79cd80dc9a595ee23","[no extension]","79","git-internal","NO/NOT SHOWN","NO","NO","NO","NO/NOT SHOWN","NO/NOT SHOWN","NO","False","KEEP_DEVELOPMENT","ab310b50113b1ca8745c5ed27ef729e86f71ed20cad7b7dd21d2f4bccb170973"
".git\objects\49\f55b2bdca194369d51ebb74b015683e5e25819","[no extension]","1025","git-internal","NO/NOT SHOWN","NO","NO","NO","NO/NOT SHOWN","NO/NOT SHOWN","NO","False","KEEP_DEVELOPMENT","273742a7c26cc676de9412c9669229d688a9f71b6b9faf0b4126fe87e41ce798"
".git\objects\49\fbe7ce0f0ac03048b20535e579a7f8d6d9d9cf","[no extension]","881","git-internal","NO/NOT SHOWN","NO","NO","NO","NO/NOT SHOWN","NO/NOT SHOWN","NO","False","KEEP_DEVELOPMENT","fb9e7b27a8adabf9358c8e2dac5042c1ec908f409aae4c87fffddc5ff5ce542d"
".git\objects\4a\0dd9ddc5acc6a5af45ee7822403c88abb4a36a","[no extension]","372","git-internal","NO/NOT SHOWN","NO","NO","NO","NO/NOT SHOWN","NO/NOT SHOWN","NO","False","KEEP_DEVELOPMENT","10bbe4e74f1cc875727219dd37dd1a5fb60b11a82b2f9b3312b0f1bf1c56480d"
".git\objects\4a\5c73716bad9c4e5e2cecac97d7af68639baf8b","[no extension]","8885","git-internal","NO/NOT SHOWN","NO","NO","NO","NO/NOT SHOWN","NO/NOT SHOWN","NO","False","KEEP_DEVELOPMENT","7676bf65bce74e06b2137ed4eb0cc0a7ea16ff9faf27a1978fa7410142dd9e42"
".git\objects\4a\6049b3c46512dc902b5d9110c0942a056c475b","[no extension]","767","git-internal","NO/NOT SHOWN","NO","NO","NO","NO/NOT SHOWN","NO/NOT SHOWN","NO","False","KEEP_DEVELOPMENT","50939f9295e42d3934a5ea938afffb86ae34d41e0e342727f9bca94203868f9d"
".git\objects\4a\98c6e04dcf22f6d56b043f76d54fb18761657b","[no extension]","1317","git-internal","NO/NOT SHOWN","NO","NO","NO","NO/NOT SHOWN","NO/NOT SHOWN","NO","False","KEEP_DEVELOPMENT","673feebcfff0f6062b67e0099369e4c192d7a100fb4e50b66990709631aed32d"
".git\objects\4b\506d9b29662b827aefc3f5cad4907a77e8c522","[no extension]","163","git-internal","NO/NOT SHOWN","NO","NO","NO","NO/NOT SHOWN","NO/NOT SHOWN","NO","False","KEEP_DEVELOPMENT","93cac3a5fe7a7a6bf4d01bc6a525479fe92a3c6e611e10b59f70127c1727db0a"
".git\objects\4b\62951ade98f2c79cd8f0860cd6fe33240c6640","[no extension]","4742","git-internal","NO/NOT SHOWN","NO","NO","NO","NO/NOT SHOWN","NO/NOT SHOWN","NO","False","KEEP_DEVELOPMENT","e4aa14eed41f828130e37a4790b8fc446312fb3bc305882407528235bbdab6d2"
".git\objects\4b\72643aaafeed32ea9d5e175b7c5e23cd625018","[no extension]","8702","git-internal","NO/NOT SHOWN","NO","NO","NO","NO/NOT SHOWN","NO/NOT SHOWN","NO","False","KEEP_DEVELOPMENT","e32700b50130cb6089f8d6bc741c9d2f7d2daacf8e2d88e1ffb399f514556139"
".git\objects\4b\855c884e7522ed73bcd7bb0e4e2a43edacbba4","[no extension]","418","git-internal","NO/NOT SHOWN","NO","NO","NO","NO/NOT SHOWN","NO/NOT SHOWN","NO","False","KEEP_DEVELOPMENT","669f328dca1bffbdee92a59e9e597d0b6ad8d6373d930877063ecb312f67ad29"
".git\objects\4b\8edda529b90a43217e3ed498bbe2b816286346","[no extension]","394","git-internal","NO/NOT SHOWN","NO","NO","NO","NO/NOT SHOWN","NO/NOT SHOWN","NO","False","KEEP_DEVELOPMENT","c586b5bc10fd7c013f5237a17beae68600279bac76bf257aad7e2f3784b79378"
".git\objects\4b\ab2d4b9c68e8c474d5171b57ade266ca69a528","[no extension]","9234","git-internal","NO/NOT SHOWN","NO","NO","NO","NO/NOT SHOWN","NO/NOT SHOWN","NO","False","KEEP_DEVELOPMENT","fcef7aad5a1e86ea2ca11a46a2da9d20c1ce4adddc3b45633a4b2bd6aaca3cc8"
".git\objects\4c\0b615cb077b1f031fe14f797e79466c9cfe557","[no extension]","1862","git-internal","NO/NOT SHOWN","NO","NO","NO","NO/NOT SHOWN","NO/NOT SHOWN","NO","False","KEEP_DEVELOPMENT","d911f7a19808ba207a0c1f0bff743902e1009e87ed14519af0fb350da83796ce"
".git\objects\4c\635b8376aee7f017ea85cefc5e4fed3fadd9fa","[no extension]","1487","git-internal","NO/NOT SHOWN","NO","NO","NO","NO/NOT SHOWN","NO/NOT SHOWN","NO","False","KEEP_DEVELOPMENT","c3613dc37430a10034e38585191826b720d45b15dda80ae155030ed5933e7d63"
".git\objects\4c\b6ad9a572fcfed93f75a285c033490d686cb64","[no extension]","3321","git-internal","NO/NOT SHOWN","NO","NO","NO","NO/NOT SHOWN","NO/NOT SHOWN","NO","False","KEEP_DEVELOPMENT","df8df4628cc19166cbba0a62c2908eafaf34d27c8df655b29de59432bcea8e75"
".git\objects\4c\d3c8bfb0e3012efe93790208e29b692f5ef46c","[no extension]","210","git-internal","NO/NOT SHOWN","NO","NO","NO","NO/NOT SHOWN","NO/NOT SHOWN","NO","False","KEEP_DEVELOPMENT","c9a163cc703c3745694d110360d44a1e1a6be6209293975e321ccb6cf994b49b"
".git\objects\4c\f44c480bea903b7f4b0c7d73b673476e954e07","[no extension]","3278","git-internal","NO/NOT SHOWN","NO","NO","NO","NO/NOT SHOWN","NO/NOT SHOWN","NO","False","KEEP_DEVELOPMENT","dd091a882080abd9d3fb0376acc08311a44ca2737e20c992ff96bc7a1146d6cb"
".git\objects\4c\fa9c409d209cfa980ab9cc7a2449f8195f2030","[no extension]","399","git-internal","NO/NOT SHOWN","NO","NO","NO","NO/NOT SHOWN","NO/NOT SHOWN","NO","False","KEEP_DEVELOPMENT","9b831cbbde2ac118e286165d8f4640f05310fe16675b86f04763eac90b83de03"
".git\objects\4d\366c7e91250027f4b8339dbcc55fcf3e0dd074","[no extension]","116","git-internal","NO/NOT SHOWN","NO","NO","NO","NO/NOT SHOWN","NO/NOT SHOWN","NO","False","KEEP_DEVELOPMENT","9d951fdadf569a35d0257f28d4fc6f4523a8948bb181da2c489bdfe28b33affe"
".git\objects\4d\36fd479fbdfb278fdbc29485739a91c43cfe2f","[no extension]","658","git-internal","NO/NOT SHOWN","NO","NO","NO","NO/NOT SHOWN","NO/NOT SHOWN","NO","False","KEEP_DEVELOPMENT","1a73bf7e2c0187ea1962e2005c4ecbf5087abe9330be9c34a67dd29a400a9a87"
".git\objects\4d\44e7478cb64ca0e3f94e0ad89fa1753149d855","[no extension]","667","git-internal","NO/NOT SHOWN","NO","NO","NO","NO/NOT SHOWN","NO/NOT SHOWN","NO","False","KEEP_DEVELOPMENT","dc50ac2bbe1e52745e28137b021cc722af361db0fb5cdbbe8726028060d64015"
".git\objects\4d\d4dbc6e7060b4e143eff35b36229d63a5b993a","[no extension]","373","git-internal","NO/NOT SHOWN","NO","NO","NO","NO/NOT SHOWN","NO/NOT SHOWN","NO","False","KEEP_DEVELOPMENT","d29512d618b350927df0c7656fff97ceada7fe7f90b24938e5e8ddedf5c4edeb"
".git\objects\4d\d76cfac83363689338e4e189099e8482fedc16","[no extension]","56","git-internal","NO/NOT SHOWN","NO","NO","NO","NO/NOT SHOWN","NO/NOT SHOWN","NO","False","KEEP_DEVELOPMENT","95180a22c3a9b919de2276a4ab296774d43e834de8e1affa1902d636327cb4db"
".git\objects\4d\f2c544714d85bd27426c2e13dab1527e38b574","[no extension]","276","git-internal","NO/NOT SHOWN","NO","NO","NO","NO/NOT SHOWN","NO/NOT SHOWN","NO","False","KEEP_DEVELOPMENT","bcbd576fb50bd4355eb09fbcef8e1b37f1ea4f02bbf1ef4d24061341dcf2286e"
".git\objects\4e\037699b610b840b3d768aa4087e1e2b843566c","[no extension]","1332","git-internal","NO/NOT SHOWN","NO","NO","NO","NO/NOT SHOWN","NO/NOT SHOWN","NO","False","KEEP_DEVELOPMENT","e322cf5dd98186518b829aa48e11cdf31c04ca923c1cbcbe3cdf30a9b5d96122"
".git\objects\4e\4f71274fae9230f77889fb1bfe1f27bdc15185","[no extension]","915","git-internal","NO/NOT SHOWN","NO","NO","NO","NO/NOT SHOWN","NO/NOT SHOWN","NO","False","KEEP_DEVELOPMENT","b841dec5fe3f7f4cb7b94ebb91df5c864af8cc182c7dd7bd357972ff24edf48b"
".git\objects\4e\5611fd1098d047f3346ffd14850d94f599e61d","[no extension]","1074","git-internal","NO/NOT SHOWN","NO","NO","NO","NO/NOT SHOWN","NO/NOT SHOWN","NO","False","KEEP_DEVELOPMENT","2c49d4870fb45331f1e9143962cdc5f0d45130722ef4e80f4a79a031c88bac89"
".git\objects\4e\5c20878bcb7ce92cec1640f1c43fd790f3206c","[no extension]","553","git-internal","NO/NOT SHOWN","NO","NO","NO","NO/NOT SHOWN","NO/NOT SHOWN","NO","False","KEEP_DEVELOPMENT","3a654dc860c23e8da0ab556eb5de48677f2e6372cf16d3c559df1614b9dfa24f"
".git\objects\4e\83ea67e82b9264f678df52c0499a23a7a13b77","[no extension]","1203","git-internal","NO/NOT SHOWN","NO","NO","NO","NO/NOT SHOWN","NO/NOT SHOWN","NO","False","KEEP_DEVELOPMENT","79de83a15ea5d2d29e2984159cc8a8a54de2ed6bb6652ee44170218fae1893ef"
".git\objects\4e\87604a809b73b78fe5853698752560103ff6e4","[no extension]","869","git-internal","NO/NOT SHOWN","NO","NO","NO","NO/NOT SHOWN","NO/NOT SHOWN","NO","False","KEEP_DEVELOPMENT","07f740095dda133b198c9a766056ec4be1efa684fe18c748a7d6007aa4c65a18"
".git\objects\4e\a06a2c8f520546fd288676baf26a66bc5304ad","[no extension]","838","git-internal","NO/NOT SHOWN","NO","NO","NO","NO/NOT SHOWN","NO/NOT SHOWN","NO","False","KEEP_DEVELOPMENT","0e94b2ff4d350b34099efdf6d99ba28afedbb05f6dfa7a693ef8e8a3ab39e932"
".git\objects\4e\b04af876883c72fa193e35270f50e0722b5ef1","[no extension]","1701","git-internal","NO/NOT SHOWN","NO","NO","NO","NO/NOT SHOWN","NO/NOT SHOWN","NO","False","KEEP_DEVELOPMENT","6c499f8a7af2b6a2ccc8202a7cfebff54bdfd681bb682f824eaece46f79a1bec"
".git\objects\4e\b5b31e5b47e44fdd34201e1510c595d883b131","[no extension]","229","git-internal","NO/NOT SHOWN","NO","NO","NO","NO/NOT SHOWN","NO/NOT SHOWN","NO","False","KEEP_DEVELOPMENT","cdd86a4fd1abce6e68e7515dd1d2fa3b54f4ef6faf5a4bb25eb3487142b4f535"
".git\objects\4e\cbca42e6f80ce8f6aaaee3664b65e4f46c8a13","[no extension]","109","git-internal","NO/NOT SHOWN","NO","NO","NO","NO/NOT SHOWN","NO/NOT SHOWN","NO","False","KEEP_DEVELOPMENT","d19f88821bc06c0f957b52c059b167cff66817472634ab0a48c60ceaaa3ae076"
".git\objects\4f\4704519043b0426cc6dd4eab94e12f928be272","[no extension]","421","git-internal","NO/NOT SHOWN","NO","NO","NO","NO/NOT SHOWN","NO/NOT SHOWN","NO","False","KEEP_DEVELOPMENT","2700441b0135bf1165e02ded5ad001d5c762e2c35f71880911d41ea7f08eaf3e"
".git\objects\4f\533273a56d6e909225d60d2acb4dd33759e01d","[no extension]","1635","git-internal","NO/NOT SHOWN","NO","NO","NO","NO/NOT SHOWN","NO/NOT SHOWN","NO","False","KEEP_DEVELOPMENT","d59893b4fa61943e1bc4855fbcc7d2d508686b59e8a3cefee27cc8e335a3603a"
".git\objects\4f\551072ad9039f7085bced86b84b0014f41a6c3","[no extension]","673","git-internal","NO/NOT SHOWN","NO","NO","NO","NO/NOT SHOWN","NO/NOT SHOWN","NO","False","KEEP_DEVELOPMENT","e35fe927470e7d042966fe2e770ff9dc24794dac6945dc28ad9953759752f736"
".git\objects\50\203e7f611e6bc6be7cf4776ce1c85ab3189eaf","[no extension]","634","git-internal","NO/NOT SHOWN","NO","NO","NO","NO/NOT SHOWN","NO/NOT SHOWN","NO","False","KEEP_DEVELOPMENT","07dc4ba395f13f6b9d29c3a2b20ee6200f9c78e269b0619ac46d6ed1ab05a42e"
".git\objects\50\24188a6f53819ed92c0185bd1dc30d85525056","[no extension]","914","git-internal","NO/NOT SHOWN","NO","NO","NO","NO/NOT SHOWN","NO/NOT SHOWN","NO","False","KEEP_DEVELOPMENT","08b6baa1541170805e6e152c9f812f9d7b2dd88e7cd1bd7327591a7fb46ff083"
".git\objects\50\3c358684ecdcadad50b2298027d5d939a6ec45","[no extension]","136","git-internal","NO/NOT SHOWN","NO","NO","NO","NO/NOT SHOWN","NO/NOT SHOWN","NO","False","KEEP_DEVELOPMENT","fe21e648a4205f763d0d153c986c7358076f428846c5c1861abb0bffb4a9ab77"
".git\objects\50\ba073b16729c2f825d84d86e9cfb8abe1633d3","[no extension]","171","git-internal","NO/NOT SHOWN","NO","NO","NO","NO/NOT SHOWN","NO/NOT SHOWN","NO","False","KEEP_DEVELOPMENT","9bf229348c6f887faacb1b7eb031a9e2c92840381104dae39e16d1c5ac40954d"
".git\objects\51\4fdec3de7bb0572d92f5009e593791d85441dd","[no extension]","433","git-internal","NO/NOT SHOWN","NO","NO","NO","NO/NOT SHOWN","NO/NOT SHOWN","NO","False","KEEP_DEVELOPMENT","154efd4aae3601a7d079c80466f8dd9695d94e3e3786cc503c9d5fcd734d10ba"
".git\objects\51\5193590f751208b257564e01412b13c2f85846","[no extension]","1285","git-internal","NO/NOT SHOWN","NO","NO","NO","NO/NOT SHOWN","NO/NOT SHOWN","NO","False","KEEP_DEVELOPMENT","39a596c250e2394726456bb8f794f3f73a16bbbcdf24c280c3524e66b7a2c81f"
".git\objects\51\5bf48a616c1d3b4990fa5d03c29b196d1862e6","[no extension]","845","git-internal","NO/NOT SHOWN","NO","NO","NO","NO/NOT SHOWN","NO/NOT SHOWN","NO","False","KEEP_DEVELOPMENT","706176781eac28f3773b967b9917feadc29968b6100b919ba50e9dd2a8e8d0d1"
".git\objects\51\8267e0f3f255ece9d2a4140d722814ac5c05c9","[no extension]","1319","git-internal","NO/NOT SHOWN","NO","NO","NO","NO/NOT SHOWN","NO/NOT SHOWN","NO","False","KEEP_DEVELOPMENT","b7643d8c1f7a21153793c9443fc1d28859ada0922d8028673bd7a3faf571e73a"
".git\objects\51\9a6d77339e8cd9f66ee0bccf0035c1c4c8f5e0","[no extension]","197","git-internal","NO/NOT SHOWN","NO","NO","NO","NO/NOT SHOWN","NO/NOT SHOWN","NO","False","KEEP_DEVELOPMENT","f695e9f074b04044df383471d5f9d627d802247c03bbe7b2cd0a1e367065668d"
".git\objects\51\b7155150f38c4a8a5bdca5a4febd835ec6c717","[no extension]","449","git-internal","NO/NOT SHOWN","NO","NO","NO","NO/NOT SHOWN","NO/NOT SHOWN","NO","False","KEEP_DEVELOPMENT","fa58256e8b0ce0088698fce48cdc57df33cd400953a5dfa58cabb0f176219e8a"
".git\objects\51\bd232e2a41030150822d6c7e5041f29e607850","[no extension]","155","git-internal","NO/NOT SHOWN","NO","NO","NO","NO/NOT SHOWN","NO/NOT SHOWN","NO","False","KEEP_DEVELOPMENT","e0a38b3b40e4c7668349f4fd8f08a2ceefc0819d5051e1a23e62e9023827c048"
".git\objects\51\c10866031eb8e27d0b059828e377428c53f966","[no extension]","195","git-internal","NO/NOT SHOWN","NO","NO","NO","NO/NOT SHOWN","NO/NOT SHOWN","NO","False","KEEP_DEVELOPMENT","ce15322ee7e9434b8bf7741fe397af3472b0700c0d031b758fadf60a7e6c9364"
".git\objects\51\c33cf5498c531a15031b2a8494ba043d6bb964","[no extension]","459","git-internal","NO/NOT SHOWN","NO","NO","NO","NO/NOT SHOWN","NO/NOT SHOWN","NO","False","KEEP_DEVELOPMENT","c85c0e052170f1b4c2e9c6d728d810abb4ab30793597f51b6f431ab743eac2a1"
".git\objects\51\db7257827002d5438d904d1401fda680581e26","[no extension]","152","git-internal","NO/NOT SHOWN","NO","NO","NO","NO/NOT SHOWN","NO/NOT SHOWN","NO","False","KEEP_DEVELOPMENT","d7c4d493ac08d18ed7c360b9545779510f3970d226b05835b4c2039297c3990d"
".git\objects\51\ec928a70c7b9a38124cd9a6230da5f730cf6a3","[no extension]","369","git-internal","NO/NOT SHOWN","NO","NO","NO","NO/NOT SHOWN","NO/NOT SHOWN","NO","False","KEEP_DEVELOPMENT","fd11c3ac2c7d7f0eb590869e53fc52eca86c6ab74feb64c167a7f7a8a03ee5b5"
".git\objects\51\fe3198c1bdbe6c4e2067bda6d824d50b315824","[no extension]","371","git-internal","NO/NOT SHOWN","NO","NO","NO","NO/NOT SHOWN","NO/NOT SHOWN","NO","False","KEEP_DEVELOPMENT","c8eb618b1860f83f784fca0947b07983535696b053ada90e0880243fba9d4fd8"
".git\objects\52\32b18dfef744f098da4f3c8474ab0b22e8cb53","[no extension]","53","git-internal","NO/NOT SHOWN","NO","NO","NO","NO/NOT SHOWN","NO/NOT SHOWN","NO","False","KEEP_DEVELOPMENT","d2767a7738e8d80a38791208765d7a76b5961a70235527c203babb972c0a85fe"
".git\objects\52\70b2f8b95f9514c05532457b16355d5980a0cd","[no extension]","270","git-internal","NO/NOT SHOWN","NO","NO","NO","NO/NOT SHOWN","NO/NOT SHOWN","NO","False","KEEP_DEVELOPMENT","6ba4f16fbad3fb22e473956a5feb1e7b1f5b66285d267fcdf331ab36a9ace73c"
".git\objects\52\74bfb67c2711e960481df2971591c3a6d702fe","[no extension]","1328","git-internal","NO/NOT SHOWN","NO","NO","NO","NO/NOT SHOWN","NO/NOT SHOWN","NO","False","KEEP_DEVELOPMENT","ef3dd618676a6ffa896537dbd19c70b3a4db209c821aa553b2a8405e8422c955"
".git\objects\52\9f3fd8b02c6c9a35b0fe18d5258d2604987d85","[no extension]","6328","git-internal","NO/NOT SHOWN","NO","NO","NO","NO/NOT SHOWN","NO/NOT SHOWN","NO","False","KEEP_DEVELOPMENT","cb37aa45447a4bf1c640d20617427c4da7e6da0e950b00907e3e9d82c3199c59"
".git\objects\52\a32eede39b1b408d8a841f2e66d1807919e2bc","[no extension]","383","git-internal","NO/NOT SHOWN","NO","NO","NO","NO/NOT SHOWN","NO/NOT SHOWN","NO","False","KEEP_DEVELOPMENT","6c5e5e00ccba8319c3adf85599e199e282fba4208b57574d950bbf993e498796"
".git\objects\53\129a3223fe6be506a1b03f479c01efab038cb9","[no extension]","4758","git-internal","NO/NOT SHOWN","NO","NO","NO","NO/NOT SHOWN","NO/NOT SHOWN","NO","False","KEEP_DEVELOPMENT","19fc80d82a5c9123058ff056c5f1d69d45c2b9afc087aa586e28355a7c2507db"
".git\objects\53\21572dd0ce8f6d79030f566216d1bdb0dee286","[no extension]","2570","git-internal","NO/NOT SHOWN","NO","NO","NO","NO/NOT SHOWN","NO/NOT SHOWN","NO","False","KEEP_DEVELOPMENT","d40d1f21ca567bc021f3d270d663dd83ac5fee661eda630de28945cbed40d371"
".git\objects\53\327f1bf002e82c0c7e9b4fc35446efa8f3ba37","[no extension]","142","git-internal","NO/NOT SHOWN","NO","NO","NO","NO/NOT SHOWN","NO/NOT SHOWN","NO","False","KEEP_DEVELOPMENT","aa06cda26a7f1ab6e7eeda03ca09e7509db3e01224fbabf89c14af66147483dc"
".git\objects\53\3a88c78f846b8ada339aba7420fb6ca5b8874d","[no extension]","4280","git-internal","NO/NOT SHOWN","NO","NO","NO","NO/NOT SHOWN","NO/NOT SHOWN","NO","False","KEEP_DEVELOPMENT","f52d8d791fd67f14b18e4a78318aa76ff2f86b204cbe9ec868c178220b7128c5"
".git\objects\53\76138cfe74a3b36f6c7d3113d34613146b9e57","[no extension]","1643","git-internal","NO/NOT SHOWN","NO","NO","NO","NO/NOT SHOWN","NO/NOT SHOWN","NO","False","KEEP_DEVELOPMENT","a8601c71cc33f6b5dd6ee2ec6fdced59c75b889a2b255cd3d962872e5b1224b1"
".git\objects\53\790d05b40c57aec0dc3fa45e4a4e30e1aff705","[no extension]","617","git-internal","NO/NOT SHOWN","NO","NO","NO","NO/NOT SHOWN","NO/NOT SHOWN","NO","False","KEEP_DEVELOPMENT","a214f2a78ccfdb1c0f4c2de63e2a0737c7425ba3a692084c24515bf81e71b543"
".git\objects\54\1a38aafa9b2f4a78655b62d5b9ba20e3003bc6","[no extension]","1296","git-internal","NO/NOT SHOWN","NO","NO","NO","NO/NOT SHOWN","NO/NOT SHOWN","NO","False","KEEP_DEVELOPMENT","e88b2ecb53be2c4096df2335e2c2cd799abc0ae233fd0a3e4431048ecc87c0b2"
".git\objects\54\5a8b6d98f149ddaf9a6f6234345f9e2a10637c","[no extension]","371","git-internal","NO/NOT SHOWN","NO","NO","NO","NO/NOT SHOWN","NO/NOT SHOWN","NO","False","KEEP_DEVELOPMENT","d124ab6d1ede120ccba69a3e769432ea39714500d46d08aa486d5546a393ea7f"
".git\objects\54\67ebbad38b3b7319b823c820bc2507d48ce3b0","[no extension]","147","git-internal","NO/NOT SHOWN","NO","NO","NO","NO/NOT SHOWN","NO/NOT SHOWN","NO","False","KEEP_DEVELOPMENT","fce2ef2efbba9c707ab2a053a4cce91192c1cdf5481c6fcb4ee12ba782080ac8"
".git\objects\54\7bbbdd3ed2d8b2d7f4890057d582dd63536b0e","[no extension]","122","git-internal","NO/NOT SHOWN","NO","NO","NO","NO/NOT SHOWN","NO/NOT SHOWN","NO","False","KEEP_DEVELOPMENT","30ccaff3fcb4f32f0cefa7693d6dcff119087db6cd84e2b3dff19e6315352434"
".git\objects\54\ae1a5aea42bfb8d3dda01ee2c7f7346d7fbddb","[no extension]","87","git-internal","NO/NOT SHOWN","NO","NO","NO","NO/NOT SHOWN","NO/NOT SHOWN","NO","False","KEEP_DEVELOPMENT","284113de9d8d902c7450c1e04f64ea3b5ff29c621d4d34afd65ce19d296f9bf9"
".git\objects\55\237c91a59731bb9499e4648d0ef925025e0edb","[no extension]","544","git-internal","NO/NOT SHOWN","NO","NO","NO","NO/NOT SHOWN","NO/NOT SHOWN","NO","False","KEEP_DEVELOPMENT","b1d7d9ad725cea0a084791c8b8582aa55353805240b3578e9b8dc89a7a3e4572"
".git\objects\55\273cd2758df8d0fbe2afa665923fbf1587f646","[no extension]","198","git-internal","NO/NOT SHOWN","NO","NO","NO","NO/NOT SHOWN","NO/NOT SHOWN","NO","False","KEEP_DEVELOPMENT","5eeb01ae452c4ae5c1184e636a9d8d5c64badbe1ed06c17bda99295b57c05fa6"
".git\objects\55\955987f8c39e93d85768541aaf4c42e6a1f667","[no extension]","1371","git-internal","NO/NOT SHOWN","NO","NO","NO","NO/NOT SHOWN","NO/NOT SHOWN","NO","False","KEEP_DEVELOPMENT","60b7f062b3ff0b9468f263ccfc45daae6a7242d7cda6903a623e98bf6c2618d6"
".git\objects\55\b324d6320bbc7b42c314646ba7afb1a249a0da","[no extension]","212","git-internal","NO/NOT SHOWN","NO","NO","NO","NO/NOT SHOWN","NO/NOT SHOWN","NO","False","KEEP_DEVELOPMENT","539f7e7e0c3b19c3ca04268db7d12a488728699967ccaff49a8706fbb27bc8f8"
".git\objects\55\b4b20595dda7f53d82ca29febc42fd5a33bc4b","[no extension]","1032","git-internal","NO/NOT SHOWN","NO","NO","NO","NO/NOT SHOWN","NO/NOT SHOWN","NO","False","KEEP_DEVELOPMENT","56faf3b82185224c336ba6137c5b2f1c58629cf63377ca982a00c4de4ee2fc37"
".git\objects\55\dac518332bb6aeefd9ed32eeafa0b44a1729b8","[no extension]","1074","git-internal","NO/NOT SHOWN","NO","NO","NO","NO/NOT SHOWN","NO/NOT SHOWN","NO","False","KEEP_DEVELOPMENT","5af911ed349fc44ad1b06720675ec41e3433bd961a2c5132e0eb96aea2d11ee5"
".git\objects\55\f1ac554975608993f090c651528781a1619632","[no extension]","275","git-internal","NO/NOT SHOWN","NO","NO","NO","NO/NOT SHOWN","NO/NOT SHOWN","NO","False","KEEP_DEVELOPMENT","e08da523b6648baafadd4676d7cdcf9c209c77cc0b2d2d940a00908239aa6493"
".git\objects\56\191a64851f07fd6f8ac9d1682cf98da07f199c","[no extension]","1077","git-internal","NO/NOT SHOWN","NO","NO","NO","NO/NOT SHOWN","NO/NOT SHOWN","NO","False","KEEP_DEVELOPMENT","8cc32694dbc22b00f2754b3b1508c4f4d3ab9f05d190a0f5b6ebc8957544fce3"
".git\objects\56\3dc3ab314b55671ef90afa6b5785aa9ac3ed5b","[no extension]","2327","git-internal","NO/NOT SHOWN","NO","NO","NO","NO/NOT SHOWN","NO/NOT SHOWN","NO","False","KEEP_DEVELOPMENT","e8442c7e8da19c507f34d867aa1e7ed70fbb3adedc160e6b208a6b6feb701ada"
".git\objects\56\568db805d0ee8aa1e7bb51e2a96fddfe3d386e","[no extension]","204","git-internal","NO/NOT SHOWN","NO","NO","NO","NO/NOT SHOWN","NO/NOT SHOWN","NO","False","KEEP_DEVELOPMENT","4ea873e8933a19324916b407a77baab52f3083a47e089c1687196aea0f5d94c0"
".git\objects\56\6c808ebc10ee82fbc3ad82f6e5ecbcfacc05e2","[no extension]","56","git-internal","NO/NOT SHOWN","NO","NO","NO","NO/NOT SHOWN","NO/NOT SHOWN","NO","False","KEEP_DEVELOPMENT","a5d143b9e8014fae53df7df254dc258c431edfaca38839af4988127fae48c999"
".git\objects\56\6d0288afc20aaf67de0c080e2e1ed5b7143eac","[no extension]","374","git-internal","NO/NOT SHOWN","NO","NO","NO","NO/NOT SHOWN","NO/NOT SHOWN","NO","False","KEEP_DEVELOPMENT","319c4edb1001c2745de43cc0fc85c8bd25c7da6eb15da8a25537be38e2b5261d"
".git\objects\56\7351942b36fe021a5fde87d03cb4bbdde1c70b","[no extension]","1502","git-internal","NO/NOT SHOWN","NO","NO","NO","NO/NOT SHOWN","NO/NOT SHOWN","NO","False","KEEP_DEVELOPMENT","7383815a1f78b2bf8e093b740f0412ca9e1d08018782ea8d6fabbe7966182cf3"
".git\objects\56\749eba08d2107260eaa8cdf0536118845ae777","[no extension]","481","git-internal","NO/NOT SHOWN","NO","NO","NO","NO/NOT SHOWN","NO/NOT SHOWN","NO","False","KEEP_DEVELOPMENT","d718626c6b75959ac621dfa7680ad56089c97880bf6f6603be54a13925b18e7f"
".git\objects\56\9b51913d677277007ea7718dad49fa3659095c","[no extension]","4281","git-internal","NO/NOT SHOWN","NO","NO","NO","NO/NOT SHOWN","NO/NOT SHOWN","NO","False","KEEP_DEVELOPMENT","eea362ebaf21df60d7dd2b74161ccde252d5168c3a89ce9d2ab620ea770d9e29"
".git\objects\56\a69c09be4daa56878f1e279b0821df694d4e87","[no extension]","180","git-internal","NO/NOT SHOWN","NO","NO","NO","NO/NOT SHOWN","NO/NOT SHOWN","NO","False","KEEP_DEVELOPMENT","bc341f2610f45d8a7e75409ba393a318d6b9341915d7606a3a3489cbb88e0597"
".git\objects\56\d9ca9ef82a15a3e5118a44e906e474b0ca8766","[no extension]","3224","git-internal","NO/NOT SHOWN","NO","NO","NO","NO/NOT SHOWN","NO/NOT SHOWN","NO","False","KEEP_DEVELOPMENT","e83d570694d61cf2d2c442e903a8b9d306628dcb7d8690c5cce6ae4bb59e1d1e"
".git\objects\56\f2f1c1489a2746377c7002986b41c96cdc0160","[no extension]","3098","git-internal","NO/NOT SHOWN","NO","NO","NO","NO/NOT SHOWN","NO/NOT SHOWN","NO","False","KEEP_DEVELOPMENT","8f173200e12f8f3e4cf3de24689459db3a369502c817487a983ff296105cb9e0"
".git\objects\57\117fbda5cf948d1a4e3e5f3b260b29436e8651","[no extension]","154","git-internal","NO/NOT SHOWN","NO","NO","NO","NO/NOT SHOWN","NO/NOT SHOWN","NO","False","KEEP_DEVELOPMENT","4d8f84ff29f8d095a92780aa0d023efa201072102c0696891210f72bd18d177c"
".git\objects\57\27f3506507558c14a6bbdbd757f51d14421726","[no extension]","718","git-internal","NO/NOT SHOWN","NO","NO","NO","NO/NOT SHOWN","NO/NOT SHOWN","NO","False","KEEP_DEVELOPMENT","8706a50eafd22ae210452f2aaf1bcce50cecfffa01b74bdd59a1a9f3c8d1588a"
".git\objects\57\2a3630f28d88b4a7dff70d18bd1919de1659d8","[no extension]","3656","git-internal","NO/NOT SHOWN","NO","NO","NO","NO/NOT SHOWN","NO/NOT SHOWN","NO","False","KEEP_DEVELOPMENT","d258dc7dfb680cb116c467273633a48c110c6a5254e63de5077710ed7e4fe8c7"
".git\objects\57\51f5e1a495bb31484f16f5f5a49241f6d86940","[no extension]","1444","git-internal","NO/NOT SHOWN","NO","NO","NO","NO/NOT SHOWN","NO/NOT SHOWN","NO","False","KEEP_DEVELOPMENT","c3ef8140c9e45b73a3f7067ca3d0ccef848dcc07812fe1a2939f2dbebef0d234"
".git\objects\57\920168a606d91a28c8d17dc479158b79bcf975","[no extension]","231","git-internal","NO/NOT SHOWN","NO","NO","NO","NO/NOT SHOWN","NO/NOT SHOWN","NO","False","KEEP_DEVELOPMENT","ee5618b7b03d03ef26d8083d6ff769353097dbda93546f64a71ed328b480c08d"
".git\objects\57\9716e50e74050f98926c9f864520ed7f2d41ce","[no extension]","2219","git-internal","NO/NOT SHOWN","NO","NO","NO","NO/NOT SHOWN","NO/NOT SHOWN","NO","False","KEEP_DEVELOPMENT","ecca943ed2721d5bc724db624b19161b61c77b3a416c26762c2e108eb3cf93c8"
".git\objects\57\9b1d316628040d0e030361f8bf4397d077cfd5","[no extension]","233","git-internal","NO/NOT SHOWN","NO","NO","NO","NO/NOT SHOWN","NO/NOT SHOWN","NO","False","KEEP_DEVELOPMENT","e765ac70816e53904afa94c6053bdc11b3695144b1b8b4b829b923798e4a105b"
".git\objects\57\b0bc95de2b269c453db8048c7f56330eb3e13f","[no extension]","328","git-internal","NO/NOT SHOWN","NO","NO","NO","NO/NOT SHOWN","NO/NOT SHOWN","NO","False","KEEP_DEVELOPMENT","3c413a2a0ee3385cf2bf11231d22485303d0c0ce80bbe4e35fca035b04eacdca"
".git\objects\57\cea884d2c943396d5d103854083c10222f92ae","[no extension]","179","git-internal","NO/NOT SHOWN","NO","NO","NO","NO/NOT SHOWN","NO/NOT SHOWN","NO","False","KEEP_DEVELOPMENT","c686d6fd4368350049436c63ea03e57c1ce634d340ba928d24e9bd042acb231d"
".git\objects\57\dbbdba4d4c2a835071a80d292c7f8c99168c5c","[no extension]","322","git-internal","NO/NOT SHOWN","NO","NO","NO","NO/NOT SHOWN","NO/NOT SHOWN","NO","False","KEEP_DEVELOPMENT","57dff6898b94833c472761a5d925fb0acde3a5095cf4cf78f69ada4b25229bb3"
".git\objects\58\014c4c3c6fccc49cd7aa5a57de832dcb1282d5","[no extension]","141","git-internal","NO/NOT SHOWN","NO","NO","NO","NO/NOT SHOWN","NO/NOT SHOWN","NO","False","KEEP_DEVELOPMENT","e4c0b3391c8e96b0047ab29df244f86118870e53c47b7a6976b08e54a6b9fde3"
".git\objects\58\0151fb8282da54773183f57c9ff3215a7b7971","[no extension]","3280","git-internal","NO/NOT SHOWN","NO","NO","NO","NO/NOT SHOWN","NO/NOT SHOWN","NO","False","KEEP_DEVELOPMENT","bbb4905d0d8d7c974112a2054bc58e7c6759d30ab2fefa9bf045efca689524ee"
".git\objects\58\0eebea1fef207d8dfc1aefd794e07ef0776b4d","[no extension]","195","git-internal","NO/NOT SHOWN","NO","NO","NO","NO/NOT SHOWN","NO/NOT SHOWN","NO","False","KEEP_DEVELOPMENT","0061cf90bac1d6e040d22169558d7a658ec218947083703b5766767fa8521c4c"
".git\objects\58\65f87757374f8d044d1d654323f2361b450559","[no extension]","326","git-internal","NO/NOT SHOWN","NO","NO","NO","NO/NOT SHOWN","NO/NOT SHOWN","NO","False","KEEP_DEVELOPMENT","cf391f5dffc4fb622045222e13faf48ae9e6cf013ed50bcf771d92e43cb42cd3"
".git\objects\58\a609e97971844a1910026e124a35552bc1a892","[no extension]","183","git-internal","NO/NOT SHOWN","NO","NO","NO","NO/NOT SHOWN","NO/NOT SHOWN","NO","False","KEEP_DEVELOPMENT","65725af4a9fedce9b699c9a1d52f95768907d8ea7cae697666c33e95cfb4b7f4"
".git\objects\58\adf75d06b083b5aa534345cc41e70368869acd","[no extension]","3341","git-internal","NO/NOT SHOWN","NO","NO","NO","NO/NOT SHOWN","NO/NOT SHOWN","NO","False","KEEP_DEVELOPMENT","ac49663be89cae28842e5209ff9c6e98d25f39533355784c7467d08b3f68136d"
".git\objects\58\f1732859fdd1e00e81a80799c6503632775cb0","[no extension]","315","git-internal","NO/NOT SHOWN","NO","NO","NO","NO/NOT SHOWN","NO/NOT SHOWN","NO","False","KEEP_DEVELOPMENT","d9f81f52482855cc8c8536b9e4c5da00a37ab59a64e62183a6b85f35dfb11ef3"
".git\objects\59\5d231cee638941d0d7240f9c58c28f5db3ea58","[no extension]","143","git-internal","NO/NOT SHOWN","NO","NO","NO","NO/NOT SHOWN","NO/NOT SHOWN","NO","False","KEEP_DEVELOPMENT","e89134bb813a85bea4b1801a4f7a5993bcda8f6b38bebaeabad82109a006f5cf"
".git\objects\59\77770b49154be615c0cf66639fc4ec97c03841","[no extension]","331","git-internal","NO/NOT SHOWN","NO","NO","NO","NO/NOT SHOWN","NO/NOT SHOWN","NO","False","KEEP_DEVELOPMENT","de77c39396946db5fb7a22bb0f35d2f7dd549a3a3c7784fe95a1361937127b6a"
".git\objects\59\9922ec8eea0d1110fb7d08e71b3976a828aa25","[no extension]","1399","git-internal","NO/NOT SHOWN","NO","NO","NO","NO/NOT SHOWN","NO/NOT SHOWN","NO","False","KEEP_DEVELOPMENT","6dfcf3ffa0e9ff8d62c028964f06f7f6080a62737259ba9e75110661d243e4a0"
".git\objects\59\99e9f75ff52bb15312df2db89d928264f8c3ed","[no extension]","56","git-internal","NO/NOT SHOWN","NO","NO","NO","NO/NOT SHOWN","NO/NOT SHOWN","NO","False","KEEP_DEVELOPMENT","75d6ba9cda7949b6fc30314f1a17f2fc0ed78a50f139533870487a79b3d4e111"
".git\objects\59\b5680e13f65e1d2ad54d48f055a36f11640457","[no extension]","720","git-internal","NO/NOT SHOWN","NO","NO","NO","NO/NOT SHOWN","NO/NOT SHOWN","NO","False","KEEP_DEVELOPMENT","734aeccce6c9f65b2df556d9420c7d0815302224a8fb6a0b7f6dfd6809c69e11"
".git\objects\59\b790cd3ea82fc6414f0e22a244a6b7775038ed","[no extension]","1599","git-internal","NO/NOT SHOWN","NO","NO","NO","NO/NOT SHOWN","NO/NOT SHOWN","NO","False","KEEP_DEVELOPMENT","b08b67eb0d22b86851d3614080a86622802e5a384a92851becf61ff3173b68e2"
".git\objects\59\b945bf258797135f8c3c4f9bcad15e2cf1c9c9","[no extension]","497","git-internal","NO/NOT SHOWN","NO","NO","NO","NO/NOT SHOWN","NO/NOT SHOWN","NO","False","KEEP_DEVELOPMENT","9368592aa16aa45656af3f6b29dcc89a0d0a8928b4a9f41c158ea8b87fc7c728"
".git\objects\59\bfe98008b5583feb9adf98cdf71f197ac2eb03","[no extension]","1939","git-internal","NO/NOT SHOWN","NO","NO","NO","NO/NOT SHOWN","NO/NOT SHOWN","NO","False","KEEP_DEVELOPMENT","2352e040b7fa88b6a7655fd9b9483b534f1ef0178cf208f4d7250694264683ed"
".git\objects\59\d4939bb12bf0300a06a7f2ceed694ffa985b0e","[no extension]","273","git-internal","NO/NOT SHOWN","NO","NO","NO","NO/NOT SHOWN","NO/NOT SHOWN","NO","False","KEEP_DEVELOPMENT","032c63254a0ba7a2c2b3ecb4b496cbad926b9fbe7c04f92f784ee35757ffff1e"
".git\objects\59\d8def23625661dd2e55c369b8d741c953e0f9b","[no extension]","1955","git-internal","NO/NOT SHOWN","NO","NO","NO","NO/NOT SHOWN","NO/NOT SHOWN","NO","False","KEEP_DEVELOPMENT","bb5c43751dbc51a8868682dc0e3565c9b5efad7df1fdc18e479629166d12577e"
".git\objects\59\df54b9a01800b54623b1e4479950b32dd35a82","[no extension]","1470","git-internal","NO/NOT SHOWN","NO","NO","NO","NO/NOT SHOWN","NO/NOT SHOWN","NO","False","KEEP_DEVELOPMENT","06b33161315e0c083d0cd92a0e916b9655da7a0a17af35374d293282c3852972"
".git\objects\5a\54b62dc6245df69d251c6fccedec59ed0b2acd","[no extension]","2135","git-internal","NO/NOT SHOWN","NO","NO","NO","NO/NOT SHOWN","NO/NOT SHOWN","NO","False","KEEP_DEVELOPMENT","e68228d36f8d3189a581b4b98637b378076fddce8489aec3196abd6b012f04ef"
".git\objects\5a\8645e20974d11585bed5c306080c148b75539d","[no extension]","320","git-internal","NO/NOT SHOWN","NO","NO","NO","NO/NOT SHOWN","NO/NOT SHOWN","NO","False","KEEP_DEVELOPMENT","12153832cf06549ed1f40fd4fd88c792923d1cde0b3e83388b1a24b42f6c7b76"
".git\objects\5a\e40c5cb2f93e7909df2e1a397f041f4d9a550e","[no extension]","201","git-internal","NO/NOT SHOWN","NO","NO","NO","NO/NOT SHOWN","NO/NOT SHOWN","NO","False","KEEP_DEVELOPMENT","97070bf3cd652a1d14f5bea5d975804c6323bb5cd0df2eec64fbef449311d66b"
".git\objects\5b\418ec205b2b6e63ef973d1f0d052435272c803","[no extension]","2395","git-internal","NO/NOT SHOWN","NO","NO","NO","NO/NOT SHOWN","NO/NOT SHOWN","NO","False","KEEP_DEVELOPMENT","9c7cf7c07ad31c63c1a34b7dfa598bb5427b2e3c9541959241ba370f0d4cbf11"
".git\objects\5b\4894330584ffe69de1e8c104ff37bac7361aa2","[no extension]","1272","git-internal","NO/NOT SHOWN","NO","NO","NO","NO/NOT SHOWN","NO/NOT SHOWN","NO","False","KEEP_DEVELOPMENT","e3e09a82b27b3070b121653279fd00948ffa7ee7079f619671292fcc3da09224"
".git\objects\5b\4a1ab930391b43fba0f8fd9bb3b34ce01d23eb","[no extension]","197","git-internal","NO/NOT SHOWN","NO","NO","NO","NO/NOT SHOWN","NO/NOT SHOWN","NO","False","KEEP_DEVELOPMENT","d347a4675cd17dec524afd8526ca70bbc18fe2c488c6c946380d69c63039c632"
".git\objects\5b\66acb1352b7ddd1c5cde35f1d27f067c12aaec","[no extension]","4398","git-internal","NO/NOT SHOWN","NO","NO","NO","NO/NOT SHOWN","NO/NOT SHOWN","NO","False","KEEP_DEVELOPMENT","59e619dc531603d81f56b86dafaf8ca555308eb48253ce39a868d16a50467d2a"
".git\objects\5b\6a74dfbb2cd964450483a9656ce28325d2ce08","[no extension]","522","git-internal","NO/NOT SHOWN","NO","NO","NO","NO/NOT SHOWN","NO/NOT SHOWN","NO","False","KEEP_DEVELOPMENT","a3db6ad2bc4bcd8192d3845f8712af8e86c56a5953c6d5c6825135142e78d6e0"
".git\objects\5b\7128d9d1cfca4a1d8bf5bd4285ccef4f4673be","[no extension]","141","git-internal","NO/NOT SHOWN","NO","NO","NO","NO/NOT SHOWN","NO/NOT SHOWN","NO","False","KEEP_DEVELOPMENT","be3b50dd99796afeb892b51dcf0af8a48ed8510c242bd9f14c584846203350f1"
".git\objects\5b\9a1c82feee97b1fc85d8b6719b7dcde6393454","[no extension]","758","git-internal","NO/NOT SHOWN","NO","NO","NO","NO/NOT SHOWN","NO/NOT SHOWN","NO","False","KEEP_DEVELOPMENT","cd179fa058e9832514eae5cc5485ad39b7ba85efb8c130f6cf895ee5bad2d71f"
".git\objects\5b\cd049fe18e5d61bae259d414a2db48cba35e83","[no extension]","8732","git-internal","NO/NOT SHOWN","NO","NO","NO","NO/NOT SHOWN","NO/NOT SHOWN","NO","False","KEEP_DEVELOPMENT","2880e8f9df59eef6389c37d2eb5960721bf2a6d717ab415afe164074da18321c"
".git\objects\5b\e3ad6a18815474189740d473841e5eb175b289","[no extension]","1556","git-internal","NO/NOT SHOWN","NO","NO","NO","NO/NOT SHOWN","NO/NOT SHOWN","NO","False","KEEP_DEVELOPMENT","f29cbda7e725a7739cc7da7311cdc276711f2999ebd7bb410f9b94e7821e1792"
".git\objects\5b\fe4e8e1e0e4476a107e5a0f53ce6c87d051221","[no extension]","184","git-internal","NO/NOT SHOWN","NO","NO","NO","NO/NOT SHOWN","NO/NOT SHOWN","NO","False","KEEP_DEVELOPMENT","8da6fd6f2dd3526a29b05eed500af0f4ccb8d89c3ec2d52c9013c1e91804b82a"
".git\objects\5c\03fdb32bad00b782a923f924715defbfdf5a47","[no extension]","11699","git-internal","NO/NOT SHOWN","NO","NO","NO","NO/NOT SHOWN","NO/NOT SHOWN","NO","False","KEEP_DEVELOPMENT","e4ba8fcbde9bdc80cd920fd9fea444621643800387bac80db3bde41f08a229ed"
".git\objects\5c\a22e09b19c00d1df2f5deb20a45d3eedbc20fa","[no extension]","224","git-internal","NO/NOT SHOWN","NO","NO","NO","NO/NOT SHOWN","NO/NOT SHOWN","NO","False","KEEP_DEVELOPMENT","76cf7c7af5e6433de06d97d3698cd9907d85f1b14f2a59ce20d424ccee6409b2"
".git\objects\5c\a6567b1e9d146d5924c986d973aaa386a744d2","[no extension]","212","git-internal","NO/NOT SHOWN","NO","NO","NO","NO/NOT SHOWN","NO/NOT SHOWN","NO","False","KEEP_DEVELOPMENT","ee5cf8db7b5813eb95b0005040a00eef64636ee280fed1919be75b0f8f8c5c02"
".git\objects\5c\b717f6ebeff3825222b5ef88c2c1cbac96ef07","[no extension]","277","git-internal","NO/NOT SHOWN","NO","NO","NO","NO/NOT SHOWN","NO/NOT SHOWN","NO","False","KEEP_DEVELOPMENT","d1369d729bc39f091c3148381eb305038d14288b363602bd785c0f9204c7b385"
".git\objects\5c\b7e443c406d11b1879b8843d29078fa6bf5fc3","[no extension]","49","git-internal","NO/NOT SHOWN","NO","NO","NO","NO/NOT SHOWN","NO/NOT SHOWN","NO","False","KEEP_DEVELOPMENT","2aa6ebf00efb7b4fc9646baf91040de4e73baac25848dcf30991e1ce9edd9c54"
".git\objects\5c\bfe068ca79ecfb036d6a04f47bb45343d213ed","[no extension]","1574","git-internal","NO/NOT SHOWN","NO","NO","NO","NO/NOT SHOWN","NO/NOT SHOWN","NO","False","KEEP_DEVELOPMENT","9be6815203018dd2746c2fc801a4dc67ada8aabbe073e9fa1dd49ea6b48d7b6b"
".git\objects\5c\d4ade99b5b444cad6f42cb6bb111116dfc1eab","[no extension]","672","git-internal","NO/NOT SHOWN","NO","NO","NO","NO/NOT SHOWN","NO/NOT SHOWN","NO","False","KEEP_DEVELOPMENT","3d6c0b458fd342dc8495abc71c6a37d5e6e9c4c70a9eff350e5c6c663265a347"
".git\objects\5c\db5088e8a9b83be72eeab6f47a78a0d9022cb3","[no extension]","348","git-internal","NO/NOT SHOWN","NO","NO","NO","NO/NOT SHOWN","NO/NOT SHOWN","NO","False","KEEP_DEVELOPMENT","f2abc561f09402ed64ff9523749fccc78a69bf1ec8103eafd39fbca70bf73579"
".git\objects\5c\f5093cf16739e15a08194114d94bda0d35dd94","[no extension]","398","git-internal","NO/NOT SHOWN","NO","NO","NO","NO/NOT SHOWN","NO/NOT SHOWN","NO","False","KEEP_DEVELOPMENT","eaf1da045479a954cedc91a11af2a721b0ea5a0992590ce3102f1042efa3b281"
".git\objects\5c\fab6f59c830e8894b71bf177262d2eecd29794","[no extension]","426","git-internal","NO/NOT SHOWN","NO","NO","NO","NO/NOT SHOWN","NO/NOT SHOWN","NO","False","KEEP_DEVELOPMENT","bbb21b0389ab0862fc15397f939a4353c8477aec84d63f7180056d127f4249ea"
".git\objects\5d\17d7aa1aeb2be67645275e20d21ac19574505c","[no extension]","2159","git-internal","NO/NOT SHOWN","NO","NO","NO","NO/NOT SHOWN","NO/NOT SHOWN","NO","False","KEEP_DEVELOPMENT","30ad3dd4b7f778f94e54f2f38d87be6ad235f83ce2ec546726b7671c041643c3"
".git\objects\5d\49514e2a764411ee635ec2d3e0e9a00b91f60d","[no extension]","1121","git-internal","NO/NOT SHOWN","NO","NO","NO","NO/NOT SHOWN","NO/NOT SHOWN","NO","False","KEEP_DEVELOPMENT","bac039196062458b4766cd5bd48633bcdcbf297a9616b7b2f1ef748a319b6ff8"
".git\objects\5d\60641f4efc8751ec536c03006a7649922f6ad6","[no extension]","3833","git-internal","NO/NOT SHOWN","NO","NO","NO","NO/NOT SHOWN","NO/NOT SHOWN","NO","False","KEEP_DEVELOPMENT","06a269c0342b4dded87c1e9118da0553f147b3613d4684197c16456d0e09daa6"
".git\objects\5d\84fa126f1531060225282e29f13a3a78802fcf","[no extension]","243","git-internal","NO/NOT SHOWN","NO","NO","NO","NO/NOT SHOWN","NO/NOT SHOWN","NO","False","KEEP_DEVELOPMENT","42422fdc1918da7a4a6349ceccf8ad239c38cbf5e2b860b9a07eab12d5dd1311"
".git\objects\5d\8617304a46aee87152adf776a2b82edadddc75","[no extension]","210","git-internal","NO/NOT SHOWN","NO","NO","NO","NO/NOT SHOWN","NO/NOT SHOWN","NO","False","KEEP_DEVELOPMENT","e9f42bc03cd65b0059c7a28520c647ddf94106f6e4f92a0c8b1671e5c3ef7bc9"
".git\objects\5d\893cbc625ab7f2e906ca7bbef186e682baf537","[no extension]","109","git-internal","NO/NOT SHOWN","NO","NO","NO","NO/NOT SHOWN","NO/NOT SHOWN","NO","False","KEEP_DEVELOPMENT","c0bb658e1e75aeb771a61291ec9b360ebce2efab1f5c2c1bc6bf07a7641ecfdc"
".git\objects\5d\93881559e3df9ec6113eb8d57772ba7ac052bb","[no extension]","143","git-internal","NO/NOT SHOWN","NO","NO","NO","NO/NOT SHOWN","NO/NOT SHOWN","NO","False","KEEP_DEVELOPMENT","fbf71e1cca9bd6298c06f9850d2ee8f491cf667631286d7fc4c4c459ffc5df2f"
".git\objects\5d\ff4930fcd744b19a585f329b6ca70e440980b8","[no extension]","23440","git-internal","NO/NOT SHOWN","NO","NO","NO","NO/NOT SHOWN","NO/NOT SHOWN","NO","False","KEEP_DEVELOPMENT","e06b26732832bc54da4b8def916711e246e5ff79bd42479600049e6b778feb87"
".git\objects\5e\16000bc7eef33956eae80c1403c26aceba1b71","[no extension]","204","git-internal","NO/NOT SHOWN","NO","NO","NO","NO/NOT SHOWN","NO/NOT SHOWN","NO","False","KEEP_DEVELOPMENT","c223a842a841d4ef3656803ecdf72b3e4a01f7dad2c8759040b4410dd7c39db2"
".git\objects\5e\26f8d5404acc26aeed95aa06efbe3b471a1271","[no extension]","297","git-internal","NO/NOT SHOWN","NO","NO","NO","NO/NOT SHOWN","NO/NOT SHOWN","NO","False","KEEP_DEVELOPMENT","94b2ec8bb1d4b6123ba71ee773077c42fbc75cc29e4d2dd9d693b3b6f3e5c731"
".git\objects\5e\351e4f3268c0477b4fb53180e34c8a3f099fa5","[no extension]","188","git-internal","NO/NOT SHOWN","NO","NO","NO","NO/NOT SHOWN","NO/NOT SHOWN","NO","False","KEEP_DEVELOPMENT","0b44eadb9eab7b8a766ff493926240d52a5c61fd3a2cf0bc36939eeaea80c24d"
".git\objects\5e\39228665542dc41b165957b44273ff7237a136","[no extension]","1063","git-internal","NO/NOT SHOWN","NO","NO","NO","NO/NOT SHOWN","NO/NOT SHOWN","NO","False","KEEP_DEVELOPMENT","5f6796a3264b6a00946c51489836f43cf23e49997cfa6be3b810a83af05d8c2f"
".git\objects\5e\6d2dadc922290955373de86acb3ab701173582","[no extension]","8499","git-internal","NO/NOT SHOWN","NO","NO","NO","NO/NOT SHOWN","NO/NOT SHOWN","NO","False","KEEP_DEVELOPMENT","3facc70683193319d12875e79b16c65a26dc6f40d53864eb9cb9656ae085bb4c"
".git\objects\5e\a5b3f73a0fe9678d6cdede603266bbd8d4b8e9","[no extension]","613","git-internal","NO/NOT SHOWN","NO","NO","NO","NO/NOT SHOWN","NO/NOT SHOWN","NO","False","KEEP_DEVELOPMENT","95b7d423eddbed0bf644e6a0e0e98168749c961c66ce7ab56f2195960dee0e18"
".git\objects\5e\bda95ac31fd90d02ae5991e6031c595522ef1f","[no extension]","1695","git-internal","NO/NOT SHOWN","NO","NO","NO","NO/NOT SHOWN","NO/NOT SHOWN","NO","False","KEEP_DEVELOPMENT","96040475fe241fa527ee103e4415b70c8ea70573e7533f45d8fe56889e37e9ca"
".git\objects\5e\c71fe83306e701d241aa9f2489a43aef7e08dd","[no extension]","209","git-internal","NO/NOT SHOWN","NO","NO","NO","NO/NOT SHOWN","NO/NOT SHOWN","NO","False","KEEP_DEVELOPMENT","07781039fbf267ee00ae917644c47cbbcb3c080f7049b1e0c2ec9d2c73354ed3"
".git\objects\5e\f82ac988d828abbe73b57bc169e3567ec02f18","[no extension]","872","git-internal","NO/NOT SHOWN","NO","NO","NO","NO/NOT SHOWN","NO/NOT SHOWN","NO","False","KEEP_DEVELOPMENT","a78bd1cc171a56b33c2d0142e56cb07eee2110fbd9125a6be70312a0398a75cf"
".git\objects\5e\f94061c456ec38b24f7ad99c49538dfe53e9bd","[no extension]","120","git-internal","NO/NOT SHOWN","NO","NO","NO","NO/NOT SHOWN","NO/NOT SHOWN","NO","False","KEEP_DEVELOPMENT","7c67517f0e7413d18dfe241d09931ac5accbd66fbf43e5e770400588f6ed2f97"
".git\objects\5f\4a48093209da722d3015d303b73a70a5f2c8bd","[no extension]","429","git-internal","NO/NOT SHOWN","NO","NO","NO","NO/NOT SHOWN","NO/NOT SHOWN","NO","False","KEEP_DEVELOPMENT","a5b6b01053e7461a95ddd35f32c8aa5d4abfffcc79988e3ffd67a9a99ca230ce"
".git\objects\5f\50c0567b9d9ce947055257b9d239d8b9df6750","[no extension]","320","git-internal","NO/NOT SHOWN","NO","NO","NO","NO/NOT SHOWN","NO/NOT SHOWN","NO","False","KEEP_DEVELOPMENT","cb3e377924d19e4a7563524de5da64e54625c57555664c92ac1529c56b62f560"
".git\objects\5f\902ef0f90a8a140f6e303caa7a5b5fc0f02630","[no extension]","1528","git-internal","NO/NOT SHOWN","NO","NO","NO","NO/NOT SHOWN","NO/NOT SHOWN","NO","False","KEEP_DEVELOPMENT","dc7f9e5bd5c9a29504473f43d32971fe169bfad6ef2d125878676641efae21ad"
".git\objects\5f\9e7dc7616aeab17053d47e1f2ef2e2a12460dd","[no extension]","289","git-internal","NO/NOT SHOWN","NO","NO","NO","NO/NOT SHOWN","NO/NOT SHOWN","NO","False","KEEP_DEVELOPMENT","eec7e380c6830152d148e8a6b440d7a400cdff0100d99a43b093b859d133f916"
".git\objects\5f\eb651772e8bf8abc754114a14a24761c843aaf","[no extension]","5286","git-internal","NO/NOT SHOWN","NO","NO","NO","NO/NOT SHOWN","NO/NOT SHOWN","NO","False","KEEP_DEVELOPMENT","9d0d003845c8a67027db90dc56098d03d4174def83f75961f8f928847ef05e41"
".git\objects\5f\f223b523b28bea41fb70d7278fe0cf5e152e07","[no extension]","1662","git-internal","NO/NOT SHOWN","NO","NO","NO","NO/NOT SHOWN","NO/NOT SHOWN","NO","False","KEEP_DEVELOPMENT","ee7df8e71a6b1f756e057bfeb421214616f045a556d9fb5ee92541bc473c7f49"
".git\objects\60\054d4a6b6ca3eb9de1ee512d378f4f005e4ea2","[no extension]","570","git-internal","NO/NOT SHOWN","NO","NO","NO","NO/NOT SHOWN","NO/NOT SHOWN","NO","False","KEEP_DEVELOPMENT","afd226bc026a37987b889376616a5c7ca373481eacd8b8f1eb799c96c5e6a887"
".git\objects\60\21197fdaa3fc3c18947b19a3726630b26c2511","[no extension]","4138","git-internal","NO/NOT SHOWN","NO","NO","NO","NO/NOT SHOWN","NO/NOT SHOWN","NO","False","KEEP_DEVELOPMENT","2513110ed7bf1ed833ff039be1f213a3ed361ff48eb6b639468dd6f11fb8df57"
".git\objects\60\465fbe4df182691e9625f6cef1ed894cf3a6f1","[no extension]","6167","git-internal","NO/NOT SHOWN","NO","NO","NO","NO/NOT SHOWN","NO/NOT SHOWN","NO","False","KEEP_DEVELOPMENT","cfb919964961518d7b9ba14c85159302f8c647570a8bd8272ba2228b6bd1c6af"
".git\objects\60\6a3ce718d0ee9f826889450f9f294eec261063","[no extension]","3819","git-internal","NO/NOT SHOWN","NO","NO","NO","NO/NOT SHOWN","NO/NOT SHOWN","NO","False","KEEP_DEVELOPMENT","9d7fa4bab10b7e09f158b9eb1a74945e87727659ffefa522c14503763499463d"
".git\objects\60\8ac9830e475ef53bbab7dbb2654e721f4a953f","[no extension]","140","git-internal","NO/NOT SHOWN","NO","NO","NO","NO/NOT SHOWN","NO/NOT SHOWN","NO","False","KEEP_DEVELOPMENT","e94a80598b72b69ce8508689a54c222fecf3bab2f30c2fae49b4ede0eb965f5d"
".git\objects\60\8fb438e75a3e7c050132eaa5321d4af8bbfd17","[no extension]","900","git-internal","NO/NOT SHOWN","NO","NO","NO","NO/NOT SHOWN","NO/NOT SHOWN","NO","False","KEEP_DEVELOPMENT","31f84a6c9cd1ae62f6fda538f13a9c5feac39e2ab713d80fea8a0c5741ca3f33"
".git\objects\60\ca104e28783ebd70f411e405ca5f1753cc259f","[no extension]","209","git-internal","NO/NOT SHOWN","NO","NO","NO","NO/NOT SHOWN","NO/NOT SHOWN","NO","False","KEEP_DEVELOPMENT","c2c64933b709efd31d06e7a412dd2901673493a2feb8de466529a72c02a3b821"
".git\objects\60\e3d08134f3dd5095c12f9025435827794aebb8","[no extension]","5877","git-internal","NO/NOT SHOWN","NO","NO","NO","NO/NOT SHOWN","NO/NOT SHOWN","NO","False","KEEP_DEVELOPMENT","e9c328bef23d91ab5a07b7dcc10381a159a686b844841d43e3c18a0068a35379"
".git\objects\61\06de42f0c033fab679d4e29b16606ec10cc3ed","[no extension]","51","git-internal","NO/NOT SHOWN","NO","NO","NO","NO/NOT SHOWN","NO/NOT SHOWN","NO","False","KEEP_DEVELOPMENT","23b529d5db32652c9fe88fccd9a31532f55c9b938d642101bb528514c74c6489"
".git\objects\61\52cfce4750cc7aa3c8c62c02730390c13de462","[no extension]","1286","git-internal","NO/NOT SHOWN","NO","NO","NO","NO/NOT SHOWN","NO/NOT SHOWN","NO","False","KEEP_DEVELOPMENT","9fbaf4805a2373817776b7574d893fa69df3797d4401a246bfe645be8b266310"
".git\objects\61\7fcf312d06def19bb70af5c4f974578472f724","[no extension]","912","git-internal","NO/NOT SHOWN","NO","NO","NO","NO/NOT SHOWN","NO/NOT SHOWN","NO","False","KEEP_DEVELOPMENT","4a9f728fca08d4170888c380555802d37ca764cd935ae1cf4a61461d17e3def3"
".git\objects\61\8c7e28674fb578c173d5ddcafc86125705bb1f","[no extension]","598","git-internal","NO/NOT SHOWN","NO","NO","NO","NO/NOT SHOWN","NO/NOT SHOWN","NO","False","KEEP_DEVELOPMENT","16fab836832d760eec6ef350c09da45fe5075cca310505815a352be5673d6ef4"
".git\objects\61\91fc5d9b8a742721303cb6acdbe626efbafb52","[no extension]","1902","git-internal","NO/NOT SHOWN","NO","NO","NO","NO/NOT SHOWN","NO/NOT SHOWN","NO","False","KEEP_DEVELOPMENT","42b9575e3fd65c5e8fb55c3753b27dd8db25a208a0b376fa43c85a49edc0fb3f"
".git\objects\61\c626bc129236a0e2e7b1033fb08d8565414c03","[no extension]","248","git-internal","NO/NOT SHOWN","NO","NO","NO","NO/NOT SHOWN","NO/NOT SHOWN","NO","False","KEEP_DEVELOPMENT","0028c73e596514819aa12a30ca2987f6f2a9d72a53acc384dbc7fbf1a71b17cd"
".git\objects\61\e3639d901ccc885c00bc9941327a1414c37885","[no extension]","451","git-internal","NO/NOT SHOWN","NO","NO","NO","NO/NOT SHOWN","NO/NOT SHOWN","NO","False","KEEP_DEVELOPMENT","7752b31fbcc78e56a87372abb19ce0027e527f6e50ee004a8fd10605091b8ee9"
".git\objects\61\e700eb1e0524ecf9c3309f724e5aa78c848b45","[no extension]","791","git-internal","NO/NOT SHOWN","NO","NO","NO","NO/NOT SHOWN","NO/NOT SHOWN","NO","False","KEEP_DEVELOPMENT","ae96001a0fd75b88915d41d20c9702666f7ae8914188544ec62746ea5eef7357"
".git\objects\62\3f86a2462bc6526735792d6e8c5ddb55016bbb","[no extension]","655","git-internal","NO/NOT SHOWN","NO","NO","NO","NO/NOT SHOWN","NO/NOT SHOWN","NO","False","KEEP_DEVELOPMENT","2deb3fc993e3e3420985a10ab2227c12aa6d979ac737ba186473bd3e046fe888"
".git\objects\62\6518ff32afb3f200385006ff8c08a7541033d5","[no extension]","377","git-internal","NO/NOT SHOWN","NO","NO","NO","NO/NOT SHOWN","NO/NOT SHOWN","NO","False","KEEP_DEVELOPMENT","936c09ce2c46fad6f749fdf9eee4f0d974f408fd858d70c7dec7890b61b89e47"
".git\objects\62\9b1c1bab7dc4fe200a21f8d10fcf0468d988ce","[no extension]","284","git-internal","NO/NOT SHOWN","NO","NO","NO","NO/NOT SHOWN","NO/NOT SHOWN","NO","False","KEEP_DEVELOPMENT","3ad538154bfc3799cb54ebf17dc933883e29504c72097152db77370ccab79fda"
".git\objects\62\a325dfab6b98666bd6828fc4404cad9aac84e5","[no extension]","1385","git-internal","NO/NOT SHOWN","NO","NO","NO","NO/NOT SHOWN","NO/NOT SHOWN","NO","False","KEEP_DEVELOPMENT","91db757255b9b4925b3052944904ce477d0b6fa72c158dc135e4914b5cd655d7"
".git\objects\62\ae5c2463fedeb424a3e9aa3b083824cd70818a","[no extension]","190","git-internal","NO/NOT SHOWN","NO","NO","NO","NO/NOT SHOWN","NO/NOT SHOWN","NO","False","KEEP_DEVELOPMENT","4a3b653b4834d64ce16365b586bd21b40d27445c9154a4ecd80c3988bf122b2d"
".git\objects\62\c3ad3760f7dc0641287e06da9d85235fd36035","[no extension]","380","git-internal","NO/NOT SHOWN","NO","NO","NO","NO/NOT SHOWN","NO/NOT SHOWN","NO","False","KEEP_DEVELOPMENT","b993b4d8b54a2282a81d5b394d815d758bd521113ea5eccd0c83bbc47cf723b0"
".git\objects\62\f0d5d39a0b3477898730cce0186333c3b84fc7","[no extension]","2949","git-internal","NO/NOT SHOWN","NO","NO","NO","NO/NOT SHOWN","NO/NOT SHOWN","NO","False","KEEP_DEVELOPMENT","fcf219c575b6848efc22465b6bacc6c00737565f1a882e00ac0df8a8f7002cc1"
".git\objects\62\fc2745b990f02550ff59f4ac8206701875e058","[no extension]","143","git-internal","NO/NOT SHOWN","NO","NO","NO","NO/NOT SHOWN","NO/NOT SHOWN","NO","False","KEEP_DEVELOPMENT","c1e1aec9fb1319921f2ef8157ccc3436a502e3e22bc2e5fbde5201af8ac073cd"
".git\objects\63\1f4320b50fec1bbe57c30fcc00d4563e496376","[no extension]","4828","git-internal","NO/NOT SHOWN","NO","NO","NO","NO/NOT SHOWN","NO/NOT SHOWN","NO","False","KEEP_DEVELOPMENT","a9a5d5f7c42282cb3820f564b322cd7bcca3c4cb54b9cdf6ced0fd7fae450463"
".git\objects\63\2ef8a22ee1475d198a6cfadb9ebd1ce529d483","[no extension]","186","git-internal","NO/NOT SHOWN","NO","NO","NO","NO/NOT SHOWN","NO/NOT SHOWN","NO","False","KEEP_DEVELOPMENT","6a0dd736993bd4a6c41d2a2dca03de61f3bfc7e57d4b4fe10a1e4571eae35c87"
".git\objects\63\463ea67576ab715c7b58ed5a590a3459ed9279","[no extension]","3264","git-internal","NO/NOT SHOWN","NO","NO","NO","NO/NOT SHOWN","NO/NOT SHOWN","NO","False","KEEP_DEVELOPMENT","2c3de5642d775d5e57e41a23538158143915dc9efb4a132a1170a7eb615820c7"
".git\objects\63\52fd4032e26c007a3343806a5a476980e6a648","[no extension]","206","git-internal","NO/NOT SHOWN","NO","NO","NO","NO/NOT SHOWN","NO/NOT SHOWN","NO","False","KEEP_DEVELOPMENT","0647045516e2a4360b4b6763d88c84d8c4089e04427282ad73acbe57b3535e25"
".git\objects\63\67862a694d2c4a6123b2e3d1ce112d67b58970","[no extension]","126","git-internal","NO/NOT SHOWN","NO","NO","NO","NO/NOT SHOWN","NO/NOT SHOWN","NO","False","KEEP_DEVELOPMENT","213f19b3c46d2864afde27934bd849338953ac1dc2b17d140f2f51e0a5edfa88"
".git\objects\63\6c678630ffbf36025f04bf6ae550fd6f23e2c9","[no extension]","3956","git-internal","NO/NOT SHOWN","NO","NO","NO","NO/NOT SHOWN","NO/NOT SHOWN","NO","False","KEEP_DEVELOPMENT","aeaee923fe17a449cd4f5fe00a1345b5abd4b065690ab7ea6a746b2747b58561"
".git\objects\63\774e4bf7c418c9c801775d8a8524da954cc3a2","[no extension]","49","git-internal","NO/NOT SHOWN","NO","NO","NO","NO/NOT SHOWN","NO/NOT SHOWN","NO","False","KEEP_DEVELOPMENT","7edb03548a153cdca35e2bbf0c2516be47432d30db1b578d1978d57d9320bd04"
".git\objects\63\b8fd508b6452147fb0c65057007feb0e107a62","[no extension]","670","git-internal","NO/NOT SHOWN","NO","NO","NO","NO/NOT SHOWN","NO/NOT SHOWN","NO","False","KEEP_DEVELOPMENT","048a622ba07a0505afc56ee8e7bf63c07d72ccc42711af72610765573e7c2704"
".git\objects\63\e7b2d7a7739cb386bba3f3a6ce6f92baa5e0e1","[no extension]","143","git-internal","NO/NOT SHOWN","NO","NO","NO","NO/NOT SHOWN","NO/NOT SHOWN","NO","False","KEEP_DEVELOPMENT","1be4b0e37b7a3f814913285bec33f52e8ad2d968575e02fb57ffbdedabf3f784"
".git\objects\63\ea1f82b3de9520834e8d1bcd8dea785cdaca1d","[no extension]","9885","git-internal","NO/NOT SHOWN","NO","NO","NO","NO/NOT SHOWN","NO/NOT SHOWN","NO","False","KEEP_DEVELOPMENT","01aceb9447566c4a12d2d105a1c66662c822355f2623609feae4f34f3513e088"
".git\objects\64\0e527e918cdd5587ecf099f30585d61175b43e","[no extension]","455","git-internal","NO/NOT SHOWN","NO","NO","NO","NO/NOT SHOWN","NO/NOT SHOWN","NO","False","KEEP_DEVELOPMENT","c5547fa53d082032815fb236b659547735de4923cf855da80301ff58517b6de4"
".git\objects\64\1abb869eb80d6f97ced6f7b5dd96171d26b673","[no extension]","720","git-internal","NO/NOT SHOWN","NO","NO","NO","NO/NOT SHOWN","NO/NOT SHOWN","NO","False","KEEP_DEVELOPMENT","a4f0f07ab0cb5d2e1253eb7a2174749351f7844ca613389670d4cc5bd493e314"
".git\objects\64\24fbf52737b20ba9689dd8c6b29d7002cc99a2","[no extension]","101","git-internal","NO/NOT SHOWN","NO","NO","NO","NO/NOT SHOWN","NO/NOT SHOWN","NO","False","KEEP_DEVELOPMENT","35085bdf765c80fbefcacf62d133d682eb0be15c45c8aed9f69c17caf72dfa61"
".git\objects\64\63898b9404349e791e542e01cb192cba06877b","[no extension]","1433","git-internal","NO/NOT SHOWN","NO","NO","NO","NO/NOT SHOWN","NO/NOT SHOWN","NO","False","KEEP_DEVELOPMENT","27cc90aa96ac718eb79b35213d2d58fbe4c0a6bdfb1fe2db1c04ece3ae2ad11f"
".git\objects\64\6a0de843166c65c6691e658c28c96ffcdffc3e","[no extension]","326","git-internal","NO/NOT SHOWN","NO","NO","NO","NO/NOT SHOWN","NO/NOT SHOWN","NO","False","KEEP_DEVELOPMENT","8c866302a92be552c18c40f9a9afb082353e6c02114cf1edfb52dde345a6738a"
".git\objects\64\6b22c48b5fd31c4e12cd6fa73cdc0e196f7379","[no extension]","330","git-internal","NO/NOT SHOWN","NO","NO","NO","NO/NOT SHOWN","NO/NOT SHOWN","NO","False","KEEP_DEVELOPMENT","7b8ce5f53a6ab892c07c1bae7f4a2a5235fc8a6e072a0072f6718ff2809fd558"
".git\objects\64\9d4f9c2f88e04a2987b20fab7e6011cf731094","[no extension]","649","git-internal","NO/NOT SHOWN","NO","NO","NO","NO/NOT SHOWN","NO/NOT SHOWN","NO","False","KEEP_DEVELOPMENT","4dae32749877b89a2b2bf758c5a5698239e7b64d52e82f24ef8a411301a3f3f9"
".git\objects\64\a51d5ee801dd66654218a3f3a503b97003ea92","[no extension]","60","git-internal","NO/NOT SHOWN","NO","NO","NO","NO/NOT SHOWN","NO/NOT SHOWN","NO","False","KEEP_DEVELOPMENT","8cacba556bac298a7298e0d1a8c05bb8cb3b575308ce3b0cb980aed824606531"
".git\objects\64\aab13a23e6c62f7f9b7523267e255941009c56","[no extension]","3984","git-internal","NO/NOT SHOWN","NO","NO","NO","NO/NOT SHOWN","NO/NOT SHOWN","NO","False","KEEP_DEVELOPMENT","b159de93c70cc6d84e6feb5335faf421816c6deb3fdb127053ac3b2dc08d1bbb"
".git\objects\64\deb84f319f9a0e68604012e2a7476a99d5012a","[no extension]","144","git-internal","NO/NOT SHOWN","NO","NO","NO","NO/NOT SHOWN","NO/NOT SHOWN","NO","False","KEEP_DEVELOPMENT","47f0728be5376035c6bae00ff633e1770573100c612bf702dc3067f7f87d6054"
".git\objects\64\e0057614aa84ad48d4b401f6ab7870e39540e9","[no extension]","109","git-internal","NO/NOT SHOWN","NO","NO","NO","NO/NOT SHOWN","NO/NOT SHOWN","NO","False","KEEP_DEVELOPMENT","be8e124e08d5f6ae6caa920fb8cd526561a7a7de49f4f902c165b491d7d45d41"
".git\objects\65\211e9e8d0a317b303dfefff268328b12d0dc10","[no extension]","1456","git-internal","NO/NOT SHOWN","NO","NO","NO","NO/NOT SHOWN","NO/NOT SHOWN","NO","False","KEEP_DEVELOPMENT","8756546221b90397f80659a2c78db1ff8129c40140131096c8f34d3d579e53c7"
".git\objects\65\40e2e6d8b5d5c53fbcddd112f0523ed6bfca4f","[no extension]","3312","git-internal","NO/NOT SHOWN","NO","NO","NO","NO/NOT SHOWN","NO/NOT SHOWN","NO","False","KEEP_DEVELOPMENT","3d0e5d978b6635e0a4db7d0ec2346bb9f53615ebae9da9c8df81752e579a9617"
".git\objects\65\7a40b87df1c0e3bb2b0e3b28c5bf82faf65b7c","[no extension]","1461","git-internal","NO/NOT SHOWN","NO","NO","NO","NO/NOT SHOWN","NO/NOT SHOWN","NO","False","KEEP_DEVELOPMENT","2915b4629c4333963f72a482b088c81103c038a640800c79aa7e42b993e819cf"
".git\objects\65\84d6e4081aeaf527626bda762d2d7640563719","[no extension]","767","git-internal","NO/NOT SHOWN","NO","NO","NO","NO/NOT SHOWN","NO/NOT SHOWN","NO","False","KEEP_DEVELOPMENT","62d40f31b72f2305708afd78fa041e396758a320dc5574639eb4b0557195a07b"
".git\objects\65\ee81de8f71ca3df5a56de0ce91289fa5a3120e","[no extension]","190","git-internal","NO/NOT SHOWN","NO","NO","NO","NO/NOT SHOWN","NO/NOT SHOWN","NO","False","KEEP_DEVELOPMENT","16a4bdd3cc413f14227aff3e68178e1fc29c60ff3e436737e5431c206273aae3"
".git\objects\66\01764f3e1704db7fbc497e68b1ae6632388666","[no extension]","24744","git-internal","NO/NOT SHOWN","NO","NO","NO","NO/NOT SHOWN","NO/NOT SHOWN","NO","False","KEEP_DEVELOPMENT","8909a62023b40e385693d0b435d1d860ded7582600e8ef01fdc23d86667adb11"
".git\objects\66\56b68c10ae3a01423b308a1bf5f6bbe188b198","[no extension]","400","git-internal","NO/NOT SHOWN","NO","NO","NO","NO/NOT SHOWN","NO/NOT SHOWN","NO","False","KEEP_DEVELOPMENT","be7a6ab265844717af0d280463cd908da08815e7898b577617d1edc2412f4c0b"
".git\objects\66\5e479a7c39d894790ee8767791ae670fae6494","[no extension]","1319","git-internal","NO/NOT SHOWN","NO","NO","NO","NO/NOT SHOWN","NO/NOT SHOWN","NO","False","KEEP_DEVELOPMENT","866658357c986eebe65c56ee74fdaae84d7652408977574240d764ab911d4640"
".git\objects\66\67d793f2a034736d4d655394ebf3a5a345556a","[no extension]","60","git-internal","NO/NOT SHOWN","NO","NO","NO","NO/NOT SHOWN","NO/NOT SHOWN","NO","False","KEEP_DEVELOPMENT","134edbe224c1e547aa76d7fa8b4b202395807bf3919be39cec29d10956eb0bcd"
".git\objects\66\89f123149a15dd8b5512b1ea0248208b0bc97a","[no extension]","56","git-internal","NO/NOT SHOWN","NO","NO","NO","NO/NOT SHOWN","NO/NOT SHOWN","NO","False","KEEP_DEVELOPMENT","f39cc92adb6cce5fd303daec9c08bacc1a853c233c81ccd5ab26862086faed4a"
".git\objects\66\b8d5a54a11054e2067bb6edceba9aad36e61ca","[no extension]","255","git-internal","NO/NOT SHOWN","NO","NO","NO","NO/NOT SHOWN","NO/NOT SHOWN","NO","False","KEEP_DEVELOPMENT","8c0aeff096ac28f9192f2491fcf46f988842be1d03075549bca20311d235f264"
".git\objects\66\c4fd09a26ed51ced4c1fa80af5c210457eb033","[no extension]","8931","git-internal","NO/NOT SHOWN","NO","NO","NO","NO/NOT SHOWN","NO/NOT SHOWN","NO","False","KEEP_DEVELOPMENT","eb751d413900865cee7d0ee9b4eab885b390338a47791abdc75e118ff32e7daa"
".git\objects\66\d53bf87a08f900dc7cdb22d747c90f0381de64","[no extension]","132","git-internal","NO/NOT SHOWN","NO","NO","NO","NO/NOT SHOWN","NO/NOT SHOWN","NO","False","KEEP_DEVELOPMENT","261bee1d33ef133aa1faf1d75cef986bc8f2f013b130a24ec2a0579bdb5b597c"
".git\objects\67\55873c222946543446174467d80f46dd547b31","[no extension]","1346","git-internal","NO/NOT SHOWN","NO","NO","NO","NO/NOT SHOWN","NO/NOT SHOWN","NO","False","KEEP_DEVELOPMENT","5595635ab2afe12fcabdad9fbad79b95cfa19f33dcc43b7a34a34265dd3189cb"
".git\objects\67\5b9cc81360e05965ea2c510e6e19d02c193ee8","[no extension]","9833","git-internal","NO/NOT SHOWN","NO","NO","NO","NO/NOT SHOWN","NO/NOT SHOWN","NO","False","KEEP_DEVELOPMENT","8cd1767f1f718bb8f3c179b78ccd6e8915c392e3804c9425b2b8301efcfe6609"
".git\objects\67\5e1a2e4e05ab1908950b561e4e2c97fa306488","[no extension]","1613","git-internal","NO/NOT SHOWN","NO","NO","NO","NO/NOT SHOWN","NO/NOT SHOWN","NO","False","KEEP_DEVELOPMENT","81d7009869c6be68ecded3cbe0b503094eb5f7a538b2a8cf26a544554f1b3856"
".git\objects\67\afecfed52661dbb213979ad6c91804f8ef9dab","[no extension]","205","git-internal","NO/NOT SHOWN","NO","NO","NO","NO/NOT SHOWN","NO/NOT SHOWN","NO","False","KEEP_DEVELOPMENT","19a2cd0c4ec78e41c92ccf3e25e7ff6e609ce2f1234e94eadea3a33ec0b61ff1"
".git\objects\67\c2d99375aa6548c1448261e5ab242c7b0d69c9","[no extension]","280","git-internal","NO/NOT SHOWN","NO","NO","NO","NO/NOT SHOWN","NO/NOT SHOWN","NO","False","KEEP_DEVELOPMENT","8ca8a282d1b88704f213758fd55a7ce2c3407bfcc3aca4a164246429b2d2cbb1"
".git\objects\68\3c13095505366d10b334b77b892268d42a06c0","[no extension]","401","git-internal","NO/NOT SHOWN","NO","NO","NO","NO/NOT SHOWN","NO/NOT SHOWN","NO","False","KEEP_DEVELOPMENT","f0bee4ebe05ba8d3e8969786afbe1f5cdd794a04edc448637366b1ac5cc86002"
".git\objects\68\4eddf5120dd16a3f31b06d8102bd8928818bcb","[no extension]","68","git-internal","NO/NOT SHOWN","NO","NO","NO","NO/NOT SHOWN","NO/NOT SHOWN","NO","False","KEEP_DEVELOPMENT","0a08831d407d8185ca20d77eab3570cc9af1125936712e667f64ff03382c9946"
".git\objects\68\89b5ee76af84e4c1b4994156ae728325d070ab","[no extension]","272","git-internal","NO/NOT SHOWN","NO","NO","NO","NO/NOT SHOWN","NO/NOT SHOWN","NO","False","KEEP_DEVELOPMENT","2b25b32abf29881b020f179610ce0457f5a0e9646e2c35f060a9cc6eb54e7fdd"
".git\objects\68\db66a12479de01f067753a3bedf1d631890394","[no extension]","584","git-internal","NO/NOT SHOWN","NO","NO","NO","NO/NOT SHOWN","NO/NOT SHOWN","NO","False","KEEP_DEVELOPMENT","31be3ba860f3ddcfbca747ce0525205d9ac2682323327cc9ff04d7a37b5794aa"
".git\objects\68\f0d707928438b7484c87ff047c71743be7ddd9","[no extension]","903","git-internal","NO/NOT SHOWN","NO","NO","NO","NO/NOT SHOWN","NO/NOT SHOWN","NO","False","KEEP_DEVELOPMENT","837c08bc4715f94a6c708d10e00b04c8c0d610cc3948665f273112b074c0a35c"
".git\objects\69\099aaa03e33e79c6eb2285441395bc56346c78","[no extension]","414","git-internal","NO/NOT SHOWN","NO","NO","NO","NO/NOT SHOWN","NO/NOT SHOWN","NO","False","KEEP_DEVELOPMENT","f81ae6db7f407b9f2ddebc52b136cab33661900bb147796f2e58b0c96a35c0f4"
".git\objects\69\125854cd7d498d0a4cd67d7bf7861922bad9ce","[no extension]","1023","git-internal","NO/NOT SHOWN","NO","NO","NO","NO/NOT SHOWN","NO/NOT SHOWN","NO","False","KEEP_DEVELOPMENT","68f8208dc593398e54d08a5be3a2658a0b8421ce09e13313dc2710b01b3806ca"
".git\objects\69\1ec786777e4e1eaee0a90e5d25e346032f049f","[no extension]","1095","git-internal","NO/NOT SHOWN","NO","NO","NO","NO/NOT SHOWN","NO/NOT SHOWN","NO","False","KEEP_DEVELOPMENT","8878ee54aab3eee0f6e04d6d8a01fdde72da081ed3e3f6879ddae5c563cdf7d5"
".git\objects\69\2075f0adce32716945949954268bb1f7411f63","[no extension]","6440","git-internal","NO/NOT SHOWN","NO","NO","NO","NO/NOT SHOWN","NO/NOT SHOWN","NO","False","KEEP_DEVELOPMENT","9d0951f78739164f7ad540162b097e5ad445e6fdd502db378583a90e7274b30b"
".git\objects\69\2ae293a1f61e78cfe7b28bf0a15d715d6af495","[no extension]","2139","git-internal","NO/NOT SHOWN","NO","NO","NO","NO/NOT SHOWN","NO/NOT SHOWN","NO","False","KEEP_DEVELOPMENT","3529176b503aaf5264d35acfce145313c536619c5dcc5f2c25d7c3bfbaf903ed"
".git\objects\69\76c15ae98ff37f93649df314f8cc8dc1cac914","[no extension]","2938","git-internal","NO/NOT SHOWN","NO","NO","NO","NO/NOT SHOWN","NO/NOT SHOWN","NO","False","KEEP_DEVELOPMENT","2873aa39a78dd0a016b27262b36133a065fc9a8a0027000a44c6d68c1417b6a6"
".git\objects\69\ce89863d5eb57fbb42f9eb041f0643f1553aab","[no extension]","374","git-internal","NO/NOT SHOWN","NO","NO","NO","NO/NOT SHOWN","NO/NOT SHOWN","NO","False","KEEP_DEVELOPMENT","1b76dae45e9ae07ad12542cbf090da0ef318f274f00f37797899d35fdc9c1812"
".git\objects\69\d4a61edac7dc65ec435a25a32389b36ba3116a","[no extension]","2738","git-internal","NO/NOT SHOWN","NO","NO","NO","NO/NOT SHOWN","NO/NOT SHOWN","NO","False","KEEP_DEVELOPMENT","70e93509e555d8b9889cd3acf5ae19bd708eedd1f05922c60f22430838ce311a"
".git\objects\69\e299cd15f2c1b9f18a7f592be936235bdc8be2","[no extension]","441","git-internal","NO/NOT SHOWN","NO","NO","NO","NO/NOT SHOWN","NO/NOT SHOWN","NO","False","KEEP_DEVELOPMENT","60afff95f91adebf6591660f148df6d09583a68d55812b0c61bed447b8a74754"
".git\objects\6a\415410ebbd3dd2b1662adeb1f033f8e4f05cb7","[no extension]","2799","git-internal","NO/NOT SHOWN","NO","NO","NO","NO/NOT SHOWN","NO/NOT SHOWN","NO","False","KEEP_DEVELOPMENT","03bb3f0a7a45b0762628f8b267ba68a22da4fab0ce725b95a42e7a3fae1b6ab2"
".git\objects\6a\564c7a29ca532bd28d2c23451c41eb8b879a7e","[no extension]","747","git-internal","NO/NOT SHOWN","NO","NO","NO","NO/NOT SHOWN","NO/NOT SHOWN","NO","False","KEEP_DEVELOPMENT","cc6324ecc7e68ae8c1dc76660827e05319197c1547560418f095f3ed8fe958d9"
".git\objects\6a\b093e6e34a5e772d0e05f6197175d76df482ea","[no extension]","400","git-internal","NO/NOT SHOWN","NO","NO","NO","NO/NOT SHOWN","NO/NOT SHOWN","NO","False","KEEP_DEVELOPMENT","759de0c27acf1d43c56e6ddb6732f6322071464c5a06302bd0322d740bba72ff"
".git\objects\6a\b6383fc5854ca5c62494264a0ca3d6693726c8","[no extension]","251","git-internal","NO/NOT SHOWN","NO","NO","NO","NO/NOT SHOWN","NO/NOT SHOWN","NO","False","KEEP_DEVELOPMENT","e0acc000b97b03b1da5b0efdb0708408cf8b65cc0a1ea400d25363e597f5c14d"
".git\objects\6a\bac80022c8e5f4500c4c14f4c3edd8a44d9bd9","[no extension]","430","git-internal","NO/NOT SHOWN","NO","NO","NO","NO/NOT SHOWN","NO/NOT SHOWN","NO","False","KEEP_DEVELOPMENT","d67881c591028197842b0504c1e4d37821b93dd53d5113a12376185f328c38c5"
".git\objects\6a\c19194073b95a0d274f7a412ed33a66c279e95","[no extension]","195","git-internal","NO/NOT SHOWN","NO","NO","NO","NO/NOT SHOWN","NO/NOT SHOWN","NO","False","KEEP_DEVELOPMENT","df74235c4d01de83ceaa9eb3a7bf94cbe37b5f0dac506d580e53edcfd00b38bf"
".git\objects\6a\de1c5ea8bf6cfec8027761c13908b2ac76c8a6","[no extension]","273","git-internal","NO/NOT SHOWN","NO","NO","NO","NO/NOT SHOWN","NO/NOT SHOWN","NO","False","KEEP_DEVELOPMENT","35b4d10caec1945581eaaeca3eb29d2105cc5b1af954c5875cb20167bcc77fdd"
".git\objects\6a\e164cbde6aa729eecc347e48623e469b59e16b","[no extension]","143","git-internal","NO/NOT SHOWN","NO","NO","NO","NO/NOT SHOWN","NO/NOT SHOWN","NO","False","KEEP_DEVELOPMENT","e4a5db93da95397e7a38e0ba02da03c843a069bf7a2a65103a5314a3dca01926"
".git\objects\6b\2b3e3763ae4cb283d2777d9e13073d25e8159e","[no extension]","1376","git-internal","NO/NOT SHOWN","NO","NO","NO","NO/NOT SHOWN","NO/NOT SHOWN","NO","False","KEEP_DEVELOPMENT","362f740e9687153bf81b03950c5cdd70c995943373d5e7861bb11f8a9ac4f03e"
".git\objects\6b\30dc5aa5c5e2de2c648c00aa3b296491e2bafe","[no extension]","6968","git-internal","NO/NOT SHOWN","NO","NO","NO","NO/NOT SHOWN","NO/NOT SHOWN","NO","False","KEEP_DEVELOPMENT","025d0beb55493a68f20dc53a86f6c0b78b37f34c6a1b970085c8e92ff1542cb4"
".git\objects\6b\637095ec82831f864edf8ef36cc3cbaacffafd","[no extension]","289","git-internal","NO/NOT SHOWN","NO","NO","NO","NO/NOT SHOWN","NO/NOT SHOWN","NO","False","KEEP_DEVELOPMENT","c31107d3685e64b0a5248a94d4b23cfc6753356c09fdb37e838713ec673790b9"
".git\objects\6b\7d8f1ba51563cd78d67d5e0e01b07ee3ca1185","[no extension]","895","git-internal","NO/NOT SHOWN","NO","NO","NO","NO/NOT SHOWN","NO/NOT SHOWN","NO","False","KEEP_DEVELOPMENT","6189ba163b982a190815111aefa1d1a74948d19df72cb7a2cd00fc7774064ade"
".git\objects\6b\7ff3261fb9a02c023ae35c78fa4ba637577db8","[no extension]","889","git-internal","NO/NOT SHOWN","NO","NO","NO","NO/NOT SHOWN","NO/NOT SHOWN","NO","False","KEEP_DEVELOPMENT","202d05e225c08f7ec2f50571a83773b6a318606c115e29a4c0f0e99f3a7c4744"
".git\objects\6b\853309bc323d8114a13a9ec91a1d6fadb0b69e","[no extension]","256","git-internal","NO/NOT SHOWN","NO","NO","NO","NO/NOT SHOWN","NO/NOT SHOWN","NO","False","KEEP_DEVELOPMENT","7ad90808f9b35cd58092f4bf9bc85df11604adc527e914c7888e310254a03632"
".git\objects\6b\c5362015f29d76ead9ad97934f809b41bd6008","[no extension]","739","git-internal","NO/NOT SHOWN","NO","NO","NO","NO/NOT SHOWN","NO/NOT SHOWN","NO","False","KEEP_DEVELOPMENT","10cca02805fa0bb416c8cec922e7f470733bc0b8e47290c2871d507e25ee0196"
".git\objects\6b\cd0d8f1be0a2b434974dc6b3766852e07c76ec","[no extension]","326","git-internal","NO/NOT SHOWN","NO","NO","NO","NO/NOT SHOWN","NO/NOT SHOWN","NO","False","KEEP_DEVELOPMENT","5d2e59a849a5cc539a94c845cdd9d4ae78d3ab680d5654bf1079dd978e877342"
".git\objects\6c\2e3c9d32039c8ad202b96432716562dca5224e","[no extension]","1183","git-internal","NO/NOT SHOWN","NO","NO","NO","NO/NOT SHOWN","NO/NOT SHOWN","NO","False","KEEP_DEVELOPMENT","ae004ca1eaa4d511c962cdb67527441b194ea13d2cbfa129db31d9107e585dbd"
".git\objects\6c\4b4fd5bb9c550cb321d22b4bce0e591af675de","[no extension]","960","git-internal","NO/NOT SHOWN","NO","NO","NO","NO/NOT SHOWN","NO/NOT SHOWN","NO","False","KEEP_DEVELOPMENT","6d373298085c71588542adfd64cf57f10de3474a8bac6b60e71db55491c08217"
".git\objects\6c\4ca7dc78da26a5927696d9244d8c337e379004","[no extension]","742","git-internal","NO/NOT SHOWN","NO","NO","NO","NO/NOT SHOWN","NO/NOT SHOWN","NO","False","KEEP_DEVELOPMENT","3980236342095f9c7989f8ccf44f5db5a427fb14a4f6fbf4870e25740e4ad1b6"
".git\objects\6c\61b1eaf18fb2ddf5a8ca25912a26fd623b91c8","[no extension]","2130","git-internal","NO/NOT SHOWN","NO","NO","NO","NO/NOT SHOWN","NO/NOT SHOWN","NO","False","KEEP_DEVELOPMENT","d10a5ea87bf482d5f58df2f3a31b731b3549516fb80737529d86767539f9bd34"
".git\objects\6c\7842960a278ded7fa9a132b2815c89bc86b918","[no extension]","415","git-internal","NO/NOT SHOWN","NO","NO","NO","NO/NOT SHOWN","NO/NOT SHOWN","NO","False","KEEP_DEVELOPMENT","9cc77795012a423d56770445486f902cc26bb712d7d4f10d5f9788ce2020e459"
".git\objects\6c\9660d5d6d1331b5a5e5b554d59ec222ce23c81","[no extension]","144","git-internal","NO/NOT SHOWN","NO","NO","NO","NO/NOT SHOWN","NO/NOT SHOWN","NO","False","KEEP_DEVELOPMENT","dd7892aba568601c526a4d46897eeeebe18fc93c3f5fcfbe9f669cce36d91729"
".git\objects\6c\a306da3f753bdf5cf58a41a319637748447521","[no extension]","193","git-internal","NO/NOT SHOWN","NO","NO","NO","NO/NOT SHOWN","NO/NOT SHOWN","NO","False","KEEP_DEVELOPMENT","1ba18514f6602543d84e5894c20259e54b9bbc29f3e8c4a90b5f8323e1420744"
".git\objects\6c\a45c5e017ac4ea63f5e2aed7e965c13c6dc645","[no extension]","2843","git-internal","NO/NOT SHOWN","NO","NO","NO","NO/NOT SHOWN","NO/NOT SHOWN","NO","False","KEEP_DEVELOPMENT","7f206b0d09fe8c09a7472653f101f474fa458501a3c17e9257bcddf7fcfa83a2"
".git\objects\6c\ab6aab833db6412ed1368c5b687b4665a1cd0a","[no extension]","1814","git-internal","NO/NOT SHOWN","NO","NO","NO","NO/NOT SHOWN","NO/NOT SHOWN","NO","False","KEEP_DEVELOPMENT","b805dae947d4d27666ffbd42feb978e698150cd33b5dc2b740f3650687b969d7"
".git\objects\6c\be166e59c1be0681930be2e97bf3f8026f7c57","[no extension]","289","git-internal","NO/NOT SHOWN","NO","NO","NO","NO/NOT SHOWN","NO/NOT SHOWN","NO","False","KEEP_DEVELOPMENT","5e176854bfae66e4b56bebbd8554b5f530c4ed6f070b2243d7270c3e6f24c864"
".git\objects\6c\fb75f44659e3f53cf8f9fa4f9e4fdf254c5c11","[no extension]","668","git-internal","NO/NOT SHOWN","NO","NO","NO","NO/NOT SHOWN","NO/NOT SHOWN","NO","False","KEEP_DEVELOPMENT","9771ee08e430dfac7c808cce297af60cf8d7e736976c8455d06d120872d5ee70"
".git\objects\6d\069e3835ff98655eec46d53e85ad41c02bb395","[no extension]","237","git-internal","NO/NOT SHOWN","NO","NO","NO","NO/NOT SHOWN","NO/NOT SHOWN","NO","False","KEEP_DEVELOPMENT","a38115b603bc3bbe6eee0a89f979b6ecbb12456157152952fe299f14615250f4"
".git\objects\6d\3650b69b4ed8c92f3fab0f209c0d151229d091","[no extension]","159","git-internal","NO/NOT SHOWN","NO","NO","NO","NO/NOT SHOWN","NO/NOT SHOWN","NO","False","KEEP_DEVELOPMENT","f8e91ae083cc3031ed8404ec76d5dade8a8d053adbc0e5e04fa1963fce18b710"
".git\objects\6d\3a91558f9b4dcf96426750ae8891374dd62d6b","[no extension]","54","git-internal","NO/NOT SHOWN","NO","NO","NO","NO/NOT SHOWN","NO/NOT SHOWN","NO","False","KEEP_DEVELOPMENT","2bf615ec16bad6d3f3cf775ac6e542cfac914782418f63385d50b56cfa44761b"
".git\objects\6d\3ed855ade1f819fea2f334acb7fcf901f6f358","[no extension]","194","git-internal","NO/NOT SHOWN","NO","NO","NO","NO/NOT SHOWN","NO/NOT SHOWN","NO","False","KEEP_DEVELOPMENT","5d0986f51318882e9712f4bbb6e50eb853edb6f3c5f92fc6347af46f4fb5053c"
".git\objects\6d\55c12b9b682a352bfd7bc077c7728541acc2d5","[no extension]","122","git-internal","NO/NOT SHOWN","NO","NO","NO","NO/NOT SHOWN","NO/NOT SHOWN","NO","False","KEEP_DEVELOPMENT","a45837a7db81b9d87892aac5382f82177182c909239692299318cf181756ff73"
".git\objects\6d\6f6e989bead1598b37c09a5e2c34c6da6e8597","[no extension]","152","git-internal","NO/NOT SHOWN","NO","NO","NO","NO/NOT SHOWN","NO/NOT SHOWN","NO","False","KEEP_DEVELOPMENT","8083543ffd312abb502aa7bb44aec40d35c0c0c35a0b551a9f24b31d85197675"
".git\objects\6d\7dba0851607f7efaf07c2a6e364af59bcc3417","[no extension]","520","git-internal","NO/NOT SHOWN","NO","NO","NO","NO/NOT SHOWN","NO/NOT SHOWN","NO","False","KEEP_DEVELOPMENT","760577356ca13987a739e4c497dacad2529f0949ab007c505bc8ce143afbb274"
".git\objects\6d\9813f3ab454c2f6960a34b7be4778fc824f5d8","[no extension]","106","git-internal","NO/NOT SHOWN","NO","NO","NO","NO/NOT SHOWN","NO/NOT SHOWN","NO","False","KEEP_DEVELOPMENT","60a2a83b9e9fa48b6ff07704396f38951a1c7a3bf02d506721d080e17762ee1c"
".git\objects\6d\b9a7308a797e0104a5afcb5b98e9df8044b9ec","[no extension]","1423","git-internal","NO/NOT SHOWN","NO","NO","NO","NO/NOT SHOWN","NO/NOT SHOWN","NO","False","KEEP_DEVELOPMENT","72422a2c3f793cf73b7facd25ac139a5d5d4cfa3f7b159b95adc08fc897bc418"
".git\objects\6d\fea0b51fec33fb2804e6b91592d5599c62cf16","[no extension]","141","git-internal","NO/NOT SHOWN","NO","NO","NO","NO/NOT SHOWN","NO/NOT SHOWN","NO","False","KEEP_DEVELOPMENT","013b1495f7dee70b7d7420c582803eb90b127418668955dba35ee480afd6a009"
".git\objects\6d\feab0c7efdf28792982b4b850ecad1d6ecb224","[no extension]","2396","git-internal","NO/NOT SHOWN","NO","NO","NO","NO/NOT SHOWN","NO/NOT SHOWN","NO","False","KEEP_DEVELOPMENT","fd9597005e5f97bc915fa8f861a88599fe0d4dfc6a7048977f36532285250762"
".git\objects\6e\084bb7fc87230d36b6ff05404b554b2b6113c4","[no extension]","456","git-internal","NO/NOT SHOWN","NO","NO","NO","NO/NOT SHOWN","NO/NOT SHOWN","NO","False","KEEP_DEVELOPMENT","e8e89eacef7fe462882ae96af043f0a63621185cf3f4e4c0be8249c399f07c5b"
".git\objects\6e\0a12887b2c64bc705f646e176982234c8da4ff","[no extension]","3568","git-internal","NO/NOT SHOWN","NO","NO","NO","NO/NOT SHOWN","NO/NOT SHOWN","NO","False","KEEP_DEVELOPMENT","5eb1fec82bb8873c3c7df5c7e65bf64d5dfd6b90246abd3a94e98c40b55fbeb1"
".git\objects\6e\3b125724a0ff5ed442ad1fba29e61b2d4238f6","[no extension]","110","git-internal","NO/NOT SHOWN","NO","NO","NO","NO/NOT SHOWN","NO/NOT SHOWN","NO","False","KEEP_DEVELOPMENT","8132705c2241f8da5ea060fa15dafe10ea921b1f797743183273190bce526764"
".git\objects\6e\3d5370b28d0e5103565b0ce8aba69284d3a995","[no extension]","56","git-internal","NO/NOT SHOWN","NO","NO","NO","NO/NOT SHOWN","NO/NOT SHOWN","NO","False","KEEP_DEVELOPMENT","93db414f4a16d3891e9f5ab8b19652f4f645bf4afe1148e5f073511aecd6d2aa"
".git\objects\6e\3d596b00fc184baaef0c228f0d8f34466d2917","[no extension]","4350","git-internal","NO/NOT SHOWN","NO","NO","NO","NO/NOT SHOWN","NO/NOT SHOWN","NO","False","KEEP_DEVELOPMENT","9a2b75f9e780726fbe6cba5f450319e2dd79d7e6bd599e2930e70c72f3cdaea2"
".git\objects\6e\806a239407d4df7274a55bb2022ca42e706776","[no extension]","374","git-internal","NO/NOT SHOWN","NO","NO","NO","NO/NOT SHOWN","NO/NOT SHOWN","NO","False","KEEP_DEVELOPMENT","74e95133b9ae480b540006fbfb0d894b858e6d3e293c61c0c4f837ded75f67e0"
".git\objects\6e\99494cdfbe320c2cd49dce41767db7b44156de","[no extension]","3319","git-internal","NO/NOT SHOWN","NO","NO","NO","NO/NOT SHOWN","NO/NOT SHOWN","NO","False","KEEP_DEVELOPMENT","8f91e11b6aaae94a18b9b7dbf5fe3a3ba2a27d6ab294efb3d1a37a85e67bbdfd"
".git\objects\6e\b9a4d96d406267ad5626ae11a97f952edbc0b9","[no extension]","1594","git-internal","NO/NOT SHOWN","NO","NO","NO","NO/NOT SHOWN","NO/NOT SHOWN","NO","False","KEEP_DEVELOPMENT","265f5b4a71f130251681252b727495d3ed77d2a7b29401d358768659dba16f25"
".git\objects\6f\1ea552aafdfc7eb33aee04379e4910739650f7","[no extension]","165","git-internal","NO/NOT SHOWN","NO","NO","NO","NO/NOT SHOWN","NO/NOT SHOWN","NO","False","KEEP_DEVELOPMENT","78ee3ea1397cee7dba6ae48a49d11341545ca6ab55bb86bcebdb13e49d4171a3"
".git\objects\6f\70f09beec2219624baeca92e2cd7deaa104fb4","[no extension]","29","git-internal","NO/NOT SHOWN","NO","NO","NO","NO/NOT SHOWN","NO/NOT SHOWN","NO","False","KEEP_DEVELOPMENT","3d4d85c39825e3c23b6e3b1c385c36b5f6be5e5e07f0f30068f40c66a5d9c2ac"
".git\objects\6f\7a24322b2fde36ebca2fc57f52be4d1cf2f8ad","[no extension]","53","git-internal","NO/NOT SHOWN","NO","NO","NO","NO/NOT SHOWN","NO/NOT SHOWN","NO","False","KEEP_DEVELOPMENT","75aaf1f231c1c64a49b0958743ac7a335f8fbbf7c697717b658eb49809c83880"
".git\objects\6f\d86b5b300191a7059f39ef6e9dd1774c7b0f78","[no extension]","1567","git-internal","NO/NOT SHOWN","NO","NO","NO","NO/NOT SHOWN","NO/NOT SHOWN","NO","False","KEEP_DEVELOPMENT","d1b12111004fc004aab82097d443c84407e075a1abd6920803a2785909a55c8b"
".git\objects\6f\ee58a6bd49c6f09f881b24ab46949df0b728d9","[no extension]","276","git-internal","NO/NOT SHOWN","NO","NO","NO","NO/NOT SHOWN","NO/NOT SHOWN","NO","False","KEEP_DEVELOPMENT","8b49997fd54826bac0cc2bb4795a4eae92c4c2c2cb627c98717eb1850c5eb7fe"
".git\objects\70\16ac16625c08344ec59ae41d171b7e79be2cc5","[no extension]","279","git-internal","NO/NOT SHOWN","NO","NO","NO","NO/NOT SHOWN","NO/NOT SHOWN","NO","False","KEEP_DEVELOPMENT","5f30203c8709668b02eb256ac1f94554e5abbc13c21d433f26440dfba0d97005"
".git\objects\70\1f2b5b4770e806cd3bc986df77789ee8a8daca","[no extension]","1128","git-internal","NO/NOT SHOWN","NO","NO","NO","NO/NOT SHOWN","NO/NOT SHOWN","NO","False","KEEP_DEVELOPMENT","6a8884d86bb8208927fbdff95b5f825042c63b2789626f27a8f2e235b43e8495"
".git\objects\70\22c5d1deab7ecd61e1f9b0ab07c67f84c02ac4","[no extension]","337","git-internal","NO/NOT SHOWN","NO","NO","NO","NO/NOT SHOWN","NO/NOT SHOWN","NO","False","KEEP_DEVELOPMENT","f0eee4c74ad522916dc997b73b824fafc8542e4e886c4ed9f17daae8d752d1e6"
".git\objects\70\407cc82d01fd62aaec59a6897ed3d0716655e9","[no extension]","6240","git-internal","NO/NOT SHOWN","NO","NO","NO","NO/NOT SHOWN","NO/NOT SHOWN","NO","False","KEEP_DEVELOPMENT","fb25aa26b83fd4a1c48644c1b34dd93cff41c902124d24b82448377f7f716b69"
".git\objects\70\590a70b576b987bda7e64c14829fd00098970a","[no extension]","578","git-internal","NO/NOT SHOWN","NO","NO","NO","NO/NOT SHOWN","NO/NOT SHOWN","NO","False","KEEP_DEVELOPMENT","1758fe85ffe06ede6b597c570a133b1628078f8fc091eb15c587fda77e9bfcef"
".git\objects\70\6a4dce4a815b140b355c8d5d96f58f28e7faee","[no extension]","2538","git-internal","NO/NOT SHOWN","NO","NO","NO","NO/NOT SHOWN","NO/NOT SHOWN","NO","False","KEEP_DEVELOPMENT","5b4e78b1d6e21e463ba70e77518dfa1e8b987cc67152c45c4a89e797bbeaa1d4"
".git\objects\70\a1bb9055e644cabfa23cba759fee49d5ac873d","[no extension]","399","git-internal","NO/NOT SHOWN","NO","NO","NO","NO/NOT SHOWN","NO/NOT SHOWN","NO","False","KEEP_DEVELOPMENT","56d41fc75df7b5e98e4dd5f18b99a12c8cd0429aed9142194947ec7acf58f48e"
".git\objects\71\4be852ab5c06ca0f25ca6294cfd4a57505c391","[no extension]","3395","git-internal","NO/NOT SHOWN","NO","NO","NO","NO/NOT SHOWN","NO/NOT SHOWN","NO","False","KEEP_DEVELOPMENT","a4ad6fe522f10f5e231b3b451aa7f36f2087db7fe35b5e9430f26353077780ff"
".git\objects\71\5c42504c108c78cb02c694b9940e115d7deea5","[no extension]","97","git-internal","NO/NOT SHOWN","NO","NO","NO","NO/NOT SHOWN","NO/NOT SHOWN","NO","False","KEEP_DEVELOPMENT","7aaa42c354fb87b0625ab9bfd9fa8d32b7ccb595de5f958b0a223570532f5bff"
".git\objects\71\7aecb9645e2bdcdbd9c9546a6ee05f5dddbeac","[no extension]","28222","git-internal","NO/NOT SHOWN","NO","NO","NO","NO/NOT SHOWN","NO/NOT SHOWN","NO","False","KEEP_DEVELOPMENT","4d65e7dbe6b24c6d8fed9617427852d626aa6dd763a7af7206596eb01dc57b35"
".git\objects\72\384034957f45ea17557a46f491c8f92984158d","[no extension]","472","git-internal","NO/NOT SHOWN","NO","NO","NO","NO/NOT SHOWN","NO/NOT SHOWN","NO","False","KEEP_DEVELOPMENT","143e1247d76aed1ffc66359b7ade0dfb410494daf4298c6a7425e2c9d0a4b147"
".git\objects\72\4d0e3174967d0dfc0e740dc81eafbb0468751d","[no extension]","805","git-internal","NO/NOT SHOWN","NO","NO","NO","NO/NOT SHOWN","NO/NOT SHOWN","NO","False","KEEP_DEVELOPMENT","176fc5c3da694e31242f34e2467661185570d79312736ea77b7410f77da60d8d"
".git\objects\72\5ec4661e0ab3ba600c856e41f94fa771c18305","[no extension]","211","git-internal","NO/NOT SHOWN","NO","NO","NO","NO/NOT SHOWN","NO/NOT SHOWN","NO","False","KEEP_DEVELOPMENT","32a2165293e509f142d127e0f214a046f87faf780eb2c86c563d41c457d42d75"
".git\objects\72\71e7aa24877c128a8335e8dcef5356095e8698","[no extension]","1879","git-internal","NO/NOT SHOWN","NO","NO","NO","NO/NOT SHOWN","NO/NOT SHOWN","NO","False","KEEP_DEVELOPMENT","32dd60414dcbad5a438e2849f1234f66f54081ff6a04c4bdbbaaf2cacab4c117"
".git\objects\72\7b4e9d3968330c6b7dfda1dab69d129cc0d25c","[no extension]","153","git-internal","NO/NOT SHOWN","NO","NO","NO","NO/NOT SHOWN","NO/NOT SHOWN","NO","False","KEEP_DEVELOPMENT","482fbab8b2a46280e6ebf35e4eac3973beffbe7a23a31cad671909ceacae1d5d"
".git\objects\72\c2faea863e48d2cc90841bb9a19d9f18297e89","[no extension]","1634","git-internal","NO/NOT SHOWN","NO","NO","NO","NO/NOT SHOWN","NO/NOT SHOWN","NO","False","KEEP_DEVELOPMENT","f3017f3202ab8237b2961196d327996198f00e5387badfcbd67740dca8fd1811"
".git\objects\72\ea2b9c6923c83617d8113109c132d0c090c909","[no extension]","397","git-internal","NO/NOT SHOWN","NO","NO","NO","NO/NOT SHOWN","NO/NOT SHOWN","NO","False","KEEP_DEVELOPMENT","4e310131c0010b29c4c7b22cd6f98315d288544ad5a08353e7b17ddbd90489c6"
".git\objects\73\170806c595f039c82565d8f80f08965e22dba6","[no extension]","140","git-internal","NO/NOT SHOWN","NO","NO","NO","NO/NOT SHOWN","NO/NOT SHOWN","NO","False","KEEP_DEVELOPMENT","21679352cf663bf0d6c2a5f8b4290936c511237390fa4d4e429f8dd4cefe3752"
".git\objects\73\45194a1c6b430a085786135ac63a23c5acf26e","[no extension]","540","git-internal","NO/NOT SHOWN","NO","NO","NO","NO/NOT SHOWN","NO/NOT SHOWN","NO","False","KEEP_DEVELOPMENT","f05fff35d109a6a9a4e2a1fa0150606de1efcea357c6fb441a105c8f7f6e23c2"
".git\objects\73\5035c5d48287a14b86e0a1d1b1558e2431b85c","[no extension]","867","git-internal","NO/NOT SHOWN","NO","NO","NO","NO/NOT SHOWN","NO/NOT SHOWN","NO","False","KEEP_DEVELOPMENT","3cbe5a26423f3275e2c0e659145804dfd798a20a0016c6a477e15111d1e8f4a1"
".git\objects\73\753ae458d97df2ab522acc5eb6fe71175bed88","[no extension]","409","git-internal","NO/NOT SHOWN","NO","NO","NO","NO/NOT SHOWN","NO/NOT SHOWN","NO","False","KEEP_DEVELOPMENT","a50464b1700eb5152a9ce7123297df9b7fafaa7e665e6c0736370cb51334029c"
".git\objects\73\7e71bb3df1a70b578a4d8302eb2d283c68fcf1","[no extension]","56","git-internal","NO/NOT SHOWN","NO","NO","NO","NO/NOT SHOWN","NO/NOT SHOWN","NO","False","KEEP_DEVELOPMENT","eb78fe2ff41800972a3e37ecb882e90a9f7743a47227267b960e1f276e991fc6"
".git\objects\73\b2c7c649b8332cebcc71e147dbd6bf1ba8d9f8","[no extension]","543","git-internal","NO/NOT SHOWN","NO","NO","NO","NO/NOT SHOWN","NO/NOT SHOWN","NO","False","KEEP_DEVELOPMENT","9352330d6ce499c13ebcfe43ea62238dc033536780f25857ed9bf217444156c8"
".git\objects\73\cc9bf99ad4cb748da350dc633b0be6efa3af80","[no extension]","321","git-internal","NO/NOT SHOWN","NO","NO","NO","NO/NOT SHOWN","NO/NOT SHOWN","NO","False","KEEP_DEVELOPMENT","39194b0c28c14f344be1f4f343e095a1fe160d028ad6711299e3a99366bc0737"
".git\objects\73\f4780963dcbbcf1cab10be6b6331cc20947248","[no extension]","154","git-internal","NO/NOT SHOWN","NO","NO","NO","NO/NOT SHOWN","NO/NOT SHOWN","NO","False","KEEP_DEVELOPMENT","537369b1ad6b95a6507832ee9156676bd2e748c0e495620a506175b4138e53c8"
".git\objects\73\f4f30434a0ab42c8a686678449ea072e70d955","[no extension]","50","git-internal","NO/NOT SHOWN","NO","NO","NO","NO/NOT SHOWN","NO/NOT SHOWN","NO","False","KEEP_DEVELOPMENT","d04fdd18f9684af3f0e05d8ada806be7bb2344fb444519e7423a0bb0740564e6"
".git\objects\74\42b0e2b09a68438c73352249569fcb971f224c","[no extension]","3866","git-internal","NO/NOT SHOWN","NO","NO","NO","NO/NOT SHOWN","NO/NOT SHOWN","NO","False","KEEP_DEVELOPMENT","15a25802cf5d2287cf66654213af39d87a42d2aa56020619b018e14a46b12192"
".git\objects\74\56644926efed272a103d46e75ef6532b3c39fc","[no extension]","3238","git-internal","NO/NOT SHOWN","NO","NO","NO","NO/NOT SHOWN","NO/NOT SHOWN","NO","False","KEEP_DEVELOPMENT","b8ba3223c334770582786dad133000552ca688c85f7717111c80b8238f15f05e"
".git\objects\74\69e8ac8cfbefcb2db8af1f311cf320c7afcc23","[no extension]","540","git-internal","NO/NOT SHOWN","NO","NO","NO","NO/NOT SHOWN","NO/NOT SHOWN","NO","False","KEEP_DEVELOPMENT","58d1a92b46d9522549f2d64c1c020db4d5c7410fa57ddd23f84211d7e30c8967"
".git\objects\74\874029cb4cae8f2cc790b0b2de2a25b95291d7","[no extension]","28551","git-internal","NO/NOT SHOWN","NO","NO","NO","NO/NOT SHOWN","NO/NOT SHOWN","NO","False","KEEP_DEVELOPMENT","87b2b966e68d7cb6b5a2c57aae64b68d2fbb2e0f353f0e7e72966172edd2374f"
".git\objects\74\8cf71d4b091e6f5943b939d7f2d1711671798c","[no extension]","126","git-internal","NO/NOT SHOWN","NO","NO","NO","NO/NOT SHOWN","NO/NOT SHOWN","NO","False","KEEP_DEVELOPMENT","4d6a2072fb595ad9c3bd1854de5f59c57405c9ed947d0b5274c5f9db14fc008b"
".git\objects\74\a3cb9e9e7a0b9c1527de7395f2145f5d39adf3","[no extension]","1786","git-internal","NO/NOT SHOWN","NO","NO","NO","NO/NOT SHOWN","NO/NOT SHOWN","NO","False","KEEP_DEVELOPMENT","ae23f93c10e5f4485eda2639bf79334c5e88f6946cf2d0bf90739a08d1f6323d"
".git\objects\74\c5cb2addb3a1a4fbf930bede40573e0b759a01","[no extension]","2346","git-internal","NO/NOT SHOWN","NO","NO","NO","NO/NOT SHOWN","NO/NOT SHOWN","NO","False","KEEP_DEVELOPMENT","6082b3da11d6ee2d0b55b2c05f451e1c881b8741e9efaedcf616e2e8768e0ea8"
".git\objects\74\f6d6c31be0a99d5317988d1882ff01afa5d686","[no extension]","1107","git-internal","NO/NOT SHOWN","NO","NO","NO","NO/NOT SHOWN","NO/NOT SHOWN","NO","False","KEEP_DEVELOPMENT","9d10ff50ac04a4fba310385fae3eb48049cc18be1f124d58369cb453ab671fe0"
".git\objects\75\03642fbbd43a24784df82528bbef241ddf7da1","[no extension]","791","git-internal","NO/NOT SHOWN","NO","NO","NO","NO/NOT SHOWN","NO/NOT SHOWN","NO","False","KEEP_DEVELOPMENT","825c32ba57e77889d0309617103cd37caf437c908ab4f1d77f291cbc65bb5132"
".git\objects\75\1b52d3d73b2af082b2e5f94283965a5516fc1a","[no extension]","201","git-internal","NO/NOT SHOWN","NO","NO","NO","NO/NOT SHOWN","NO/NOT SHOWN","NO","False","KEEP_DEVELOPMENT","e1d2986ded48e0198afeb473cc67ff81d2e7fe5a6bc684a35c1c09fa8599f964"
".git\objects\75\3b5fe0b48d2fd1eaccb04e7a56add3c2da97d0","[no extension]","1740","git-internal","NO/NOT SHOWN","NO","NO","NO","NO/NOT SHOWN","NO/NOT SHOWN","NO","False","KEEP_DEVELOPMENT","a1189765c58e84dbb68b9feddb4144fe29c5e0c5ceaf22140a61a225765a5d5e"
".git\objects\75\3d97880dc1dbd8bba1e769fc773614638a2c32","[no extension]","791","git-internal","NO/NOT SHOWN","NO","NO","NO","NO/NOT SHOWN","NO/NOT SHOWN","NO","False","KEEP_DEVELOPMENT","2acb047d18604d60f760fd01494c83b0831b6dff8453fe3fec6160aeb2986b51"
".git\objects\75\8c057624d59e85fbfecdc08731486722e13e21","[no extension]","817","git-internal","NO/NOT SHOWN","NO","NO","NO","NO/NOT SHOWN","NO/NOT SHOWN","NO","False","KEEP_DEVELOPMENT","4bf33c94baaac2db88bf1dd1d6099b97fd2b5ff5eeee1d0a4ba3148f68cc2f2e"
".git\objects\75\b84f976aed1c1d133fee2bd7cebb27b1fe2296","[no extension]","8246","git-internal","NO/NOT SHOWN","NO","NO","NO","NO/NOT SHOWN","NO/NOT SHOWN","NO","False","KEEP_DEVELOPMENT","4078898d0a8b44b4c62c2370a5ad1490bb05216946c966d8ca4b00688f81f21d"
".git\objects\75\ed909e8f173686a9cf123c572829f762eabad3","[no extension]","104","git-internal","NO/NOT SHOWN","NO","NO","NO","NO/NOT SHOWN","NO/NOT SHOWN","NO","False","KEEP_DEVELOPMENT","7ed005339e529151890b5b80f1dd1d45a4251883e3f8ba8e63e10bf20f4ec4af"
".git\objects\76\0dc59fb2f279de21689165a1d1ca4cc47f2913","[no extension]","4107","git-internal","NO/NOT SHOWN","NO","NO","NO","NO/NOT SHOWN","NO/NOT SHOWN","NO","False","KEEP_DEVELOPMENT","e9b33652afb7975e2004cc7c339024522dd2e2e6bccd0c6324434683adae361a"
".git\objects\76\3ad6b7086722d94ad51f1c4a4b4d0f3110210a","[no extension]","56","git-internal","NO/NOT SHOWN","NO","NO","NO","NO/NOT SHOWN","NO/NOT SHOWN","NO","False","KEEP_DEVELOPMENT","ebe6fbbc15f65674bb5951d869bd3b28a9290abe535136cb479ac83ddc8e17e0"
".git\objects\76\6eded0ce7f4f58532a8e43bd8adf34344a24e5","[no extension]","753","git-internal","NO/NOT SHOWN","NO","NO","NO","NO/NOT SHOWN","NO/NOT SHOWN","NO","False","KEEP_DEVELOPMENT","48bd92e99b28817b5d423097b775158945152715fefdabfd255b2a6e5f55ee58"
".git\objects\76\8a415293e56d271cb31c478b3cccd99a00b167","[no extension]","49","git-internal","NO/NOT SHOWN","NO","NO","NO","NO/NOT SHOWN","NO/NOT SHOWN","NO","False","KEEP_DEVELOPMENT","0ff8e19076a1c56e6bfd85c7c84ad6dd8cb4b7ba10dc3f2bce2679f5962015fe"
".git\objects\76\a814cee5e3fd97eceb8b285a97391c9ca3a74f","[no extension]","1550","git-internal","NO/NOT SHOWN","NO","NO","NO","NO/NOT SHOWN","NO/NOT SHOWN","NO","False","KEEP_DEVELOPMENT","bee0d348812ae6e70f431a67c44143a5720a1891e1ef71d6fb0fd7e7d0b43958"
".git\objects\76\b7d2897cbb3452faae9fcdc302a6c4b2e70506","[no extension]","3070","git-internal","NO/NOT SHOWN","NO","NO","NO","NO/NOT SHOWN","NO/NOT SHOWN","NO","False","KEEP_DEVELOPMENT","1e5202e3217d1294267a425f96396ce687f99cefe9626c0f32d3fd7d96d0f65b"
".git\objects\77\0fc9eb9ab3e9cc3080ac8b9661f13a35e482d9","[no extension]","199","git-internal","NO/NOT SHOWN","NO","NO","NO","NO/NOT SHOWN","NO/NOT SHOWN","NO","False","KEEP_DEVELOPMENT","fc45a8f9647e4a012334de8247f4119ff58ea44209865e6c9f4bb5ac016cb03f"
".git\objects\77\73dd303aa6f5d7c549e210bc59e0a1dbf87ee3","[no extension]","400","git-internal","NO/NOT SHOWN","NO","NO","NO","NO/NOT SHOWN","NO/NOT SHOWN","NO","False","KEEP_DEVELOPMENT","8ca889e6758d7e657ab78fc34da795db7d20725dd7f144b61f41f9fb5cef0f73"
".git\objects\77\971336a88c6b155b56e6030e1890f0553a3bb5","[no extension]","155","git-internal","NO/NOT SHOWN","NO","NO","NO","NO/NOT SHOWN","NO/NOT SHOWN","NO","False","KEEP_DEVELOPMENT","f28770e13f5b8d7c6564e122fe4c9e529bb110a51122821d9cd1b3c8e9125f69"
".git\objects\77\c0e0013bb9a314c330faf265035623f3c13823","[no extension]","9305","git-internal","NO/NOT SHOWN","NO","NO","NO","NO/NOT SHOWN","NO/NOT SHOWN","NO","False","KEEP_DEVELOPMENT","58b5b7997bd8117a24dfc6dd7179c81dbcb2072bafc74e24aff46bfcb1211b7f"
".git\objects\77\f547f7b6f32912f703327415587ed3872862f8","[no extension]","4897","git-internal","NO/NOT SHOWN","NO","NO","NO","NO/NOT SHOWN","NO/NOT SHOWN","NO","False","KEEP_DEVELOPMENT","2d5c02302042bbd1ba23a2b89aef79ef2083dfea68653d4d300522c8485ee2e8"
".git\objects\78\226704fc29d96ed37226c7a74c6949271e14d1","[no extension]","344","git-internal","NO/NOT SHOWN","NO","NO","NO","NO/NOT SHOWN","NO/NOT SHOWN","NO","False","KEEP_DEVELOPMENT","f1ad2e7d631791338544e6d251e211c01d50ff2f5153b950d891650ccc1d89ac"
".git\objects\79\0feb63c48c477c8eef5bfccae002e6e2865b2c","[no extension]","1146","git-internal","NO/NOT SHOWN","NO","NO","NO","NO/NOT SHOWN","NO/NOT SHOWN","NO","False","KEEP_DEVELOPMENT","e79b23de33158c13c3f7d77536da9870b8d224b7e023477c1e5d7076bf15a090"
".git\objects\79\2baecd5a8813d9a209419674c31a714fc71ec3","[no extension]","1074","git-internal","NO/NOT SHOWN","NO","NO","NO","NO/NOT SHOWN","NO/NOT SHOWN","NO","False","KEEP_DEVELOPMENT","94a7d1661389d32f4e66195c5bc9c4b099822b3b3f8ac7faeb0c762481e5bcde"
".git\objects\79\4e3eb680f1af22ce71acc58eb88ad416e575ed","[no extension]","195","git-internal","NO/NOT SHOWN","NO","NO","NO","NO/NOT SHOWN","NO/NOT SHOWN","NO","False","KEEP_DEVELOPMENT","1535729dd9f8bb38399bdf8cf7e1c90fba3c336df7a2edf94ea4c794da1f1e54"
".git\objects\79\4e85ed135baec71d4e06ae97617156c0a06cc7","[no extension]","512","git-internal","NO/NOT SHOWN","NO","NO","NO","NO/NOT SHOWN","NO/NOT SHOWN","NO","False","KEEP_DEVELOPMENT","4f05cc88de8eef92283c4ffdf6dc309b5cc2118a00bac81e4f651ebcd1dee1e5"
".git\objects\79\698cbf8789f91a3be2d89a5d8c86fc4d8fae18","[no extension]","667","git-internal","NO/NOT SHOWN","NO","NO","NO","NO/NOT SHOWN","NO/NOT SHOWN","NO","False","KEEP_DEVELOPMENT","39ef76e25b0ff58a9d6ef8d562d015d76fc4a5351f9ed2b7336f1666612234c3"
".git\objects\79\6cee2849253ec60ef65f1478c1e2c67eea5e19","[no extension]","2650","git-internal","NO/NOT SHOWN","NO","NO","NO","NO/NOT SHOWN","NO/NOT SHOWN","NO","False","KEEP_DEVELOPMENT","a641d57b431905e60c6cf3b40b8bd353d1f0da6e9aec46e7b8f82f7f127f0e9d"
".git\objects\79\806303bf4ac8a4c37b78667c20a210e5fc63b0","[no extension]","450","git-internal","NO/NOT SHOWN","NO","NO","NO","NO/NOT SHOWN","NO/NOT SHOWN","NO","False","KEEP_DEVELOPMENT","05003bf8deb60f57f1a6d9bad05992d2620bd0270ccb503d558504b5ad3ddbfa"
".git\objects\79\b3394f02eb968e7a473145bc13066d34234e7c","[no extension]","1533","git-internal","NO/NOT SHOWN","NO","NO","NO","NO/NOT SHOWN","NO/NOT SHOWN","NO","False","KEEP_DEVELOPMENT","2532bb99b5f742559302e40e2cd5627a4a365dee2c96e01ef631f2c063e9770f"
".git\objects\79\cd7c78ace2751a2bdca0489e9fe569c9a44c3b","[no extension]","276","git-internal","NO/NOT SHOWN","NO","NO","NO","NO/NOT SHOWN","NO/NOT SHOWN","NO","False","KEEP_DEVELOPMENT","f01f419151884bcd80c712fac6000c7f15fb14a12427da2e2aaa6114ff5b0f08"
".git\objects\7a\7dc0f4cf2c1016dba63b1087d511878080f9ad","[no extension]","1103","git-internal","NO/NOT SHOWN","NO","NO","NO","NO/NOT SHOWN","NO/NOT SHOWN","NO","False","KEEP_DEVELOPMENT","11413e99cefd7d81d974c7ff9900b7033831e9767f96dc825dc801183ba4aed3"
".git\objects\7a\946d1e5ff7c28923ef64f5ea72044e948af464","[no extension]","378","git-internal","NO/NOT SHOWN","NO","NO","NO","NO/NOT SHOWN","NO/NOT SHOWN","NO","False","KEEP_DEVELOPMENT","c7cd70f3082bc6be03714e343787d1e99fccbe289d618e63bcfa96861cf63915"
".git\objects\7a\bb7187bc53d8b1a0fda2418559280caa61f762","[no extension]","1228","git-internal","NO/NOT SHOWN","NO","NO","NO","NO/NOT SHOWN","NO/NOT SHOWN","NO","False","KEEP_DEVELOPMENT","c03ff4575a6dfcebd0a17d2cb351efe92a3541f5e002b28795d8a9321f03f35f"
".git\objects\7a\c1fda907cd4e0c72b4c9770dcc11df329abe0d","[no extension]","638","git-internal","NO/NOT SHOWN","NO","NO","NO","NO/NOT SHOWN","NO/NOT SHOWN","NO","False","KEEP_DEVELOPMENT","8bb0b9772b8cd0361e51775bb1501ade62de06cf8dfe4e7ddae54562e2cc5b8c"
".git\objects\7a\cce5c22252c03bffd6763b0457b61fa2edddc2","[no extension]","30238","git-internal","NO/NOT SHOWN","NO","NO","NO","NO/NOT SHOWN","NO/NOT SHOWN","NO","False","KEEP_DEVELOPMENT","eb748e6062d0cf8ec627eb4692f3bdbc2efa199c81a702bb43ac3f40c9c02f13"
".git\objects\7a\d641671ed3ea3cb211600f1ead51b8cddd5f86","[no extension]","401","git-internal","NO/NOT SHOWN","NO","NO","NO","NO/NOT SHOWN","NO/NOT SHOWN","NO","False","KEEP_DEVELOPMENT","3e1954fc0ab7c1a9229d3951a92f1fae2e92997246ea4bfd26da774649e10dee"
".git\objects\7b\45d0f6e28c57ce68ea67c003bf11a958599b46","[no extension]","399","git-internal","NO/NOT SHOWN","NO","NO","NO","NO/NOT SHOWN","NO/NOT SHOWN","NO","False","KEEP_DEVELOPMENT","16f314243a61e5131151e4f7c6ad660f1a545239c865a0a7733a9518a93fe550"
".git\objects\7b\502e926b59f966b3a15c19c15294c0522b29f7","[no extension]","843","git-internal","NO/NOT SHOWN","NO","NO","NO","NO/NOT SHOWN","NO/NOT SHOWN","NO","False","KEEP_DEVELOPMENT","0943bf18ddb196ddbc454fa6d4f6ce67658b93f679bb44d80543cd8b49d7835d"
".git\objects\7b\53106bba9cb2409938c956accd275363f835ee","[no extension]","6250","git-internal","NO/NOT SHOWN","NO","NO","NO","NO/NOT SHOWN","NO/NOT SHOWN","NO","False","KEEP_DEVELOPMENT","642b9c9a20bfe1cd9e108e7a918b888fd9225e54f1b137a2bcf2850201962afb"
".git\objects\7b\b1c33506332bd97d22bfa20322f9614fa0de23","[no extension]","1572","git-internal","NO/NOT SHOWN","NO","NO","NO","NO/NOT SHOWN","NO/NOT SHOWN","NO","False","KEEP_DEVELOPMENT","9be6a44fe7eebe0c12fbe75254d3eae758f77661e1077a79a46bd57349354f7b"
".git\objects\7b\e11be7de251dd3754b38e9bd921a74b5349740","[no extension]","1416","git-internal","NO/NOT SHOWN","NO","NO","NO","NO/NOT SHOWN","NO/NOT SHOWN","NO","False","KEEP_DEVELOPMENT","2381e88b914148caf23c1486d3503f2bd8f43c3f3138b6ea2c3f4f1cc36ab04a"
".git\objects\7b\f8f8442222e53dc68ee96bcebb591b467f1265","[no extension]","47","git-internal","NO/NOT SHOWN","NO","NO","NO","NO/NOT SHOWN","NO/NOT SHOWN","NO","False","KEEP_DEVELOPMENT","b36f111adc00a45c6b99a692cfc818fc3b5b1547e478014e5d8a9a68285d4ac3"
".git\objects\7c\0c9421543f6dafb8528286961f2afd8cc29937","[no extension]","129","git-internal","NO/NOT SHOWN","NO","NO","NO","NO/NOT SHOWN","NO/NOT SHOWN","NO","False","KEEP_DEVELOPMENT","8982f0ce95211696f3e0db7352106aead3f1dea291f3b9a06c51ddcf621b74b9"
".git\objects\7c\1e82ab93dc6276f33b7ea4aca2f3a941bc6d5e","[no extension]","671","git-internal","NO/NOT SHOWN","NO","NO","NO","NO/NOT SHOWN","NO/NOT SHOWN","NO","False","KEEP_DEVELOPMENT","fb27148a4588c2b7167681d8dc6c026f8bb0746093ba077c7d0636758c07cca9"
".git\objects\7c\663acfbbe197cd09a003e3f2b0783192364f0a","[no extension]","598","git-internal","NO/NOT SHOWN","NO","NO","NO","NO/NOT SHOWN","NO/NOT SHOWN","NO","False","KEEP_DEVELOPMENT","404ae39558c964fb5249e903a000cf31b2843361924cb23d6b92232375430dd3"
".git\objects\7c\68e614f3009068fdaa2dc22992f92c0368033a","[no extension]","926","git-internal","NO/NOT SHOWN","NO","NO","NO","NO/NOT SHOWN","NO/NOT SHOWN","NO","False","KEEP_DEVELOPMENT","9fb907e051b871e2147f32f753384d0384fd9cff251351cb42d304d84f7ffa22"
".git\objects\7c\ae7f6a0eb13e31daf1e96b1959eecb18722ad2","[no extension]","316","git-internal","NO/NOT SHOWN","NO","NO","NO","NO/NOT SHOWN","NO/NOT SHOWN","NO","False","KEEP_DEVELOPMENT","d4552a182a0bd1c75ff9db904a19b16d158fd7916b8cd0b0c83f7687b88fab0c"
".git\objects\7c\ca675445a210a4814769e82996b4269dea7959","[no extension]","1048","git-internal","NO/NOT SHOWN","NO","NO","NO","NO/NOT SHOWN","NO/NOT SHOWN","NO","False","KEEP_DEVELOPMENT","94269d931bbb669c7f04bc227d00aff97e808f1da374149c2eb16dae71a71d12"
".git\objects\7c\cadac1d60a8a261df5e7f9f69645710ba6c172","[no extension]","9236","git-internal","NO/NOT SHOWN","NO","NO","NO","NO/NOT SHOWN","NO/NOT SHOWN","NO","False","KEEP_DEVELOPMENT","fd3a03b06a31063cdeb0efc87024c373a1387c1a85172b6cd4873eed1f0e02a2"
".git\objects\7d\21df956bbbb6e4f5c7f9cd3b213f39ccab38d7","[no extension]","227","git-internal","NO/NOT SHOWN","NO","NO","NO","NO/NOT SHOWN","NO/NOT SHOWN","NO","False","KEEP_DEVELOPMENT","6fa193e555c49ca8cce3d25679208eb9600f5389d3463b98f69144901d8258e5"
".git\objects\7d\284169dfa082036928e05bbed207a401496be3","[no extension]","200","git-internal","NO/NOT SHOWN","NO","NO","NO","NO/NOT SHOWN","NO/NOT SHOWN","NO","False","KEEP_DEVELOPMENT","fa0a4655605e48b2987ba6afb49399d733806e0934f88b93f6649f8acffbb7f4"
".git\objects\7d\56ec9e0a6495bb6a79f570f3640237115a3256","[no extension]","4746","git-internal","NO/NOT SHOWN","NO","NO","NO","NO/NOT SHOWN","NO/NOT SHOWN","NO","False","KEEP_DEVELOPMENT","0420e9421d143b47787bb338a5c756ac9931e09f9b77ab9957214dab880558a7"
".git\objects\7d\5909dc8bbe26482630f2852b19ac78de3c96e7","[no extension]","200","git-internal","NO/NOT SHOWN","NO","NO","NO","NO/NOT SHOWN","NO/NOT SHOWN","NO","False","KEEP_DEVELOPMENT","09c0f945f631c2c5aa7c10e35cf428d051383bb530cdc8fbc9c193dbe168b5cc"
".git\objects\7d\8cb2d43f5bbb4eeeca46cc509690f2668c0eac","[no extension]","879","git-internal","NO/NOT SHOWN","NO","NO","NO","NO/NOT SHOWN","NO/NOT SHOWN","NO","False","KEEP_DEVELOPMENT","75e4fd7d0c82987c164259ac9a8d3ec3893825532fae278f0a28abdf4f1cd30e"
".git\objects\7e\32c9d79581b3d9062b6e376dcdbf7461e41f70","[no extension]","38450","git-internal","NO/NOT SHOWN","NO","NO","NO","NO/NOT SHOWN","NO/NOT SHOWN","NO","False","KEEP_DEVELOPMENT","b6d4d912ea414aa3863357400c346290657c71edbfb255ea3b64258c55f22df8"
".git\objects\7e\46e26f2ed601513de94d6447ef47a05324b1fa","[no extension]","88","git-internal","NO/NOT SHOWN","NO","NO","NO","NO/NOT SHOWN","NO/NOT SHOWN","NO","False","KEEP_DEVELOPMENT","f814f09f86f9089c504ba9ed3c77e8d355acb406495f0ac2cfb625bf795aa78e"
".git\objects\7e\86d60cd1af9e4f8e0b8fe11f1639cf3ed481be","[no extension]","2151","git-internal","NO/NOT SHOWN","NO","NO","NO","NO/NOT SHOWN","NO/NOT SHOWN","NO","False","KEEP_DEVELOPMENT","2a1a0caedd62ab6240b3a12cb3d0bb0ecb09e0ef5892a1b1c2333356e53b33e5"
".git\objects\7e\a867b0262b9c6e980838ebe919dc8facaa8a09","[no extension]","527","git-internal","NO/NOT SHOWN","NO","NO","NO","NO/NOT SHOWN","NO/NOT SHOWN","NO","False","KEEP_DEVELOPMENT","89bc5583301f373784c7d622d840dd5eedde93fda702bf41b6913e2a6c8306e6"
".git\objects\7e\f5a943ca6e1e7abbef3520533341b26ed46f41","[no extension]","519","git-internal","NO/NOT SHOWN","NO","NO","NO","NO/NOT SHOWN","NO/NOT SHOWN","NO","False","KEEP_DEVELOPMENT","2afad70ae107ce310ba9d7a73346689c484087b31bfa6667e4ab43b35e74dbb4"
".git\objects\7f\507ea8a57cc302c4c852984a9a1299f6dc15b1","[no extension]","1099","git-internal","NO/NOT SHOWN","NO","NO","NO","NO/NOT SHOWN","NO/NOT SHOWN","NO","False","KEEP_DEVELOPMENT","6d1e7a4975761e983b733e2d9385c9125f8caa251c56c4aeb75db140b0a02a8d"
".git\objects\7f\6c0e80072a9fb5983edf5be7c0e5d76c32ecca","[no extension]","203","git-internal","NO/NOT SHOWN","NO","NO","NO","NO/NOT SHOWN","NO/NOT SHOWN","NO","False","KEEP_DEVELOPMENT","784df1b8614c3d9b7c17408a969294492305b3cc8b33a40ab3db1cba763db212"
".git\objects\7f\6e05461d8004c6d49f59ff8c6a4d51db8808dc","[no extension]","543","git-internal","NO/NOT SHOWN","NO","NO","NO","NO/NOT SHOWN","NO/NOT SHOWN","NO","False","KEEP_DEVELOPMENT","9de688a5cdb316b805277fdadfa542599e16102ca4031fa6170f8e05a84ae9aa"
".git\objects\7f\88aa2f40147644443c4a0e5057063c07fa225a","[no extension]","5671","git-internal","NO/NOT SHOWN","NO","NO","NO","NO/NOT SHOWN","NO/NOT SHOWN","NO","False","KEEP_DEVELOPMENT","0f0b4a9e2dab30089473b65edf07fc2074141d017bf41308eedcc0a99f0758c6"
".git\objects\7f\b6e268f11fba6d2637cffe1a54b5528ef29732","[no extension]","2131","git-internal","NO/NOT SHOWN","NO","NO","NO","NO/NOT SHOWN","NO/NOT SHOWN","NO","False","KEEP_DEVELOPMENT","c07007bc38b29d78a35a9e4eb43091d269a6c271f70fdb100a1a7bd9bb8f3991"
".git\objects\7f\d1f44246346fa612d0af448173224046907390","[no extension]","415","git-internal","NO/NOT SHOWN","NO","NO","NO","NO/NOT SHOWN","NO/NOT SHOWN","NO","False","KEEP_DEVELOPMENT","be89ad5010cbc05e3ce5a9437b4e406cd81c9df5edf7b8a0b4fd79c9b663cfee"
".git\objects\80\01e59951e6b43eec2e9fbb7941076578c3d176","[no extension]","963","git-internal","NO/NOT SHOWN","NO","NO","NO","NO/NOT SHOWN","NO/NOT SHOWN","NO","False","KEEP_DEVELOPMENT","352345b6ee92acdfa6401c7f3b5e464cf84cf92d6459fb343e5ddf3268ea5e67"
".git\objects\80\08e29e421171edc60f029bbe48f57e3b3b8d7d","[no extension]","2457","git-internal","NO/NOT SHOWN","NO","NO","NO","NO/NOT SHOWN","NO/NOT SHOWN","NO","False","KEEP_DEVELOPMENT","853107b57b08965aba9d587c21d355d9221b4c1ca144922383ee2fc58dc40a47"
".git\objects\80\76b92808672674c7b6735259a0910fd5fba8d2","[no extension]","143","git-internal","NO/NOT SHOWN","NO","NO","NO","NO/NOT SHOWN","NO/NOT SHOWN","NO","False","KEEP_DEVELOPMENT","c3f0e753ee5f545984e78a06bd3c712f56ee5728d7d838190c5228e0aef182e0"
".git\objects\80\9c4df004d87e75a1022b4fc4c7e8511885a4aa","[no extension]","1495","git-internal","NO/NOT SHOWN","NO","NO","NO","NO/NOT SHOWN","NO/NOT SHOWN","NO","False","KEEP_DEVELOPMENT","19d74365b677e90aa51454ce88bd6345b47c079ece8385272bad9c67664432d6"
".git\objects\80\a1c937e30bef2239098505a58e944daa0bba95","[no extension]","2287","git-internal","NO/NOT SHOWN","NO","NO","NO","NO/NOT SHOWN","NO/NOT SHOWN","NO","False","KEEP_DEVELOPMENT","a0d86fe07220bdf9325106965d8f23e351c85ba2dbff20322571d3579383bea5"
".git\objects\80\cc018330d321b2d3b98202b27cadc833012c5f","[no extension]","206","git-internal","NO/NOT SHOWN","NO","NO","NO","NO/NOT SHOWN","NO/NOT SHOWN","NO","False","KEEP_DEVELOPMENT","50e18a906240406be4ede5fa77211ad435009e8934476941d66907127cc6e081"
".git\objects\80\fc1c468abffe95ec2a3098e1894533dd2d48fe","[no extension]","371","git-internal","NO/NOT SHOWN","NO","NO","NO","NO/NOT SHOWN","NO/NOT SHOWN","NO","False","KEEP_DEVELOPMENT","1e22117022161b762a38961d5e36e172270f76950275083abae4521c2f0d6d50"
".git\objects\81\3a2c86ae644cae3e387731d54567d2695ac6dc","[no extension]","371","git-internal","NO/NOT SHOWN","NO","NO","NO","NO/NOT SHOWN","NO/NOT SHOWN","NO","False","KEEP_DEVELOPMENT","9fd3866a9d20a495fdd88cbd5819323d6afa6feaa8462afd10c082066757e3f2"
".git\objects\81\a3ab0554d554826b1034fce92a5ecccbeb013c","[no extension]","1229","git-internal","NO/NOT SHOWN","NO","NO","NO","NO/NOT SHOWN","NO/NOT SHOWN","NO","False","KEEP_DEVELOPMENT","519842f89614af975ae563bbf8bd4fd424179efd04bfd1adae68e58643ee8e06"
".git\objects\81\de5d45c9b4e7b3d72a62d05063510c1fe942d5","[no extension]","2099","git-internal","NO/NOT SHOWN","NO","NO","NO","NO/NOT SHOWN","NO/NOT SHOWN","NO","False","KEEP_DEVELOPMENT","2692b37e9dfe021df357cc7ebd9cab12b8bfb99655f98afed5030df8544add79"
".git\objects\81\e4247f1dc626795b0d39b6e715b0f26833ff88","[no extension]","200","git-internal","NO/NOT SHOWN","NO","NO","NO","NO/NOT SHOWN","NO/NOT SHOWN","NO","False","KEEP_DEVELOPMENT","88b06126c52afc0b39310878683dedfe2937cda22f46414fd4cd4d92093da485"
".git\objects\81\fd4a740ba771b8877844ab2a15b21d0fcd78ca","[no extension]","4892","git-internal","NO/NOT SHOWN","NO","NO","NO","NO/NOT SHOWN","NO/NOT SHOWN","NO","False","KEEP_DEVELOPMENT","baa7cba804340e937dcddde3a4ecaa1a2232202f834384597d6f53700ae7cf6b"
".git\objects\82\1bfd86267050aa6a1398486521bafb33a2aa8e","[no extension]","1695","git-internal","NO/NOT SHOWN","NO","NO","NO","NO/NOT SHOWN","NO/NOT SHOWN","NO","False","KEEP_DEVELOPMENT","746a1cd92747812975ddb15ae217cb425de08243e5d51c49646b69e8b501da0a"
".git\objects\82\26a7b3c74084cfa2cad65a4702b8c08a90a14f","[no extension]","670","git-internal","NO/NOT SHOWN","NO","NO","NO","NO/NOT SHOWN","NO/NOT SHOWN","NO","False","KEEP_DEVELOPMENT","983e82de704d37d94e424511a6cfebc3beed2a84d5df2730ad157159de5e5be6"
".git\objects\82\2da541f784667f578a4c7427c0e0638b9a180c","[no extension]","1316","git-internal","NO/NOT SHOWN","NO","NO","NO","NO/NOT SHOWN","NO/NOT SHOWN","NO","False","KEEP_DEVELOPMENT","df7e1946a1cf00e3ef9003e618bb02a51ebfc79f6db0f823e19469930906dd62"
".git\objects\82\5caf59c9fe64af9f97b198b2752918f74fc8c3","[no extension]","144","git-internal","NO/NOT SHOWN","NO","NO","NO","NO/NOT SHOWN","NO/NOT SHOWN","NO","False","KEEP_DEVELOPMENT","61c3463a3b7a1a1c2096f5727622258816a715b637e3ec1c073f1aa3dae50c67"
".git\objects\82\68bfebec74e2101ba3bc1f340661fa2bfedb11","[no extension]","649","git-internal","NO/NOT SHOWN","NO","NO","NO","NO/NOT SHOWN","NO/NOT SHOWN","NO","False","KEEP_DEVELOPMENT","5e437724be08e67471f16d707660eafefa39652040c8fce118dc2489c5838503"
".git\objects\82\8a5fe918f67ddea93b27904be3022f610b23ac","[no extension]","183","git-internal","NO/NOT SHOWN","NO","NO","NO","NO/NOT SHOWN","NO/NOT SHOWN","NO","False","KEEP_DEVELOPMENT","7522346886fa89896baecbfd97b8b7b236b8317a0933c8d49f97413602e7b87e"
".git\objects\82\98225f8eb4aed0a138093b19f8d2f35242517c","[no extension]","721","git-internal","NO/NOT SHOWN","NO","NO","NO","NO/NOT SHOWN","NO/NOT SHOWN","NO","False","KEEP_DEVELOPMENT","555be4db2e6cc7f3e490e7fe8f455efc029365219b3d8ed0318e1ca529bee408"
".git\objects\82\a3e11e7be38027c4a96a786217a02ab5b15469","[no extension]","72","git-internal","NO/NOT SHOWN","NO","NO","NO","NO/NOT SHOWN","NO/NOT SHOWN","NO","False","KEEP_DEVELOPMENT","ffa0bef700089c373de1c212f76b8f2609a3bc05cdfbe73a82ed59bc18267a72"
".git\objects\82\b36cbd4265550451c9cd73a4eb47dc65fac6fb","[no extension]","228","git-internal","NO/NOT SHOWN","NO","NO","NO","NO/NOT SHOWN","NO/NOT SHOWN","NO","False","KEEP_DEVELOPMENT","dad6d41940fbdf51d5232b911bc2e28e6adf6bc6bbf21a68456b3fac9df8c918"
".git\objects\82\d08a8afaac636ca22db681ea2e781fcfa7c061","[no extension]","56","git-internal","NO/NOT SHOWN","NO","NO","NO","NO/NOT SHOWN","NO/NOT SHOWN","NO","False","KEEP_DEVELOPMENT","893ef2077daeaac25950bd5c38033efc55df0601ba97be98d7afcf28534cb906"
".git\objects\82\f183181b08ad2cbd443d131f547d136a0098ce","[no extension]","7769","git-internal","NO/NOT SHOWN","NO","NO","NO","NO/NOT SHOWN","NO/NOT SHOWN","NO","False","KEEP_DEVELOPMENT","16a7c756ec7bd1ed984a18ddb62f499bb0d9927006e87d20c13545a8d89910be"
".git\objects\83\64a99d926bc20f2ec1b48750e925fdbcfe076a","[no extension]","1234","git-internal","NO/NOT SHOWN","NO","NO","NO","NO/NOT SHOWN","NO/NOT SHOWN","NO","False","KEEP_DEVELOPMENT","fbdf262d92946f11e60e7974033c7772c9c23190d4f062ce3fe8982732ac2b93"
".git\objects\83\66caf302998dd4b2d0866c3278b7a58d029bef","[no extension]","482","git-internal","NO/NOT SHOWN","NO","NO","NO","NO/NOT SHOWN","NO/NOT SHOWN","NO","False","KEEP_DEVELOPMENT","7e068957ae4af8aa375d9ab1021702f192b0ae5b78e833079fabd09793f6029d"
".git\objects\83\90ff34b0ae4f83223ca2a0149f8137a50a7a2d","[no extension]","4035","git-internal","NO/NOT SHOWN","NO","NO","NO","NO/NOT SHOWN","NO/NOT SHOWN","NO","False","KEEP_DEVELOPMENT","65d9374f7b016fa64664c7b5b3e6d57c454a906e6f348b8c74535b1a610753af"
".git\objects\83\9b3679ef287041bc66f2345f51fa1ad2d21d36","[no extension]","1650","git-internal","NO/NOT SHOWN","NO","NO","NO","NO/NOT SHOWN","NO/NOT SHOWN","NO","False","KEEP_DEVELOPMENT","70c85c57eb6af003b88a1be42f98e5137dbee09d9fc9338ea73eae191dcd0ec5"
".git\objects\83\9b83e9fbf93f01f2b74c54e05b6648f513fca7","[no extension]","258","git-internal","NO/NOT SHOWN","NO","NO","NO","NO/NOT SHOWN","NO/NOT SHOWN","NO","False","KEEP_DEVELOPMENT","bf3f6a599a96e38d5df593cc162d63d9d6a3e1ec2be781450a1026b6bc46ea0d"
".git\objects\83\aa36dee51685679844cc60c9c8091bc27a93d7","[no extension]","191","git-internal","NO/NOT SHOWN","NO","NO","NO","NO/NOT SHOWN","NO/NOT SHOWN","NO","False","KEEP_DEVELOPMENT","bbcf0549543a83d7ce57027deaf40b4ea24605c247ec6dc0c8e8216e9e9709cd"
".git\objects\83\c2cbd5f248f33e4a62096cb8bf76fa5be784d0","[no extension]","120","git-internal","NO/NOT SHOWN","NO","NO","NO","NO/NOT SHOWN","NO/NOT SHOWN","NO","False","KEEP_DEVELOPMENT","4b34db141be339833233138a5bc5b7e301dd49eeaf29f4da1e9d56bd8ee6b084"
".git\objects\83\c645befd0e28dd27fb71a6b9793eaf5a8afeee","[no extension]","199","git-internal","NO/NOT SHOWN","NO","NO","NO","NO/NOT SHOWN","NO/NOT SHOWN","NO","False","KEEP_DEVELOPMENT","ffce520f22f3de39a8ae542baa947091e3d40ea0a30199ed65bc4750288883a9"
".git\objects\83\c90b94f1264a2b6f050ff9aaadb84a7297ca0d","[no extension]","258","git-internal","NO/NOT SHOWN","NO","NO","NO","NO/NOT SHOWN","NO/NOT SHOWN","NO","False","KEEP_DEVELOPMENT","d957dc1ffc00b4ffcce32107cf20f9a4552621c5caf8a2272b34016d48659b0f"
".git\objects\83\ed363b2298a4415f3084fc7dce302467e69f37","[no extension]","619","git-internal","NO/NOT SHOWN","NO","NO","NO","NO/NOT SHOWN","NO/NOT SHOWN","NO","False","KEEP_DEVELOPMENT","8eef64d4c2d76b9388f5484bc7d4331cbc9aea524e20c614f1b669751dd6c3c1"
".git\objects\84\1ff33124bda1f77ed365f167db86ed77ff884a","[no extension]","578","git-internal","NO/NOT SHOWN","NO","NO","NO","NO/NOT SHOWN","NO/NOT SHOWN","NO","False","KEEP_DEVELOPMENT","2fd49476ae453077287b0523c2bf5df2a4e89e339047ebbb4a5586f082e2bfab"
".git\objects\84\36151f5832778f97bbad81b192170a36f71afa","[no extension]","5358","git-internal","NO/NOT SHOWN","NO","NO","NO","NO/NOT SHOWN","NO/NOT SHOWN","NO","False","KEEP_DEVELOPMENT","35d0133a9b493bcdeaa79a27057d49daed92d31180a6c643c79f891829cbf62d"
".git\objects\84\4120166657785b5107ea8a6a5c9c351dc6f628","[no extension]","145","git-internal","NO/NOT SHOWN","NO","NO","NO","NO/NOT SHOWN","NO/NOT SHOWN","NO","False","KEEP_DEVELOPMENT","86b5d5b654968acc03dfc24db8c7a06c0e9063a50187c07ca70b3121796f41b8"
".git\objects\84\86d53472ae733e14ed6c97ed1c083f35d2d9c2","[no extension]","2686","git-internal","NO/NOT SHOWN","NO","NO","NO","NO/NOT SHOWN","NO/NOT SHOWN","NO","False","KEEP_DEVELOPMENT","fab976d59453fac346471bf2e333fd393d9bc98dc9633cee70db1dfa08dbda1d"
".git\objects\84\b7df48f1de1d673ba99623fa30765742f9b2ab","[no extension]","56","git-internal","NO/NOT SHOWN","NO","NO","NO","NO/NOT SHOWN","NO/NOT SHOWN","NO","False","KEEP_DEVELOPMENT","47526af02b8c23a8411f3732c9a635dac6584a42e0a93c78bd01eafe7055510a"
".git\objects\84\cb37afff76cf69cbaf462e4435d8dd942907e8","[no extension]","149","git-internal","NO/NOT SHOWN","NO","NO","NO","NO/NOT SHOWN","NO/NOT SHOWN","NO","False","KEEP_DEVELOPMENT","81d8faff147bce9bdce51ae6c13634496797943f244e9f789c0b3d11dc7241ef"
".git\objects\84\da33e43de3c421e73fbc399919367ac335d312","[no extension]","918","git-internal","NO/NOT SHOWN","NO","NO","NO","NO/NOT SHOWN","NO/NOT SHOWN","NO","False","KEEP_DEVELOPMENT","a83cdfc5a7d77e9aed325547e2a4eb81d91bf86fd7323c35fbdc05dfdaec94bb"
".git\objects\84\fdcac621f02699f1d064e1fccfb7372d01566a","[no extension]","254","git-internal","NO/NOT SHOWN","NO","NO","NO","NO/NOT SHOWN","NO/NOT SHOWN","NO","False","KEEP_DEVELOPMENT","20843051ebd2400022e216edd21fdc0f99928205bbfdd747aff4bed03a0c3bf5"
".git\objects\85\2a14134f4c6a8e6b5baa3e10248e2be235f886","[no extension]","2580","git-internal","NO/NOT SHOWN","NO","NO","NO","NO/NOT SHOWN","NO/NOT SHOWN","NO","False","KEEP_DEVELOPMENT","c8dbb1f9bfd390ff85ae4ea64614f67b088db0b80573b8aad3436457b0980f0b"
".git\objects\85\36b2b1f9547135de435cf1365f3ca4ffc9925f","[no extension]","770","git-internal","NO/NOT SHOWN","NO","NO","NO","NO/NOT SHOWN","NO/NOT SHOWN","NO","False","KEEP_DEVELOPMENT","cd7a2001dde8e043c9964f91cc3e0e65941b05024f286004e26bd781ff111f4f"
".git\objects\85\3f0a42c6e85a5a549a803b5aa271799e1cb56c","[no extension]","2861","git-internal","NO/NOT SHOWN","NO","NO","NO","NO/NOT SHOWN","NO/NOT SHOWN","NO","False","KEEP_DEVELOPMENT","fbcc60a7159bffe26c9cda973983d882e3fb985ca5c2e497cd19c7c52232e939"
".git\objects\85\405dce05e06372044572fb6bd37a05af2d5821","[no extension]","636","git-internal","NO/NOT SHOWN","NO","NO","NO","NO/NOT SHOWN","NO/NOT SHOWN","NO","False","KEEP_DEVELOPMENT","6b74b6c32633031c4530a557a050caae68e3c1e0ff90332de63755ff74dd6e60"
".git\objects\85\84c7da2aac627ce96324802b87a2c040e74c83","[no extension]","75","git-internal","NO/NOT SHOWN","NO","NO","NO","NO/NOT SHOWN","NO/NOT SHOWN","NO","False","KEEP_DEVELOPMENT","62fe0b81c36f4cd81e4987419b78ef6e7344458938c7efbf1c1d45b4271ff080"
".git\objects\85\890386692c71e0b1f580d7f2b3f3e319b9f986","[no extension]","830","git-internal","NO/NOT SHOWN","NO","NO","NO","NO/NOT SHOWN","NO/NOT SHOWN","NO","False","KEEP_DEVELOPMENT","e91347e267b43ecb8363527a7d77ae240a77728d7240e90c80c2ebed355e763a"
".git\objects\85\d77cdc746dbe6934af053bc202256dfb391c2c","[no extension]","61","git-internal","NO/NOT SHOWN","NO","NO","NO","NO/NOT SHOWN","NO/NOT SHOWN","NO","False","KEEP_DEVELOPMENT","87c89146402a065d2585790cceee720ca54b2ff72b27a8ca412cbd618873b52e"
".git\objects\86\1c4aa845480cb31961be5b949eec1287544820","[no extension]","369","git-internal","NO/NOT SHOWN","NO","NO","NO","NO/NOT SHOWN","NO/NOT SHOWN","NO","False","KEEP_DEVELOPMENT","8eab49d400a6df5452056ab8d057398b0414f36ddffd7a7bcf1f16e167b7ca65"
".git\objects\86\448ffe3a06f469add41c4b8fe43edc75c85c45","[no extension]","1740","git-internal","NO/NOT SHOWN","NO","NO","NO","NO/NOT SHOWN","NO/NOT SHOWN","NO","False","KEEP_DEVELOPMENT","4800e22c1b93d58277e06d8268aeb3da818421a9ef8cdb8a7b4d650271564308"
".git\objects\86\b3dcb5e5373e018dff2a19c424cd98b0f21eb9","[no extension]","29435","git-internal","NO/NOT SHOWN","NO","NO","NO","NO/NOT SHOWN","NO/NOT SHOWN","NO","False","KEEP_DEVELOPMENT","23eb40108ba69b1b7891519906410de6034e37a9429661d4ae3fe9e688b36b7c"
".git\objects\86\f50d7047cafab685c4df0f2f71f843ed1feff6","[no extension]","13451","git-internal","NO/NOT SHOWN","NO","NO","NO","NO/NOT SHOWN","NO/NOT SHOWN","NO","False","KEEP_DEVELOPMENT","ec23fcf9d1b0d85e6198fe15681086f68c7cd87b65d8eff06ecfd426b420a061"
".git\objects\87\0ec7f6c2c45f000ba42facbed5c9da8a1ec2f6","[no extension]","211","git-internal","NO/NOT SHOWN","NO","NO","NO","NO/NOT SHOWN","NO/NOT SHOWN","NO","False","KEEP_DEVELOPMENT","d2e1829af2559f1adb00af3ceab64a18e0595c3009f318b7a2cb1dac4b9327ce"
".git\objects\87\16f3b7f5a1ae2524798e5bde27bd68e79a4802","[no extension]","27493","git-internal","NO/NOT SHOWN","NO","NO","NO","NO/NOT SHOWN","NO/NOT SHOWN","NO","False","KEEP_DEVELOPMENT","843f39fad48801b31a99df5c0ab32219acbe344c3c714a49b2967a7266038e60"
".git\objects\87\2a6cd584790a38ecbc7523c6da2ad84ffb731c","[no extension]","2627","git-internal","NO/NOT SHOWN","NO","NO","NO","NO/NOT SHOWN","NO/NOT SHOWN","NO","False","KEEP_DEVELOPMENT","6b6ea191934a1eb348a3ac07d6c36f96857b3330c0725c24f490435b74f26ab6"
".git\objects\87\3e0d83d302fa5e052116a3a90d3adc8619dd46","[no extension]","328","git-internal","NO/NOT SHOWN","NO","NO","NO","NO/NOT SHOWN","NO/NOT SHOWN","NO","False","KEEP_DEVELOPMENT","2346060f4fffa4dbb15c959567b6de8b28c237f2d13da1127dcb20f8bf9c80c5"
".git\objects\87\42803899c9495a388a172888cdc84232f3e4ad","[no extension]","1152","git-internal","NO/NOT SHOWN","NO","NO","NO","NO/NOT SHOWN","NO/NOT SHOWN","NO","False","KEEP_DEVELOPMENT","443c926647ed9f1a1af5ef31dc789eac6c11691b7f47ee58d0fa84d31ed2419c"
".git\objects\87\5dea12918fd56120bf10422ca065c918622ea6","[no extension]","897","git-internal","NO/NOT SHOWN","NO","NO","NO","NO/NOT SHOWN","NO/NOT SHOWN","NO","False","KEEP_DEVELOPMENT","f4a433fcf7e439d62e2c89a2b56e9fe4609920cbd8c86604811ac234645e83b7"
".git\objects\87\a7f7055b16570c754a0e5bdfaa24b3f3bd12fe","[no extension]","51","git-internal","NO/NOT SHOWN","NO","NO","NO","NO/NOT SHOWN","NO/NOT SHOWN","NO","False","KEEP_DEVELOPMENT","fef73063d49decac0fbfc246ec904c81a240f6fd27774b78c37023dbb8220141"
".git\objects\87\c4375965813297231d4499680ae06f0084b5f6","[no extension]","770","git-internal","NO/NOT SHOWN","NO","NO","NO","NO/NOT SHOWN","NO/NOT SHOWN","NO","False","KEEP_DEVELOPMENT","219f3b32847e2be1ec7376e3e5c74325c2b2aab0991d267e0600a5275b4fa9d9"
".git\objects\87\f5788a6846ac0fd1e0b50c77e41f4a66e980d2","[no extension]","116","git-internal","NO/NOT SHOWN","NO","NO","NO","NO/NOT SHOWN","NO/NOT SHOWN","NO","False","KEEP_DEVELOPMENT","eb40de2b0ae35e04f5d934d10781a2b9bab001526164b58c71e41b3b8e6e39fe"
".git\objects\88\51291d590c26cb6ac4a5865664914006574ca1","[no extension]","60","git-internal","NO/NOT SHOWN","NO","NO","NO","NO/NOT SHOWN","NO/NOT SHOWN","NO","False","KEEP_DEVELOPMENT","71b72cf3875e2ee607641d9ac86539afb5c238d69e65f5eaeb38a401874a0eff"
".git\objects\88\5bf9f469a3db230291606414974157e54d8012","[no extension]","30263","git-internal","NO/NOT SHOWN","NO","NO","NO","NO/NOT SHOWN","NO/NOT SHOWN","NO","False","KEEP_DEVELOPMENT","c65cbcdb9234819533f15d52d8dbc37ed71dba4b4e0c60d47c62b99301a87cb0"
".git\objects\88\706fac73559d35dfb5a5045869049a3c9784ec","[no extension]","379","git-internal","NO/NOT SHOWN","NO","NO","NO","NO/NOT SHOWN","NO/NOT SHOWN","NO","False","KEEP_DEVELOPMENT","c1aaec6f0a32d7d7f5df3dbaed590be651638e8aa0c5afa6d72a0a89f86dd8e8"
".git\objects\88\87fe4a883bce5695ee5c4991cee9d78f063174","[no extension]","234","git-internal","NO/NOT SHOWN","NO","NO","NO","NO/NOT SHOWN","NO/NOT SHOWN","NO","False","KEEP_DEVELOPMENT","006d0423fe77b24261fa5d9e8b3b14909fc72cf8293332a2238c82b77791b558"
".git\objects\88\8bb071f2d9b15a5fd3c086aad4d769a8b37ad4","[no extension]","3329","git-internal","NO/NOT SHOWN","NO","NO","NO","NO/NOT SHOWN","NO/NOT SHOWN","NO","False","KEEP_DEVELOPMENT","33cefeca80cd0c27a23052ad6d80feb8bf7a25ee793d5ec3ada9b28f605216a6"
".git\objects\88\8f44be2e9776602a9c01e601ef5fd2bd2b4f8a","[no extension]","1980","git-internal","NO/NOT SHOWN","NO","NO","NO","NO/NOT SHOWN","NO/NOT SHOWN","NO","False","KEEP_DEVELOPMENT","170531bcb22f3e9dbf5e68d2005750dd76f4dd1bdb4fdec30cc3723ca7fcdeb3"
".git\objects\88\a27ecfa8f1325830102d5e4d678afc18bebf64","[no extension]","640","git-internal","NO/NOT SHOWN","NO","NO","NO","NO/NOT SHOWN","NO/NOT SHOWN","NO","False","KEEP_DEVELOPMENT","89cde28492711267cab706ba4b749ac2d68eacd6886ecdbaaf63c32fb09ff913"
".git\objects\88\ed411992ebbc085517da94f04c1b79e4d7d621","[no extension]","176","git-internal","NO/NOT SHOWN","NO","NO","NO","NO/NOT SHOWN","NO/NOT SHOWN","NO","False","KEEP_DEVELOPMENT","70c4fbbe7560f2b653f29a4cb9852c35b8c748c448565cbfdfec13d6ac53493f"
".git\objects\89\70c7feafcd8dcb36474425f6d2360062bedd2b","[no extension]","289","git-internal","NO/NOT SHOWN","NO","NO","NO","NO/NOT SHOWN","NO/NOT SHOWN","NO","False","KEEP_DEVELOPMENT","713f56ea631dfe66a0e09696e38c2c89fd1878c47da9178f4cb830c5f29a4aa7"
".git\objects\89\9d80e20dd68241d3a31a479ec96e6d7f112682","[no extension]","240","git-internal","NO/NOT SHOWN","NO","NO","NO","NO/NOT SHOWN","NO/NOT SHOWN","NO","False","KEEP_DEVELOPMENT","0b024d8f3b362f1419d949de4664cfbd8da0d0f41ddce964be390a41d943bbcf"
".git\objects\89\d30a49bcda2b7cdb6f895d5a01862b7f8f7208","[no extension]","328","git-internal","NO/NOT SHOWN","NO","NO","NO","NO/NOT SHOWN","NO/NOT SHOWN","NO","False","KEEP_DEVELOPMENT","25a3503684a8fb7bf9d420a997a15cd05a28ad8b263c6c7b9f7333013d97e0c2"
".git\objects\89\d54699d375bfe1f6fad2f55c24eecd0998c2a3","[no extension]","3884","git-internal","NO/NOT SHOWN","NO","NO","NO","NO/NOT SHOWN","NO/NOT SHOWN","NO","False","KEEP_DEVELOPMENT","d19be93b53c40847aba27dd5ce8b07b560a88485dadaa3131f004c042d3412b1"
".git\objects\89\f5f947160626014c84ba70890318a4eaf8fccc","[no extension]","462","git-internal","NO/NOT SHOWN","NO","NO","NO","NO/NOT SHOWN","NO/NOT SHOWN","NO","False","KEEP_DEVELOPMENT","1fd01e8113835560692e5af2918d5fd001b6600e4cd4cd92e4fcd74ef2ec16af"
".git\objects\8a\1e8db710eaf85bf4d27b3064aa7c9872d338a7","[no extension]","288","git-internal","NO/NOT SHOWN","NO","NO","NO","NO/NOT SHOWN","NO/NOT SHOWN","NO","False","KEEP_DEVELOPMENT","a06c21270d207e8df88207e277bf9f56eac91e33dbb91bf8aa63d7c1a71156f0"
".git\objects\8a\8d495dcee847360db5c23372ea9260ebf4cee0","[no extension]","209","git-internal","NO/NOT SHOWN","NO","NO","NO","NO/NOT SHOWN","NO/NOT SHOWN","NO","False","KEEP_DEVELOPMENT","ddf3ee19487b5f9ce55d2614b92548336cae36f30d3c990ce23dd902c83a394c"
".git\objects\8a\a50399f35c73426ade87e81dc1918ea9d2482f","[no extension]","170","git-internal","NO/NOT SHOWN","NO","NO","NO","NO/NOT SHOWN","NO/NOT SHOWN","NO","False","KEEP_DEVELOPMENT","c82b6545f69d6bbfb47121e01f84ee25f5f3cdf079ee1e0f952e8a1b00ce5902"
".git\objects\8a\e6afb3f577056b091bdde27bab995cce3a0167","[no extension]","1573","git-internal","NO/NOT SHOWN","NO","NO","NO","NO/NOT SHOWN","NO/NOT SHOWN","NO","False","KEEP_DEVELOPMENT","8a1843b1a026bbb0672a1bb60199796f9992b28d3fbfaf722450f0a9bb23f2db"
".git\objects\8a\e7e6f3dfdc4b7d1ea26f5ffbeb8f1f3bc15f7b","[no extension]","470","git-internal","NO/NOT SHOWN","NO","NO","NO","NO/NOT SHOWN","NO/NOT SHOWN","NO","False","KEEP_DEVELOPMENT","e5fd68b4df498271d73aff774e4bf535a29c54cf831639b9b1a4badd9939fc87"
".git\objects\8b\137891791fe96927ad78e64b0aad7bded08bdc","[no extension]","16","git-internal","NO/NOT SHOWN","NO","NO","NO","NO/NOT SHOWN","NO/NOT SHOWN","NO","False","KEEP_DEVELOPMENT","a25e48d49327f35569e5d25fc64cce3822b7d1402ff13fb8a031139543510477"
".git\objects\8b\34c351c4d4fb7fa595e3f5cb7ee0dba530bdad","[no extension]","499","git-internal","NO/NOT SHOWN","NO","NO","NO","NO/NOT SHOWN","NO/NOT SHOWN","NO","False","KEEP_DEVELOPMENT","e9d22aab1a61f6dcdee488b26bdfb71b3edcf28e3953ab7188416b85d22355f8"
".git\objects\8b\37ac8f0c0ae2128c3c738ef130bd3cc875b6b8","[no extension]","2697","git-internal","NO/NOT SHOWN","NO","NO","NO","NO/NOT SHOWN","NO/NOT SHOWN","NO","False","KEEP_DEVELOPMENT","7129b21495655466e13e9fa9f868e45c0c67975ac59595aa1789b24559d6c978"
".git\objects\8b\6c184ea0fb0d8fafa6ce3d42090bf9e78fbe3b","[no extension]","4070","git-internal","NO/NOT SHOWN","NO","NO","NO","NO/NOT SHOWN","NO/NOT SHOWN","NO","False","KEEP_DEVELOPMENT","2dd6c5cebee5348c33f4dfd360647aee77a5e5f2a12544de0c58d10d15c6e03e"
".git\objects\8b\be8b026566f8fa33086ceb2e7752e5320adb0d","[no extension]","143","git-internal","NO/NOT SHOWN","NO","NO","NO","NO/NOT SHOWN","NO/NOT SHOWN","NO","False","KEEP_DEVELOPMENT","cd017fd311420f1db29cd66e48be6eeff71cb16c2c0d6229f4ca32ec488f82f8"
".git\objects\8c\15375781eab2f54e9d4f573c355ec2243a294b","[no extension]","198","git-internal","NO/NOT SHOWN","NO","NO","NO","NO/NOT SHOWN","NO/NOT SHOWN","NO","False","KEEP_DEVELOPMENT","c273d06870658c880efe2102e359a73ef1fd87f66d03cb39831ce9ab73912a0a"
".git\objects\8c\33961d2c172ba7ef2532cbdecbc075bec01392","[no extension]","110","git-internal","NO/NOT SHOWN","NO","NO","NO","NO/NOT SHOWN","NO/NOT SHOWN","NO","False","KEEP_DEVELOPMENT","34da6526b0eafa4ced94f0a3e7b14bdbb75c0abb97c1189148a47021ba03d439"
".git\objects\8d\0c8e575c4cac4bb696fe5b166b7df7946972de","[no extension]","163","git-internal","NO/NOT SHOWN","NO","NO","NO","NO/NOT SHOWN","NO/NOT SHOWN","NO","False","KEEP_DEVELOPMENT","c679d5ab86676dd125143de27981a43cdfa2298cf38ba6e10c996374a14d1c99"
".git\objects\8d\76b3aa67c5b308674f536d5a07a5d00292f9c3","[no extension]","1511","git-internal","NO/NOT SHOWN","NO","NO","NO","NO/NOT SHOWN","NO/NOT SHOWN","NO","False","KEEP_DEVELOPMENT","eb7cafc4d7d1a2d9d051f01ae24046456bbcaa3e7c88e072169a4f1b7bd1323c"
".git\objects\8d\7c77aac838b7a15d9e975a0f84e59e57da2cd7","[no extension]","143","git-internal","NO/NOT SHOWN","NO","NO","NO","NO/NOT SHOWN","NO/NOT SHOWN","NO","False","KEEP_DEVELOPMENT","fd1af5c820d38020031966df82c4eb9064c2a2c78458da02c46468c7378e4847"
".git\objects\8d\a6d87f74e76ed05d8b51d3cdb0b02d5a4ff53f","[no extension]","30","git-internal","NO/NOT SHOWN","NO","NO","NO","NO/NOT SHOWN","NO/NOT SHOWN","NO","False","KEEP_DEVELOPMENT","eb485157e6990dbb439c8136f9c6c0ad1183af6e53b0c40c46a7321dbb50ab84"
".git\objects\8d\aea281ddc4b55e487e75db682893d05f05dd24","[no extension]","454","git-internal","NO/NOT SHOWN","NO","NO","NO","NO/NOT SHOWN","NO/NOT SHOWN","NO","False","KEEP_DEVELOPMENT","7ca6489e81592d691488464d594cbe59e2b5c8dc1ef10fe2d1bbb05277058a01"
".git\objects\8d\f5c8e296d343340196b11adc182a142789468b","[no extension]","199","git-internal","NO/NOT SHOWN","NO","NO","NO","NO/NOT SHOWN","NO/NOT SHOWN","NO","False","KEEP_DEVELOPMENT","76f8b23fa9a49161fc09c443db1f701984d68dda2ea7744f626e2629a01aa1ca"
".git\objects\8e\0c46a5bc7bc3583dc18646bfcb27da03a311c8","[no extension]","4898","git-internal","NO/NOT SHOWN","NO","NO","NO","NO/NOT SHOWN","NO/NOT SHOWN","NO","False","KEEP_DEVELOPMENT","49810a3cfdd37adc3eff0552ac142ff874f80992ccb1f8daef69697359505833"
".git\objects\8e\2f717a2466d901f02bef9908ad73ce72b3ef7a","[no extension]","151","git-internal","NO/NOT SHOWN","NO","NO","NO","NO/NOT SHOWN","NO/NOT SHOWN","NO","False","KEEP_DEVELOPMENT","4c98157e348740556c3102bb3364522237586d3c3b06a867d870bf160806a5a4"
".git\objects\8e\595da6c1b28c8d38d7354935de1a0435fcd879","[no extension]","3497","git-internal","NO/NOT SHOWN","NO","NO","NO","NO/NOT SHOWN","NO/NOT SHOWN","NO","False","KEEP_DEVELOPMENT","c6db9be09e98fbfa712a5fcf84f64f7a88eed299fd45693937b3037c3e18ac6a"
".git\objects\8e\5f579a2c0eaaab0cf5a8e0043b07951636c7fe","[no extension]","385","git-internal","NO/NOT SHOWN","NO","NO","NO","NO/NOT SHOWN","NO/NOT SHOWN","NO","False","KEEP_DEVELOPMENT","7ddb4b5bec760f12cdf4405beccbf667f0b4236d511161db79859b7b7d310fad"
".git\objects\8e\7f11fb8ee68e04a25ccb94b94d858f220d9032","[no extension]","1219","git-internal","NO/NOT SHOWN","NO","NO","NO","NO/NOT SHOWN","NO/NOT SHOWN","NO","False","KEEP_DEVELOPMENT","bd33a1ab56c537bc793c67f931f62d6b9a932c03e1ca8f00a2ae0e5dd37948cd"
".git\objects\8e\993c5c96de0b7b4648a56e23ef16f393ea6802","[no extension]","791","git-internal","NO/NOT SHOWN","NO","NO","NO","NO/NOT SHOWN","NO/NOT SHOWN","NO","False","KEEP_DEVELOPMENT","8942e08118cdbe1a16abc1ff51f045a1df3d5ca354d827a614b910b1e8c93bfd"
".git\objects\8e\acaf39f81956705de7dc4c3ca9785eef3337c6","[no extension]","1636","git-internal","NO/NOT SHOWN","NO","NO","NO","NO/NOT SHOWN","NO/NOT SHOWN","NO","False","KEEP_DEVELOPMENT","80c02770a719405e0dcac52db0a29ca32b743262cd32f60df8d69669f1b8175a"
".git\objects\8e\d8e258a956775a253ecddf9124c0ce22e8aefa","[no extension]","137","git-internal","NO/NOT SHOWN","NO","NO","NO","NO/NOT SHOWN","NO/NOT SHOWN","NO","False","KEEP_DEVELOPMENT","29f1ad51d83afd38090fa1abac5946ffe4212e1a97c2ffd3f1930b2c7a66ba0a"
".git\objects\8f\0c4787f51d7f0661280c0622beab3e0e1abac8","[no extension]","395","git-internal","NO/NOT SHOWN","NO","NO","NO","NO/NOT SHOWN","NO/NOT SHOWN","NO","False","KEEP_DEVELOPMENT","20175fadce1ba2e218f0e75f6616e086ed85f90123ba51fd09d29af4674a40d2"
".git\objects\8f\1750d9781890ccbafcfbcc1da52c0aaf4e6ab3","[no extension]","424","git-internal","NO/NOT SHOWN","NO","NO","NO","NO/NOT SHOWN","NO/NOT SHOWN","NO","False","KEEP_DEVELOPMENT","f371993ad2450b4a4be9a9be55491721ed005c9b8de511eae458081fb2de13c9"
".git\objects\8f\300686c8046529a293544b3e31c81625431bad","[no extension]","292","git-internal","NO/NOT SHOWN","NO","NO","NO","NO/NOT SHOWN","NO/NOT SHOWN","NO","False","KEEP_DEVELOPMENT","a20f97a5393ccb5ffa7c26f61a09941456989c2bb82162b9b93816b21fe43f94"
".git\objects\8f\811db81b953f6a2c3c14000520b8807d7a2b4b","[no extension]","1041","git-internal","NO/NOT SHOWN","NO","NO","NO","NO/NOT SHOWN","NO/NOT SHOWN","NO","False","KEEP_DEVELOPMENT","0b6cfcb3d7365254dec50ef11dd850803a18882042f6743f64bb7995ae2e344f"
".git\objects\8f\bca17290967e22b543ad943600b3516468f0f5","[no extension]","1981","git-internal","NO/NOT SHOWN","NO","NO","NO","NO/NOT SHOWN","NO/NOT SHOWN","NO","False","KEEP_DEVELOPMENT","51df168f238ac8e2d76c3f1604db4be72113c0da54a6faa0104e84f90d1a322c"
".git\objects\8f\e7130d7473774f88741c5351a45cebcb32cb48","[no extension]","321","git-internal","NO/NOT SHOWN","NO","NO","NO","NO/NOT SHOWN","NO/NOT SHOWN","NO","False","KEEP_DEVELOPMENT","32ded5c742855c522f6cc5df43d047a536365cb036b70202990b28dc502bd3b0"
".git\objects\90\5f6bedd580b1775403bdcded797ea3524e137c","[no extension]","979","git-internal","NO/NOT SHOWN","NO","NO","NO","NO/NOT SHOWN","NO/NOT SHOWN","NO","False","KEEP_DEVELOPMENT","39a78ee0da383f9bc55ff502ddf33d38d80d707db0ec8539a1fbfcdd744a582a"
".git\objects\90\beb112391cecc7b459502caf2997c2a45dd510","[no extension]","447","git-internal","NO/NOT SHOWN","NO","NO","NO","NO/NOT SHOWN","NO/NOT SHOWN","NO","False","KEEP_DEVELOPMENT","55091ddb6bf21ea3feb10610ef02a36cbd47de08f994add26548a6a28ab69c17"
".git\objects\90\d8403beca56e0d0638469310668bfe21bbcddb","[no extension]","2258","git-internal","NO/NOT SHOWN","NO","NO","NO","NO/NOT SHOWN","NO/NOT SHOWN","NO","False","KEEP_DEVELOPMENT","b54000c5422c620c4c2e6a9ed62f25120f2410d44433b1ba4d638598f1485ce7"
".git\objects\90\e9bdf3d3b3593c03d86c3a7cee1a20871cb627","[no extension]","12537","git-internal","NO/NOT SHOWN","NO","NO","NO","NO/NOT SHOWN","NO/NOT SHOWN","NO","False","KEEP_DEVELOPMENT","338bd7ba557aa66c9b48684968befce44074caab60e271d1fe57e41227f4dd0a"
".git\objects\90\ecd82fb5fe2ce488e565cbe8eb7b9822ff2f1b","[no extension]","203","git-internal","NO/NOT SHOWN","NO","NO","NO","NO/NOT SHOWN","NO/NOT SHOWN","NO","False","KEEP_DEVELOPMENT","7eadb23470b38892524e4cdaefdfb8a81ee87b5959283b9093c178da5d3e68eb"
".git\objects\91\92495f9d46b952f5e41be261aca707ba16ebd9","[no extension]","56","git-internal","NO/NOT SHOWN","NO","NO","NO","NO/NOT SHOWN","NO/NOT SHOWN","NO","False","KEEP_DEVELOPMENT","4af51e7a55d3b0bd5dcbfa7c59eefbf0df0ca11d9239bd41e850c2b0b15e5180"
".git\objects\91\a93cb3d8d1ff692020e3c1c993721b6e70e80d","[no extension]","1603","git-internal","NO/NOT SHOWN","NO","NO","NO","NO/NOT SHOWN","NO/NOT SHOWN","NO","False","KEEP_DEVELOPMENT","8c925d5f7b76eae784439cc04b68218e4f28de4bceeca96d3894ad05f5d8822e"
".git\objects\91\b273bcb88b170c45f48f3cf04f72d6617bab1c","[no extension]","619","git-internal","NO/NOT SHOWN","NO","NO","NO","NO/NOT SHOWN","NO/NOT SHOWN","NO","False","KEEP_DEVELOPMENT","51b5c926727222b05dbec1bef86c38163e9552d4039533620bd159a6f8820678"
".git\objects\91\b7ca1c38fc7b2d631ab42bbf5bbe2b7303b02c","[no extension]","2269","git-internal","NO/NOT SHOWN","NO","NO","NO","NO/NOT SHOWN","NO/NOT SHOWN","NO","False","KEEP_DEVELOPMENT","07c865f0cc26aafb9d92489cf3afd4941f13a1cf394f50b4ff104b3f82c6d8ea"
".git\objects\91\bc5957a41ef6634b65f1b2564d41cbad9cc09c","[no extension]","4758","git-internal","NO/NOT SHOWN","NO","NO","NO","NO/NOT SHOWN","NO/NOT SHOWN","NO","False","KEEP_DEVELOPMENT","3f36c1a3fc95e952c5da89be2a7437c932f7fb0d4aa096f5b483ffaa51972bda"
".git\objects\91\bd3aa0f9c1b75b23e848e08c94f46c5c7ee187","[no extension]","3254","git-internal","NO/NOT SHOWN","NO","NO","NO","NO/NOT SHOWN","NO/NOT SHOWN","NO","False","KEEP_DEVELOPMENT","fbd7df4461b3f5c91bfcf876a5fe8bf7b453a4db193da060b4a0dcc47252f039"
".git\objects\91\c17eea1debcae0db21acf32f49632df09bde1e","[no extension]","320","git-internal","NO/NOT SHOWN","NO","NO","NO","NO/NOT SHOWN","NO/NOT SHOWN","NO","False","KEEP_DEVELOPMENT","e61bbdc56ef222af71a0b4abd8fc7042130ac0233aaa0f2985d78ecc3c5e44ab"
".git\objects\91\cc5956b99eee53720ce4e6f0881a1b21eb8bf5","[no extension]","566","git-internal","NO/NOT SHOWN","NO","NO","NO","NO/NOT SHOWN","NO/NOT SHOWN","NO","False","KEEP_DEVELOPMENT","394247f800e4fe4cca89bf5be331bd6a7241b5c5e814ee40d6a98daf8016cac9"
".git\objects\92\17f0c75cdb144a07ac2d451f9150e886f621da","[no extension]","191","git-internal","NO/NOT SHOWN","NO","NO","NO","NO/NOT SHOWN","NO/NOT SHOWN","NO","False","KEEP_DEVELOPMENT","443c3f83bf36fe1d752a06c9ebb718d2ca4585195dd22501b1691dda1d8388fc"
".git\objects\92\38250f1d22350e9cda0b81f3aeac80d85c6a21","[no extension]","449","git-internal","NO/NOT SHOWN","NO","NO","NO","NO/NOT SHOWN","NO/NOT SHOWN","NO","False","KEEP_DEVELOPMENT","b157a20d2674e12826e4d65effdc2473d7663d3658d149e236132c392bd1ff80"
".git\objects\92\3f618e64506e683a55a48a39e93f695d2fc1f3","[no extension]","1076","git-internal","NO/NOT SHOWN","NO","NO","NO","NO/NOT SHOWN","NO/NOT SHOWN","NO","False","KEEP_DEVELOPMENT","176e81e960146fbca6de6d41233a20a96a9555f18ef1bb89cff9637bde7d2ec3"
".git\objects\92\67de01b4e74166ca62029dbef943f1799dbe9f","[no extension]","261","git-internal","NO/NOT SHOWN","NO","NO","NO","NO/NOT SHOWN","NO/NOT SHOWN","NO","False","KEEP_DEVELOPMENT","a3f65a65ff9a1ab60de7785bc4b16731dbba329d6b9b881740ee502470211f4c"
".git\objects\92\8db106c2c4b9c1b4b38b614ac20dbc4fa900cc","[no extension]","1091","git-internal","NO/NOT SHOWN","NO","NO","NO","NO/NOT SHOWN","NO/NOT SHOWN","NO","False","KEEP_DEVELOPMENT","7f11843267aaf81a9e0748ca9192b4c7eab14d7dd11faa5d1ca128b51a6cb1ab"
".git\objects\92\d1ab1b0f7e675ff49ff99d04b6a62b528c6b49","[no extension]","285","git-internal","NO/NOT SHOWN","NO","NO","NO","NO/NOT SHOWN","NO/NOT SHOWN","NO","False","KEEP_DEVELOPMENT","d4c8a5ec736ff1f7f61ef119325f1ef9bffa76dbfc2de680316c713cf951be6c"
".git\objects\92\e0c77d326f97b647e48e418518a86208a86227","[no extension]","209","git-internal","NO/NOT SHOWN","NO","NO","NO","NO/NOT SHOWN","NO/NOT SHOWN","NO","False","KEEP_DEVELOPMENT","23d0042b5a783ce5d5dcc41d3f5194067644898284c92bc89455d01794c03072"
".git\objects\92\f947f35288e39c0764951c0d8a5c7aec33c07c","[no extension]","108","git-internal","NO/NOT SHOWN","NO","NO","NO","NO/NOT SHOWN","NO/NOT SHOWN","NO","False","KEEP_DEVELOPMENT","7aaf50e907ff00d5949e722239d0ab738434b49a7a84702c72d12559225cd6b8"
".git\objects\93\5ecfad87758ec72ff98ef79933a76280adc131","[no extension]","333","git-internal","NO/NOT SHOWN","NO","NO","NO","NO/NOT SHOWN","NO/NOT SHOWN","NO","False","KEEP_DEVELOPMENT","f33d2a326f5e9d7688b6dba17113cc3b9b988e5bb7581857f2bfa6c801027231"
".git\objects\93\7a8427278d440f23ec2787604c60ce7225f889","[no extension]","399","git-internal","NO/NOT SHOWN","NO","NO","NO","NO/NOT SHOWN","NO/NOT SHOWN","NO","False","KEEP_DEVELOPMENT","0c3cda82f4778f9d74901e2c779def5b7630bf96626ac7ea39df27d631cb72d0"
".git\objects\93\abbaf29a8ff4195ae633b98f0b027386393065","[no extension]","370","git-internal","NO/NOT SHOWN","NO","NO","NO","NO/NOT SHOWN","NO/NOT SHOWN","NO","False","KEEP_DEVELOPMENT","7cbcc42f909a400e0dc92bbe2c57ece7782be9ca0b6dbc54e6a02643ae87c777"
".git\objects\94\37fec174b9212340ebb903e736fbb60aa0bddf","[no extension]","201","git-internal","NO/NOT SHOWN","NO","NO","NO","NO/NOT SHOWN","NO/NOT SHOWN","NO","False","KEEP_DEVELOPMENT","79cd81b9b47e016da80f569fa116d5fe67ba1dc16125b0bfd1b345810713b7cf"
".git\objects\94\4da7ddf6c2bfff62b88a981081ae70093beb12","[no extension]","2883","git-internal","NO/NOT SHOWN","NO","NO","NO","NO/NOT SHOWN","NO/NOT SHOWN","NO","False","KEEP_DEVELOPMENT","96bb0402b383aed837d32b50045b7e663043f656fb2839f8c0e477d22c799b65"
".git\objects\94\910384f547cc0ebe8a831776e7e7baed930d8d","[no extension]","2971","git-internal","NO/NOT SHOWN","NO","NO","NO","NO/NOT SHOWN","NO/NOT SHOWN","NO","False","KEEP_DEVELOPMENT","fe76e711c47bccb8b220f147fb3c7ad61074f669f829796fcc76556561917f50"
".git\objects\95\042e7d60f2b4de22c466ccb7b0dde8c2e6f810","[no extension]","2979","git-internal","NO/NOT SHOWN","NO","NO","NO","NO/NOT SHOWN","NO/NOT SHOWN","NO","False","KEEP_DEVELOPMENT","d3a3c34391ab2171aa09162c993147b38942947b558103afc90aa32d45b79c14"
".git\objects\95\4aeff38de3d59686caaba9859d9b45a929e34e","[no extension]","5057","git-internal","NO/NOT SHOWN","NO","NO","NO","NO/NOT SHOWN","NO/NOT SHOWN","NO","False","KEEP_DEVELOPMENT","534756ac2a00acbb70344123e9ecf16a5276939b66a86d47cc25cb78e653f458"
".git\objects\95\68e7113535a9d685cacdeb41f14ab244c34df6","[no extension]","6061","git-internal","NO/NOT SHOWN","NO","NO","NO","NO/NOT SHOWN","NO/NOT SHOWN","NO","False","KEEP_DEVELOPMENT","229fb5d386712a74615ace53b89f379a5624844ec7739630b9bc3b4dee43dafe"
".git\objects\95\6f479e1416a2280711ee5a488611c3fd69faa8","[no extension]","1597","git-internal","NO/NOT SHOWN","NO","NO","NO","NO/NOT SHOWN","NO/NOT SHOWN","NO","False","KEEP_DEVELOPMENT","30d1644d968eee5306550c2c72e41db4c5d6071a0234dbe02b8325b311bfdd1a"
".git\objects\95\73b1ebd85bb275b7d846c4c7a87c70dcf13152","[no extension]","152","git-internal","NO/NOT SHOWN","NO","NO","NO","NO/NOT SHOWN","NO/NOT SHOWN","NO","False","KEEP_DEVELOPMENT","9f44117f48626185149db59efab5183edaea66a6d3893c2c5ff80645ea4894a7"
".git\objects\95\7df0bc4c0165d262ec1fa9c8c8dbf05af8eb0a","[no extension]","673","git-internal","NO/NOT SHOWN","NO","NO","NO","NO/NOT SHOWN","NO/NOT SHOWN","NO","False","KEEP_DEVELOPMENT","49a1ae14856fb4084e37335292538b5fe90138f98dac1bd217e8e8512af220f5"
".git\objects\95\8b2dc1c900a35ffb6cb98053c6d81c62f5289e","[no extension]","55","git-internal","NO/NOT SHOWN","NO","NO","NO","NO/NOT SHOWN","NO/NOT SHOWN","NO","False","KEEP_DEVELOPMENT","b1cb958e8e197a4b0482621ac6f132da1bc2bf2f5bda2a67e1d75bc205b9f72a"
".git\objects\95\8cd7c56369d588d0baa88e93280ad34d7f2fed","[no extension]","370","git-internal","NO/NOT SHOWN","NO","NO","NO","NO/NOT SHOWN","NO/NOT SHOWN","NO","False","KEEP_DEVELOPMENT","da0871ed67da66ee3a25633a28e19b2aebb13f9a6d274b300a3b4fae7b50929b"
".git\objects\95\a744de1feb2a77177dc2bc86acf53162a11c8f","[no extension]","675","git-internal","NO/NOT SHOWN","NO","NO","NO","NO/NOT SHOWN","NO/NOT SHOWN","NO","False","KEEP_DEVELOPMENT","e1a83c99946a7cb08a5257a38226348b3497bb033d0db75997155224a6b477fb"
".git\objects\95\b378244de42aa723507bd610c96af0681a2fb8","[no extension]","493","git-internal","NO/NOT SHOWN","NO","NO","NO","NO/NOT SHOWN","NO/NOT SHOWN","NO","False","KEEP_DEVELOPMENT","ec80f4be77816f3a483018b8adf19682cc8408b3563e33412d8f143260b68372"
".git\objects\95\b647247c5243e4411fa17f99fc798686b2e3da","[no extension]","593","git-internal","NO/NOT SHOWN","NO","NO","NO","NO/NOT SHOWN","NO/NOT SHOWN","NO","False","KEEP_DEVELOPMENT","7272ac706eb4429f28a3b449f992ff4730dfcf2515fdaa78ce945dad2531092c"
".git\objects\95\e5133ac63425f0699ccfbc997bc61d5bbaae1b","[no extension]","108","git-internal","NO/NOT SHOWN","NO","NO","NO","NO/NOT SHOWN","NO/NOT SHOWN","NO","False","KEEP_DEVELOPMENT","51c180f2a3d05e2dd183217b6d89e34814ecf745308efe1031f2626a4384d780"
".git\objects\96\0285555bf69e051277b6579801c0cc772baac8","[no extension]","2786","git-internal","NO/NOT SHOWN","NO","NO","NO","NO/NOT SHOWN","NO/NOT SHOWN","NO","False","KEEP_DEVELOPMENT","8a84367f1a16079c4a0ce1a1ec87d47fe98de95fcb63cac7ecb61795a7ac19b4"
".git\objects\96\13716a0843b575a9cf3f90be8cbff3ae1c8032","[no extension]","211","git-internal","NO/NOT SHOWN","NO","NO","NO","NO/NOT SHOWN","NO/NOT SHOWN","NO","False","KEEP_DEVELOPMENT","6d85ce70a8bfed5882e9d4dc79ca6a313de9c6bc196b364ff048eef89f2d021b"
".git\objects\96\1d13c0ca61336173dccbb4438f1c38b91732d8","[no extension]","3596","git-internal","NO/NOT SHOWN","NO","NO","NO","NO/NOT SHOWN","NO/NOT SHOWN","NO","False","KEEP_DEVELOPMENT","786719985ffdfcd6ebdc7a43103f5fad4d418985153f132537237feb120c60e1"
".git\objects\96\22cdc72d2891ecc1e1d1280f951cf793665416","[no extension]","1632","git-internal","NO/NOT SHOWN","NO","NO","NO","NO/NOT SHOWN","NO/NOT SHOWN","NO","False","KEEP_DEVELOPMENT","64212c331c1b76353deb1af14593dd62961dade978a1b694b8b168a24db7f087"
".git\objects\96\5655f41418bc688476fff52b63c9f7bbc72db2","[no extension]","327","git-internal","NO/NOT SHOWN","NO","NO","NO","NO/NOT SHOWN","NO/NOT SHOWN","NO","False","KEEP_DEVELOPMENT","a9e2c876712ad6d96ce7500b05ac10b8a25576459977b095a704f7c6cbad8483"
".git\objects\96\713f51bb378e8e3c2c611e127963d8c7f18c79","[no extension]","6519","git-internal","NO/NOT SHOWN","NO","NO","NO","NO/NOT SHOWN","NO/NOT SHOWN","NO","False","KEEP_DEVELOPMENT","9f7bcb2c7046d3f129104d0aa4d17ac6c26ea2619e3ef553e243c568d006be7f"
".git\objects\96\8f7ea5d412c7f26a5ddc565a0f442d372965ae","[no extension]","1457","git-internal","NO/NOT SHOWN","NO","NO","NO","NO/NOT SHOWN","NO/NOT SHOWN","NO","False","KEEP_DEVELOPMENT","a617a44d1d905e163d7edd764d033f17b230a5974e11c085091545271b82a838"
".git\objects\96\a007132381c249ad9d15fba74af3e1a597050b","[no extension]","209","git-internal","NO/NOT SHOWN","NO","NO","NO","NO/NOT SHOWN","NO/NOT SHOWN","NO","False","KEEP_DEVELOPMENT","59608436630a35ac9419230aa3c172b7d9619c7d953e69f5a0fb71ea672ea67c"
".git\objects\96\b5204062f6e7485f52d8cf8c1e15ba6d8e4801","[no extension]","192","git-internal","NO/NOT SHOWN","NO","NO","NO","NO/NOT SHOWN","NO/NOT SHOWN","NO","False","KEEP_DEVELOPMENT","28a3c9050a8d936867b6389251afab25ba3efba74317290dc532497c31c8c74d"
".git\objects\97\04eda32881f87ba2539eeabde6c8329ce65c32","[no extension]","172","git-internal","NO/NOT SHOWN","NO","NO","NO","NO/NOT SHOWN","NO/NOT SHOWN","NO","False","KEEP_DEVELOPMENT","0118b3f960be44f38ef3d2282a2f5cfd1f8e80ed78c4f34f6b17bbc1e5ae00f3"
".git\objects\97\321f6904eda0e9be4eb6aa715512360633b5f8","[no extension]","608","git-internal","NO/NOT SHOWN","NO","NO","NO","NO/NOT SHOWN","NO/NOT SHOWN","NO","False","KEEP_DEVELOPMENT","0758e866769362598a76fae15ae11c27332ec499d79f58095471797d28de39a9"
".git\objects\97\51aa8f0a6ce4c406424e982248223362b36c2f","[no extension]","1795","git-internal","NO/NOT SHOWN","NO","NO","NO","NO/NOT SHOWN","NO/NOT SHOWN","NO","False","KEEP_DEVELOPMENT","515ec547996b4afceea286492db2ca180c63c761de512f08e7a26017df0de928"
".git\objects\97\9f4285404c14b0ff61fac3f13013d1d96cc656","[no extension]","708","git-internal","NO/NOT SHOWN","NO","NO","NO","NO/NOT SHOWN","NO/NOT SHOWN","NO","False","KEEP_DEVELOPMENT","a06dbb48c4b5b8f7021f57c06c94890fc7031a9d6b47d0cd4992f1efa8a3390c"
".git\objects\97\9fc74405944e28375d92bdcb870b5aed1c1f6a","[no extension]","212","git-internal","NO/NOT SHOWN","NO","NO","NO","NO/NOT SHOWN","NO/NOT SHOWN","NO","False","KEEP_DEVELOPMENT","33385a47b7c25210156391ec4041ce002024e86e7c476a3a543aebeff4ce9c40"
".git\objects\97\c0bc9eca826e0825635db4d708a9db2f3915a6","[no extension]","214","git-internal","NO/NOT SHOWN","NO","NO","NO","NO/NOT SHOWN","NO/NOT SHOWN","NO","False","KEEP_DEVELOPMENT","36c7dd37b3322ab4de7a4d72756bf955291c8a3663a084f5711188a32a5ef546"
".git\objects\97\e6565d0e6d2bb7f99460c4d242aaf31192372c","[no extension]","1015","git-internal","NO/NOT SHOWN","NO","NO","NO","NO/NOT SHOWN","NO/NOT SHOWN","NO","False","KEEP_DEVELOPMENT","458e0b6dca2c30ba95f458b26be60f15bb58bb289e69b34eb67b9255f72ae1b8"
".git\objects\97\e8bf7cc6ba4e2051be672e7bc79790ec800f41","[no extension]","78","git-internal","NO/NOT SHOWN","NO","NO","NO","NO/NOT SHOWN","NO/NOT SHOWN","NO","False","KEEP_DEVELOPMENT","4fba280c04411f5458f8d00f245f36ded1c3ad79aa0196d928eb2417f3e96719"
".git\objects\98\1965e556fe52e1f98a13a1a843373ff1eb3cee","[no extension]","1320","git-internal","NO/NOT SHOWN","NO","NO","NO","NO/NOT SHOWN","NO/NOT SHOWN","NO","False","KEEP_DEVELOPMENT","7a368d3257a4818121196c0224e1b5f3a43685452061b90309808a69452cb146"
".git\objects\98\8ac0a5ff9ab2c1a802f80ffbadcf65b4c8cd7f","[no extension]","5208","git-internal","NO/NOT SHOWN","NO","NO","NO","NO/NOT SHOWN","NO/NOT SHOWN","NO","False","KEEP_DEVELOPMENT","7661043f2479e763cd01e481b5379457b659f06eb86b83fd44db226550b12a96"
".git\objects\98\cf91e60d36faca20baab3baaf563421339580d","[no extension]","5517","git-internal","NO/NOT SHOWN","NO","NO","NO","NO/NOT SHOWN","NO/NOT SHOWN","NO","False","KEEP_DEVELOPMENT","8897f252a977c8bb15fd82eeb9b5258f70f1fb489b08093d413bb0487ed57110"
".git\objects\98\fb4bf1a22f49ccdce0b34a3f5e06f81bbcd8c7","[no extension]","1480","git-internal","NO/NOT SHOWN","NO","NO","NO","NO/NOT SHOWN","NO/NOT SHOWN","NO","False","KEEP_DEVELOPMENT","6dca8dd913884bcc42915355cfdc4f21969860df44a5bb4c47f60338391376e7"
".git\objects\99\01ae43974539f42d53c2a03e21a27c22434db7","[no extension]","978","git-internal","NO/NOT SHOWN","NO","NO","NO","NO/NOT SHOWN","NO/NOT SHOWN","NO","False","KEEP_DEVELOPMENT","c081a0e2b76d0900ceb7ca04956817a8c2c22f78f006993df40f191ba9483ce9"
".git\objects\99\0226ff67af0f090144c11f1c157119e3eff218","[no extension]","2272","git-internal","NO/NOT SHOWN","NO","NO","NO","NO/NOT SHOWN","NO/NOT SHOWN","NO","False","KEEP_DEVELOPMENT","b3038f0380e0cdf1cb8667a0376b3d06ea0229b63fa37d55f2543b64eceab9c2"
".git\objects\99\3d4fc906140a7d2c4038bea0899e086e4bbae0","[no extension]","3653","git-internal","NO/NOT SHOWN","NO","NO","NO","NO/NOT SHOWN","NO/NOT SHOWN","NO","False","KEEP_DEVELOPMENT","76f3beae7f88982d995261440403b8d3b3a0bdf8bf37054af686da8090885f00"
".git\objects\99\6230431aa25ef627b9b99a7a036fbaf0620467","[no extension]","440","git-internal","NO/NOT SHOWN","NO","NO","NO","NO/NOT SHOWN","NO/NOT SHOWN","NO","False","KEEP_DEVELOPMENT","eb626530e689c780506fc93b71aa7b30c1e128e97f7d09dd3cbb7765179bf2d0"
".git\objects\99\832dadd86073bedeaae059d096c5e4b544bff5","[no extension]","276","git-internal","NO/NOT SHOWN","NO","NO","NO","NO/NOT SHOWN","NO/NOT SHOWN","NO","False","KEEP_DEVELOPMENT","7c56dbd38a1c160f5d37db247b795cd44cd5de04f5c4abde9943aac69b3bfde5"
".git\objects\99\9b126c2ff340609ab1930cfcf4b4047ef00c8e","[no extension]","1187","git-internal","NO/NOT SHOWN","NO","NO","NO","NO/NOT SHOWN","NO/NOT SHOWN","NO","False","KEEP_DEVELOPMENT","92d9209f96a6703cece6b3e6c40c4d19c7768c5cc1efef47f742cd973f34dd07"
".git\objects\99\b0dad60f211808a7fb18421f3a449d338d58bd","[no extension]","1511","git-internal","NO/NOT SHOWN","NO","NO","NO","NO/NOT SHOWN","NO/NOT SHOWN","NO","False","KEEP_DEVELOPMENT","ef17453dcc003090f8189a8dce6000846c1f6e89af2544a15e297188f00acbae"
".git\objects\99\b9a6580d3c3543310a994f40408810b7a619aa","[no extension]","1034","git-internal","NO/NOT SHOWN","NO","NO","NO","NO/NOT SHOWN","NO/NOT SHOWN","NO","False","KEEP_DEVELOPMENT","bf7b9b6e0ebcd5ceef81aefd11479b7b180548c095fdda404941ac437ac3b10c"
".git\objects\99\fa252163ad60b488e8091e4f3505be20aa30e8","[no extension]","189","git-internal","NO/NOT SHOWN","NO","NO","NO","NO/NOT SHOWN","NO/NOT SHOWN","NO","False","KEEP_DEVELOPMENT","b591080a9a2cba3cb45184a49af484268bff1b9a656d21d81e4d9d8924fb1d29"
".git\objects\9a\18347248b41b953f20ac6f1bf99eef0f9b456a","[no extension]","121","git-internal","NO/NOT SHOWN","NO","NO","NO","NO/NOT SHOWN","NO/NOT SHOWN","NO","False","KEEP_DEVELOPMENT","1162f8c3071ec1162936870fc393fb7007c0519b7d26b2a78ed4da60f0cd034b"
".git\objects\9a\52327aa55d393276ca109962815d12d53ad893","[no extension]","531","git-internal","NO/NOT SHOWN","NO","NO","NO","NO/NOT SHOWN","NO/NOT SHOWN","NO","False","KEEP_DEVELOPMENT","17be75bf17b21522aaa51b4e93a9826d8811d1928c8161379af49a2c5c62442f"
".git\objects\9a\b073e8fa8e4ea7a08ce12cb8840e40d2856efc","[no extension]","136","git-internal","NO/NOT SHOWN","NO","NO","NO","NO/NOT SHOWN","NO/NOT SHOWN","NO","False","KEEP_DEVELOPMENT","db6c984f51a84931a871a1967522ecc1912397614dd6292e83c83ea6c60567d1"
".git\objects\9a\b44e6fcb9fe14032071d0d7d534fba0f63bfa0","[no extension]","1546","git-internal","NO/NOT SHOWN","NO","NO","NO","NO/NOT SHOWN","NO/NOT SHOWN","NO","False","KEEP_DEVELOPMENT","6186da8f90c59091a4ae2f51b7f8b89d450a4f700a2511e772c3d18b975f18b2"
".git\objects\9b\456b3d0962c8b384b1af6938952027a6e29c76","[no extension]","275","git-internal","NO/NOT SHOWN","NO","NO","NO","NO/NOT SHOWN","NO/NOT SHOWN","NO","False","KEEP_DEVELOPMENT","004b2b12630262599e4563b35e4df591474b7645581a6ba7746e686aeb3c85df"
".git\objects\9b\4d56795ebaa45f66d2fde7070c1939de148d8d","[no extension]","321","git-internal","NO/NOT SHOWN","NO","NO","NO","NO/NOT SHOWN","NO/NOT SHOWN","NO","False","KEEP_DEVELOPMENT","2096dd365cf48a631732bd4a8b580228396655bd43dfc37b6b4439a3ffac7ed2"
".git\objects\9b\d3b42f554559379662aa4145726f420efbf88a","[no extension]","104","git-internal","NO/NOT SHOWN","NO","NO","NO","NO/NOT SHOWN","NO/NOT SHOWN","NO","False","KEEP_DEVELOPMENT","3419f9a1fb7d3d049fe630ef461f531a9b70f61f56675d2f23c49c7654492813"
".git\objects\9c\0e2ba0724a21d53a78ef2b7949a2f636a14def","[no extension]","329","git-internal","NO/NOT SHOWN","NO","NO","NO","NO/NOT SHOWN","NO/NOT SHOWN","NO","False","KEEP_DEVELOPMENT","76345232004b1ca41202da6a00f03f50641ffe47f8e81c51806389a734614f24"
".git\objects\9c\7db1d7d134cc0ac994551aecaea9bb86152959","[no extension]","6575","git-internal","NO/NOT SHOWN","NO","NO","NO","NO/NOT SHOWN","NO/NOT SHOWN","NO","False","KEEP_DEVELOPMENT","5e193c215b93918b9692253e36a15a0615bb5a1153d75e93b1ab066ed6966a22"
".git\objects\9c\a2e2798c7b46ab548ee797d392ce9683c9a1c2","[no extension]","763","git-internal","NO/NOT SHOWN","NO","NO","NO","NO/NOT SHOWN","NO/NOT SHOWN","NO","False","KEEP_DEVELOPMENT","883351a9ee92c82b3bd8507dc7b6998deefc46cbc1106916ea28a7171cd46146"
".git\objects\9c\b608dafb080b68788c1c7903db0a756ba70aae","[no extension]","276","git-internal","NO/NOT SHOWN","NO","NO","NO","NO/NOT SHOWN","NO/NOT SHOWN","NO","False","KEEP_DEVELOPMENT","a2cef9caf9573ca6ce403b1500361b97d10f1c9f79706020bccded7edb252ff6"
".git\objects\9c\b71d5bea14b7360bbfc9cb8184cd466a3c6c6a","[no extension]","3836","git-internal","NO/NOT SHOWN","NO","NO","NO","NO/NOT SHOWN","NO/NOT SHOWN","NO","False","KEEP_DEVELOPMENT","18663520d1936212440961038910d734d8a1ab74a0768dd870110a703206b093"
".git\objects\9c\ca5a768790810a57624e2690ddcae7017edf85","[no extension]","116","git-internal","NO/NOT SHOWN","NO","NO","NO","NO/NOT SHOWN","NO/NOT SHOWN","NO","False","KEEP_DEVELOPMENT","36670652ded2e053b5bff0626b3513b435c82d5ce9d8aac4af1c5f4ed1e0e1ea"
".git\objects\9c\ca8c3fd2277cfd406dd12d29dec18dcbb97f08","[no extension]","1048","git-internal","NO/NOT SHOWN","NO","NO","NO","NO/NOT SHOWN","NO/NOT SHOWN","NO","False","KEEP_DEVELOPMENT","4bbdfe184a8abac8672fd03dc401a1af038641973cd08667a05090c8d2cc4d47"
".git\objects\9d\2f503f692be2b9e7584f2b2f4924c24ec67d50","[no extension]","53","git-internal","NO/NOT SHOWN","NO","NO","NO","NO/NOT SHOWN","NO/NOT SHOWN","NO","False","KEEP_DEVELOPMENT","dadd35dc147e47f6c3995995cfac4cb7ae43fe1d845479fe928bc73af36b43dc"
".git\objects\9d\35311b59ba8250f1ec092528cbda25750e6861","[no extension]","85","git-internal","NO/NOT SHOWN","NO","NO","NO","NO/NOT SHOWN","NO/NOT SHOWN","NO","False","KEEP_DEVELOPMENT","886c0ec785e903a311876c8253d0c2d0cd523de8d97c641db195470d0c739db1"
".git\objects\9d\53b7de3b22f523cb7183adedaed930e9d62111","[no extension]","474","git-internal","NO/NOT SHOWN","NO","NO","NO","NO/NOT SHOWN","NO/NOT SHOWN","NO","False","KEEP_DEVELOPMENT","d5b1c3cbc3041a0d4236672ae13092e0a5d6d238691bdf82152fa96f9f9bd92a"
".git\objects\9d\bdea1bb13eb83d7c9d0cbfd12551dbf7d444d7","[no extension]","415","git-internal","NO/NOT SHOWN","NO","NO","NO","NO/NOT SHOWN","NO/NOT SHOWN","NO","False","KEEP_DEVELOPMENT","987c6e9d2265749400e0787838ef9c9d787cc6ee83a4d759df16f65f225ce012"
".git\objects\9d\bf325d61f49d628a58cdde8241879a12dd12e1","[no extension]","86","git-internal","NO/NOT SHOWN","NO","NO","NO","NO/NOT SHOWN","NO/NOT SHOWN","NO","False","KEEP_DEVELOPMENT","a9e3101154e828dff8b9e5271ac57c557fcde851344aeb2154bcfe9f04a0e3ba"
".git\objects\9d\eb444f1fd6131f37b0ce12df23f9ea0a79e1f9","[no extension]","180","git-internal","NO/NOT SHOWN","NO","NO","NO","NO/NOT SHOWN","NO/NOT SHOWN","NO","False","KEEP_DEVELOPMENT","0fc918c3bbdfe58e67f36a08e341063667110f3b584bea6e9d94912c69bb670c"
".git\objects\9e\345717a7fd4c5a635e45f8da4432f9350028bc","[no extension]","447","git-internal","NO/NOT SHOWN","NO","NO","NO","NO/NOT SHOWN","NO/NOT SHOWN","NO","False","KEEP_DEVELOPMENT","40067946c207cb59b425fd69f662cbee754e3ec2f1db8498c962a19042cda735"
".git\objects\9e\431926abf4ab9b6aa8ec2f83f3badd31b348c0","[no extension]","137","git-internal","NO/NOT SHOWN","NO","NO","NO","NO/NOT SHOWN","NO/NOT SHOWN","NO","False","KEEP_DEVELOPMENT","25d2c08889fbd04dfc73e63152bfdbb581b56b4d0693ac55f6e241f2d35b9393"
".git\objects\9e\4dd5ec81b74813adb8d3bcead12a7cd74d6e8b","[no extension]","811","git-internal","NO/NOT SHOWN","NO","NO","NO","NO/NOT SHOWN","NO/NOT SHOWN","NO","False","KEEP_DEVELOPMENT","5df5aee72c05f18317358cd1bafe2dd028754d9c8a5f0ae266265b4696a9c514"
".git\objects\9e\502ce68750db0e01229bf786807c149121c435","[no extension]","240","git-internal","NO/NOT SHOWN","NO","NO","NO","NO/NOT SHOWN","NO/NOT SHOWN","NO","False","KEEP_DEVELOPMENT","1ddf6e34eeb71fdf90e46ede8483452e5b2240b35bf67b9f61fc344905c52bf6"
".git\objects\9e\7650adaedbc78c12e7044d9f5389cc35f990df","[no extension]","3868","git-internal","NO/NOT SHOWN","NO","NO","NO","NO/NOT SHOWN","NO/NOT SHOWN","NO","False","KEEP_DEVELOPMENT","3569e1c274fe4af3d8185e5e1e20783d74ccf0205789b1118397214796409525"
".git\objects\9e\8f343c3182cc1f58277e4357336447933c3f62","[no extension]","618","git-internal","NO/NOT SHOWN","NO","NO","NO","NO/NOT SHOWN","NO/NOT SHOWN","NO","False","KEEP_DEVELOPMENT","0d23e5ea650bb30d224dacc46f813e1062cbc95cd909a2e28d2495049876ae13"
".git\objects\9e\92336794cfaaadf2658cc02baa6543e9ac3319","[no extension]","1603","git-internal","NO/NOT SHOWN","NO","NO","NO","NO/NOT SHOWN","NO/NOT SHOWN","NO","False","KEEP_DEVELOPMENT","0f0089d2336f3aca7caf69a92b000f6a5e6e1de1f5d06232b88d39fbf00193e7"
".git\objects\9e\affc5c66f6a61648960a201d10b5b45b7a20d1","[no extension]","440","git-internal","NO/NOT SHOWN","NO","NO","NO","NO/NOT SHOWN","NO/NOT SHOWN","NO","False","KEEP_DEVELOPMENT","fb48750fe64b3e05b13eb50f9f00fc5a42a8a3f36d67a4c3c4a92413b22043e3"
".git\objects\9e\c2a0085e199d2fbec9d6b051b8480eec4cec54","[no extension]","4967","git-internal","NO/NOT SHOWN","NO","NO","NO","NO/NOT SHOWN","NO/NOT SHOWN","NO","False","KEEP_DEVELOPMENT","bcb880b065ef4b2d799466b768f08e0ea37481ac0bb3a65cd57de0f6edbbba06"
".git\objects\9e\cdc58e28951bb67c5543df2605e0405f580302","[no extension]","907","git-internal","NO/NOT SHOWN","NO","NO","NO","NO/NOT SHOWN","NO/NOT SHOWN","NO","False","KEEP_DEVELOPMENT","3006545757d8ea725fb211804b3fedaefdedae096d28ea104145b73cb384ba0c"
".git\objects\9e\f143f7093c515c0d3eec8d2ca765f859cdcc5f","[no extension]","1175","git-internal","NO/NOT SHOWN","NO","NO","NO","NO/NOT SHOWN","NO/NOT SHOWN","NO","False","KEEP_DEVELOPMENT","1f7d73efc0ef3e04f874e6282ff8024f9b4ff9ccfdb57923b4b25ed8df525f4b"
".git\objects\9e\fa49c654f077531a21376f069fb787feaa4d63","[no extension]","209","git-internal","NO/NOT SHOWN","NO","NO","NO","NO/NOT SHOWN","NO/NOT SHOWN","NO","False","KEEP_DEVELOPMENT","da31bfd5205f64e053a1c8785a650e0bf8a9dfe335ad0cc1d09b490499256eaf"
".git\objects\9f\46360f43699dfe7e8594ef31e1d44e50c8a72f","[no extension]","6040","git-internal","NO/NOT SHOWN","NO","NO","NO","NO/NOT SHOWN","NO/NOT SHOWN","NO","False","KEEP_DEVELOPMENT","2f4dc9b717aa48d2306aa7d70233e48eced770b6e00a3e1f827d486e44efb3f9"
".git\objects\9f\51e20204e0c136f85b1dd094ac99ab94af59fa","[no extension]","209","git-internal","NO/NOT SHOWN","NO","NO","NO","NO/NOT SHOWN","NO/NOT SHOWN","NO","False","KEEP_DEVELOPMENT","52d7f39cc52c10e4b9cb5bb6b8f052590a766d82bf997232232a4bf7fec6e0ac"
".git\objects\9f\5e81aa7c9c9922bf1af5da79a3b479fa965b73","[no extension]","769","git-internal","NO/NOT SHOWN","NO","NO","NO","NO/NOT SHOWN","NO/NOT SHOWN","NO","False","KEEP_DEVELOPMENT","cbc1e18e5d23377cca76e548d46cfb752e93d1954bfa8a8f48d7cfe6daef5a7d"
".git\objects\9f\6421a474351878721991abc3218338ebf56004","[no extension]","926","git-internal","NO/NOT SHOWN","NO","NO","NO","NO/NOT SHOWN","NO/NOT SHOWN","NO","False","KEEP_DEVELOPMENT","03e5fa599e9725cf444a498341914d1214ee4627c329fff9989d13c0e3c327ec"
".git\objects\9f\a0ab850b69d2f3f77dc7db5db38abc0b4bf977","[no extension]","133","git-internal","NO/NOT SHOWN","NO","NO","NO","NO/NOT SHOWN","NO/NOT SHOWN","NO","False","KEEP_DEVELOPMENT","0cc5223edb1f7c0c79f581d4dc2e19d697a222b7ab3d6c4be83ba7b1fe9e92b0"
".git\objects\9f\af619e378ff6d941ccdf070a5577b585c114ee","[no extension]","1137","git-internal","NO/NOT SHOWN","NO","NO","NO","NO/NOT SHOWN","NO/NOT SHOWN","NO","False","KEEP_DEVELOPMENT","1cbd235cba740a3ef70f5d66321f9787f7d8512fb434a383daf44cd2375617ef"
".git\objects\9f\dabd1c42289060f8988af1560031e6332566ba","[no extension]","4650","git-internal","NO/NOT SHOWN","NO","NO","NO","NO/NOT SHOWN","NO/NOT SHOWN","NO","False","KEEP_DEVELOPMENT","3e6db161063d80077d60fd778fa62a41f057066019d05c812ee7ec09f9786e16"
".git\objects\9f\dfb6b0263f2d11a018e58a8462e78e920e89ab","[no extension]","396","git-internal","NO/NOT SHOWN","NO","NO","NO","NO/NOT SHOWN","NO/NOT SHOWN","NO","False","KEEP_DEVELOPMENT","7f2b484fd5accc04dd4cff7240cc959e500039659ec0dfc33cacf81e0b1bc99f"
".git\objects\9f\e0e94101175e039f454e60da754c14f57160d7","[no extension]","210","git-internal","NO/NOT SHOWN","NO","NO","NO","NO/NOT SHOWN","NO/NOT SHOWN","NO","False","KEEP_DEVELOPMENT","620572653fc77692cc03ff79963a63704a0340318f5c5ec885809356a7425c0c"
".git\objects\a0\1d93f2d0d87ed9463b582c3f02ed1dea421f49","[no extension]","560","git-internal","NO/NOT SHOWN","NO","NO","NO","NO/NOT SHOWN","NO/NOT SHOWN","NO","False","KEEP_DEVELOPMENT","0d9295c3ee053e4ab51d0a2b2cfe7100be6b3ecc7100217509e2746d19f416de"
".git\objects\a0\4a1ad1b5a4e48d43e1c70280030d6c680750ef","[no extension]","475","git-internal","NO/NOT SHOWN","NO","NO","NO","NO/NOT SHOWN","NO/NOT SHOWN","NO","False","KEEP_DEVELOPMENT","b7257dec79e6822c90fb10dbbc3b0d93eaca050ae160637d46a2d4cb8b8e4928"
".git\objects\a0\548f912c6d1598eb50d550d4a979478e3e28cb","[no extension]","699","git-internal","NO/NOT SHOWN","NO","NO","NO","NO/NOT SHOWN","NO/NOT SHOWN","NO","False","KEEP_DEVELOPMENT","8f6a72c74b2cca541acc042f867dbcb8a7d410587cfb3376ecfaf301a505200d"
".git\objects\a0\8b56d196cdd39d49a8050f308a0d7f4085e943","[no extension]","431","git-internal","NO/NOT SHOWN","NO","NO","NO","NO/NOT SHOWN","NO/NOT SHOWN","NO","False","KEEP_DEVELOPMENT","a149fd25390528b6d14a05f9b6dd43933d98cd11b55aa93aef784b695f82b5dc"
".git\objects\a0\c11da7c15c82e950aac7a29330bef9390bcbe4","[no extension]","209","git-internal","NO/NOT SHOWN","NO","NO","NO","NO/NOT SHOWN","NO/NOT SHOWN","NO","False","KEEP_DEVELOPMENT","819403058141b416a669a71d2cefcd8d07155eaaf64c19c640a0d7d78a92f495"
".git\objects\a1\5f39ac40d829ecb61306ab74ce537d24a49d2e","[no extension]","1449","git-internal","NO/NOT SHOWN","NO","NO","NO","NO/NOT SHOWN","NO/NOT SHOWN","NO","False","KEEP_DEVELOPMENT","73168f2b2d6ef9eb364c35fb9453f672899d007a2349ce643ee4d727cc4659b0"
".git\objects\a1\712ca1c1b767787e30f2e964840aa98815eabd","[no extension]","197","git-internal","NO/NOT SHOWN","NO","NO","NO","NO/NOT SHOWN","NO/NOT SHOWN","NO","False","KEEP_DEVELOPMENT","bbafe2e83d3955bc63d4904d24b729cb6f1f85e265177e80e0b8c42afc42821b"
".git\objects\a1\831ea46b05748e1ce4c82acf592616ea835923","[no extension]","805","git-internal","NO/NOT SHOWN","NO","NO","NO","NO/NOT SHOWN","NO/NOT SHOWN","NO","False","KEEP_DEVELOPMENT","7119e32104ebe256e7abc3205a31544d87bfb30be216b3a3c421f5b63a3e1528"
".git\objects\a1\c3d32e9826c517b905a2c3a3959435e65d8c6a","[no extension]","711","git-internal","NO/NOT SHOWN","NO","NO","NO","NO/NOT SHOWN","NO/NOT SHOWN","NO","False","KEEP_DEVELOPMENT","0c2d81a7e454c525adbd432037c87aa15421eb048dd873cd8383aa5c61c54b9a"
".git\objects\a2\0942a71cd12917bc526b6c4b4e36925dc7110a","[no extension]","2649","git-internal","NO/NOT SHOWN","NO","NO","NO","NO/NOT SHOWN","NO/NOT SHOWN","NO","False","KEEP_DEVELOPMENT","68546ea1fc66062aa36279bfc020fc24a3170c7a2137ddb2ed23d3f081c17b5e"
".git\objects\a2\128d6ec9e515bce65c87f1ee21483ce554c00d","[no extension]","465","git-internal","NO/NOT SHOWN","NO","NO","NO","NO/NOT SHOWN","NO/NOT SHOWN","NO","False","KEEP_DEVELOPMENT","2db7d2ef302eb1e465d354d357c14f0772fb643f7e4a4af904b9e6ad1f90c08b"
".git\objects\a2\1513bdbbe72e60304fcb0f1aa11fe098167e87","[no extension]","1260","git-internal","NO/NOT SHOWN","NO","NO","NO","NO/NOT SHOWN","NO/NOT SHOWN","NO","False","KEEP_DEVELOPMENT","8b0bffef7d6d89cb6285a2bebf79dfdb47f23e014c3612e414d39d1e359d5c28"
".git\objects\a2\387e84ad41ee2e289063f52dabfaea8590de15","[no extension]","5018","git-internal","NO/NOT SHOWN","NO","NO","NO","NO/NOT SHOWN","NO/NOT SHOWN","NO","False","KEEP_DEVELOPMENT","1c384b469f77b4a3877c14c613015c10f97d1a013df9c85f3296308336d767d3"
".git\objects\a2\aeb9f3ef62c7785a67e13f499a5ac190b82986","[no extension]","143","git-internal","NO/NOT SHOWN","NO","NO","NO","NO/NOT SHOWN","NO/NOT SHOWN","NO","False","KEEP_DEVELOPMENT","899c46b433cdb9ae254d094c89192361ba8dcb29944a6eae0125fbc8f70ed05b"
".git\objects\a2\d5540ec9e2fcdfdce543aa2334e8d36fe572f8","[no extension]","3317","git-internal","NO/NOT SHOWN","NO","NO","NO","NO/NOT SHOWN","NO/NOT SHOWN","NO","False","KEEP_DEVELOPMENT","7261afe298c4015b3a31407a8478f7769d65b6502f29123138da7fb576453d1b"
".git\objects\a2\eb4defc5a7a2e6462deb0b51a861f08f2a7aa6","[no extension]","103","git-internal","NO/NOT SHOWN","NO","NO","NO","NO/NOT SHOWN","NO/NOT SHOWN","NO","False","KEEP_DEVELOPMENT","d3df27f73296ca6042ab828bea778aba6b999beb99628332c5229705a4c3aebc"
".git\objects\a3\23e05437ef433dfaaf41500a829c584793705d","[no extension]","449","git-internal","NO/NOT SHOWN","NO","NO","NO","NO/NOT SHOWN","NO/NOT SHOWN","NO","False","KEEP_DEVELOPMENT","428643009d89722bbaacd72fe661129f931328533b48cce3c8a153c565c9f01d"
".git\objects\a3\2ebe35ed65c73539e1cb36317f1b23451a4e3f","[no extension]","97","git-internal","NO/NOT SHOWN","NO","NO","NO","NO/NOT SHOWN","NO/NOT SHOWN","NO","False","KEEP_DEVELOPMENT","81e110740d94c21dfdb68a388f29c36103185a6ad805b34e26b1342355dda004"
".git\objects\a3\6dd4e597d4da9fd24282eda925230ede82f4b1","[no extension]","2419","git-internal","NO/NOT SHOWN","NO","NO","NO","NO/NOT SHOWN","NO/NOT SHOWN","NO","False","KEEP_DEVELOPMENT","aee8948f8ec1fc4effc6e425155f479f1f3bf744d0b6a5c1200950fbfcffaf62"
".git\objects\a3\b5a43f3bdb5a28d83ce5d6d2f38976232653fc","[no extension]","209","git-internal","NO/NOT SHOWN","NO","NO","NO","NO/NOT SHOWN","NO/NOT SHOWN","NO","False","KEEP_DEVELOPMENT","cf372e4ceb704c09d7c76487b8b0ddbe94d57d19cdd623c211208fd39bc8eff7"
".git\objects\a3\bf1c10442c2428682ff6050cdc8b481e48d66f","[no extension]","200","git-internal","NO/NOT SHOWN","NO","NO","NO","NO/NOT SHOWN","NO/NOT SHOWN","NO","False","KEEP_DEVELOPMENT","e9c6a1661b33bd73bf6d945100704537c246a57e54646a68d8b5a8c502abb57a"
".git\objects\a3\c8ea7a5b244e7603c7565963b8eaa152b48028","[no extension]","5892","git-internal","NO/NOT SHOWN","NO","NO","NO","NO/NOT SHOWN","NO/NOT SHOWN","NO","False","KEEP_DEVELOPMENT","ea01cdf3ee2058599b3c8f26534de03c188e1f1820ccf418e256988c1a27aff7"
".git\objects\a4\1bce1631df640c6d751c72c6fc7acfcec6231d","[no extension]","56","git-internal","NO/NOT SHOWN","NO","NO","NO","NO/NOT SHOWN","NO/NOT SHOWN","NO","False","KEEP_DEVELOPMENT","09c35df406c135c591ca87e0a75384f72e360012f49140ca06b3b78fd0fb2fcd"
".git\objects\a4\4001439b33052226bf8eb04548a05732483541","[no extension]","504","git-internal","NO/NOT SHOWN","NO","NO","NO","NO/NOT SHOWN","NO/NOT SHOWN","NO","False","KEEP_DEVELOPMENT","ef675f8307149e3ca999befbebf9f99e2dcececaa6e2223ac05afd71806aef37"
".git\objects\a4\478c0fe9685305e0bef1f96f8964e968a7fb15","[no extension]","9002","git-internal","NO/NOT SHOWN","NO","NO","NO","NO/NOT SHOWN","NO/NOT SHOWN","NO","False","KEEP_DEVELOPMENT","08d2fdd9d5541caa248dcbab9423d3a9ed2cd45acb8e78cf1e5cb2985c98800f"
".git\objects\a4\504c98aa5d977c107661a83e3c0f83dac0f19b","[no extension]","421","git-internal","NO/NOT SHOWN","NO","NO","NO","NO/NOT SHOWN","NO/NOT SHOWN","NO","False","KEEP_DEVELOPMENT","c9d49b1fae2132ec87e298ca9ee7cf25ab99546f504e307cd43568146ad47eb5"
".git\objects\a4\5564e4bb0bf459b2ee5869040a73272651bd90","[no extension]","655","git-internal","NO/NOT SHOWN","NO","NO","NO","NO/NOT SHOWN","NO/NOT SHOWN","NO","False","KEEP_DEVELOPMENT","166a16b92fb745efb796d85784ac8caa81aad87a610928ee941403c3d5b2d253"
".git\objects\a4\64568e6dc44f251b8a76d65fcb916ab4953488","[no extension]","1738","git-internal","NO/NOT SHOWN","NO","NO","NO","NO/NOT SHOWN","NO/NOT SHOWN","NO","False","KEEP_DEVELOPMENT","2ad36b39bb18786b5d911ef3247bb7b81f39bb89f5d1b7d50d8de206c21f5ebd"
".git\objects\a4\691865885b447fa1606a3fb850036d5d78a9fb","[no extension]","155","git-internal","NO/NOT SHOWN","NO","NO","NO","NO/NOT SHOWN","NO/NOT SHOWN","NO","False","KEEP_DEVELOPMENT","f2cea1b3695bdc929c11dbe3127710f48767dcf95b97c2cc511e4dac6c608077"
".git\objects\a4\79401b79a0b0f62d36c97b9f09118b793657ea","[no extension]","326","git-internal","NO/NOT SHOWN","NO","NO","NO","NO/NOT SHOWN","NO/NOT SHOWN","NO","False","KEEP_DEVELOPMENT","c2b9d6862b2bbd2c6597e5b8c145ccdceb0b5fdda72bd25d0f50dbdbd199a2f0"
".git\objects\a4\7b3305a6efb7ec000b3dd2f691921a569357a9","[no extension]","4386","git-internal","NO/NOT SHOWN","NO","NO","NO","NO/NOT SHOWN","NO/NOT SHOWN","NO","False","KEEP_DEVELOPMENT","31fa9eff2a48191c5bd595ec48fa53b5030e1cfe75e14d5ccc3a18e499576c6e"
".git\objects\a4\c633f1ab8f1a02b979c50ed5b321b5bd68211e","[no extension]","2083","git-internal","NO/NOT SHOWN","NO","NO","NO","NO/NOT SHOWN","NO/NOT SHOWN","NO","False","KEEP_DEVELOPMENT","c5790b9ba585ee5f93607af41a0977e79552474cf3b63f60e10d43797a5ca646"
".git\objects\a4\ccaa92446459ff90c15e182c8e722d58b7360c","[no extension]","321","git-internal","NO/NOT SHOWN","NO","NO","NO","NO/NOT SHOWN","NO/NOT SHOWN","NO","False","KEEP_DEVELOPMENT","9963decd688749fa1977695eadbfa35525c825da6586506026da518ac1d9d9b1"
".git\objects\a4\ef61b4b42d284347b536e1ad6db0e781fa6143","[no extension]","27116","git-internal","NO/NOT SHOWN","NO","NO","NO","NO/NOT SHOWN","NO/NOT SHOWN","NO","False","KEEP_DEVELOPMENT","9bb00612d6669d031f2a42970d999c53834cebfefa08cab005e60c11a7b56d2b"
".git\objects\a5\48b3b88b38f726a6ce34e729916c875ac93e33","[no extension]","83","git-internal","NO/NOT SHOWN","NO","NO","NO","NO/NOT SHOWN","NO/NOT SHOWN","NO","False","KEEP_DEVELOPMENT","7ba521cd68fc38cccfe10147e1d4db300e0b095e4be8e52bee96c593144d8583"
".git\objects\a5\951f3fb19b2d914acda6ae4d82d137faddc39c","[no extension]","245","git-internal","NO/NOT SHOWN","NO","NO","NO","NO/NOT SHOWN","NO/NOT SHOWN","NO","False","KEEP_DEVELOPMENT","631580588464bef165e7827dd95dda81ea4edfe3c210c9d9e9f3b948dc24d76e"
".git\objects\a5\f0af7a107c8b2ba637e85c0bcacd8730dbc807","[no extension]","865","git-internal","NO/NOT SHOWN","NO","NO","NO","NO/NOT SHOWN","NO/NOT SHOWN","NO","False","KEEP_DEVELOPMENT","4a137f567b6985dedac937bf32a15b2f93e794fe8d02c7921513dfcf2d03f3b9"
".git\objects\a6\175f3b35727981171fd91210aacd7b8cc1c668","[no extension]","373","git-internal","NO/NOT SHOWN","NO","NO","NO","NO/NOT SHOWN","NO/NOT SHOWN","NO","False","KEEP_DEVELOPMENT","7077fabbc3c3c76f321d61a737e2e33adb2fd9b2b854b60383875400891671d7"
".git\objects\a6\26201c81f76c77e4bb1a543c79131e5686823b","[no extension]","474","git-internal","NO/NOT SHOWN","NO","NO","NO","NO/NOT SHOWN","NO/NOT SHOWN","NO","False","KEEP_DEVELOPMENT","11e95c519fcd12569e94e639afb98c05bbf9fda92b1d24f0fa17bc381e69bac2"
".git\objects\a6\2e30c2b2bfe4f7bca1b3754a230932bea6c5f5","[no extension]","295","git-internal","NO/NOT SHOWN","NO","NO","NO","NO/NOT SHOWN","NO/NOT SHOWN","NO","False","KEEP_DEVELOPMENT","7ad93707d9984c2bf4cc72ffe0f8cbadec2100b7f576ec2e7d26f2ad6ed63350"
".git\objects\a6\3c2d8221381e06e56f3fc05aedee524817949f","[no extension]","4765","git-internal","NO/NOT SHOWN","NO","NO","NO","NO/NOT SHOWN","NO/NOT SHOWN","NO","False","KEEP_DEVELOPMENT","79de0eb10d9721a16e7780119294901d2dff61ed3963a9a3b77f9b429be70351"
".git\objects\a6\8d5528d55ada803284e359eafa3aae08856202","[no extension]","1902","git-internal","NO/NOT SHOWN","NO","NO","NO","NO/NOT SHOWN","NO/NOT SHOWN","NO","False","KEEP_DEVELOPMENT","cc083af113adbc78de4e75a073f1a702e24c8240efed27b9a70f0303d35e11ee"
".git\objects\a6\9345315d4d492edaddf97d7a4c004e17f7e6ac","[no extension]","971","git-internal","NO/NOT SHOWN","NO","NO","NO","NO/NOT SHOWN","NO/NOT SHOWN","NO","False","KEEP_DEVELOPMENT","69e08d6531cb27decec90f52482e23eb2fc4c6458995230b8c1129254860f520"
".git\objects\a6\c49dda8f29048740c39619cbe1c6ee27be2c68","[no extension]","104","git-internal","NO/NOT SHOWN","NO","NO","NO","NO/NOT SHOWN","NO/NOT SHOWN","NO","False","KEEP_DEVELOPMENT","9e26e9ea43b464fb7d568f10f6f305f73e01b6fb846bcfffd50d47a73de38190"
".git\objects\a7\34f43fffc74a6f3416cf072d1a8e73fbc99acf","[no extension]","277","git-internal","NO/NOT SHOWN","NO","NO","NO","NO/NOT SHOWN","NO/NOT SHOWN","NO","False","KEEP_DEVELOPMENT","5fae5f5297e1fcb644fb238ba2397156f78799f7fba0d5b27a1788e48d35783c"
".git\objects\a7\36871ac712deb6e09db9681a6b9d3978caa4ec","[no extension]","2834","git-internal","NO/NOT SHOWN","NO","NO","NO","NO/NOT SHOWN","NO/NOT SHOWN","NO","False","KEEP_DEVELOPMENT","7f0410fa982f6630255cf93d77bef0ff5f533134966ecab1b11f06caf67d232f"
".git\objects\a7\4703662668d043a73ca02ae1265c772c165740","[no extension]","777","git-internal","NO/NOT SHOWN","NO","NO","NO","NO/NOT SHOWN","NO/NOT SHOWN","NO","False","KEEP_DEVELOPMENT","40e378a0dd6975967c6cbfc2dcfc8de96f313291d9b489581ea5a9111c28d6f8"
".git\objects\a7\4e54c63dfd340c7d76127320a117bd08249c05","[no extension]","4467","git-internal","NO/NOT SHOWN","NO","NO","NO","NO/NOT SHOWN","NO/NOT SHOWN","NO","False","KEEP_DEVELOPMENT","048baf587b0b87c9fd628fea9ea705db961e1509091743206ba79899a4c69ab9"
".git\objects\a7\91ba98e46573d69abcd0764b17697afb1939aa","[no extension]","5877","git-internal","NO/NOT SHOWN","NO","NO","NO","NO/NOT SHOWN","NO/NOT SHOWN","NO","False","KEEP_DEVELOPMENT","6295bf49c4a507d5fc30e9949966d026456071b923857102263a41cc7eb8e44d"
".git\objects\a7\94336eb0743fe22987ade5aa14d6c73860e9db","[no extension]","200","git-internal","NO/NOT SHOWN","NO","NO","NO","NO/NOT SHOWN","NO/NOT SHOWN","NO","False","KEEP_DEVELOPMENT","d0024818cd162544a715702a9a70912b17b82c736be91a9b58ff642e2c9fa7f7"
".git\objects\a7\aea0aa88f9850164d341be373b2f678b07a5cf","[no extension]","675","git-internal","NO/NOT SHOWN","NO","NO","NO","NO/NOT SHOWN","NO/NOT SHOWN","NO","False","KEEP_DEVELOPMENT","5d8f29ad259f6a6ec3b699053e6d001045b09e8cbd50d988e26d143544b50cd7"
".git\objects\a7\baefc383966124abe2f3215780841144f21a56","[no extension]","25209","git-internal","NO/NOT SHOWN","NO","NO","NO","NO/NOT SHOWN","NO/NOT SHOWN","NO","False","KEEP_DEVELOPMENT","56950d9801be5ec888176677908a40cbc36953174c432f3e4e3b19142bad2ea2"
".git\objects\a7\c0486bca8ae2ffa41d90e0a59a8842f404e34f","[no extension]","2274","git-internal","NO/NOT SHOWN","NO","NO","NO","NO/NOT SHOWN","NO/NOT SHOWN","NO","False","KEEP_DEVELOPMENT","f844c56edc38ec9f67850d4a8d9d3e6c1d13f6d77eb80cdbf6063d8bbd7ca023"
".git\objects\a8\46916bea749016bc320daf6bfa52602bb95d48","[no extension]","196","git-internal","NO/NOT SHOWN","NO","NO","NO","NO/NOT SHOWN","NO/NOT SHOWN","NO","False","KEEP_DEVELOPMENT","c9fc213a157f062dfbaac93dbc9f06f50ff871b59e26695e67b9ede9b8f47fdd"
".git\objects\a8\b5ac5efffe5781dd7da2e561bbfc49306e4c45","[no extension]","185","git-internal","NO/NOT SHOWN","NO","NO","NO","NO/NOT SHOWN","NO/NOT SHOWN","NO","False","KEEP_DEVELOPMENT","a87586de018b3d6c9c72e642c9be514393f9479b601bd3e592ca4a2a5ddbaf90"
".git\objects\a8\bffe50e062ba24c8339a3aaf5636bcf91122a9","[no extension]","204","git-internal","NO/NOT SHOWN","NO","NO","NO","NO/NOT SHOWN","NO/NOT SHOWN","NO","False","KEEP_DEVELOPMENT","0d52b712e494a5f720359a6a00586ad54deeb371fe6dd26c7bdfc054fd385b9f"
".git\objects\a8\ed9cd207e5091291f9b0c58b533fac1fbdf4fe","[no extension]","431","git-internal","NO/NOT SHOWN","NO","NO","NO","NO/NOT SHOWN","NO/NOT SHOWN","NO","False","KEEP_DEVELOPMENT","8c1fbeeb14e2ea1b40f4ce75f2a4d696fd2ec040aec26350af724386895dbde3"
".git\objects\a9\30ddf86bd7365562477de563895fe50eaaa0ba","[no extension]","20293","git-internal","NO/NOT SHOWN","NO","NO","NO","NO/NOT SHOWN","NO/NOT SHOWN","NO","False","KEEP_DEVELOPMENT","77f4b9233f1b761cb7ad38da6a847babd5c9e16a4f17a1ecd0c739c9f00af33b"
".git\objects\a9\661414de404109eda4c17ecbad6900315f3fea","[no extension]","2058","git-internal","NO/NOT SHOWN","NO","NO","NO","NO/NOT SHOWN","NO/NOT SHOWN","NO","False","KEEP_DEVELOPMENT","f0f7ed75bf73aac2bbf821159f41080244d6852e9f0e530f8e0ea80e38a658f7"
".git\objects\a9\a60fde21eee981d42ed8cedd97bdd0bfa63b0c","[no extension]","206","git-internal","NO/NOT SHOWN","NO","NO","NO","NO/NOT SHOWN","NO/NOT SHOWN","NO","False","KEEP_DEVELOPMENT","9807c33c33ee111b0060dad27bf0d7122859feebf0d4e9772a2ac9c8d8e55207"
".git\objects\a9\b0c6f0aa6fe681a63ad4bd4f6de2d6650869b8","[no extension]","182","git-internal","NO/NOT SHOWN","NO","NO","NO","NO/NOT SHOWN","NO/NOT SHOWN","NO","False","KEEP_DEVELOPMENT","7cb3114175e6b5b5781c67b50d82392d72beb065f89ed9fa102650e4252d2d69"
".git\objects\a9\fa33916984f9b8d88049da3310387d2e691c62","[no extension]","708","git-internal","NO/NOT SHOWN","NO","NO","NO","NO/NOT SHOWN","NO/NOT SHOWN","NO","False","KEEP_DEVELOPMENT","84b588c5edecb5d7221b3b2733194e1073ba7e4bba3840af9285dfbd789e97cc"
".git\objects\aa\0bc2f4f1e5ced2ce7ae4ad6e6b786d0b1d23e7","[no extension]","959","git-internal","NO/NOT SHOWN","NO","NO","NO","NO/NOT SHOWN","NO/NOT SHOWN","NO","False","KEEP_DEVELOPMENT","fbc5e2213a3695cb0a87533a3ec681b5cea1d8023bf590125a9a72db80f52ce4"
".git\objects\aa\24a10534435043c5e7bc48b37776d3c3b3fe05","[no extension]","368","git-internal","NO/NOT SHOWN","NO","NO","NO","NO/NOT SHOWN","NO/NOT SHOWN","NO","False","KEEP_DEVELOPMENT","6108379c84b3fea85d34f63d102ec83d8624a1795515e188fd0bfe81022e9ad7"
".git\objects\aa\2c3de1065f01bdc151ebd8e15b4faaee118d99","[no extension]","522","git-internal","NO/NOT SHOWN","NO","NO","NO","NO/NOT SHOWN","NO/NOT SHOWN","NO","False","KEEP_DEVELOPMENT","a68702e58de5b338373185cbab4a01ad8dafdf3939176ed10bf7a740eef510de"
".git\objects\aa\3141cb99c10bb6936db4ba097a3443498535f2","[no extension]","200","git-internal","NO/NOT SHOWN","NO","NO","NO","NO/NOT SHOWN","NO/NOT SHOWN","NO","False","KEEP_DEVELOPMENT","06212fabdba129707bb523fc620014c350b29a083959e4724d2b587b7a227894"
".git\objects\aa\341bc5a89664de7272d3ef9939bae47349bccd","[no extension]","744","git-internal","NO/NOT SHOWN","NO","NO","NO","NO/NOT SHOWN","NO/NOT SHOWN","NO","False","KEEP_DEVELOPMENT","6d2551329d3bfc4a758fa4370ce483a68748f3e0a0c294312fddc1adc9d29043"
".git\objects\aa\7722f2586da8817883ede412bd24877ec70177","[no extension]","200","git-internal","NO/NOT SHOWN","NO","NO","NO","NO/NOT SHOWN","NO/NOT SHOWN","NO","False","KEEP_DEVELOPMENT","5889e21c2fe40deaab31777ecf5504ed247ea579aa2ce2b70fb3f86670e71a0c"
".git\objects\aa\bf52c2d676868b7807e69328a1dce39900a981","[no extension]","28738","git-internal","NO/NOT SHOWN","NO","NO","NO","NO/NOT SHOWN","NO/NOT SHOWN","NO","False","KEEP_DEVELOPMENT","3847048adac5590c019a11d40ebf1cb9eeefea5583cb90493d5ee32a8abc753f"
".git\objects\ab\168709f5f35a1015dc93f9b7344c48c96c86b0","[no extension]","134","git-internal","NO/NOT SHOWN","NO","NO","NO","NO/NOT SHOWN","NO/NOT SHOWN","NO","False","KEEP_DEVELOPMENT","1133eb72a2231149016dc8303643e4ec0127c0ae1b0eef011285ccee756350c8"
".git\objects\ab\26f331e11484ed2f6c4142ae9687a2d4d41ea2","[no extension]","308","git-internal","NO/NOT SHOWN","NO","NO","NO","NO/NOT SHOWN","NO/NOT SHOWN","NO","False","KEEP_DEVELOPMENT","8e248fffff430f72bb983ee36fb84f235e5f29d588b0e92536ccf8f90be5d7ef"
".git\objects\ab\4c6cff78a9493d4d4d2dc7728906fba826f2de","[no extension]","1128","git-internal","NO/NOT SHOWN","NO","NO","NO","NO/NOT SHOWN","NO/NOT SHOWN","NO","False","KEEP_DEVELOPMENT","8dab8f5edc7b807edc5b4ecb217969ae4a7a73ffac04bf07c47bce07f9cbf3cb"
".git\objects\ab\924efc450bc7947af0d247848617c93faf955e","[no extension]","1566","git-internal","NO/NOT SHOWN","NO","NO","NO","NO/NOT SHOWN","NO/NOT SHOWN","NO","False","KEEP_DEVELOPMENT","186d1cff24b36d21cf8aecc2a6ef55c5131ca3b994720203ac78a821940fbb53"
".git\objects\ab\a0c6fdde282b24bc08bfd7702898f38a67b87d","[no extension]","498","git-internal","NO/NOT SHOWN","NO","NO","NO","NO/NOT SHOWN","NO/NOT SHOWN","NO","False","KEEP_DEVELOPMENT","eb720dafff8e4fcdeec98e8ed97cebe55dd7f6fa6aaef8523ea70990419d3968"
".git\objects\ab\acdfa7bff4fd5d9e9680c05a2ca8f02109ba1f","[no extension]","370","git-internal","NO/NOT SHOWN","NO","NO","NO","NO/NOT SHOWN","NO/NOT SHOWN","NO","False","KEEP_DEVELOPMENT","f85e468f3cc8c01ab1fabeb1bb729089659b8e0d8398e29e91205d8a6129712b"
".git\objects\ab\b34e148163f68b2a6bf6b7604cac9a041f5d18","[no extension]","186","git-internal","NO/NOT SHOWN","NO","NO","NO","NO/NOT SHOWN","NO/NOT SHOWN","NO","False","KEEP_DEVELOPMENT","cca49f8880ee35e84c3801370e9a4a081a2d4790d34dc078437facb583048ff1"
".git\objects\ab\d219425e06f41729cb2109146d65b85cc38ca9","[no extension]","415","git-internal","NO/NOT SHOWN","NO","NO","NO","NO/NOT SHOWN","NO/NOT SHOWN","NO","False","KEEP_DEVELOPMENT","23527e28436f8ef4d4cf0e225ae582d6a7522075006feb7eccd0dc82ec3de309"
".git\objects\ab\da66859e06dc847e89259a8970fd3740c1fb22","[no extension]","210","git-internal","NO/NOT SHOWN","NO","NO","NO","NO/NOT SHOWN","NO/NOT SHOWN","NO","False","KEEP_DEVELOPMENT","f9fc48bf0d92eb5b52f71305f32c684f9bd326dd0d2c5817238fc5a4f7fd253b"
".git\objects\ab\db1478c8c7c459fbfd28570a0db1f5e4054b1d","[no extension]","658","git-internal","NO/NOT SHOWN","NO","NO","NO","NO/NOT SHOWN","NO/NOT SHOWN","NO","False","KEEP_DEVELOPMENT","d29a2be510d3c84fb7ec0d4d2c2d0f021823cb1b7b03f96b8bd7017f5b05284c"
".git\objects\ac\4a0cc2b8d04cec729af1ef4e8251e05e911f90","[no extension]","495","git-internal","NO/NOT SHOWN","NO","NO","NO","NO/NOT SHOWN","NO/NOT SHOWN","NO","False","KEEP_DEVELOPMENT","a361d88f45bd5815f9a496343b443573caf5fb7783ccb5e036643c5095f00dd2"
".git\objects\ac\4f5e6fc4731cce0662d1df262af11ebba13c30","[no extension]","376","git-internal","NO/NOT SHOWN","NO","NO","NO","NO/NOT SHOWN","NO/NOT SHOWN","NO","False","KEEP_DEVELOPMENT","51abb64062b1e70e383493fa7fb90137b851f80b771762a8e5c878b3eb40aa40"
".git\objects\ac\6ffe6841426511be616fa9beb448abeba53627","[no extension]","438","git-internal","NO/NOT SHOWN","NO","NO","NO","NO/NOT SHOWN","NO/NOT SHOWN","NO","False","KEEP_DEVELOPMENT","4275523a40e8695dec7fa22e4c20783a3bb024a99f5e9faa7a6e2c7f392136fa"
".git\objects\ac\72ecd506845f126d1b1a15ecc570cfc7c0885a","[no extension]","11004","git-internal","NO/NOT SHOWN","NO","NO","NO","NO/NOT SHOWN","NO/NOT SHOWN","NO","False","KEEP_DEVELOPMENT","dcff0433e24f07bdcc396d51919668619f5ecd0e00a29a801335cfde282eb5a3"
".git\objects\ac\857dd6e3220305073da152383b0a386fca5e7c","[no extension]","179","git-internal","NO/NOT SHOWN","NO","NO","NO","NO/NOT SHOWN","NO/NOT SHOWN","NO","False","KEEP_DEVELOPMENT","0864c5d61ebb2002c08cbc8bd6cbcf6b2cec38a63ef8ddc8e9ad013afa6e779c"
".git\objects\ac\c9a1a77e91c23b1c7a4f55eba3f11b6c692910","[no extension]","70","git-internal","NO/NOT SHOWN","NO","NO","NO","NO/NOT SHOWN","NO/NOT SHOWN","NO","False","KEEP_DEVELOPMENT","40592f8b1b1245634b60224af2d1b3babd2170ab66876fbbac1ac7009fc408d6"
".git\objects\ad\0735507efeafec8368f91ec5b6299a5ca07ff1","[no extension]","2786","git-internal","NO/NOT SHOWN","NO","NO","NO","NO/NOT SHOWN","NO/NOT SHOWN","NO","False","KEEP_DEVELOPMENT","5208fdd0cfff3f94dc9a38d44dea7836a7d1355cb5c3bfc780f1f2250f305468"
".git\objects\ad\0d231121ac3c259a8187b6bba303063312dfd3","[no extension]","2639","git-internal","NO/NOT SHOWN","NO","NO","NO","NO/NOT SHOWN","NO/NOT SHOWN","NO","False","KEEP_DEVELOPMENT","75c04e8e9630c34b3ee503d15f13de058f450a7815dc1fbd1d016d0f2b725347"
".git\objects\ad\52f1ced56e47dcef1d4a7340adcc2709cd4cc2","[no extension]","5025","git-internal","NO/NOT SHOWN","NO","NO","NO","NO/NOT SHOWN","NO/NOT SHOWN","NO","False","KEEP_DEVELOPMENT","b4d5b976565d7086602a29025d428bc523017d83e5c7328e05438ef4698d9b14"
".git\objects\ad\54e3d6e3148093d4e8a56e3977c56c2fabfd6c","[no extension]","813","git-internal","NO/NOT SHOWN","NO","NO","NO","NO/NOT SHOWN","NO/NOT SHOWN","NO","False","KEEP_DEVELOPMENT","4836bd78f0dcc6b0fe804ab8c1cdce978032bf5f3540d1f66331501fb7bd5ef6"
".git\objects\ad\93afa51665a07e01b470bfe72eba2fc9996cf3","[no extension]","836","git-internal","NO/NOT SHOWN","NO","NO","NO","NO/NOT SHOWN","NO/NOT SHOWN","NO","False","KEEP_DEVELOPMENT","54f6bbb8855807a6482db563f39c17a235b6800443b0fbe4eaa590645a138981"
".git\objects\ad\9ccfd6b2b1e80df8bca4e641a6e1e22a1b9a19","[no extension]","152","git-internal","NO/NOT SHOWN","NO","NO","NO","NO/NOT SHOWN","NO/NOT SHOWN","NO","False","KEEP_DEVELOPMENT","31fe70f2693d254dd7125eb20cb7fa02e3692bae90c9cd3efb5b406bcd35fa00"
".git\objects\ad\eec5594f5bc39961fcb39c3114a95069798cac","[no extension]","90","git-internal","NO/NOT SHOWN","NO","NO","NO","NO/NOT SHOWN","NO/NOT SHOWN","NO","False","KEEP_DEVELOPMENT","fbeab62c4a3f1633ee63700d9e8ebfbb565b2e95468e8ed242021b3f9a5e2624"
".git\objects\ad\f265a1391b469ed515304363fa525e0328d251","[no extension]","640","git-internal","NO/NOT SHOWN","NO","NO","NO","NO/NOT SHOWN","NO/NOT SHOWN","NO","False","KEEP_DEVELOPMENT","d94cb5bcc0cdc1535cd5c78cbbe0e04df3e727e1e057499672b4110316c52626"
".git\objects\ae\0e569b97c6fdda2e9f597d0feb5130ba4a726c","[no extension]","240","git-internal","NO/NOT SHOWN","NO","NO","NO","NO/NOT SHOWN","NO/NOT SHOWN","NO","False","KEEP_DEVELOPMENT","c7174d54582abc986ec34a58d9d29f9ba50d7d60cff0112530aaf3741fa8f88b"
".git\objects\ae\25d30d823bb05d4543a4fe70f42babe02a72be","[no extension]","198","git-internal","NO/NOT SHOWN","NO","NO","NO","NO/NOT SHOWN","NO/NOT SHOWN","NO","False","KEEP_DEVELOPMENT","c62d265475b3097b5214b43e06e19a20f833dc68f2839460b6f8d710db323553"
".git\objects\ae\26a885600b77d2b5d16783c750b78b28d4fc73","[no extension]","1608","git-internal","NO/NOT SHOWN","NO","NO","NO","NO/NOT SHOWN","NO/NOT SHOWN","NO","False","KEEP_DEVELOPMENT","f2a0a8a387c7835d14c72569557d5d3659c6cec19535c75e7804bfdbd26a0fd8"
".git\objects\ae\3637c8438db15fb6ec6ab2e1393acccb53e5ce","[no extension]","3641","git-internal","NO/NOT SHOWN","NO","NO","NO","NO/NOT SHOWN","NO/NOT SHOWN","NO","False","KEEP_DEVELOPMENT","a92a857543906f7215f3b85135f069f1eb6596255f927e1df3838d363389d986"
".git\objects\ae\43f6171371eb4456d0493caa49cadef328e801","[no extension]","58","git-internal","NO/NOT SHOWN","NO","NO","NO","NO/NOT SHOWN","NO/NOT SHOWN","NO","False","KEEP_DEVELOPMENT","260ac676a75c0031b435f731e1f85f95ed4125d61465c41e14fc3f45a2eb5aa7"
".git\objects\ae\64e5426054a7031603909b99e8ec04f3dbd18d","[no extension]","301","git-internal","NO/NOT SHOWN","NO","NO","NO","NO/NOT SHOWN","NO/NOT SHOWN","NO","False","KEEP_DEVELOPMENT","e246aedbaf16ff523aafa468e860e42325ed06d5a5ff96168fc8f08ea878df75"
".git\objects\ae\beee3e9c4d87a78126455fa35207159aee1fec","[no extension]","790","git-internal","NO/NOT SHOWN","NO","NO","NO","NO/NOT SHOWN","NO/NOT SHOWN","NO","False","KEEP_DEVELOPMENT","4ea8f57432a17b42dca47d271380284cec865618a9025d1e6895e620008997b8"
".git\objects\ae\c5a3af4d8bd8ec2665e568098f1bd5be3ac5a4","[no extension]","543","git-internal","NO/NOT SHOWN","NO","NO","NO","NO/NOT SHOWN","NO/NOT SHOWN","NO","False","KEEP_DEVELOPMENT","19d467302c5b5afc3c0a807141e4522c616e0bd0f1887ae3c8865248375bbadf"
".git\objects\af\12c993653faef6391e83ec35a2b4899c99dfd4","[no extension]","24917","git-internal","NO/NOT SHOWN","NO","NO","NO","NO/NOT SHOWN","NO/NOT SHOWN","NO","False","KEEP_DEVELOPMENT","9a7b50226c847dcd91a91f4969eb3fb3ba5ebd307c72d9ef912807d8cc016642"
".git\objects\af\6792ced375d06528b678504dc7116f6c4658cb","[no extension]","498","git-internal","NO/NOT SHOWN","NO","NO","NO","NO/NOT SHOWN","NO/NOT SHOWN","NO","False","KEEP_DEVELOPMENT","b18b69d57c56e2a8fb813a5ee55d71807a343d778ef02272c43e611bc98d4027"
".git\objects\b0\2dc4071ee77d8beb7ab69841e278c970e7aa42","[no extension]","944","git-internal","NO/NOT SHOWN","NO","NO","NO","NO/NOT SHOWN","NO/NOT SHOWN","NO","False","KEEP_DEVELOPMENT","1f1897d84a415521d5707763772a6d916a97b79844c7a5e776bd5e5e29312a69"
".git\objects\b0\407885eaee806d6f0558edb50564a20c5bd393","[no extension]","540","git-internal","NO/NOT SHOWN","NO","NO","NO","NO/NOT SHOWN","NO/NOT SHOWN","NO","False","KEEP_DEVELOPMENT","5e31eaa2066e775d728057307dfc35faaf06b536605c94cbb42de6d7bb893e36"
".git\objects\b0\42ca33e8c5b48bc33fe5f2cab5c8190d248314","[no extension]","2192","git-internal","NO/NOT SHOWN","NO","NO","NO","NO/NOT SHOWN","NO/NOT SHOWN","NO","False","KEEP_DEVELOPMENT","e75b11cf52e2f953e01fde2f18217b73a1deed1342617599cafa8b4e970f178e"
".git\objects\b0\440ae4d8dca64d3cedf5e0ad5b78c6dcc27e01","[no extension]","3235","git-internal","NO/NOT SHOWN","NO","NO","NO","NO/NOT SHOWN","NO/NOT SHOWN","NO","False","KEEP_DEVELOPMENT","289282866e84df1babd776d2ef614b15ee06798bc07871348a3f66dd62d93ffd"
".git\objects\b0\7125004426fa6725112ad6312004b2ec4cbdb2","[no extension]","566","git-internal","NO/NOT SHOWN","NO","NO","NO","NO/NOT SHOWN","NO/NOT SHOWN","NO","False","KEEP_DEVELOPMENT","c5aeb33bc66005eb7011ea011e66dfecc78289e6f3150450fb5de53363df7c9a"
".git\objects\b0\957998e0ef5f3989dd618862b0ad9a74b60433","[no extension]","2163","git-internal","NO/NOT SHOWN","NO","NO","NO","NO/NOT SHOWN","NO/NOT SHOWN","NO","False","KEEP_DEVELOPMENT","bcd729b9c592f58d3c6f5d571d03b7af0143a6623a08ca8d6cf7b273640a5cbd"
".git\objects\b0\a7421efe2adc143a13323499a6273d104aea0b","[no extension]","736","git-internal","NO/NOT SHOWN","NO","NO","NO","NO/NOT SHOWN","NO/NOT SHOWN","NO","False","KEEP_DEVELOPMENT","c90d890ceab0acd0e41d31bc31b37e343ebd2fe06cba3af233b01ea6726a5c72"
".git\objects\b0\bdd433db20376efe48e265bc6c9e078a117977","[no extension]","120","git-internal","NO/NOT SHOWN","NO","NO","NO","NO/NOT SHOWN","NO/NOT SHOWN","NO","False","KEEP_DEVELOPMENT","5935db64c447c1b2c5a1fb0d252d8db54cb218fb61372911617472422a81220a"
".git\objects\b0\bfc3ea54c342dd4b6dcdefd081ef55981694f7","[no extension]","56","git-internal","NO/NOT SHOWN","NO","NO","NO","NO/NOT SHOWN","NO/NOT SHOWN","NO","False","KEEP_DEVELOPMENT","864ce0b3cc6d0cb4790015d59672a21b8f8aa2fe20ea19361f21379b4756d122"
".git\objects\b0\e514a3681a03271ff7042d2e7f9a20848a0999","[no extension]","214","git-internal","NO/NOT SHOWN","NO","NO","NO","NO/NOT SHOWN","NO/NOT SHOWN","NO","False","KEEP_DEVELOPMENT","9a1bebfc31d3adcc071f19a253ed4652a797409553f9cea605a739fcab21719e"
".git\objects\b1\39ba13c698d5e6ff0159a50113b9456e1a1ad3","[no extension]","258","git-internal","NO/NOT SHOWN","NO","NO","NO","NO/NOT SHOWN","NO/NOT SHOWN","NO","False","KEEP_DEVELOPMENT","0b18ecb80990485c123bdc83d187abc33c436fe1ba0647d3903fdf21a81a23b8"
".git\objects\b1\5f4842e781cb0407679b49a9e6ca8abc4c1080","[no extension]","60","git-internal","NO/NOT SHOWN","NO","NO","NO","NO/NOT SHOWN","NO/NOT SHOWN","NO","False","KEEP_DEVELOPMENT","7e358c9f0b2834f5318aad71b11956a2cc6480aa90552c298215d16e885abe39"
".git\objects\b1\9b06e2563b40528d6d6ccbc88829ab7c935a52","[no extension]","351","git-internal","NO/NOT SHOWN","NO","NO","NO","NO/NOT SHOWN","NO/NOT SHOWN","NO","False","KEEP_DEVELOPMENT","faf0a496443e4e0731404abb7a66d242f534e222a64f0a66be9bc417caa9a614"
".git\objects\b1\a0831e995de9c796b1401b28d702436ec81159","[no extension]","193","git-internal","NO/NOT SHOWN","NO","NO","NO","NO/NOT SHOWN","NO/NOT SHOWN","NO","False","KEEP_DEVELOPMENT","486f2b37e28580f801942d47e81be98af437291200526217f673158c50cf41fb"
".git\objects\b2\19c255b04ca54d71a799292e018fbb7a455e8c","[no extension]","1738","git-internal","NO/NOT SHOWN","NO","NO","NO","NO/NOT SHOWN","NO/NOT SHOWN","NO","False","KEEP_DEVELOPMENT","dfb371f25e07109efe90ca7b3325d4593248ded361b5c87294f3d7a1755e727c"
".git\objects\b2\582638246e59bf06fc7fcb09f0d5b37ba100e5","[no extension]","235","git-internal","NO/NOT SHOWN","NO","NO","NO","NO/NOT SHOWN","NO/NOT SHOWN","NO","False","KEEP_DEVELOPMENT","7a2b65d91b9fba791c5e9bfe3d9c57662376bc838b43e0d6bf44345e39cc103f"
".git\objects\b2\d5b95fa1b6ecd2c3e8491b8edfede404634602","[no extension]","447","git-internal","NO/NOT SHOWN","NO","NO","NO","NO/NOT SHOWN","NO/NOT SHOWN","NO","False","KEEP_DEVELOPMENT","e5de2ac62acd814111aaf8cb7540bdd8eb57b3aaee0c7311878389f877161756"
".git\objects\b2\d828963e1d317ef3ef2857142b6d128424d860","[no extension]","370","git-internal","NO/NOT SHOWN","NO","NO","NO","NO/NOT SHOWN","NO/NOT SHOWN","NO","False","KEEP_DEVELOPMENT","ef927a75ee4b4d0e7d1f69430f42510813fe46f9e5c23692cfd1160ac2875be3"
".git\objects\b2\da2e1f2559972907905d397777fb3ec27a9d4b","[no extension]","1556","git-internal","NO/NOT SHOWN","NO","NO","NO","NO/NOT SHOWN","NO/NOT SHOWN","NO","False","KEEP_DEVELOPMENT","8f49af4c751cdf5da00202a29670a665dc2075ef63672afbb5b3be422781099d"
".git\objects\b3\017754f7c0ffa92ef186b5b7ba4994d8d27fa3","[no extension]","1428","git-internal","NO/NOT SHOWN","NO","NO","NO","NO/NOT SHOWN","NO/NOT SHOWN","NO","False","KEEP_DEVELOPMENT","1339e1ca58bdd7b2b09437ac309a8ac7732394de5909ea02ac102878d5c65818"
".git\objects\b3\164f47ec5ffe73302f94c866fa79831bfdaa80","[no extension]","2348","git-internal","NO/NOT SHOWN","NO","NO","NO","NO/NOT SHOWN","NO/NOT SHOWN","NO","False","KEEP_DEVELOPMENT","6535f1045bf8047491a6db95f72f6f1ec7a273c90f35edaff325107df68037a8"
".git\objects\b3\1d1db9cd9a242176282b7c1f2929376837b870","[no extension]","1880","git-internal","NO/NOT SHOWN","NO","NO","NO","NO/NOT SHOWN","NO/NOT SHOWN","NO","False","KEEP_DEVELOPMENT","e08fc3ea3c1f4f64cba0e59226ad75c24e36f4248f8092068398fb00d4f5013b"
".git\objects\b3\25f5f0a886f74ae59a94c52b230602356cf4b4","[no extension]","791","git-internal","NO/NOT SHOWN","NO","NO","NO","NO/NOT SHOWN","NO/NOT SHOWN","NO","False","KEEP_DEVELOPMENT","1c28f6376aff74d9ffb37f4163edb43c48626cc134658f99321173b0ad0731a2"
".git\objects\b3\5830d5a603085b8d5e883790b56234baebed5f","[no extension]","54","git-internal","NO/NOT SHOWN","NO","NO","NO","NO/NOT SHOWN","NO/NOT SHOWN","NO","False","KEEP_DEVELOPMENT","1e62048b72f5f5e17d027a718b79d296d4f63a9ebe9454ff33d795ecec4641fd"
".git\objects\b3\e700cc31ac2e5db5ba9bf0bac2ec9854d10314","[no extension]","225","git-internal","NO/NOT SHOWN","NO","NO","NO","NO/NOT SHOWN","NO/NOT SHOWN","NO","False","KEEP_DEVELOPMENT","2b45a7eb13bbc8c2dbbe53375371890a80a77062763ec5103d41208341bd3253"
".git\objects\b4\0b42abfe57d638eb56f10e04ee8747227fcfc1","[no extension]","430","git-internal","NO/NOT SHOWN","NO","NO","NO","NO/NOT SHOWN","NO/NOT SHOWN","NO","False","KEEP_DEVELOPMENT","8f3009579e93bc71c0f0dcd3188f0e7254221073a3c661b799d81ef91bda93a7"
".git\objects\b4\2926a5d45b56502a4fb38c151563af14bf6d63","[no extension]","1914","git-internal","NO/NOT SHOWN","NO","NO","NO","NO/NOT SHOWN","NO/NOT SHOWN","NO","False","KEEP_DEVELOPMENT","2b5d420528d2ccb6fbe368df522a3aef220ad7d0fb74c6cb49c49b01ffd9a7ee"
".git\objects\b4\329b47c60f7c8694b2152e45dbee9b0b8b5609","[no extension]","552","git-internal","NO/NOT SHOWN","NO","NO","NO","NO/NOT SHOWN","NO/NOT SHOWN","NO","False","KEEP_DEVELOPMENT","7bfa44a98c75e30779774c671aebcc96941ad3b921c2407d0554b73163e2a83c"
".git\objects\b4\6372ee11c8eaf135c1809decc925e0588247f5","[no extension]","179","git-internal","NO/NOT SHOWN","NO","NO","NO","NO/NOT SHOWN","NO/NOT SHOWN","NO","False","KEEP_DEVELOPMENT","04d090985c724058c6e38e6744b52ec236e504ddf1737dbfba2795eb53504283"
".git\objects\b4\69070ace6af4a4df28126cb88609c22a82a9ff","[no extension]","1267","git-internal","NO/NOT SHOWN","NO","NO","NO","NO/NOT SHOWN","NO/NOT SHOWN","NO","False","KEEP_DEVELOPMENT","36056cfc91c95d6f9ba4121acf6e2890297d193cfb170a4f0c7fbaee89079176"
".git\objects\b4\8e63aeba7c5e0b49ba78bf26e5c3290adde50f","[no extension]","1674","git-internal","NO/NOT SHOWN","NO","NO","NO","NO/NOT SHOWN","NO/NOT SHOWN","NO","False","KEEP_DEVELOPMENT","96af37c6a701bb645633b30f6d100797015ec7c2813ddad5a1ed99f6cf4e60c7"
".git\objects\b4\a4a1712799f0554e10b49e17fa8cebea3f03cd","[no extension]","317","git-internal","NO/NOT SHOWN","NO","NO","NO","NO/NOT SHOWN","NO/NOT SHOWN","NO","False","KEEP_DEVELOPMENT","614c8b2db106d20fd445c7da6433d4fbe8b7a6d7cd8c318dca87fe564eb9b671"
".git\objects\b4\da8515b8a9de19df14f051817c01e5769c5aae","[no extension]","143","git-internal","NO/NOT SHOWN","NO","NO","NO","NO/NOT SHOWN","NO/NOT SHOWN","NO","False","KEEP_DEVELOPMENT","3046fffd9c14ada5b7721bcf8e88b6b8fe302dd3f7505a65c91c926f80016801"
".git\objects\b5\b030cf3866fafc24f6a9b1d81e8b6b1d723a6a","[no extension]","143","git-internal","NO/NOT SHOWN","NO","NO","NO","NO/NOT SHOWN","NO/NOT SHOWN","NO","False","KEEP_DEVELOPMENT","655b23f1dadbf85f60c777595140e49aadd51f7fd4cf439e4e5d6629e423619d"
".git\objects\b5\ca17e59f0da30fb08eac48aa349aa48c318d11","[no extension]","2212","git-internal","NO/NOT SHOWN","NO","NO","NO","NO/NOT SHOWN","NO/NOT SHOWN","NO","False","KEEP_DEVELOPMENT","b0a2b92b74ef2864d19d8dcb0bd40d7e283b7ad4aa11db50407ce61946f4daf6"
".git\objects\b5\d9e1bdcc038c32035aadf5cbd5740b304bfe5a","[no extension]","2358","git-internal","NO/NOT SHOWN","NO","NO","NO","NO/NOT SHOWN","NO/NOT SHOWN","NO","False","KEEP_DEVELOPMENT","0b07264fb4c6d093e8074f07fd9ae9250599bf885d48db8de663b77221d28017"
".git\objects\b5\eaf9a1e1304e3d2a53ada2674f0a55d75bd7ef","[no extension]","872","git-internal","NO/NOT SHOWN","NO","NO","NO","NO/NOT SHOWN","NO/NOT SHOWN","NO","False","KEEP_DEVELOPMENT","43733a74ae5ee011c884a1fd302f121c06d2b44acfa99c671a04279abd7b3131"
".git\objects\b6\5b3422d89d9afa0ab3bb2b8f0968f4a83bf1d5","[no extension]","597","git-internal","NO/NOT SHOWN","NO","NO","NO","NO/NOT SHOWN","NO/NOT SHOWN","NO","False","KEEP_DEVELOPMENT","c1e8ada9c1dc5da5d0cf24a15a0cdd2a857da94fb140b0fbdec4eeeeeab5b424"
".git\objects\b6\db664e6326eb8d62c45a8317beef6eabf8584c","[no extension]","177","git-internal","NO/NOT SHOWN","NO","NO","NO","NO/NOT SHOWN","NO/NOT SHOWN","NO","False","KEEP_DEVELOPMENT","efefb2c70b8235277b31f5f50209b343a4fead7fa5c494db5c2091c25bd65d7e"
".git\objects\b6\f77ad798ad78831d2fdf51867877d1e207a177","[no extension]","116","git-internal","NO/NOT SHOWN","NO","NO","NO","NO/NOT SHOWN","NO/NOT SHOWN","NO","False","KEEP_DEVELOPMENT","1a1a90f15e4d375eabac69c92893bcec97bad16553b23e8cef78a109b4047f85"
".git\objects\b7\1de196ba51370e11b4507725b93c2d19a6f89b","[no extension]","325","git-internal","NO/NOT SHOWN","NO","NO","NO","NO/NOT SHOWN","NO/NOT SHOWN","NO","False","KEEP_DEVELOPMENT","840703d11cc752b6340da50c9635bbc6caa88b4dcc937087fa841f3c2ad81426"
".git\objects\b7\25b380ae28660ef3a705394ad54d3fc2ca50b5","[no extension]","291","git-internal","NO/NOT SHOWN","NO","NO","NO","NO/NOT SHOWN","NO/NOT SHOWN","NO","False","KEEP_DEVELOPMENT","264e5a73d331939e5ab0a582a911a52faeba4ce291e591e5fee8b5bc1baa33fd"
".git\objects\b7\27a2042646666fc517b84c00ff9a1bf23bf850","[no extension]","957","git-internal","NO/NOT SHOWN","NO","NO","NO","NO/NOT SHOWN","NO/NOT SHOWN","NO","False","KEEP_DEVELOPMENT","8e872aa489579cec4d16894347241de5e1358eb6f5eb08a99ab50442cd7ce747"
".git\objects\b7\3fe458cb5ee3347a1492fecfd616b42d53eb27","[no extension]","195","git-internal","NO/NOT SHOWN","NO","NO","NO","NO/NOT SHOWN","NO/NOT SHOWN","NO","False","KEEP_DEVELOPMENT","fa7061547ff404ff792e35ed706cefaca06b8dd0334ea1cd0663a188de61140b"
".git\objects\b7\432d32b54853293c40cd59dc4af87d455241f2","[no extension]","189","git-internal","NO/NOT SHOWN","NO","NO","NO","NO/NOT SHOWN","NO/NOT SHOWN","NO","False","KEEP_DEVELOPMENT","43bcce7e9b645e0d0938f4f36f6c94b5ea6230fa6ad0fbb5bb37f9985a441af4"
".git\objects\b7\4a3903ee9cac9973101add1baeefa3d481c1ea","[no extension]","851","git-internal","NO/NOT SHOWN","NO","NO","NO","NO/NOT SHOWN","NO/NOT SHOWN","NO","False","KEEP_DEVELOPMENT","bf4d2218ea90e4670bb7a6b6834c21c3699dda02d10a847c7a25ccfb9fa42130"
".git\objects\b7\ca2e23919e8e04d603f2c18be0562d063b2c45","[no extension]","5837","git-internal","NO/NOT SHOWN","NO","NO","NO","NO/NOT SHOWN","NO/NOT SHOWN","NO","False","KEEP_DEVELOPMENT","71cf00fa3f7011b9e7fcb44cc57a65ca7ab7a4c26350af35189ec278c44f4eb4"
".git\objects\b7\cca16c7933982c26ba16794ac63f3ae875813a","[no extension]","860","git-internal","NO/NOT SHOWN","NO","NO","NO","NO/NOT SHOWN","NO/NOT SHOWN","NO","False","KEEP_DEVELOPMENT","95259b2f9cbdc1e2d8fdb26ced59cff141005b1bab25471c9f50f41afcdf308a"
".git\objects\b7\e0db003849e982611f0bd79a5a430faba190b6","[no extension]","56","git-internal","NO/NOT SHOWN","NO","NO","NO","NO/NOT SHOWN","NO/NOT SHOWN","NO","False","KEEP_DEVELOPMENT","3fa70f55ec880a894fa04726cda49f21c09e872db73c1686ca8a0ca80d2c6802"
".git\objects\b8\058f5cd7c6ad53497533a834a15342c54826d4","[no extension]","238","git-internal","NO/NOT SHOWN","NO","NO","NO","NO/NOT SHOWN","NO/NOT SHOWN","NO","False","KEEP_DEVELOPMENT","0a58cb3437dd5c2765050e70a14b78ed81582341a251f792fbbbc7590f276d3a"
".git\objects\b8\2e236863353f51e86aaa2308c5a8f073ef5cef","[no extension]","1440","git-internal","NO/NOT SHOWN","NO","NO","NO","NO/NOT SHOWN","NO/NOT SHOWN","NO","False","KEEP_DEVELOPMENT","06e0bbc6414ebdb3173435de516acd0e3f9e3e2241a661fab478970ab362cccb"
".git\objects\b8\434d55e6ce0a33989911fd585411a33e9a32fd","[no extension]","166","git-internal","NO/NOT SHOWN","NO","NO","NO","NO/NOT SHOWN","NO/NOT SHOWN","NO","False","KEEP_DEVELOPMENT","0c3f6509b1ab89682fe12a2a1fcc8c1e173d622d8d7799e57084345318cc7a5d"
".git\objects\b8\61d2195ed64e3782729ba4f8b8942a6a38be87","[no extension]","237","git-internal","NO/NOT SHOWN","NO","NO","NO","NO/NOT SHOWN","NO/NOT SHOWN","NO","False","KEEP_DEVELOPMENT","3326460cf1bcd2ea4d3b959421820b3039d2df8bab5c2fa47b74351341d9952c"
".git\objects\b8\73900a673361f142357a080ae1a7a3ae0f5817","[no extension]","1636","git-internal","NO/NOT SHOWN","NO","NO","NO","NO/NOT SHOWN","NO/NOT SHOWN","NO","False","KEEP_DEVELOPMENT","0ed8f16536d18c65e115f088e4f2e46bb3f93e1d6b423b2329bdb60ac0156e6d"
".git\objects\b8\85796a78d9119a8ec7eaac04de9ea5c8415ffc","[no extension]","663","git-internal","NO/NOT SHOWN","NO","NO","NO","NO/NOT SHOWN","NO/NOT SHOWN","NO","False","KEEP_DEVELOPMENT","f4f7a1314a5b1b712401d49b376b671d21699bd15728525423909b4656abb764"
".git\objects\b8\ae17ac36eb2728088123ba8262107dd157bc60","[no extension]","415","git-internal","NO/NOT SHOWN","NO","NO","NO","NO/NOT SHOWN","NO/NOT SHOWN","NO","False","KEEP_DEVELOPMENT","c72e98751f4eddddff7555b2069eb1c970b0d5d760d997a1ed9b1b65e6185727"
".git\objects\b8\d37502c714d3f6b2c8c2f04dd8ad90c4e6323f","[no extension]","27006","git-internal","NO/NOT SHOWN","NO","NO","NO","NO/NOT SHOWN","NO/NOT SHOWN","NO","False","KEEP_DEVELOPMENT","34966b6ccbd5a3e02b069e9a840df2a7a0cd94a9b6d1ee83698608ffc1e05818"
".git\objects\b9\41f181b482c8bd28a1bfb138742f49d4051de8","[no extension]","321","git-internal","NO/NOT SHOWN","NO","NO","NO","NO/NOT SHOWN","NO/NOT SHOWN","NO","False","KEEP_DEVELOPMENT","27c9b0548d501491e768ec4258199bac8470fcdc393849426d75a5ac5f272f65"
".git\objects\b9\9ca02d9bbda64582b6f6bb89c5ad1fe93d0001","[no extension]","201","git-internal","NO/NOT SHOWN","NO","NO","NO","NO/NOT SHOWN","NO/NOT SHOWN","NO","False","KEEP_DEVELOPMENT","c939bc22f7de9b8432d01121c376156641eab2cecfe446c04406a42fdcbedcff"
".git\objects\b9\b631cfc6a63ebd8e05a669e6653dd3e63249d8","[no extension]","2145","git-internal","NO/NOT SHOWN","NO","NO","NO","NO/NOT SHOWN","NO/NOT SHOWN","NO","False","KEEP_DEVELOPMENT","0109cbeeb704859c568f1475d1eac80ec9660ac8141f239e2d1f2f55bff6c072"
".git\objects\ba\47702816900d94caa0de4b01f9641bf6424221","[no extension]","860","git-internal","NO/NOT SHOWN","NO","NO","NO","NO/NOT SHOWN","NO/NOT SHOWN","NO","False","KEEP_DEVELOPMENT","e300745226f31dbb5ecd6ece5c7567b8494ac363742565b1a41b386badc0c5d8"
".git\objects\ba\528f3e654cca8cf4b72337251ef347d7203048","[no extension]","378","git-internal","NO/NOT SHOWN","NO","NO","NO","NO/NOT SHOWN","NO/NOT SHOWN","NO","False","KEEP_DEVELOPMENT","219de80f637f44ddfa90da9b7a89ca94acfd5125263bcebe61fe0ea6893b5e47"
".git\objects\ba\8ff47fecb4f395637d6ab4abcdd25069f24ec9","[no extension]","486","git-internal","NO/NOT SHOWN","NO","NO","NO","NO/NOT SHOWN","NO/NOT SHOWN","NO","False","KEEP_DEVELOPMENT","74f345acb24e38bdc05f2420f81528909672241a1e532a2222c59b4d6e85a40e"
".git\objects\ba\98e635a82ed4792d780f62df1d31210d074b09","[no extension]","326","git-internal","NO/NOT SHOWN","NO","NO","NO","NO/NOT SHOWN","NO/NOT SHOWN","NO","False","KEEP_DEVELOPMENT","b93fb1d69416a5ca8693d6006dd2fa52d826e785d13a34ecb3d9236b535346c2"
".git\objects\ba\aabb125947f3e7bb920716bd9b08f0db77cfc7","[no extension]","785","git-internal","NO/NOT SHOWN","NO","NO","NO","NO/NOT SHOWN","NO/NOT SHOWN","NO","False","KEEP_DEVELOPMENT","e581a227c97c55cbad50d2292e0793ede49cf35d9ef8085a14724958e73600f1"
".git\objects\ba\bbd54679ccd6c71d1ec185edfadce134f92388","[no extension]","1410","git-internal","NO/NOT SHOWN","NO","NO","NO","NO/NOT SHOWN","NO/NOT SHOWN","NO","False","KEEP_DEVELOPMENT","edd5a7aea52dcaf7a2c1a2b6f03d2e97c0d20c9eed06ab30ba58339c331a7759"
".git\objects\bb\0583a93783f4ba4f536e6de6f80d5f6b141ddc","[no extension]","11687","git-internal","NO/NOT SHOWN","NO","NO","NO","NO/NOT SHOWN","NO/NOT SHOWN","NO","False","KEEP_DEVELOPMENT","ad67c0c29a7f8edd26b20f9294f521210760e1c456bf0e9115ad295980c4c8fc"
".git\objects\bb\27505527430ca7b3a690d6392244c9e1381f16","[no extension]","24762","git-internal","NO/NOT SHOWN","NO","NO","NO","NO/NOT SHOWN","NO/NOT SHOWN","NO","False","KEEP_DEVELOPMENT","87f64a7d9b8f5704b2bffbbb8d693a6b32f7ceb4e306d522b4a39a7cfdb92b01"
".git\objects\bb\27d9a2c20bae7a4c4f4598675a7aa0c3ac1ddc","[no extension]","56","git-internal","NO/NOT SHOWN","NO","NO","NO","NO/NOT SHOWN","NO/NOT SHOWN","NO","False","KEEP_DEVELOPMENT","397deafd707e76340da6a3bca0fbee2abd673e289f343d9bcb428b0dfaa3fdbc"
".git\objects\bb\2e0d8af4d0c8f836a3af3a8a68d3ca1562240e","[no extension]","660","git-internal","NO/NOT SHOWN","NO","NO","NO","NO/NOT SHOWN","NO/NOT SHOWN","NO","False","KEEP_DEVELOPMENT","dced743080f2716090c68d229d7d7df978fe4626c5d56c6fbdb39e9a70a6691b"
".git\objects\bb\4e16a00b53f0a239174f388cff7371cfb9b008","[no extension]","355","git-internal","NO/NOT SHOWN","NO","NO","NO","NO/NOT SHOWN","NO/NOT SHOWN","NO","False","KEEP_DEVELOPMENT","aba198c30989a006920955d812ecfcc20b955f9218153d30ac80200fda6585e2"
".git\objects\bb\87144e015d7d84d339043d45973998f6176976","[no extension]","346","git-internal","NO/NOT SHOWN","NO","NO","NO","NO/NOT SHOWN","NO/NOT SHOWN","NO","False","KEEP_DEVELOPMENT","b1e2bff824d37a9cc5e7994cf639acb59f75d6886bf48a8651e3e29742a4bbc7"
".git\objects\bb\a8553cb8a64f3066c9d6e849e296cbe2a2d36d","[no extension]","1408","git-internal","NO/NOT SHOWN","NO","NO","NO","NO/NOT SHOWN","NO/NOT SHOWN","NO","False","KEEP_DEVELOPMENT","feb54c252ac9aadda1905fbd680c8b81f4f993b9f12e770c809162c09e2ef7af"
".git\objects\bb\c0940c071279d7fab1788970349f304782e161","[no extension]","711","git-internal","NO/NOT SHOWN","NO","NO","NO","NO/NOT SHOWN","NO/NOT SHOWN","NO","False","KEEP_DEVELOPMENT","7dbc8ae5d241bd7cfe3f0e15de94a3c1291b5c3a1d4b8777ad627690571b5452"
".git\objects\bc\2b9f36aabf3198160a3f2ed5dc2b88aa8f9c7c","[no extension]","631","git-internal","NO/NOT SHOWN","NO","NO","NO","NO/NOT SHOWN","NO/NOT SHOWN","NO","False","KEEP_DEVELOPMENT","a61feb1985644a9c7b3959224bef18abb714493e0fd6790e58fc82959f9a1273"
".git\objects\bc\38f484145f92d8dd420443f5b3c5d814311bfa","[no extension]","6194","git-internal","NO/NOT SHOWN","NO","NO","NO","NO/NOT SHOWN","NO/NOT SHOWN","NO","False","KEEP_DEVELOPMENT","b18f04f05d3efe5ede93f624f7e54659bde5ac0b297d8239caa01a5106eb32e7"
".git\objects\bc\90e132159d78fc7060047ad2ae3307dc95bb0b","[no extension]","293","git-internal","NO/NOT SHOWN","NO","NO","NO","NO/NOT SHOWN","NO/NOT SHOWN","NO","False","KEEP_DEVELOPMENT","262ec3a544bd626fb97aaec7a3c1d427edf62f51ecc1f7c49b5d2a2dfc657fa3"
".git\objects\bc\92c3ce446c5da1c61892a76e60ccc90a983a3e","[no extension]","3673","git-internal","NO/NOT SHOWN","NO","NO","NO","NO/NOT SHOWN","NO/NOT SHOWN","NO","False","KEEP_DEVELOPMENT","a2d6177eacb2a3f9ffd10c70047f8ad7cb9fbbae095dd9f021eb2f6cb3f17709"
".git\objects\bc\af21563ba13e80059c4e91f7cee1483d19e423","[no extension]","1239","git-internal","NO/NOT SHOWN","NO","NO","NO","NO/NOT SHOWN","NO/NOT SHOWN","NO","False","KEEP_DEVELOPMENT","665a00a4635b9f5a3edd78039274f60c7eaf3b24fde2d1356a73dffc4455b668"
".git\objects\bc\c35cb66a839dbf884d4b3dc1fc8cca46fb9c17","[no extension]","57","git-internal","NO/NOT SHOWN","NO","NO","NO","NO/NOT SHOWN","NO/NOT SHOWN","NO","False","KEEP_DEVELOPMENT","9a26236b42ce37f8aa6a2522c2fba7b3014e209f87be9e0371fa72e46490a8df"
".git\objects\bc\e346479a02c9c0e2863ab57b5af7d51a68d3a7","[no extension]","325","git-internal","NO/NOT SHOWN","NO","NO","NO","NO/NOT SHOWN","NO/NOT SHOWN","NO","False","KEEP_DEVELOPMENT","cc6ee3afe7a95b7a0c710e3be886b4c22bcb7903971b9708359504f03cad6b24"
".git\objects\bc\eff2aec890b3334198d78c3babe76c1c2b8f26","[no extension]","2421","git-internal","NO/NOT SHOWN","NO","NO","NO","NO/NOT SHOWN","NO/NOT SHOWN","NO","False","KEEP_DEVELOPMENT","1d9d3e43461845b7a1aa1050a7021e8d92e80681336582ddffaf714306505fa6"
".git\objects\bc\f8f4ad62a6f5f7951c856db1bbb86e6fc61383","[no extension]","441","git-internal","NO/NOT SHOWN","NO","NO","NO","NO/NOT SHOWN","NO/NOT SHOWN","NO","False","KEEP_DEVELOPMENT","86726ac9f6f8aaa806cfc0de72a4d4dd0b04966ab4e8cc5c35ce047938030233"
".git\objects\bd\9098b10b9d14779a544206e30321a1da0caf9c","[no extension]","185","git-internal","NO/NOT SHOWN","NO","NO","NO","NO/NOT SHOWN","NO/NOT SHOWN","NO","False","KEEP_DEVELOPMENT","e6250caac1bcf21759a63f63db5c41d51eeed8c0e001e701976db0f259766d1b"
".git\objects\bd\e2f255a42ec028a69a22f9fd5d2297c8ee8d7d","[no extension]","802","git-internal","NO/NOT SHOWN","NO","NO","NO","NO/NOT SHOWN","NO/NOT SHOWN","NO","False","KEEP_DEVELOPMENT","f05198c54383c92b7ce05a9424fe664b3f8470af44619eb9f611ad38018145c1"
".git\objects\be\5c7bddece65df3c5bca5bb0be84a694b92a177","[no extension]","3857","git-internal","NO/NOT SHOWN","NO","NO","NO","NO/NOT SHOWN","NO/NOT SHOWN","NO","False","KEEP_DEVELOPMENT","aa2a2ccb2115547a7abeaa4c52782da7e7366434fe6e0ac55c637810deb715a2"
".git\objects\be\62ccc07274895caec0011dd6308a7d4062fe8f","[no extension]","635","git-internal","NO/NOT SHOWN","NO","NO","NO","NO/NOT SHOWN","NO/NOT SHOWN","NO","False","KEEP_DEVELOPMENT","07effd87e5efe8c162cbf414193d5213b109d76830a182f9a049aacaaeebde88"
".git\objects\be\b6982cf0c0a4af0b5042add2d14b14965693e4","[no extension]","417","git-internal","NO/NOT SHOWN","NO","NO","NO","NO/NOT SHOWN","NO/NOT SHOWN","NO","False","KEEP_DEVELOPMENT","445e59ecfcc701f0eec081f0cc1cc7f3f9ebb6641fffcff131fffb4e1ccdaaed"
".git\objects\be\d69cbb1db141bd1164884949d0355928cdcafa","[no extension]","210","git-internal","NO/NOT SHOWN","NO","NO","NO","NO/NOT SHOWN","NO/NOT SHOWN","NO","False","KEEP_DEVELOPMENT","c903cf20cd9ae7f14e4fc4c8bbc4cd535afeb3280821a71097754e8e8a0b5875"
".git\objects\be\efd4ad0de9cdbf9f9257f3d6b7967927f9cd8b","[no extension]","242","git-internal","NO/NOT SHOWN","NO","NO","NO","NO/NOT SHOWN","NO/NOT SHOWN","NO","False","KEEP_DEVELOPMENT","dbc171c80ec4b9991287f9429415ded4d1a641fd11c5ed8582534b91d596171c"
".git\objects\bf\7cb35b1cd07aa424596b358a5976c74a83afaf","[no extension]","377","git-internal","NO/NOT SHOWN","NO","NO","NO","NO/NOT SHOWN","NO/NOT SHOWN","NO","False","KEEP_DEVELOPMENT","258de65430bef9f23de2896fccc19f6499cb67cc0e58342db3c31003b3f4313e"
".git\objects\bf\7d862769492a2c77a12e204244f2f5d5c145d3","[no extension]","3689","git-internal","NO/NOT SHOWN","NO","NO","NO","NO/NOT SHOWN","NO/NOT SHOWN","NO","False","KEEP_DEVELOPMENT","c653355413ed31d63f97de7b85a84ef5903d5179c0f9b5a147c7361c259fd131"
".git\objects\bf\8b2533c6f4aff1c2a93dd22cec6446f06a1dad","[no extension]","1285","git-internal","NO/NOT SHOWN","NO","NO","NO","NO/NOT SHOWN","NO/NOT SHOWN","NO","False","KEEP_DEVELOPMENT","ccd5ae9f7b99cad1a3802493319680f0b6c1ed9c0a9862303f442e655cb7fa3e"
".git\objects\bf\bb058a175aa0b7989c91dd013944ca9e3c67d8","[no extension]","288","git-internal","NO/NOT SHOWN","NO","NO","NO","NO/NOT SHOWN","NO/NOT SHOWN","NO","False","KEEP_DEVELOPMENT","6858334f6400a20472844428b168825c8a87da815bca63430f89180895a2d697"
".git\objects\bf\f012155a52d62bd2341e8c6da7f34970600a1f","[no extension]","268","git-internal","NO/NOT SHOWN","NO","NO","NO","NO/NOT SHOWN","NO/NOT SHOWN","NO","False","KEEP_DEVELOPMENT","aec9a0797071b1ccb2d8c8c01f5125f2e5e7751b0ddf15631839a8174d3c7eac"
".git\objects\c0\07cb8f8d576519a86ef5fd6e0f78d01661a3a2","[no extension]","93","git-internal","NO/NOT SHOWN","NO","NO","NO","NO/NOT SHOWN","NO/NOT SHOWN","NO","False","KEEP_DEVELOPMENT","eb0fb879048ff63395f383f79a426dbcb98fbbd6f7f4049e6ca611ceef9493a9"
".git\objects\c0\0a37408bdcec4b50aa14924af5262d0e7d3515","[no extension]","1561","git-internal","NO/NOT SHOWN","NO","NO","NO","NO/NOT SHOWN","NO/NOT SHOWN","NO","False","KEEP_DEVELOPMENT","1241068cb0c23553186e36e0942eb67f7a38c9458026d01b98e75e08e3f19a05"
".git\objects\c0\1f091a79ff936336bd8cd52ce261904af592be","[no extension]","378","git-internal","NO/NOT SHOWN","NO","NO","NO","NO/NOT SHOWN","NO/NOT SHOWN","NO","False","KEEP_DEVELOPMENT","6c44403f2e811750e836b5bcaffafcd66094791524444e113fd6f359a0049be2"
".git\objects\c0\59dfff5b69ce44ce7d27db909ad70a56316256","[no extension]","2743","git-internal","NO/NOT SHOWN","NO","NO","NO","NO/NOT SHOWN","NO/NOT SHOWN","NO","False","KEEP_DEVELOPMENT","67568ab6177f9567d58b487d872189742ff42bf64f8f3c126084e47e78d34527"
".git\objects\c0\900801f496f03dc89e33fe0c675c2b2ec92df4","[no extension]","455","git-internal","NO/NOT SHOWN","NO","NO","NO","NO/NOT SHOWN","NO/NOT SHOWN","NO","False","KEEP_DEVELOPMENT","12a7ee13e2c4277f07189ed4dfef5b37b81fa8ee276bef106caca3eb8e3d3227"
".git\objects\c0\92f09e99395a65c9959789e6325438e3685d07","[no extension]","4627","git-internal","NO/NOT SHOWN","NO","NO","NO","NO/NOT SHOWN","NO/NOT SHOWN","NO","False","KEEP_DEVELOPMENT","a3a0b46fb6ac170fc7c9c7631c2847e4c3cbfe5c4f4bf6e6bec2a0194b54004a"
".git\objects\c0\9871067f76e3b22cd5ba83852da35661b73666","[no extension]","477","git-internal","NO/NOT SHOWN","NO","NO","NO","NO/NOT SHOWN","NO/NOT SHOWN","NO","False","KEEP_DEVELOPMENT","5a43c2772b210989129f0da75ccfedbc492105de83105d1b40d08a0e6bb0651c"
".git\objects\c0\a2972fc6cc2c3e3f6de473c1883b8d2d75ba72","[no extension]","223","git-internal","NO/NOT SHOWN","NO","NO","NO","NO/NOT SHOWN","NO/NOT SHOWN","NO","False","KEEP_DEVELOPMENT","2d163a8d4615e754c27b830508e4f45528b3d992118f868736cd4f8002628183"
".git\objects\c0\cee31603d76b992709fe053700b9a56d494e77","[no extension]","225","git-internal","NO/NOT SHOWN","NO","NO","NO","NO/NOT SHOWN","NO/NOT SHOWN","NO","False","KEEP_DEVELOPMENT","585be0b9646e8e9a438dcb37041fb2ce367d34aadaf12968e52bfe084aca1e5f"
".git\objects\c0\e9d620c361be4fda98df7709f9b9dbf5b8e669","[no extension]","353","git-internal","NO/NOT SHOWN","NO","NO","NO","NO/NOT SHOWN","NO/NOT SHOWN","NO","False","KEEP_DEVELOPMENT","bcd1ed03d34464f63cbe22f4f04296959f9244b65326d28e0dbde0a6e2961bd6"
".git\objects\c1\2b67e9e20ac90ccade3dbc117a114779cd52bc","[no extension]","1473","git-internal","NO/NOT SHOWN","NO","NO","NO","NO/NOT SHOWN","NO/NOT SHOWN","NO","False","KEEP_DEVELOPMENT","ba827f17f3ed2aedaa488cbb6e4a64080628ab8daa27da3ae32d506ba4ca54f7"
".git\objects\c1\496178becbf48c7d327641a8af919e5ae96831","[no extension]","24877","git-internal","NO/NOT SHOWN","NO","NO","NO","NO/NOT SHOWN","NO/NOT SHOWN","NO","False","KEEP_DEVELOPMENT","f541331bcd9837bc15880d11b12dcd1c74bacc3d5482cfe72809b491206acf60"
".git\objects\c1\54d6742a818654cefc3de079298eb7832fb942","[no extension]","3690","git-internal","NO/NOT SHOWN","NO","NO","NO","NO/NOT SHOWN","NO/NOT SHOWN","NO","False","KEEP_DEVELOPMENT","4e443d955f703f3bd78475d08fb60bb1f807ee9127e1f3fe39a965318dbccfc0"
".git\objects\c1\55a4ffae6ad672981f463eb632ae11358e3f55","[no extension]","4143","git-internal","NO/NOT SHOWN","NO","NO","NO","NO/NOT SHOWN","NO/NOT SHOWN","NO","False","KEEP_DEVELOPMENT","7cf0e6ebf106bf1799d4bfe0913f51d9343cf893f40d2f0ffdded76e273adc83"
".git\objects\c1\591133cd90d937e53979e398c0db56836d4a35","[no extension]","88","git-internal","NO/NOT SHOWN","NO","NO","NO","NO/NOT SHOWN","NO/NOT SHOWN","NO","False","KEEP_DEVELOPMENT","3c8eb5975e76b6f68eac5e6d0f5d986627385db57a031df496c2cf338db8807e"
".git\objects\c1\9f491091857caedd82309f76a04df422e04f09","[no extension]","147","git-internal","NO/NOT SHOWN","NO","NO","NO","NO/NOT SHOWN","NO/NOT SHOWN","NO","False","KEEP_DEVELOPMENT","9cd8569c07afccfd01c8adba151509697aaa3c4270db4bce7af56165e48ab8e2"
".git\objects\c1\c054fb173d2214f94f68bb3c4c94bd8a313529","[no extension]","326","git-internal","NO/NOT SHOWN","NO","NO","NO","NO/NOT SHOWN","NO/NOT SHOWN","NO","False","KEEP_DEVELOPMENT","716fa65c9ad73f192f829bd8e1d250e07953749f6cc4e3229bfc1e120e264f16"
".git\objects\c1\c6e235184b7e448c4117672c811ad8f2590935","[no extension]","149","git-internal","NO/NOT SHOWN","NO","NO","NO","NO/NOT SHOWN","NO/NOT SHOWN","NO","False","KEEP_DEVELOPMENT","f097d72becb61ab868ba0ec7228caf9b542dae58918d1f6023f59c057184fa1b"
".git\objects\c1\e76517b0eae82a0fed3e82ba0143416fea37bc","[no extension]","1059","git-internal","NO/NOT SHOWN","NO","NO","NO","NO/NOT SHOWN","NO/NOT SHOWN","NO","False","KEEP_DEVELOPMENT","a2d4ff895d48e12925f5fcfe5544295b80901eefa9b4a71f2c6347feb97edae4"
".git\objects\c1\ebc700c52738fdf78cac9ce856509db527b75b","[no extension]","1674","git-internal","NO/NOT SHOWN","NO","NO","NO","NO/NOT SHOWN","NO/NOT SHOWN","NO","False","KEEP_DEVELOPMENT","b4861605d312c6de74be011e02ccfc9b30664ae22fc07e126ea211a096383cb1"
".git\objects\c1\f77ae02a3cb8a57aa58e87c58810255fad0088","[no extension]","321","git-internal","NO/NOT SHOWN","NO","NO","NO","NO/NOT SHOWN","NO/NOT SHOWN","NO","False","KEEP_DEVELOPMENT","d3a0e541895c03885fa01b8924e4f8b891ef758e714695f684a31d647592351c"
".git\objects\c2\17a8a7c1e9dde02093df2de16468a18e817fcf","[no extension]","1271","git-internal","NO/NOT SHOWN","NO","NO","NO","NO/NOT SHOWN","NO/NOT SHOWN","NO","False","KEEP_DEVELOPMENT","a282d9d2c38073524a6a7bc31fff991bf1a85804d4188c1d928320b90929a6f9"
".git\objects\c2\29d4113e5425690e30c33fc80c68fb6fc92287","[no extension]","200","git-internal","NO/NOT SHOWN","NO","NO","NO","NO/NOT SHOWN","NO/NOT SHOWN","NO","False","KEEP_DEVELOPMENT","219c56b951d976c3af1c5db5c81cf88977f240fc911ac534c608bdbed82ec0e5"
".git\objects\c2\3da1b9593483eac8b6ade08691f4c527f5aa3c","[no extension]","276","git-internal","NO/NOT SHOWN","NO","NO","NO","NO/NOT SHOWN","NO/NOT SHOWN","NO","False","KEEP_DEVELOPMENT","61c5491f6ca324718096474641c5fb46e6f7595e3ec90c11b6c90e6f4ef0199d"
".git\objects\c2\5935731228302ab81d7e4477e705c959cdeb3f","[no extension]","179","git-internal","NO/NOT SHOWN","NO","NO","NO","NO/NOT SHOWN","NO/NOT SHOWN","NO","False","KEEP_DEVELOPMENT","463671c7ad36efb3c47f8f49e10f9cd3ad9a805a86b21f386dec36bee4b64672"
".git\objects\c2\75dbf3781976924957e4bde644e26b263274b7","[no extension]","3969","git-internal","NO/NOT SHOWN","NO","NO","NO","NO/NOT SHOWN","NO/NOT SHOWN","NO","False","KEEP_DEVELOPMENT","e30b425f3627b5c76c595e0f8feddb5c54991f2e9f24edee4d0d723533900eb3"
".git\objects\c2\9cd2fc7fc0b0eb7a76fd7eff8df0fa7877f84d","[no extension]","825","git-internal","NO/NOT SHOWN","NO","NO","NO","NO/NOT SHOWN","NO/NOT SHOWN","NO","False","KEEP_DEVELOPMENT","1551f294cba6bd907a9e63922f08063e05fff1311e22e0f54b4e8c36454d0734"
".git\objects\c2\a9c6829ec9939ba1eb2f00e640f228fadc48bb","[no extension]","242","git-internal","NO/NOT SHOWN","NO","NO","NO","NO/NOT SHOWN","NO/NOT SHOWN","NO","False","KEEP_DEVELOPMENT","cdb0210d2fd417642a9f73d6adfcddce76c0d77e8a4876bfe0399d690a594fac"
".git\objects\c2\add5e94832f90147d68bf1095f42ffe482e81f","[no extension]","3071","git-internal","NO/NOT SHOWN","NO","NO","NO","NO/NOT SHOWN","NO/NOT SHOWN","NO","False","KEEP_DEVELOPMENT","698015654f56789163bff5266de64cf1f73a34c075711e0fa3841cb1f42d345e"
".git\objects\c2\e597d83df5f46bf0d06b9ae9f86d8d70509473","[no extension]","1248","git-internal","NO/NOT SHOWN","NO","NO","NO","NO/NOT SHOWN","NO/NOT SHOWN","NO","False","KEEP_DEVELOPMENT","9765f2a7b8746b3eb174a42ab726527d944c176164f1327f3312a60dae1167da"
".git\objects\c2\fd276556931ca8185ea342893037d4221b50d4","[no extension]","209","git-internal","NO/NOT SHOWN","NO","NO","NO","NO/NOT SHOWN","NO/NOT SHOWN","NO","False","KEEP_DEVELOPMENT","c2c2e9b38e22a19e09b2347b2cd19366419e737dfd8fd463b6b3869a33b65158"
".git\objects\c3\0a70076de38af7a4d1915fc78d52c668a1083f","[no extension]","288","git-internal","NO/NOT SHOWN","NO","NO","NO","NO/NOT SHOWN","NO/NOT SHOWN","NO","False","KEEP_DEVELOPMENT","1c52f8839e84f95f166f7c3168d47df9bd2a5d0638a826b59e3fc689e2e908fa"
".git\objects\c3\370caee1c98c598f80ba1df2eb9307bb57843b","[no extension]","461","git-internal","NO/NOT SHOWN","NO","NO","NO","NO/NOT SHOWN","NO/NOT SHOWN","NO","False","KEEP_DEVELOPMENT","e78cd3d406bc3d4bb563d59fce0cd2228721841a4bae4b968775278347c0282a"
".git\objects\c3\4559818d97b8b255e43812ba3742ee217ca5c2","[no extension]","418","git-internal","NO/NOT SHOWN","NO","NO","NO","NO/NOT SHOWN","NO/NOT SHOWN","NO","False","KEEP_DEVELOPMENT","3a7bd99405946d24457e0fb758ffb8ca6d10b36040021cbfd5a14544ca0bb739"
".git\objects\c3\63ce7db6f368349860738cbc2d0ffa879a762f","[no extension]","1145","git-internal","NO/NOT SHOWN","NO","NO","NO","NO/NOT SHOWN","NO/NOT SHOWN","NO","False","KEEP_DEVELOPMENT","97b934392d62113bda493871ef89c670fe99765073184bfde37487d95dab8d7c"
".git\objects\c3\69927245e97b78b7bcc84fe7771fa49cfb2d9c","[no extension]","3727","git-internal","NO/NOT SHOWN","NO","NO","NO","NO/NOT SHOWN","NO/NOT SHOWN","NO","False","KEEP_DEVELOPMENT","d9f85752dc3ca55a62dda9468c4283e3db55e62dca9b9fa707675e289f98aca5"
".git\objects\c3\979e443dd6c391829d873866a93781b3256982","[no extension]","1343","git-internal","NO/NOT SHOWN","NO","NO","NO","NO/NOT SHOWN","NO/NOT SHOWN","NO","False","KEEP_DEVELOPMENT","b795fcd09a96dc57f50062a4f41b3eb256916f5237360f79783effd1f4b2bcfe"
".git\objects\c3\9bc87e8e403b076eb24e07063ec5736ee56603","[no extension]","415","git-internal","NO/NOT SHOWN","NO","NO","NO","NO/NOT SHOWN","NO/NOT SHOWN","NO","False","KEEP_DEVELOPMENT","fb2bc04b053a1f495624b198387494eff86b1722e9ee4e95e085929d7e393425"
".git\objects\c3\af483721525da38441d02c11100b6055d84c23","[no extension]","180","git-internal","NO/NOT SHOWN","NO","NO","NO","NO/NOT SHOWN","NO/NOT SHOWN","NO","False","KEEP_DEVELOPMENT","91324fba8a2fc593e3549c15de5d32b00639c45309d6fcf2a05f9a31b08f5c27"
".git\objects\c3\b4bd76c30dcfdb61194968d7399093466b7c38","[no extension]","399","git-internal","NO/NOT SHOWN","NO","NO","NO","NO/NOT SHOWN","NO/NOT SHOWN","NO","False","KEEP_DEVELOPMENT","1c625e01ca03ef68503a0a12a1470498db665b30114f8001c3ea59628a2c338b"
".git\objects\c3\c9dace2061bd19736e4f627fed94138d179224","[no extension]","197","git-internal","NO/NOT SHOWN","NO","NO","NO","NO/NOT SHOWN","NO/NOT SHOWN","NO","False","KEEP_DEVELOPMENT","1c20104df05d1c0baebd7eedf8af91272deda369731fc5db09862ee382d134ef"
".git\objects\c3\d21c99e583b00366a5d1faf4b98db8bd2865aa","[no extension]","5467","git-internal","NO/NOT SHOWN","NO","NO","NO","NO/NOT SHOWN","NO/NOT SHOWN","NO","False","KEEP_DEVELOPMENT","227aadfa1875b4417dc3675e71386b63e76efa0675d64c94750227a2cf8b6b58"
".git\objects\c3\e84f64f6a128c223b5fdd1cb838e6da5692388","[no extension]","1537","git-internal","NO/NOT SHOWN","NO","NO","NO","NO/NOT SHOWN","NO/NOT SHOWN","NO","False","KEEP_DEVELOPMENT","d68a1eceee00f362ef78a97d958440bc13f17bb636fa11600890c77d6460ece5"
".git\objects\c4\0ab8a349d2b09d1733aba96e371c2d107c7a07","[no extension]","868","git-internal","NO/NOT SHOWN","NO","NO","NO","NO/NOT SHOWN","NO/NOT SHOWN","NO","False","KEEP_DEVELOPMENT","5e1d79371d2d6d32cfa14fdbf6d954bb5d64ea9a658ec9d27601d32f4ad3eb69"
".git\objects\c4\41cf27746b103f021122b95aae56ba827a3a4f","[no extension]","231","git-internal","NO/NOT SHOWN","NO","NO","NO","NO/NOT SHOWN","NO/NOT SHOWN","NO","False","KEEP_DEVELOPMENT","cf8cc78ac6fa001f8094507248f6eabfe2c9cc626533e368c5af67ee55a5e19d"
".git\objects\c4\8a91d330b9aa729d50303e1000658d9aaab4b9","[no extension]","331","git-internal","NO/NOT SHOWN","NO","NO","NO","NO/NOT SHOWN","NO/NOT SHOWN","NO","False","KEEP_DEVELOPMENT","fb8c5b9c0ab680db94ed5f8506e1154057438771b8fd6ad3f1de66931385fbfe"
".git\objects\c4\9f5190ca8260879a5b11f7eb3b2a26073f54f8","[no extension]","25977","git-internal","NO/NOT SHOWN","NO","NO","NO","NO/NOT SHOWN","NO/NOT SHOWN","NO","False","KEEP_DEVELOPMENT","921ec175434dc8bc1b1affab889be8e001d3d4dec94020a9c1e16ab1c545bfbb"
".git\objects\c4\f278be527d1dc0f4b04b366a0fddd1d29db6d0","[no extension]","1993","git-internal","NO/NOT SHOWN","NO","NO","NO","NO/NOT SHOWN","NO/NOT SHOWN","NO","False","KEEP_DEVELOPMENT","39155f78cac11fe296e630a8ae91d4b287df17240c63de12785c6b3ed5f7932e"
".git\objects\c5\0dcc529db9e1b0047c0352888a62d8390a0a7c","[no extension]","176","git-internal","NO/NOT SHOWN","NO","NO","NO","NO/NOT SHOWN","NO/NOT SHOWN","NO","False","KEEP_DEVELOPMENT","b1373ca24485b638d14ec0a1aa7daa4cf080e4bb6412cd39cdfeb1b58de45958"
".git\objects\c5\106ac94d894f088e06c1af3cf69851db162f50","[no extension]","190","git-internal","NO/NOT SHOWN","NO","NO","NO","NO/NOT SHOWN","NO/NOT SHOWN","NO","False","KEEP_DEVELOPMENT","32ec40eb81fd1a282702f4d8115a537056d0fd34472e1e685a4cc9ea242437c0"
".git\objects\c5\62608eab4d93050f7f7ac1f2a1d561489246e2","[no extension]","1343","git-internal","NO/NOT SHOWN","NO","NO","NO","NO/NOT SHOWN","NO/NOT SHOWN","NO","False","KEEP_DEVELOPMENT","7dde68d9c3e736734b861daa7a89f277a01a640399b43abf53c836d4d8f0b1c7"
".git\objects\c5\6c50e481e11256360d5f2f8bf48cbf43079410","[no extension]","10395","git-internal","NO/NOT SHOWN","NO","NO","NO","NO/NOT SHOWN","NO/NOT SHOWN","NO","False","KEEP_DEVELOPMENT","2ec73a0f7fe4470dc9153f63c95e218fa0bc3eb3315feba4f9a033d4eae89c0a"
".git\objects\c5\7f475300bb1ec8d006ad810517c86c134af29c","[no extension]","866","git-internal","NO/NOT SHOWN","NO","NO","NO","NO/NOT SHOWN","NO/NOT SHOWN","NO","False","KEEP_DEVELOPMENT","a7c61f7d2e06a9a3d901fd43e8cd3e1a81be085f1106a913bd06d087b0197800"
".git\objects\c5\c2702f1ce7ad8a93d083a03895dd1e0342826b","[no extension]","53","git-internal","NO/NOT SHOWN","NO","NO","NO","NO/NOT SHOWN","NO/NOT SHOWN","NO","False","KEEP_DEVELOPMENT","0d4c1ea02aac8fd84d5b8c80121cc10e2924adccd4bb7f767f780e587ef2d1cb"
".git\objects\c5\e7f9a1a3fe018dcb216fac76d68405d03f0d83","[no extension]","10450","git-internal","NO/NOT SHOWN","NO","NO","NO","NO/NOT SHOWN","NO/NOT SHOWN","NO","False","KEEP_DEVELOPMENT","07c952a5b302bb2701e47e534173306b12de1cfa23ab74cde0396b2ab1d616f9"
".git\objects\c5\ffcde41a221437582ce5df317c903c2af606f7","[no extension]","1032","git-internal","NO/NOT SHOWN","NO","NO","NO","NO/NOT SHOWN","NO/NOT SHOWN","NO","False","KEEP_DEVELOPMENT","fe0cb52c462ef4a90706109240d2701830815b2a4b9d1834a550c4e51f3e2795"
".git\objects\c6\6bef41f7505aac7810c27ffae65207a72dfd65","[no extension]","5107","git-internal","NO/NOT SHOWN","NO","NO","NO","NO/NOT SHOWN","NO/NOT SHOWN","NO","False","KEEP_DEVELOPMENT","34e27ee5b6d7138e2c6141444d90cfeb4d8b35c0f531e7f372d2509a04464943"
".git\objects\c6\8200272f4e08807c3da14d13ef93c198974427","[no extension]","201","git-internal","NO/NOT SHOWN","NO","NO","NO","NO/NOT SHOWN","NO/NOT SHOWN","NO","False","KEEP_DEVELOPMENT","bd4d165ff0c4281555b06a84c3f0fd8c6f2ce6e4b57f797efb3b7b70580b164f"
".git\objects\c6\849c72bdf52fd77d81cad94a44e2df5ef966ec","[no extension]","1547","git-internal","NO/NOT SHOWN","NO","NO","NO","NO/NOT SHOWN","NO/NOT SHOWN","NO","False","KEEP_DEVELOPMENT","35e6cc32369aa9f048cf47fd87ea70e4cdfb7a248057ccd37b4f3466b7e19275"
".git\objects\c6\86476db3476b1a3cd61bf06963597c3391c59a","[no extension]","192","git-internal","NO/NOT SHOWN","NO","NO","NO","NO/NOT SHOWN","NO/NOT SHOWN","NO","False","KEEP_DEVELOPMENT","b822b0520fa808885c396bc614fde6158dba73e4108e96c09c1e7f706c3fd093"
".git\objects\c6\c90af967d4bf361047b2e4bb435a0ac132fb37","[no extension]","198","git-internal","NO/NOT SHOWN","NO","NO","NO","NO/NOT SHOWN","NO/NOT SHOWN","NO","False","KEEP_DEVELOPMENT","2c00f2a0697b79cb34c24cee5f8e9294a392d73984a1cd88aec5a9aef1a8ba23"
".git\objects\c6\ff0982f253a689db0faaace01a34eb70e69417","[no extension]","1877","git-internal","NO/NOT SHOWN","NO","NO","NO","NO/NOT SHOWN","NO/NOT SHOWN","NO","False","KEEP_DEVELOPMENT","2d9c1471ac242bdf81fc3a553b31a6583e3fff0816e0555c6c5595c6e675b9ba"
".git\objects\c7\09be25511eda879608b833d5b5b16d91ec4e0e","[no extension]","63","git-internal","NO/NOT SHOWN","NO","NO","NO","NO/NOT SHOWN","NO/NOT SHOWN","NO","False","KEEP_DEVELOPMENT","20b856e2277baa9f4e07739167c36cb08be5e33e459315b56c939724b73f9089"
".git\objects\c7\1d228fdb0b2b5bdf9e5007f0015666c656ad81","[no extension]","2538","git-internal","NO/NOT SHOWN","NO","NO","NO","NO/NOT SHOWN","NO/NOT SHOWN","NO","False","KEEP_DEVELOPMENT","36c514cbe78ccd155851b7cefcac00428d00f37dfff4426f8056375512042bdc"
".git\objects\c7\2d3f555356eb52d67d77398bbc8b69c9619262","[no extension]","2865","git-internal","NO/NOT SHOWN","NO","NO","NO","NO/NOT SHOWN","NO/NOT SHOWN","NO","False","KEEP_DEVELOPMENT","bb9f02f4317a501f45c434fb26e985647fb92ec972fef7027749042b087ac3bc"
".git\objects\c7\459aec236bbdc198700bc2e768082be7fa54f3","[no extension]","1568","git-internal","NO/NOT SHOWN","NO","NO","NO","NO/NOT SHOWN","NO/NOT SHOWN","NO","False","KEEP_DEVELOPMENT","86f444a9a31cc3d38ad40558fccfbd25f5b4539bb1edb74d130085a2f97b5c7b"
".git\objects\c7\6613b9255d3e0e43b939bf937ad62ceeb81e6d","[no extension]","440","git-internal","NO/NOT SHOWN","NO","NO","NO","NO/NOT SHOWN","NO/NOT SHOWN","NO","False","KEEP_DEVELOPMENT","af141f1eab270c0028afbccb41b686971f0c971ad341edf45d1cba77c29c5dd6"
".git\objects\c7\ef6aaeb910e488db52adb89361c16d90d73e33","[no extension]","162","git-internal","NO/NOT SHOWN","NO","NO","NO","NO/NOT SHOWN","NO/NOT SHOWN","NO","False","KEEP_DEVELOPMENT","acaba3f44b61a9b883d82c385641e950856eb2920d2b67cdd1da89f86843b906"
".git\objects\c8\10bc6a84e3f45c65aecc579a76ba5c2fc840aa","[no extension]","4529","git-internal","NO/NOT SHOWN","NO","NO","NO","NO/NOT SHOWN","NO/NOT SHOWN","NO","False","KEEP_DEVELOPMENT","8ec6a449e7a4ffc33ac6255fdda9cb39c9c970d2d6f58a0ada6cda8ee6127304"
".git\objects\c8\36ff26d5507d97885afadad4c002dac718fd74","[no extension]","972","git-internal","NO/NOT SHOWN","NO","NO","NO","NO/NOT SHOWN","NO/NOT SHOWN","NO","False","KEEP_DEVELOPMENT","5130cdbbc9a599af22f50fc5f5fe356d3e5637d0ddf421151510fbe75a0189b9"
".git\objects\c8\49fe437c5cc81fc8b1394126104b3f477b5544","[no extension]","523","git-internal","NO/NOT SHOWN","NO","NO","NO","NO/NOT SHOWN","NO/NOT SHOWN","NO","False","KEEP_DEVELOPMENT","10dc77d14777ae5aca94c476001d0ec96b96cee83eb6049d05f5f506db7e419f"
".git\objects\c8\680f71646022fba7fa9f5caa6cade356974076","[no extension]","5795","git-internal","NO/NOT SHOWN","NO","NO","NO","NO/NOT SHOWN","NO/NOT SHOWN","NO","False","KEEP_DEVELOPMENT","673f4ce7c3f046e002b8c8c06b5c3767468c82738079f45e8c2d2feaa1dccb74"
".git\objects\c8\884c869911d682b380f979bf77b31f960a1c72","[no extension]","902","git-internal","NO/NOT SHOWN","NO","NO","NO","NO/NOT SHOWN","NO/NOT SHOWN","NO","False","KEEP_DEVELOPMENT","4efbb77f9448464076ba67ed805d28af0ee2acbca934f148949be48898366c54"
".git\objects\c8\b305aa0d491674575732bebb45d607cddb8585","[no extension]","213","git-internal","NO/NOT SHOWN","NO","NO","NO","NO/NOT SHOWN","NO/NOT SHOWN","NO","False","KEEP_DEVELOPMENT","4695d7c2eba9e2bdb059d77f325d2ddacffe953b37713584d14606fb4a102358"
".git\objects\c8\c880945b540ed9f5fb7400a0f5ad50637cbc40","[no extension]","179","git-internal","NO/NOT SHOWN","NO","NO","NO","NO/NOT SHOWN","NO/NOT SHOWN","NO","False","KEEP_DEVELOPMENT","81b300cc1410c6aa80e15a0e580412b68cc9274f7ca32b750281c1458b24b35f"
".git\objects\c9\01678b1f90299b1cd6604c6cf0e6bfd53ca261","[no extension]","231","git-internal","NO/NOT SHOWN","NO","NO","NO","NO/NOT SHOWN","NO/NOT SHOWN","NO","False","KEEP_DEVELOPMENT","bd8862bc246d72180a47517005596798735d929b26671b4f773849243ceaf7fc"
".git\objects\c9\212f674a892a594a982f393138961fa4b571b7","[no extension]","344","git-internal","NO/NOT SHOWN","NO","NO","NO","NO/NOT SHOWN","NO/NOT SHOWN","NO","False","KEEP_DEVELOPMENT","819fd2bc1e64c08aba37c0dd520537ee77dfc809eeea6ce76d9432a71eded8af"
".git\objects\c9\431690fc584a096431bea86666d5b19e9ccd36","[no extension]","5082","git-internal","NO/NOT SHOWN","NO","NO","NO","NO/NOT SHOWN","NO/NOT SHOWN","NO","False","KEEP_DEVELOPMENT","89da5b843a005e259631d49e8858877e3a84c3e763950002ab0bf9e83acd7c93"
".git\objects\c9\68268e0358af1eeaa41abbbb9be8043264258d","[no extension]","453","git-internal","NO/NOT SHOWN","NO","NO","NO","NO/NOT SHOWN","NO/NOT SHOWN","NO","False","KEEP_DEVELOPMENT","e9812ef39e8972a32522bcbf70cd5a2989492c7192cddcf5f933bf3adeafa8d9"
".git\objects\c9\989c235bcb51ab679b413de489bc0deb7bf6a6","[no extension]","1162","git-internal","NO/NOT SHOWN","NO","NO","NO","NO/NOT SHOWN","NO/NOT SHOWN","NO","False","KEEP_DEVELOPMENT","6b0114f7e205956a01ce7b6c38d7b642fdc0aa3ec00f3a9f204d433a7d442b91"
".git\objects\c9\9a0c149008821437ae6eb6fd28994f68893223","[no extension]","130","git-internal","NO/NOT SHOWN","NO","NO","NO","NO/NOT SHOWN","NO/NOT SHOWN","NO","False","KEEP_DEVELOPMENT","38ece711b68e852692588898d6ab61a10203dd8f535307fcff07b9fb62efab01"
".git\objects\c9\a3cc773b57dc3edf4dc92f2e246cccfcff839a","[no extension]","1392","git-internal","NO/NOT SHOWN","NO","NO","NO","NO/NOT SHOWN","NO/NOT SHOWN","NO","False","KEEP_DEVELOPMENT","e380b99a95e22145f8380d58483b848343ddf1830b929c8793188d33e038a9ad"
".git\objects\c9\cfcf8fd738064029994fd786ffad78189142db","[no extension]","441","git-internal","NO/NOT SHOWN","NO","NO","NO","NO/NOT SHOWN","NO/NOT SHOWN","NO","False","KEEP_DEVELOPMENT","5004656fdd1e7d49aaab37ab3ab2323332985bc6e0e5bd9473f8ec313c12fb3d"
".git\objects\c9\d8063b9ddbfe964ba15f5cdc88e567d9d02b81","[no extension]","7366","git-internal","NO/NOT SHOWN","NO","NO","NO","NO/NOT SHOWN","NO/NOT SHOWN","NO","False","KEEP_DEVELOPMENT","384dc70bbe384ce51c2e85da69f979c8d3b3ce2bedf6aab6df8c7981c9a40b4f"
".git\objects\c9\ee09db4522aad581ca033b4377641314eff4a3","[no extension]","276","git-internal","NO/NOT SHOWN","NO","NO","NO","NO/NOT SHOWN","NO/NOT SHOWN","NO","False","KEEP_DEVELOPMENT","05ecfbae23132afee52e18d2fb706f30970dfca1b9691c3d50cd951ea0951f07"
".git\objects\c9\fd671c5d660bb4a6a192e2b6677960507bf4fc","[no extension]","908","git-internal","NO/NOT SHOWN","NO","NO","NO","NO/NOT SHOWN","NO/NOT SHOWN","NO","False","KEEP_DEVELOPMENT","88ec9d06b865a43cdf9196647ac0f02f4b58b08c83ee12645e52c1acef8a238b"
".git\objects\ca\4a7f7bff18264e459f52750f552a1593affd99","[no extension]","275","git-internal","NO/NOT SHOWN","NO","NO","NO","NO/NOT SHOWN","NO/NOT SHOWN","NO","False","KEEP_DEVELOPMENT","6cd7cfeed9f4380d20abde5e40c2d401a36abdc1550ca81688e0094d84b1a2e6"
".git\objects\ca\4aa46816c5b42914fa5d857770dc19874ee670","[no extension]","9599","git-internal","NO/NOT SHOWN","NO","NO","NO","NO/NOT SHOWN","NO/NOT SHOWN","NO","False","KEEP_DEVELOPMENT","26defb8fc230fa7b0dcfcc0db418838a180c93ea5a7cc9a2c832050931429d9f"
".git\objects\ca\4dca61d72ad1708f73fea9d745917798c709bf","[no extension]","3622","git-internal","NO/NOT SHOWN","NO","NO","NO","NO/NOT SHOWN","NO/NOT SHOWN","NO","False","KEEP_DEVELOPMENT","a7a93bda0e10c9c90013f6325197c6100b22fd2f3cae053c4382a2be9b24bc4e"
".git\objects\ca\5c9fa7bb81c45abdaf8583bc14bba3e83d2d36","[no extension]","143","git-internal","NO/NOT SHOWN","NO","NO","NO","NO/NOT SHOWN","NO/NOT SHOWN","NO","False","KEEP_DEVELOPMENT","539a85a1c0506ba1ac272ffc508525c255f2c5f3b0fc115c399530a6d669caaa"
".git\objects\ca\76824e8addc2c2982c21963660a90558c94503","[no extension]","44225","git-internal","NO/NOT SHOWN","NO","NO","NO","NO/NOT SHOWN","NO/NOT SHOWN","NO","False","KEEP_DEVELOPMENT","6d84c2ea8b67baea704721a2448eef1de7c3827bd46f2a4a509771782272b4c9"
".git\objects\ca\76afad26f2fba8e24e775338a7ffa088d7c1c6","[no extension]","415","git-internal","NO/NOT SHOWN","NO","NO","NO","NO/NOT SHOWN","NO/NOT SHOWN","NO","False","KEEP_DEVELOPMENT","f5a89b428176764377c149d9e7bd938f1f727e07d4c42a13ceff19fa50b602b1"
".git\objects\ca\b3af5029f5fb61240dbc3abbfb2c166878e1ef","[no extension]","890","git-internal","NO/NOT SHOWN","NO","NO","NO","NO/NOT SHOWN","NO/NOT SHOWN","NO","False","KEEP_DEVELOPMENT","fa4222cdd2dde1f031d9cfc2d33ac153b08f6d68860a6ef2cb499415a2914885"
".git\objects\cb\6c09f98108ec8e1f045d7c19f303a043305a64","[no extension]","852","git-internal","NO/NOT SHOWN","NO","NO","NO","NO/NOT SHOWN","NO/NOT SHOWN","NO","False","KEEP_DEVELOPMENT","baa69c96da9a89c43f3707a64a4c0ee2ba53b4d98acbd734c6fb92c9a47cecd1"
".git\objects\cb\b8f96a6a150c2f9ac1d09ca5eea565c7a30936","[no extension]","1139","git-internal","NO/NOT SHOWN","NO","NO","NO","NO/NOT SHOWN","NO/NOT SHOWN","NO","False","KEEP_DEVELOPMENT","9a5765ccaaba3ba80300e3de8271d180dcf7e001a6a13b692f76c1368ddfea90"
".git\objects\cb\f78b2c789289d4d2d8917b77b114ae8442102f","[no extension]","1389","git-internal","NO/NOT SHOWN","NO","NO","NO","NO/NOT SHOWN","NO/NOT SHOWN","NO","False","KEEP_DEVELOPMENT","a1947b5b3a604529252d528ce9b8463a944cfbaa66bf3f1cc81e868760db2cc8"
".git\objects\cc\46f9a52ad977e1e456c3a87236233ba54b9921","[no extension]","401","git-internal","NO/NOT SHOWN","NO","NO","NO","NO/NOT SHOWN","NO/NOT SHOWN","NO","False","KEEP_DEVELOPMENT","58d9dd94b904e68eb0a9d8e235c8440695fa92f786c890823db47f4570855574"
".git\objects\cc\4bf54b64416efacf11027bb5d40418a48342d7","[no extension]","3464","git-internal","NO/NOT SHOWN","NO","NO","NO","NO/NOT SHOWN","NO/NOT SHOWN","NO","False","KEEP_DEVELOPMENT","a1123f8ec2c22a64b63b45f0732af41b56fccbd9aed967deefe0dece4b5f3b1e"
".git\objects\cc\4ee98bbe2c182811e73e560a3d17f92655f558","[no extension]","326","git-internal","NO/NOT SHOWN","NO","NO","NO","NO/NOT SHOWN","NO/NOT SHOWN","NO","False","KEEP_DEVELOPMENT","bc30dfcbfa23ceecff49e7a8b8d1b257b2a96dbbd21d852cb695e7ee4137629f"
".git\objects\cc\a0faa1c166067130d0e321011e7c7e31d7b94d","[no extension]","602","git-internal","NO/NOT SHOWN","NO","NO","NO","NO/NOT SHOWN","NO/NOT SHOWN","NO","False","KEEP_DEVELOPMENT","6ee186026daaa296866e648090d882f5a924f5810c3539c027d99ec7efd8c8a6"
".git\objects\cc\cd2073480a74197395d5bfc5e8cd62fb4ba5a2","[no extension]","641","git-internal","NO/NOT SHOWN","NO","NO","NO","NO/NOT SHOWN","NO/NOT SHOWN","NO","False","KEEP_DEVELOPMENT","1d2c265080e033f53b1a539949f4aca76318dfbd2bdd108d54f98b2f407204cb"
".git\objects\cc\d00b388fa1d1298791e0c91ed7d312574efdfe","[no extension]","437","git-internal","NO/NOT SHOWN","NO","NO","NO","NO/NOT SHOWN","NO/NOT SHOWN","NO","False","KEEP_DEVELOPMENT","bba4bfc2f53430cbdfbd74d141d86c3f5dee39a189b89740055882d7ab18f11d"
".git\objects\cc\d9a1abe11ff97baec2a2d6d394b02bc469e47a","[no extension]","1941","git-internal","NO/NOT SHOWN","NO","NO","NO","NO/NOT SHOWN","NO/NOT SHOWN","NO","False","KEEP_DEVELOPMENT","e863411f3241d3637af914d1c469d1b83f071e233472903f8322601e735319db"
".git\objects\cd\189a251c8dad19606ab36f35f8cf9958d980a5","[no extension]","3042","git-internal","NO/NOT SHOWN","NO","NO","NO","NO/NOT SHOWN","NO/NOT SHOWN","NO","False","KEEP_DEVELOPMENT","43f2aca17c9c58ff55ce449ad51da42fa6e3b15daead5382d0ecae41f2c44a55"
".git\objects\cd\28c84d52f2e31b9af4684f77f0388ee35a3a2e","[no extension]","1264","git-internal","NO/NOT SHOWN","NO","NO","NO","NO/NOT SHOWN","NO/NOT SHOWN","NO","False","KEEP_DEVELOPMENT","d0c06bae426bd93559c714fb8d7328aae9c75465ad1367070c17841e8e146d35"
".git\objects\cd\3532f527399f63ef6b1850cbf53a8f32e09284","[no extension]","2583","git-internal","NO/NOT SHOWN","NO","NO","NO","NO/NOT SHOWN","NO/NOT SHOWN","NO","False","KEEP_DEVELOPMENT","863a35a01ff1e5339e2a3441721bfdbadcb8f4d5ee7ec05111cbfd93312ef250"
".git\objects\cd\89a93f8c46bb0cb638f29fa01c389192d6ea56","[no extension]","1139","git-internal","NO/NOT SHOWN","NO","NO","NO","NO/NOT SHOWN","NO/NOT SHOWN","NO","False","KEEP_DEVELOPMENT","cd7b474aa8ea5056d0a8a6e1eeb49dcde8594269481c0080a2d5ab80f92111c9"
".git\objects\cd\a28a805ca67c92e459f453829e9a601cee575b","[no extension]","1037","git-internal","NO/NOT SHOWN","NO","NO","NO","NO/NOT SHOWN","NO/NOT SHOWN","NO","False","KEEP_DEVELOPMENT","dc576524c447be0da975e817b18017593132c967c8183d96557da3f5cd29446a"
".git\objects\ce\13b7486b20a65d420f256e32665b623e097836","[no extension]","372","git-internal","NO/NOT SHOWN","NO","NO","NO","NO/NOT SHOWN","NO/NOT SHOWN","NO","False","KEEP_DEVELOPMENT","a0128cb587721882be7edbf0730d5be726e9fc7403e02c7080bb3114cb7e0291"
".git\objects\ce\3e1941ad7c11cc658838704cd85982c952e73f","[no extension]","463","git-internal","NO/NOT SHOWN","NO","NO","NO","NO/NOT SHOWN","NO/NOT SHOWN","NO","False","KEEP_DEVELOPMENT","b8dae3703920c89d718825946f3f225995426c5c9c7d231430f34b88e40e8c36"
".git\objects\ce\59436aff05787874de5f843c9ec8f1f12863b4","[no extension]","779","git-internal","NO/NOT SHOWN","NO","NO","NO","NO/NOT SHOWN","NO/NOT SHOWN","NO","False","KEEP_DEVELOPMENT","ce1460adf4328998d824dd4101389014820d5328de6c321b9118ebbcdbfe4e1a"
".git\objects\ce\61f37babdbe4a7ce448b4e3bacaf42272b73f0","[no extension]","165","git-internal","NO/NOT SHOWN","NO","NO","NO","NO/NOT SHOWN","NO/NOT SHOWN","NO","False","KEEP_DEVELOPMENT","c5afc72cffe6d0271e8fa0dba46bcf117c19179bc51555fb9a957d4b69b50bc8"
".git\objects\ce\64fb60acd0997acc47f140863c59c5c6aff712","[no extension]","275","git-internal","NO/NOT SHOWN","NO","NO","NO","NO/NOT SHOWN","NO/NOT SHOWN","NO","False","KEEP_DEVELOPMENT","72018eabb42c422a63e9ed20d34a858d61c4cd74d915deddd96bfbb2871e0d17"
".git\objects\ce\805041321759747c0187955a5c956b60a8b00f","[no extension]","5471","git-internal","NO/NOT SHOWN","NO","NO","NO","NO/NOT SHOWN","NO/NOT SHOWN","NO","False","KEEP_DEVELOPMENT","78cb9f40a8327acea14d47180f7ff39b73b153ac7900338167daa3b2e9491ccc"
".git\objects\ce\afab6ad3b90ee2e573a95b65b90437e3d650df","[no extension]","919","git-internal","NO/NOT SHOWN","NO","NO","NO","NO/NOT SHOWN","NO/NOT SHOWN","NO","False","KEEP_DEVELOPMENT","5203e7b0d54be17a79d403159555f0aa2add728348ca98b861fd174fddd32651"
".git\objects\cf\123a7f42a64f032ad2800e2ad9ff78e7fa0863","[no extension]","374","git-internal","NO/NOT SHOWN","NO","NO","NO","NO/NOT SHOWN","NO/NOT SHOWN","NO","False","KEEP_DEVELOPMENT","eb8a9eab86d1e3c4ea4876f8a20aaa9d8fc9f9b35262f9043aebd25225f9a942"
".git\objects\cf\13f46b737eeca9602d19751365d5f85ed91d5d","[no extension]","567","git-internal","NO/NOT SHOWN","NO","NO","NO","NO/NOT SHOWN","NO/NOT SHOWN","NO","False","KEEP_DEVELOPMENT","80d0f551a3641e7a2efa476a4e7de2cdbfe7988b6de06b821a2ff664310fb128"
".git\objects\cf\34893574d9af8662c786bc0bb6e45eaf146fdc","[no extension]","448","git-internal","NO/NOT SHOWN","NO","NO","NO","NO/NOT SHOWN","NO/NOT SHOWN","NO","False","KEEP_DEVELOPMENT","ccfd8b9713d82b4005c23bf2d0c30d0456853516632eaf6075de29d470f44b79"
".git\objects\cf\40f3879bd1be9ef23e87bd1106c8ffec2074a8","[no extension]","209","git-internal","NO/NOT SHOWN","NO","NO","NO","NO/NOT SHOWN","NO/NOT SHOWN","NO","False","KEEP_DEVELOPMENT","ebaa0e8fed27b54a8da9bfe48f62c98eae32549995cf83841999fc82390ce5e7"
".git\objects\cf\73c3757ca56c9ebdbc3658f1c4c69bb402d66d","[no extension]","1984","git-internal","NO/NOT SHOWN","NO","NO","NO","NO/NOT SHOWN","NO/NOT SHOWN","NO","False","KEEP_DEVELOPMENT","2c30e21275fd89c00b4038a02b6f88a99b75b2f977b275ad3fa936ec1167a0d0"
".git\objects\cf\784e6428623e254c23dafde1ccd32ec403b66b","[no extension]","3228","git-internal","NO/NOT SHOWN","NO","NO","NO","NO/NOT SHOWN","NO/NOT SHOWN","NO","False","KEEP_DEVELOPMENT","ca260b35febbc1f4b251cc04aa5e1f1990215b1608b4c822aee03e0edf5a8148"
".git\objects\cf\97b5ccb4358632d8c3a9fbd2dc03dd9224b298","[no extension]","373","git-internal","NO/NOT SHOWN","NO","NO","NO","NO/NOT SHOWN","NO/NOT SHOWN","NO","False","KEEP_DEVELOPMENT","a8db86946f300d1c9959b5ee1e3817a51a7269e9a0500ef24c125ef8cabc4a76"
".git\objects\cf\b611fa932389f4d2397f4ffd2c61dbff033f01","[no extension]","268","git-internal","NO/NOT SHOWN","NO","NO","NO","NO/NOT SHOWN","NO/NOT SHOWN","NO","False","KEEP_DEVELOPMENT","0196dbfa1ba9dce64bdfa421cd2fa2fb8bec91e9d2e5f87a12c91300c938faf8"
".git\objects\cf\ea6002e161f701c5c482cd04de77575875f0c1","[no extension]","371","git-internal","NO/NOT SHOWN","NO","NO","NO","NO/NOT SHOWN","NO/NOT SHOWN","NO","False","KEEP_DEVELOPMENT","f4c90fb81ab0ab210cfd5323430474ed07594f339feea4e40ff60bf64c0d057e"
".git\objects\d0\2bdd08df9c6affb7f0dd1854b1e101daa377ca","[no extension]","1414","git-internal","NO/NOT SHOWN","NO","NO","NO","NO/NOT SHOWN","NO/NOT SHOWN","NO","False","KEEP_DEVELOPMENT","362b56913cf2b2da34621c0792ca6cdf7873de79eddfebeadaa2b0307a73a2af"
".git\objects\d0\5ea857fddb6f6be38271ba28cd123402dddd62","[no extension]","1942","git-internal","NO/NOT SHOWN","NO","NO","NO","NO/NOT SHOWN","NO/NOT SHOWN","NO","False","KEEP_DEVELOPMENT","051067d1190d3612c43ab4ebd86110781c484170b520cd6410caab1a1c88d8e1"
".git\objects\d0\82cfd84bc0b75edffb128ec382ea800e31c2a4","[no extension]","3487","git-internal","NO/NOT SHOWN","NO","NO","NO","NO/NOT SHOWN","NO/NOT SHOWN","NO","False","KEEP_DEVELOPMENT","1c4dfdd0b8b807c2e2e49fa3f2b2fa8226dfcb387eb5acb094904fa664a23520"
".git\objects\d0\bca73452e94b8873de3fb08fdbd1362968d059","[no extension]","643","git-internal","NO/NOT SHOWN","NO","NO","NO","NO/NOT SHOWN","NO/NOT SHOWN","NO","False","KEEP_DEVELOPMENT","b9029828365f1e730ee4c28f79b18c7def7cc563f50402134ad36db52ca9e553"
".git\objects\d0\c4ad0708d3e55893d010cae2ae14c35ebb53ff","[no extension]","673","git-internal","NO/NOT SHOWN","NO","NO","NO","NO/NOT SHOWN","NO/NOT SHOWN","NO","False","KEEP_DEVELOPMENT","eb7b157aba9749fd7d2f2183ffa69c488db5ef2cd08f93a2ba27fb7e2fb3d1fe"
".git\objects\d0\ef3c65aa69a32953d8ff3c70ebb2804a43ff9a","[no extension]","31731","git-internal","NO/NOT SHOWN","NO","NO","NO","NO/NOT SHOWN","NO/NOT SHOWN","NO","False","KEEP_DEVELOPMENT","5562f9d7b5149f9beb7ff35d25b74d9587c1c3775575e71cb2199a641475eee9"
".git\objects\d1\2d9343674f92157f6ce3285931295d5e587c8c","[no extension]","672","git-internal","NO/NOT SHOWN","NO","NO","NO","NO/NOT SHOWN","NO/NOT SHOWN","NO","False","KEEP_DEVELOPMENT","46f6c4b04d1ff4f987086b719626b7c1eb4787c5a72d734000f4d4957e448fc3"
".git\objects\d1\4193c748e77a619ea039c6301bf91e2e720b85","[no extension]","495","git-internal","NO/NOT SHOWN","NO","NO","NO","NO/NOT SHOWN","NO/NOT SHOWN","NO","False","KEEP_DEVELOPMENT","b787b1d34ccf8c29277fd4124266097bb449ccf67e32940aa42397a6840a5007"
".git\objects\d1\5615fd12d6765295837499128bab075b9d7f95","[no extension]","207","git-internal","NO/NOT SHOWN","NO","NO","NO","NO/NOT SHOWN","NO/NOT SHOWN","NO","False","KEEP_DEVELOPMENT","00428ed1fbc541fc1995b61e89e119045639a62e8a9c2a1df613b7860b1eed0a"
".git\objects\d1\8b8810de1bd7153cb48cb80865b1740edb0108","[no extension]","143","git-internal","NO/NOT SHOWN","NO","NO","NO","NO/NOT SHOWN","NO/NOT SHOWN","NO","False","KEEP_DEVELOPMENT","16adffe51c4e6b975fd88b41b8032bf328cdc97a8d3836f45c925027a5d06d1c"
".git\objects\d1\a71e7d2b10f46cee3e91a2fd6f7f2ef6e7e25f","[no extension]","417","git-internal","NO/NOT SHOWN","NO","NO","NO","NO/NOT SHOWN","NO/NOT SHOWN","NO","False","KEEP_DEVELOPMENT","7e1e07a629c0136269b7d79eb77743163b233a34f629a1f6675446a7d4b3a58d"
".git\objects\d1\e5ce38058790a973ce90c1addf33ef206ce4cd","[no extension]","192","git-internal","NO/NOT SHOWN","NO","NO","NO","NO/NOT SHOWN","NO/NOT SHOWN","NO","False","KEEP_DEVELOPMENT","37161a69dc3f6741ca0f170f1f622ba0e8a48dd7d6bc6386b843d97a86d93d66"
".git\objects\d2\6049d2f863b8e4138fec312da7bb146a9ce754","[no extension]","438","git-internal","NO/NOT SHOWN","NO","NO","NO","NO/NOT SHOWN","NO/NOT SHOWN","NO","False","KEEP_DEVELOPMENT","0e928093211bc378f1211aecba2e947241c99e5e6ee8967130d1235af96e412f"
".git\objects\d2\86d8c368d2f57d46e71477530cba7f59d387ce","[no extension]","6816","git-internal","NO/NOT SHOWN","NO","NO","NO","NO/NOT SHOWN","NO/NOT SHOWN","NO","False","KEEP_DEVELOPMENT","39f8088bf2e2a169cf56b6020a3e3659ce1adef3adc28f98d8a640f65a2416a3"
".git\objects\d2\b365b187a0e1ab1bdc1cbae0f966c6e75fb872","[no extension]","126","git-internal","NO/NOT SHOWN","NO","NO","NO","NO/NOT SHOWN","NO/NOT SHOWN","NO","False","KEEP_DEVELOPMENT","d9800b497981616d1b2b6270ea0665635465569160570e771c42d285b8d4e45d"
".git\objects\d3\c28e22b40252ff4fb3e11f167f2c61a990acfd","[no extension]","121","git-internal","NO/NOT SHOWN","NO","NO","NO","NO/NOT SHOWN","NO/NOT SHOWN","NO","False","KEEP_DEVELOPMENT","9f93ec7d69602a7aa8fa01cc9152013d894e67f81200b6a80d6b014fd8d20a19"
".git\objects\d3\dcddfd87b024d093d7d87fe0294da94ee7798e","[no extension]","1094","git-internal","NO/NOT SHOWN","NO","NO","NO","NO/NOT SHOWN","NO/NOT SHOWN","NO","False","KEEP_DEVELOPMENT","ab8195a3d425ac81620de4d3435fccf1e925a94f44677836c9941b06bcaf4fd9"
".git\objects\d3\e2c5b17d10f1c00b5351ad9652a1815909e990","[no extension]","286","git-internal","NO/NOT SHOWN","NO","NO","NO","NO/NOT SHOWN","NO/NOT SHOWN","NO","False","KEEP_DEVELOPMENT","fa4d250b6b216fd92077f694c85e46c41f2b204dc9b3f735b546a4aaed2a0dbc"
".git\objects\d3\f545c70ee89eb939ed02920096b69bccf3b0e9","[no extension]","894","git-internal","NO/NOT SHOWN","NO","NO","NO","NO/NOT SHOWN","NO/NOT SHOWN","NO","False","KEEP_DEVELOPMENT","27cadf76529d805c9d3ac84e1619b52a9d7eedfad0bc5c40b0ad2eb4ca201f7e"
".git\objects\d3\ffe1f8b6b76dc9de40354cfac4963affefba51","[no extension]","1681","git-internal","NO/NOT SHOWN","NO","NO","NO","NO/NOT SHOWN","NO/NOT SHOWN","NO","False","KEEP_DEVELOPMENT","1c6fbf6e130e88af8b459c6ce1d794e6fe04d06e62db0c53cab05b0e6214e184"
".git\objects\d4\9c23b8ad0dd46ddd9689dea09f51e8762f6407","[no extension]","798","git-internal","NO/NOT SHOWN","NO","NO","NO","NO/NOT SHOWN","NO/NOT SHOWN","NO","False","KEEP_DEVELOPMENT","a9dc1f01ca3f0e6c5f0be1ab9ebf947e2b03716c5d8ae5b6b9619afda1cb469d"
".git\objects\d4\af7830583e247131e6bc38cd15f0f9073f9a7c","[no extension]","1215","git-internal","NO/NOT SHOWN","NO","NO","NO","NO/NOT SHOWN","NO/NOT SHOWN","NO","False","KEEP_DEVELOPMENT","fdd9b254688b572ffaf50843b62fb28822aa025d921f685d3f9495d1698701d6"
".git\objects\d4\b6fd1bd2428bd7ce9dfe83eba23367f57c66fc","[no extension]","1347","git-internal","NO/NOT SHOWN","NO","NO","NO","NO/NOT SHOWN","NO/NOT SHOWN","NO","False","KEEP_DEVELOPMENT","ea0242f29e07d4c9a9aade086df5bada9254e3fa77e9f1a2c1b6a1cca97c23b9"
".git\objects\d4\e33961adcaad6c9bc59ec25d8b439292c96ffa","[no extension]","1129","git-internal","NO/NOT SHOWN","NO","NO","NO","NO/NOT SHOWN","NO/NOT SHOWN","NO","False","KEEP_DEVELOPMENT","17397b7c14338a4180a027b938499d30d9deae6729b2b166bb11d0648aa5822c"
".git\objects\d4\e457260d6c513d5119de382e7ac29aef9ff64a","[no extension]","337","git-internal","NO/NOT SHOWN","NO","NO","NO","NO/NOT SHOWN","NO/NOT SHOWN","NO","False","KEEP_DEVELOPMENT","3452b12930453be58b66cae8138b19ed7378a0fe51b2789a183b54b936fa1f10"
".git\objects\d5\1a6307f68737f64a4d14e28b07e6ae6f0c72a0","[no extension]","961","git-internal","NO/NOT SHOWN","NO","NO","NO","NO/NOT SHOWN","NO/NOT SHOWN","NO","False","KEEP_DEVELOPMENT","b9f19b9d629a75c91054fd0246f0cfcaf6462d5cb6b93eb4106d83c5a68c857a"
".git\objects\d5\48da126ea583ef7418fd8996b6927a5c925bfa","[no extension]","619","git-internal","NO/NOT SHOWN","NO","NO","NO","NO/NOT SHOWN","NO/NOT SHOWN","NO","False","KEEP_DEVELOPMENT","c41e42c5551842f75288520f7ae05d844e36f5cccd259afeaf082fab529182d9"
".git\objects\d5\4f2eeb97920f3713f0c73997d0464ffb779b86","[no extension]","882","git-internal","NO/NOT SHOWN","NO","NO","NO","NO/NOT SHOWN","NO/NOT SHOWN","NO","False","KEEP_DEVELOPMENT","a63b862e487c94b0640d069cafeb9d8ea8ff47401460c69ee36f5cb022314043"
".git\objects\d5\53e85d2acd1479415c9df3402e922a4b98a20b","[no extension]","645","git-internal","NO/NOT SHOWN","NO","NO","NO","NO/NOT SHOWN","NO/NOT SHOWN","NO","False","KEEP_DEVELOPMENT","1196e09dcc970187d5ce49d8560faba898664da38248dccddd1cbfb286fdc281"
".git\objects\d5\9811dd5c7b852e6fdbaadc167e850d331151a3","[no extension]","2064","git-internal","NO/NOT SHOWN","NO","NO","NO","NO/NOT SHOWN","NO/NOT SHOWN","NO","False","KEEP_DEVELOPMENT","b6a4525f0f637b6fca8ec363192acecede0a256666bdf26f580f964a44237249"
".git\objects\d5\b175a3187710f414ec51d386b86322d9d1d5c8","[no extension]","60","git-internal","NO/NOT SHOWN","NO","NO","NO","NO/NOT SHOWN","NO/NOT SHOWN","NO","False","KEEP_DEVELOPMENT","f0d48d901c2118f720268989e7a6289f7b5737405fa5df2ad0ca26425b07c287"
".git\objects\d5\c82f78ce419aa9fee2de22281c7f1550f27c32","[no extension]","246","git-internal","NO/NOT SHOWN","NO","NO","NO","NO/NOT SHOWN","NO/NOT SHOWN","NO","False","KEEP_DEVELOPMENT","dc151879911dd0f53982a5f2fb6ce0c7e340f3ea1d36e9ec24cfb105ff328460"
".git\objects\d6\238739ab1e31d7aa7be0253855ce974bf090fd","[no extension]","276","git-internal","NO/NOT SHOWN","NO","NO","NO","NO/NOT SHOWN","NO/NOT SHOWN","NO","False","KEEP_DEVELOPMENT","8d3f50fd33646c4dc58dc37b8238b28259d3c8be39dbc1d5ab0168c11c23dd9a"
".git\objects\d6\75507b86a032ddf176accc896d96cc4a0bc116","[no extension]","276","git-internal","NO/NOT SHOWN","NO","NO","NO","NO/NOT SHOWN","NO/NOT SHOWN","NO","False","KEEP_DEVELOPMENT","dba15e645858b3da64a8fb9b609ea667485bd200859f98b8fb5861726a899d6b"
".git\objects\d6\f16a6a9a1ffeb246181b83a8eb0ece8b91eb2e","[no extension]","297","git-internal","NO/NOT SHOWN","NO","NO","NO","NO/NOT SHOWN","NO/NOT SHOWN","NO","False","KEEP_DEVELOPMENT","0044155efcee63a80c8421092940d5b0a597cdd3592e677c23823a661784854b"
".git\objects\d7\8763db94c03ca068ab6641bc0b752d16bc3440","[no extension]","9045","git-internal","NO/NOT SHOWN","NO","NO","NO","NO/NOT SHOWN","NO/NOT SHOWN","NO","False","KEEP_DEVELOPMENT","dbfff82466021274875bbc2c4504417298683bd95e7878a5de4b50bc45bb840b"
".git\objects\d7\889a41ced07adce1af9057e400ac2a35c6e6a8","[no extension]","56","git-internal","NO/NOT SHOWN","NO","NO","NO","NO/NOT SHOWN","NO/NOT SHOWN","NO","False","KEEP_DEVELOPMENT","837f7098d6b0af65117428b6d20be8776e27f075150abd94a7f294b8e803f6dd"
".git\objects\d7\952ef7c32f8d36cc7396acf1f8af8a90d33de4","[no extension]","320","git-internal","NO/NOT SHOWN","NO","NO","NO","NO/NOT SHOWN","NO/NOT SHOWN","NO","False","KEEP_DEVELOPMENT","24e9c2af4bb8318dc0628d407769580660336a6a124effed8a6349f3867f39e7"
".git\objects\d8\1102909ba1b9639b537ed50a377f6dc825d743","[no extension]","876","git-internal","NO/NOT SHOWN","NO","NO","NO","NO/NOT SHOWN","NO/NOT SHOWN","NO","False","KEEP_DEVELOPMENT","75c41dc8afbe2cf1a78d1a8cf14fa218f48c01cb3b03205c7fc1eb6313ad302b"
".git\objects\d8\568c4af995d0a24a4c09ea0ab49d111ddfcf6a","[no extension]","6680","git-internal","NO/NOT SHOWN","NO","NO","NO","NO/NOT SHOWN","NO/NOT SHOWN","NO","False","KEEP_DEVELOPMENT","efd6fc3445e77b38869d9bdf7a113a725f3b166917ef3260e69afe9813b6d0ee"
".git\objects\d8\5b38f0f7d5d85b023c368018d01220bcc498f1","[no extension]","480","git-internal","NO/NOT SHOWN","NO","NO","NO","NO/NOT SHOWN","NO/NOT SHOWN","NO","False","KEEP_DEVELOPMENT","00c6b81f820081f3ee75874841cf42bcf492836c688d1532ec906413bfe930c1"
".git\objects\d8\b51f6008b5620c2c2d6fd7119571da17004a85","[no extension]","908","git-internal","NO/NOT SHOWN","NO","NO","NO","NO/NOT SHOWN","NO/NOT SHOWN","NO","False","KEEP_DEVELOPMENT","931ce51c548b42a9e65633330a750ad23868ce38958365a4fb2dcf2699a706e2"
".git\objects\d8\d0e628f3528158355ed94442f9effb085fdb91","[no extension]","445","git-internal","NO/NOT SHOWN","NO","NO","NO","NO/NOT SHOWN","NO/NOT SHOWN","NO","False","KEEP_DEVELOPMENT","b818c5d5fd052d2301a04939b1f6298a3c12f342e9e7734a12f790accfcd01d7"
".git\objects\d9\4ad9488ea9689dec41b3db9c9884de1a0bd6f8","[no extension]","288","git-internal","NO/NOT SHOWN","NO","NO","NO","NO/NOT SHOWN","NO/NOT SHOWN","NO","False","KEEP_DEVELOPMENT","7a7be5d6cdcea8b943f0fe576885e29c4b96c90036a8614ded429121bec13bdd"
".git\objects\d9\84da381fcbef5f6dc7a7c0239d93fb810610ad","[no extension]","165","git-internal","NO/NOT SHOWN","NO","NO","NO","NO/NOT SHOWN","NO/NOT SHOWN","NO","False","KEEP_DEVELOPMENT","f772ca056257e24498f46bea73093d1fef6ff408905d2239ecb78d08ca301ca7"
".git\objects\d9\91331f7aafe3f74780546c53274ebef47a9e58","[no extension]","194","git-internal","NO/NOT SHOWN","NO","NO","NO","NO/NOT SHOWN","NO/NOT SHOWN","NO","False","KEEP_DEVELOPMENT","595e7e3865f2e6dc3c11ba5fb27a3268c0b4868927f6d3f6cffb4a38630aecaa"
".git\objects\d9\c740750097dff66f47cd8cb62e82f551a9d7ba","[no extension]","209","git-internal","NO/NOT SHOWN","NO","NO","NO","NO/NOT SHOWN","NO/NOT SHOWN","NO","False","KEEP_DEVELOPMENT","04b2728950cc86e81665c292911cd2f332d38ccd71b47ec519f6dcc4454c8868"
".git\objects\d9\cf1aa44b921d519f7ffb31804ae2b944dd2c48","[no extension]","1093","git-internal","NO/NOT SHOWN","NO","NO","NO","NO/NOT SHOWN","NO/NOT SHOWN","NO","False","KEEP_DEVELOPMENT","fde66c5232b6ee662310ad8b68f56515ae39c14f04232b317d8b7c799d0fd1e1"
".git\objects\d9\e0d27048ce40365a5fc5296395f90bd58648dc","[no extension]","370","git-internal","NO/NOT SHOWN","NO","NO","NO","NO/NOT SHOWN","NO/NOT SHOWN","NO","False","KEEP_DEVELOPMENT","f56664eff4c0b78b7ebe58bdf1a9ccc10148483db6cc35d69ac9c2715b84f6d8"
".git\objects\d9\e568a1651e6f85f8826bc40e8f7062675ea0c7","[no extension]","191","git-internal","NO/NOT SHOWN","NO","NO","NO","NO/NOT SHOWN","NO/NOT SHOWN","NO","False","KEEP_DEVELOPMENT","32f8c5d2bbbcbbdd0bd5f84178bfc9658a780d5fce93e39d55929867fff7f346"
".git\objects\da\94c5fe3364528fcaf9ae5e0ec500951518eb30","[no extension]","120","git-internal","NO/NOT SHOWN","NO","NO","NO","NO/NOT SHOWN","NO/NOT SHOWN","NO","False","KEEP_DEVELOPMENT","bbe138de5bdaf9956e84d350484556eeca65fb6cd02a093839528bcd4f7e16ae"
".git\objects\da\ace4cffcc6d4c438691bca089edbb3c7796abb","[no extension]","371","git-internal","NO/NOT SHOWN","NO","NO","NO","NO/NOT SHOWN","NO/NOT SHOWN","NO","False","KEEP_DEVELOPMENT","2dfd1da44715f8a338a96a3f9a76e2c4dc59ee7dbedb8679414d1c6e2060fc4f"
".git\objects\da\af76a5817a9e317d313ce9dadfdc48bd62c7e1","[no extension]","143","git-internal","NO/NOT SHOWN","NO","NO","NO","NO/NOT SHOWN","NO/NOT SHOWN","NO","False","KEEP_DEVELOPMENT","fda1eefb576dca225e8eb089ffb9db5bbf07ba89511e0020531b196fda3f76be"
".git\objects\da\b6800e50b7cf230a3a9b4d9fda9a1a7fb65c0d","[no extension]","113","git-internal","NO/NOT SHOWN","NO","NO","NO","NO/NOT SHOWN","NO/NOT SHOWN","NO","False","KEEP_DEVELOPMENT","4b241c43058c728585b2b7556de0d527e92df92105d225e4fa4564c2450ed6d8"
".git\objects\db\0c1824b46b4b830d399450c002612587bdde78","[no extension]","56","git-internal","NO/NOT SHOWN","NO","NO","NO","NO/NOT SHOWN","NO/NOT SHOWN","NO","False","KEEP_DEVELOPMENT","2b5da722a2b49083dc8aca8e6122ddf031695b46e83457208fa975f76fc631ce"
".git\objects\db\13112d6eb832dee22168a5a0871130cd7f8f89","[no extension]","1063","git-internal","NO/NOT SHOWN","NO","NO","NO","NO/NOT SHOWN","NO/NOT SHOWN","NO","False","KEEP_DEVELOPMENT","5afb507ce7274e79d607b9a9d6f29dfda37562d893a443030643d05dc6f729ad"
".git\objects\db\3520b42dbbb8335c76d62bd70ac5152129026f","[no extension]","1774","git-internal","NO/NOT SHOWN","NO","NO","NO","NO/NOT SHOWN","NO/NOT SHOWN","NO","False","KEEP_DEVELOPMENT","32bf0d308447a2b54597d67ce2a57f1097be485779746e3d1b3541fc81317591"
".git\objects\db\8efc77a3373d0a0770af33a587be0efafb9dbd","[no extension]","2027","git-internal","NO/NOT SHOWN","NO","NO","NO","NO/NOT SHOWN","NO/NOT SHOWN","NO","False","KEEP_DEVELOPMENT","3526974872a4f6ce6fd8c9b4a87159c642eb5ad25a23ba66514b2570722de60f"
".git\objects\db\a9a33ce4758cf28469300a65eaaf828b80cd32","[no extension]","3623","git-internal","NO/NOT SHOWN","NO","NO","NO","NO/NOT SHOWN","NO/NOT SHOWN","NO","False","KEEP_DEVELOPMENT","cfd06a261fcbbcc9be54c5656140b417c8f71210b5b754a9a1742319716197b4"
".git\objects\db\baee0ef7e989f65ef792edc0d206b3d77a7351","[no extension]","313","git-internal","NO/NOT SHOWN","NO","NO","NO","NO/NOT SHOWN","NO/NOT SHOWN","NO","False","KEEP_DEVELOPMENT","8eaf3f190361cdf9b43ae4478be9a94a04a8c3d3941aabcace35c334006bc71f"
".git\objects\db\c0a5c2e539f66a7d7ea35d564d672ee2c6a9e9","[no extension]","716","git-internal","NO/NOT SHOWN","NO","NO","NO","NO/NOT SHOWN","NO/NOT SHOWN","NO","False","KEEP_DEVELOPMENT","5dcd241a450dcce257faaf96b4f4146f06543f0627fa54410e3a02d81eb1aba1"
".git\objects\db\c8ba31a53a712f5ac4f874a943550bd3f9219c","[no extension]","17129","git-internal","NO/NOT SHOWN","NO","NO","NO","NO/NOT SHOWN","NO/NOT SHOWN","NO","False","KEEP_DEVELOPMENT","8f4d76e318c83ffdc2e20ba974d5b6fe7fd438351e39d1a0873048c75e13c646"
".git\objects\db\ca7a2270e4b95db336dd7273c7a93a950973da","[no extension]","2391","git-internal","NO/NOT SHOWN","NO","NO","NO","NO/NOT SHOWN","NO/NOT SHOWN","NO","False","KEEP_DEVELOPMENT","c2343626f1b72ee6843dd97a4f48d242a1249a3d3ad587e0e19627a71a762f69"
".git\objects\db\f9ed610c5a1d3ba8588b5bc53a76e0f080c3f9","[no extension]","956","git-internal","NO/NOT SHOWN","NO","NO","NO","NO/NOT SHOWN","NO/NOT SHOWN","NO","False","KEEP_DEVELOPMENT","4cfa1a127a5d837a2d00ded8a65cd38d6f4e7f985382181f37b338c41ad5fefe"
".git\objects\db\fab27f76fa38eca1b2319609e6764f892d25b4","[no extension]","685","git-internal","NO/NOT SHOWN","NO","NO","NO","NO/NOT SHOWN","NO/NOT SHOWN","NO","False","KEEP_DEVELOPMENT","18dcd4654f5daa5289090f0dba2fae2dd6337159686d5becc5b3e785da8f5d4f"
".git\objects\dc\2234102ea6225c21c294630e95d53cd9b3fe8c","[no extension]","1983","git-internal","NO/NOT SHOWN","NO","NO","NO","NO/NOT SHOWN","NO/NOT SHOWN","NO","False","KEEP_DEVELOPMENT","45b6a8d35560efd0c7f051dc517f9346e5e6203c2f8b99bee4c92ac8e4f1b8fc"
".git\objects\dc\29bced55623bb68f167e838134536a1343a34c","[no extension]","1248","git-internal","NO/NOT SHOWN","NO","NO","NO","NO/NOT SHOWN","NO/NOT SHOWN","NO","False","KEEP_DEVELOPMENT","71baf8ed786aa36531a0ce2be4f2061d5dc16b1677e0171649530c425808c348"
".git\objects\dc\2a6fa69666220186ddd3d87fcc429a510e7a9c","[no extension]","192","git-internal","NO/NOT SHOWN","NO","NO","NO","NO/NOT SHOWN","NO/NOT SHOWN","NO","False","KEEP_DEVELOPMENT","d7959c3ced0b91b0998dfed9770a71da986d0a60a5975aca32ba7c0b5ebe7b59"
".git\objects\dc\36e975c18bafecc2e3c219a5443514a0de9bf9","[no extension]","3298","git-internal","NO/NOT SHOWN","NO","NO","NO","NO/NOT SHOWN","NO/NOT SHOWN","NO","False","KEEP_DEVELOPMENT","370114b1b95e190955cd07c1fa8bf9a2f291507f02facb0bb06d82ba562b21b0"
".git\objects\dc\4a478fb552859f103f85b946aa22d12dcb6873","[no extension]","365","git-internal","NO/NOT SHOWN","NO","NO","NO","NO/NOT SHOWN","NO/NOT SHOWN","NO","False","KEEP_DEVELOPMENT","2c6a83dc7cedd165bd2881d401fd356be99774521a49d01f0716c66b9c632aec"
".git\objects\dc\79f5a23a6f2e2df7c938dcde9dcfcd56636a4a","[no extension]","5060","git-internal","NO/NOT SHOWN","NO","NO","NO","NO/NOT SHOWN","NO/NOT SHOWN","NO","False","KEEP_DEVELOPMENT","3039262b67d15f2633d4309eb1e3a643525bc909712f0ea2e561cd8d007c6620"
".git\objects\dc\82d0fef7a0c2e1f6f9b55659ce6f18ef1c0ff0","[no extension]","449","git-internal","NO/NOT SHOWN","NO","NO","NO","NO/NOT SHOWN","NO/NOT SHOWN","NO","False","KEEP_DEVELOPMENT","a97777027965ba37a0faea5eb009a70cfd77eef12f1e3ace1006a1e237952e70"
".git\objects\dc\a60cf47e75f6407ef02fbd939e1797d9826607","[no extension]","153","git-internal","NO/NOT SHOWN","NO","NO","NO","NO/NOT SHOWN","NO/NOT SHOWN","NO","False","KEEP_DEVELOPMENT","c8986e9d23ba71189acac6f7cdf59891ae17efdc95eb2e64ef14eacbc5a9011f"
".git\objects\dc\b6283b805618d81d6d6499ed1bb3156f4c70b7","[no extension]","805","git-internal","NO/NOT SHOWN","NO","NO","NO","NO/NOT SHOWN","NO/NOT SHOWN","NO","False","KEEP_DEVELOPMENT","f72822f5f485a3c5f5fe8b80e8975428ecfa219ba5dbd177bef1cc2f918e90d2"
".git\objects\dc\c688666ac80cfbdd4454b2ffc2fe8a5e250cdb","[no extension]","1662","git-internal","NO/NOT SHOWN","NO","NO","NO","NO/NOT SHOWN","NO/NOT SHOWN","NO","False","KEEP_DEVELOPMENT","88b47de84af6c884720d3c4d0eb3f82d63a1c96a2b2b68ea815a69e6ba8565fb"
".git\objects\dc\e0997055c3d1527b94caced1bb86baf3bf49c8","[no extension]","2457","git-internal","NO/NOT SHOWN","NO","NO","NO","NO/NOT SHOWN","NO/NOT SHOWN","NO","False","KEEP_DEVELOPMENT","e007e332572c82b4001f29a69ef7437dab012b9dbb657744f244f88878362ccd"
".git\objects\dd\108191df9f2e00b7517bf790f8f720c823423e","[no extension]","297","git-internal","NO/NOT SHOWN","NO","NO","NO","NO/NOT SHOWN","NO/NOT SHOWN","NO","False","KEEP_DEVELOPMENT","34e0b07f3033c214acd219ec6741233c86f7da1bf82d0cd4955f06c0c313800f"
".git\objects\dd\4168278ce990b0c0c1a01895c7762f12dc5fa1","[no extension]","4479","git-internal","NO/NOT SHOWN","NO","NO","NO","NO/NOT SHOWN","NO/NOT SHOWN","NO","False","KEEP_DEVELOPMENT","b3d1818debe2e6588430588345c7e48c8a81b0280536a54d0b5012b9adfb8757"
".git\objects\dd\480165547700ab13c79aad5f04c2cb71cea666","[no extension]","312","git-internal","NO/NOT SHOWN","NO","NO","NO","NO/NOT SHOWN","NO/NOT SHOWN","NO","False","KEEP_DEVELOPMENT","ee8182cc9f1f03bc5365326863d43630fa0f270ed05fba0abf9d95e4bc80eb55"
".git\objects\dd\88f803d26eaaa32a181a91a42d8f3ef24b1a5e","[no extension]","1490","git-internal","NO/NOT SHOWN","NO","NO","NO","NO/NOT SHOWN","NO/NOT SHOWN","NO","False","KEEP_DEVELOPMENT","f247df8e21ce32e254cd907faa9217563ffe6d15823a52d541f55aa9cff632e7"
".git\objects\dd\b0377399856f3e5e7c35fd868b283eb2f137c5","[no extension]","560","git-internal","NO/NOT SHOWN","NO","NO","NO","NO/NOT SHOWN","NO/NOT SHOWN","NO","False","KEEP_DEVELOPMENT","6dbb53648ea8a0d42b5af2a5c2377c0bfed03306455e304340eb70d5c08d6e23"
".git\objects\dd\b75d4444ab9fec6a603ea118303432e3a1c2b7","[no extension]","2640","git-internal","NO/NOT SHOWN","NO","NO","NO","NO/NOT SHOWN","NO/NOT SHOWN","NO","False","KEEP_DEVELOPMENT","7f8a8616134c03741068414075fb3a26e47b070e24d7ecfc2c92ce0e7780e844"
".git\objects\dd\ba32e1eba3418fc18423b8cab73c9565261009","[no extension]","121","git-internal","NO/NOT SHOWN","NO","NO","NO","NO/NOT SHOWN","NO/NOT SHOWN","NO","False","KEEP_DEVELOPMENT","af8c8837044654d3617a2408fd4b0be745a4f3d915341b58695ee7432bff95c1"
".git\objects\dd\c573d8fd6328f796930082933e6dd234e2f4c0","[no extension]","2851","git-internal","NO/NOT SHOWN","NO","NO","NO","NO/NOT SHOWN","NO/NOT SHOWN","NO","False","KEEP_DEVELOPMENT","91099abdaa90c3ff5f021c85f362c391f34b9bf07966762fa9112eea646c1807"
".git\objects\de\0f92e6551099a1f825d93242df74edaaeb40a7","[no extension]","8232","git-internal","NO/NOT SHOWN","NO","NO","NO","NO/NOT SHOWN","NO/NOT SHOWN","NO","False","KEEP_DEVELOPMENT","d807a2b7f761b328b5495cf4c8e309e10f3c947addc7a3cc82654392fdaa07b2"
".git\objects\de\2baa1c5a6c0fabc6e9a1acd649c18cb0650c6b","[no extension]","2678","git-internal","NO/NOT SHOWN","NO","NO","NO","NO/NOT SHOWN","NO/NOT SHOWN","NO","False","KEEP_DEVELOPMENT","3e9e9a864dd8312e2ada1d156dcaf79216a379c8b8655a8a342e36e1715746c1"
".git\objects\de\6d71a1e89e329a185fb138b1a581b54dbe5947","[no extension]","1074","git-internal","NO/NOT SHOWN","NO","NO","NO","NO/NOT SHOWN","NO/NOT SHOWN","NO","False","KEEP_DEVELOPMENT","cb3552e423d637a83f9bd7ae1b979ea274eb34ce29268fb0e006a2698714ba40"
".git\objects\de\d978b58ad564b86c5c517cf22e9ab85f536be4","[no extension]","6615","git-internal","NO/NOT SHOWN","NO","NO","NO","NO/NOT SHOWN","NO/NOT SHOWN","NO","False","KEEP_DEVELOPMENT","54e32a789e735fe3592b7c933ee6e88b473b221a6967291ce565317aec527794"
".git\objects\de\dba1358181d2a73b23a7a2ce74aaab8eb28a3d","[no extension]","3802","git-internal","NO/NOT SHOWN","NO","NO","NO","NO/NOT SHOWN","NO/NOT SHOWN","NO","False","KEEP_DEVELOPMENT","7d729f48a78ee02141db5e9a2d3f6be28cd278e5afab652621fd83724195131a"
".git\objects\df\17326f4163d38cd13a0260116c1d93839304ea","[no extension]","53","git-internal","NO/NOT SHOWN","NO","NO","NO","NO/NOT SHOWN","NO/NOT SHOWN","NO","False","KEEP_DEVELOPMENT","26b270f762fb5cf29b8ad4f968f0985a981c98fc9c67f3380e8436726ae21f99"
".git\objects\df\18710811a43cff0178920dd782745840a0fce9","[no extension]","7326","git-internal","NO/NOT SHOWN","NO","NO","NO","NO/NOT SHOWN","NO/NOT SHOWN","NO","False","KEEP_DEVELOPMENT","0dfab9357dd8d3d7ced1bb624f619f405c1a118c74b1716fbff8d18a09516e7e"
".git\objects\df\24f5051737db648be6d6dcea17dc36ff93b2a9","[no extension]","2131","git-internal","NO/NOT SHOWN","NO","NO","NO","NO/NOT SHOWN","NO/NOT SHOWN","NO","False","KEEP_DEVELOPMENT","c1bf7bac26d1f888f8ee9169d0e5e2363e82f34791558e42cafa1119ac4b2928"
".git\objects\df\3a9dd4c17f33512c5b2e17babf6564641824d0","[no extension]","73","git-internal","NO/NOT SHOWN","NO","NO","NO","NO/NOT SHOWN","NO/NOT SHOWN","NO","False","KEEP_DEVELOPMENT","0aae475030bc5c2014a64e4242c4ced852366612d648ad0fdd0658c395859e72"
".git\objects\df\6349d873b20986a1ef0d5cc5cfc2d23bb02bfa","[no extension]","144","git-internal","NO/NOT SHOWN","NO","NO","NO","NO/NOT SHOWN","NO/NOT SHOWN","NO","False","KEEP_DEVELOPMENT","90999b18938027f575330dcda1ea9654e2969154ec37a703956e385df798ed82"
".git\objects\df\7b61f49d8c0d01af9f4798e25a222c2b8ce59d","[no extension]","192","git-internal","NO/NOT SHOWN","NO","NO","NO","NO/NOT SHOWN","NO/NOT SHOWN","NO","False","KEEP_DEVELOPMENT","8224f0bb750edc67d924266b4b3b6b404ae3739c3b5f752022f48bf68df7e3c7"
".git\objects\df\b439c210102e2bbafff0ec7b5ed76038d1baea","[no extension]","570","git-internal","NO/NOT SHOWN","NO","NO","NO","NO/NOT SHOWN","NO/NOT SHOWN","NO","False","KEEP_DEVELOPMENT","abe22f77b3b3d93b89bddcbe14eee3e236b9758f228aa375522a944f7541610f"
".git\objects\df\c6467c383e861d3f3dce110a3b8aec45206991","[no extension]","152","git-internal","NO/NOT SHOWN","NO","NO","NO","NO/NOT SHOWN","NO/NOT SHOWN","NO","False","KEEP_DEVELOPMENT","ede6b386329199e3cd65f9bd07613c4843853281f2e9a546da1f12de65836ecd"
".git\objects\df\d4d84a1cee3ebd0641d7adee3ce031dfa7dbf9","[no extension]","2512","git-internal","NO/NOT SHOWN","NO","NO","NO","NO/NOT SHOWN","NO/NOT SHOWN","NO","False","KEEP_DEVELOPMENT","a838cae2984bcd80fbfadb2535047005b79fe3a6b53ee078413dd50ed1e60130"
".git\objects\df\de5c07b747d321aff9458bc8bed1b2783ec7a1","[no extension]","1358","git-internal","NO/NOT SHOWN","NO","NO","NO","NO/NOT SHOWN","NO/NOT SHOWN","NO","False","KEEP_DEVELOPMENT","f20a1c5882a0612971e38502f117e0d103040c5399025df09aba07687448106f"
".git\objects\e0\1ccb8a204a3b9e62729aecc25e8e9dabee8fe6","[no extension]","353","git-internal","NO/NOT SHOWN","NO","NO","NO","NO/NOT SHOWN","NO/NOT SHOWN","NO","False","KEEP_DEVELOPMENT","2f43f6d30d6cb79aab5edf57422ec105a28f87152b0482006c27621ca5a4084f"
".git\objects\e0\4f9a7f9805796d1e4be7cf44c6fa96403bcb96","[no extension]","60","git-internal","NO/NOT SHOWN","NO","NO","NO","NO/NOT SHOWN","NO/NOT SHOWN","NO","False","KEEP_DEVELOPMENT","b5f3dc52d88ad16b0c4cb772b8b17275305c21493dd94fde760c67e286e0360b"
".git\objects\e0\8b4dd0702ae00a48bc3533b8af4915476a5015","[no extension]","1815","git-internal","NO/NOT SHOWN","NO","NO","NO","NO/NOT SHOWN","NO/NOT SHOWN","NO","False","KEEP_DEVELOPMENT","bf0dc0870049fcbc53ac792ebc1cb30151176c6d8f4c33d5f74e0182efab3095"
".git\objects\e0\ab33835a2eaf901ca5a24b528e786c07f0e59b","[no extension]","3260","git-internal","NO/NOT SHOWN","NO","NO","NO","NO/NOT SHOWN","NO/NOT SHOWN","NO","False","KEEP_DEVELOPMENT","99b3c4a8b9b3f33ebd2cb7acc40205ac6997a8ab8dcf0c1fab20f69507ee56d5"
".git\objects\e1\3a161189d6eca2f7b6431020f64a616b651b74","[no extension]","370","git-internal","NO/NOT SHOWN","NO","NO","NO","NO/NOT SHOWN","NO/NOT SHOWN","NO","False","KEEP_DEVELOPMENT","d8058946f4907324552d6593a2d59291c95f5523423a11b9f7f60c886c8ba58d"
".git\objects\e1\ae0c1d620b01dcd63fa906d68cedbd53c1f510","[no extension]","925","git-internal","NO/NOT SHOWN","NO","NO","NO","NO/NOT SHOWN","NO/NOT SHOWN","NO","False","KEEP_DEVELOPMENT","556cf977f7656bd6cf18d5b8bfe22b262591c1ce49c396f96618d1d30d2b4802"
".git\objects\e1\b84cfb78afa3e8e30d3a2410127841aa18b215","[no extension]","2610","git-internal","NO/NOT SHOWN","NO","NO","NO","NO/NOT SHOWN","NO/NOT SHOWN","NO","False","KEEP_DEVELOPMENT","bd7f2a3d76476548198962c92a1d2e4ead5cef2e7c100ba45fb1c049db3dd0cd"
".git\objects\e2\092ac7ff7d03a920f24cfce54d5b38df0a15ac","[no extension]","207","git-internal","NO/NOT SHOWN","NO","NO","NO","NO/NOT SHOWN","NO/NOT SHOWN","NO","False","KEEP_DEVELOPMENT","e238ffa511be4f6fb19f284a41f0e5333b71c8c6ca5ba877e5d378e1471de238"
".git\objects\e2\0edd0a2cd1f35b46a165f2e45680c3452991b1","[no extension]","906","git-internal","NO/NOT SHOWN","NO","NO","NO","NO/NOT SHOWN","NO/NOT SHOWN","NO","False","KEEP_DEVELOPMENT","71769f349d06800aa1b94de3ca0147bd78f0cf4d4ecf7ea75af3041a7a96b37f"
".git\objects\e2\4fc4f18dae9f763fdc04fe151715e838f92df9","[no extension]","1894","git-internal","NO/NOT SHOWN","NO","NO","NO","NO/NOT SHOWN","NO/NOT SHOWN","NO","False","KEEP_DEVELOPMENT","f133e979c1f510359e606c042cd9e463b22db634174b8cefff6446423ddf3838"
".git\objects\e2\5e58de7138bc863e99abc7bce6e29b6795dc43","[no extension]","255","git-internal","NO/NOT SHOWN","NO","NO","NO","NO/NOT SHOWN","NO/NOT SHOWN","NO","False","KEEP_DEVELOPMENT","c27a3dae91007e018e1d7a54ebe6ff76fcb814788f9389cae92183ffbbc78d5f"
".git\objects\e2\64501fe17cc6309f9206ca203b19df889d46d1","[no extension]","1143","git-internal","NO/NOT SHOWN","NO","NO","NO","NO/NOT SHOWN","NO/NOT SHOWN","NO","False","KEEP_DEVELOPMENT","e31c5219abfbcc40a3c1db81cdc5f16c9b59d6fbe7aab662cedc9e576fc4c3d3"
".git\objects\e2\68d5191bffcd196a7431092177bac93a849958","[no extension]","371","git-internal","NO/NOT SHOWN","NO","NO","NO","NO/NOT SHOWN","NO/NOT SHOWN","NO","False","KEEP_DEVELOPMENT","865acfd9d3a10d8c0103605402435e2c5b41054ba23c5beb0bd2838bd2f53a66"
".git\objects\e2\8a22898eec16aff6233f2070db879a25563057","[no extension]","633","git-internal","NO/NOT SHOWN","NO","NO","NO","NO/NOT SHOWN","NO/NOT SHOWN","NO","False","KEEP_DEVELOPMENT","b791bb4fe7fd1dcc7fffb6e412cf2c9a7c6d8e399b50955e35c7734b2e63d3d7"
".git\objects\e2\b7b8d94db813e8c491f5c1e40c6f42d67a46fa","[no extension]","315","git-internal","NO/NOT SHOWN","NO","NO","NO","NO/NOT SHOWN","NO/NOT SHOWN","NO","False","KEEP_DEVELOPMENT","edd05c77d9aa18bda6fec38dd0e3a09bcf529683f23d8f8de1bf803817061509"
".git\objects\e2\ef79f98c6d407d899138eb49e90b1d3f089da4","[no extension]","291","git-internal","NO/NOT SHOWN","NO","NO","NO","NO/NOT SHOWN","NO/NOT SHOWN","NO","False","KEEP_DEVELOPMENT","ee051857b8234242e55a12b37818e91a7477170a3c9c2a43414c099b81b8a3f9"
".git\objects\e2\f0ab3e033a749c27cf66ad0d2c7769de844678","[no extension]","143","git-internal","NO/NOT SHOWN","NO","NO","NO","NO/NOT SHOWN","NO/NOT SHOWN","NO","False","KEEP_DEVELOPMENT","95c707c489ef76bade81549e6e6156e531fcacc10108e82819b7a1ec1556fca5"
".git\objects\e3\58c4c5e6bc98e11301b3e3b2d9eeb681b3f7ed","[no extension]","1062","git-internal","NO/NOT SHOWN","NO","NO","NO","NO/NOT SHOWN","NO/NOT SHOWN","NO","False","KEEP_DEVELOPMENT","cfa0f4e9706f77941087ca7a15f94a119735fd13fe4929cf19ba2108f0e29bc6"
".git\objects\e3\7795abac084ca364b371822d33c06c796b3613","[no extension]","452","git-internal","NO/NOT SHOWN","NO","NO","NO","NO/NOT SHOWN","NO/NOT SHOWN","NO","False","KEEP_DEVELOPMENT","dd263d5225a1e8ca3e9722b9b0da08bf166d1cc4a0da587019e14c8b92d39db9"
".git\objects\e3\a4613776ed4e3b3e611a6786c67384fc0f136b","[no extension]","195","git-internal","NO/NOT SHOWN","NO","NO","NO","NO/NOT SHOWN","NO/NOT SHOWN","NO","False","KEEP_DEVELOPMENT","6a084afeea99bca3592e4fd5fd8eb553cb2434951408d46d24cfcca327c8de27"
".git\objects\e3\a93bb28d885f8964ee1570c5bb5141037d7073","[no extension]","4041","git-internal","NO/NOT SHOWN","NO","NO","NO","NO/NOT SHOWN","NO/NOT SHOWN","NO","False","KEEP_DEVELOPMENT","d6a12add3da5b124fea41a0dd40c2940a867f691a556d97396c0ecd1bd5628fc"
".git\objects\e3\ff175e1ac45d712a9e80ecee04d6a601f6d0d0","[no extension]","240","git-internal","NO/NOT SHOWN","NO","NO","NO","NO/NOT SHOWN","NO/NOT SHOWN","NO","False","KEEP_DEVELOPMENT","18a3a75fcfc150b8d24ab5f880fe7e7d5aa23b449504179e9a6adf6277a79273"
".git\objects\e4\04caed0a3f44e329ffb85ca3e9bf68080c509e","[no extension]","1469","git-internal","NO/NOT SHOWN","NO","NO","NO","NO/NOT SHOWN","NO/NOT SHOWN","NO","False","KEEP_DEVELOPMENT","16e9d1bc647f8e957acee62e0dcf28dc5c3e56213ebe72091016ee41baf12e4a"
".git\objects\e4\04eaf18d18cd8bfc383126b18be83f16d8b03e","[no extension]","990","git-internal","NO/NOT SHOWN","NO","NO","NO","NO/NOT SHOWN","NO/NOT SHOWN","NO","False","KEEP_DEVELOPMENT","8f14aad9bc6363fee68f9a8803cdffd30ead68c58d96aeadecfebaa731dce5be"
".git\objects\e4\0cdf15e85465b7e785d13f1b70901d172a2829","[no extension]","475","git-internal","NO/NOT SHOWN","NO","NO","NO","NO/NOT SHOWN","NO/NOT SHOWN","NO","False","KEEP_DEVELOPMENT","bedd2af18e0f7da58773f3b89d608f1eee856583a7cbb7ac596e93eafb5d8933"
".git\objects\e4\22f4932138fc4749911d65d2477d6aeb7a4ca0","[no extension]","144","git-internal","NO/NOT SHOWN","NO","NO","NO","NO/NOT SHOWN","NO/NOT SHOWN","NO","False","KEEP_DEVELOPMENT","159e02590c0ac92c16469f2d3b98ac76450de4c21d7ab399a65d40895346114c"
".git\objects\e4\3f2910bfe64c3de240371c1e4ef49e53483d3d","[no extension]","1441","git-internal","NO/NOT SHOWN","NO","NO","NO","NO/NOT SHOWN","NO/NOT SHOWN","NO","False","KEEP_DEVELOPMENT","ff2eb2fedd664d6b9e198efb8b1fe0dcc008efd02b8e59057aa4507b55bab1d0"
".git\objects\e4\bee8fa7fe7a170bb12ecdf2be14eec534f8eb4","[no extension]","146","git-internal","NO/NOT SHOWN","NO","NO","NO","NO/NOT SHOWN","NO/NOT SHOWN","NO","False","KEEP_DEVELOPMENT","83fb54321a9dc868e452ba5b2c8906161d865982b40e536d83a7a116e2db46ba"
".git\objects\e4\c781955f1901803a5947c6a9c79207ee283080","[no extension]","56","git-internal","NO/NOT SHOWN","NO","NO","NO","NO/NOT SHOWN","NO/NOT SHOWN","NO","False","KEEP_DEVELOPMENT","35ec72788508bd047724a0dbb6087ed002fcd48616ad352e45dfd36e4501b3c7"
".git\objects\e4\f2416d2a8c0382ec38103a13cf8e951504416d","[no extension]","2052","git-internal","NO/NOT SHOWN","NO","NO","NO","NO/NOT SHOWN","NO/NOT SHOWN","NO","False","KEEP_DEVELOPMENT","254bf4980a0b2e02558af5fde5e815c52a7607f82de68d325b30607fbba396c1"
".git\objects\e5\062a477c160deb2333419c362751772f7783b7","[no extension]","584","git-internal","NO/NOT SHOWN","NO","NO","NO","NO/NOT SHOWN","NO/NOT SHOWN","NO","False","KEEP_DEVELOPMENT","dc68de13ce2b5617bc79cf31195467c34232f7d5e8d163908f703a7702c140e4"
".git\objects\e5\1e9e4e4a461bc6bf67ebbee093fb312036af6d","[no extension]","1613","git-internal","NO/NOT SHOWN","NO","NO","NO","NO/NOT SHOWN","NO/NOT SHOWN","NO","False","KEEP_DEVELOPMENT","5c500d9a90a0b940538cfd072e92a10795bbda674388b68167d248d2d3cf2a96"
".git\objects\e5\2234e20969646b3b58086dec1a4027505d1142","[no extension]","2482","git-internal","NO/NOT SHOWN","NO","NO","NO","NO/NOT SHOWN","NO/NOT SHOWN","NO","False","KEEP_DEVELOPMENT","0e8366a40dddff38be66f01de79ce81f857451fd20b564b98b203d70b7929a85"
".git\objects\e5\2e8de4b5e4d0210835b6a296a37fd3ea75e596","[no extension]","1443","git-internal","NO/NOT SHOWN","NO","NO","NO","NO/NOT SHOWN","NO/NOT SHOWN","NO","False","KEEP_DEVELOPMENT","d0853cdd4a2d2c1e88bfafcf41fee2c96f8e8de5e2b7ca5871e672c11711c708"
".git\objects\e5\38b70ba49105fdeebb2512d73f5c9ab31e6448","[no extension]","1413","git-internal","NO/NOT SHOWN","NO","NO","NO","NO/NOT SHOWN","NO/NOT SHOWN","NO","False","KEEP_DEVELOPMENT","9b089df8811d5a5d2bec8f063592974a78cfbce47d9688598de60d591d571ff0"
".git\objects\e5\59e6925ef3d45edeb453dc8934997af3818f1c","[no extension]","225","git-internal","NO/NOT SHOWN","NO","NO","NO","NO/NOT SHOWN","NO/NOT SHOWN","NO","False","KEEP_DEVELOPMENT","4e9ed3e4b724966572475e81babeadfa472e36774d00ba7a8197fd412a6d7f75"
".git\objects\e5\812aab80ac8f417a40dd84c4c59ec348b8ef25","[no extension]","2938","git-internal","NO/NOT SHOWN","NO","NO","NO","NO/NOT SHOWN","NO/NOT SHOWN","NO","False","KEEP_DEVELOPMENT","c69d445a13579a7d906173fe21bb31fc6a8efeabe5796177c7896880b8602dd2"
".git\objects\e5\82ce43098d49385612c2132ebc1e8ae095179e","[no extension]","1842","git-internal","NO/NOT SHOWN","NO","NO","NO","NO/NOT SHOWN","NO/NOT SHOWN","NO","False","KEEP_DEVELOPMENT","5c691cc626d722013c26455de127b0becec404c05680a32d22cafa7fc47bda00"
".git\objects\e5\8e2a755e6f576c6dbfda22ead12239f0f5045a","[no extension]","2308","git-internal","NO/NOT SHOWN","NO","NO","NO","NO/NOT SHOWN","NO/NOT SHOWN","NO","False","KEEP_DEVELOPMENT","e9ddd92d277684c14194690e0cd60163a63a574e34efeec1840cc9f0d210c8fd"
".git\objects\e5\9fa208b8bdd97a4b27e9646965f3cb44dcafc9","[no extension]","1395","git-internal","NO/NOT SHOWN","NO","NO","NO","NO/NOT SHOWN","NO/NOT SHOWN","NO","False","KEEP_DEVELOPMENT","ca8c315c3ed00411feb83c5e6ac100a373386d10d5e060aa9340ff7ab2ae6901"
".git\objects\e5\a5e3a7e3845bda105df77d7d5d757bda5fd3da","[no extension]","1537","git-internal","NO/NOT SHOWN","NO","NO","NO","NO/NOT SHOWN","NO/NOT SHOWN","NO","False","KEEP_DEVELOPMENT","2300faf2e4eb4785d8ea710c2595ff3e9ff3aac626c3629f604b2c087bab6526"
".git\objects\e5\cbfac081721f95d14523c45d4b6d20b889fd12","[no extension]","358","git-internal","NO/NOT SHOWN","NO","NO","NO","NO/NOT SHOWN","NO/NOT SHOWN","NO","False","KEEP_DEVELOPMENT","0a6b3ff2511dfb0b24c383b55c9bf8c6c2ffc3f59f3375c5bd9b25a966173c06"
".git\objects\e6\001ad60be19607353294133d17f34d8eb22a6e","[no extension]","1892","git-internal","NO/NOT SHOWN","NO","NO","NO","NO/NOT SHOWN","NO/NOT SHOWN","NO","False","KEEP_DEVELOPMENT","8a6ae8b48dca0e7fc278141e377230886196b793de278d42143726f17cc25143"
".git\objects\e6\06c6c4d875b1368c12c7643704db96b3f25281","[no extension]","2678","git-internal","NO/NOT SHOWN","NO","NO","NO","NO/NOT SHOWN","NO/NOT SHOWN","NO","False","KEEP_DEVELOPMENT","0ab17b08034d8d6c91aba81f8f889fa8d17ac7bce2997d0c4fc2e3bf1afc9c44"
".git\objects\e6\36575e200334abc190230ececb60a62e5c109e","[no extension]","122","git-internal","NO/NOT SHOWN","NO","NO","NO","NO/NOT SHOWN","NO/NOT SHOWN","NO","False","KEEP_DEVELOPMENT","0ced27ba1d0af174a158859abd369e264df6651c67d5a98105bad17cfa84b30a"
".git\objects\e6\42ebe8669a55fa421d4d7ff65ad3e9288b4e89","[no extension]","2022","git-internal","NO/NOT SHOWN","NO","NO","NO","NO/NOT SHOWN","NO/NOT SHOWN","NO","False","KEEP_DEVELOPMENT","b2400adb52b8325740e8f8f283a04d382563360a3acb041b78987217f5188ee1"
".git\objects\e6\869b11852225e9d2cffa3c9c5bdc3c6a50bfd5","[no extension]","242","git-internal","NO/NOT SHOWN","NO","NO","NO","NO/NOT SHOWN","NO/NOT SHOWN","NO","False","KEEP_DEVELOPMENT","a3241b4eff11170f1eb36bd3bb129f352f1bf1817a4d0c878709c406408877fe"
".git\objects\e6\99731304a3d352c3bd086768509c5487572095","[no extension]","2131","git-internal","NO/NOT SHOWN","NO","NO","NO","NO/NOT SHOWN","NO/NOT SHOWN","NO","False","KEEP_DEVELOPMENT","f3222ba645fcf63222d5b3ddd21572335cd639082f828e9eabb26f7ecea1805a"
".git\objects\e6\9de29bb2d1d6434b8b29ae775ad8c2e48c5391","[no extension]","15","git-internal","NO/NOT SHOWN","NO","NO","NO","NO/NOT SHOWN","NO/NOT SHOWN","NO","False","KEEP_DEVELOPMENT","164c5fa8067facf1a43f09ce3d0e35ebf53a7f5723ecbf15a8667cfc53c26f6c"
".git\objects\e6\a0c749044dcbefe948adb8526dcdd427558bab","[no extension]","777","git-internal","NO/NOT SHOWN","NO","NO","NO","NO/NOT SHOWN","NO/NOT SHOWN","NO","False","KEEP_DEVELOPMENT","fc841d1259b54e85b3d514c5be59fd4d2ff9983615cad76b727dd0a9f481545b"
".git\objects\e6\c3916947bf2b32292fc8e3742b0729b46d1ae8","[no extension]","373","git-internal","NO/NOT SHOWN","NO","NO","NO","NO/NOT SHOWN","NO/NOT SHOWN","NO","False","KEEP_DEVELOPMENT","c059b33ce051809cb27d764528936fbbdfd600928548de710f3a91f9794eed24"
".git\objects\e6\d2a7ef1c0b1836fb205103f57e260f15662c45","[no extension]","3486","git-internal","NO/NOT SHOWN","NO","NO","NO","NO/NOT SHOWN","NO/NOT SHOWN","NO","False","KEEP_DEVELOPMENT","1ed33b223db4ffd98d6dcfbe03e94f0be7e71f5856ce411cc6a9bc905d88c2aa"
".git\objects\e7\4aed37c27c4bf5f3ab28d70033f7b5d88c57cd","[no extension]","403","git-internal","NO/NOT SHOWN","NO","NO","NO","NO/NOT SHOWN","NO/NOT SHOWN","NO","False","KEEP_DEVELOPMENT","ee902061f9d87d9c4e727f3e8a6bf9f1fc0313bad6f951272948dfe5e8f120f1"
".git\objects\e7\571ca8f54f457a2602ead01830ed188ef10c03","[no extension]","149","git-internal","NO/NOT SHOWN","NO","NO","NO","NO/NOT SHOWN","NO/NOT SHOWN","NO","False","KEEP_DEVELOPMENT","fabe188125ac93418a0cfbb760e4559512f737e38424253b91a701a1743a2467"
".git\objects\e7\974b9a580dafd69732b222ad9e59c090c9b54d","[no extension]","399","git-internal","NO/NOT SHOWN","NO","NO","NO","NO/NOT SHOWN","NO/NOT SHOWN","NO","False","KEEP_DEVELOPMENT","90419bdf29b5c7136d2830e0b3f31de427c61956a92be8d243cac9823d43b3bb"
".git\objects\e7\a37b8ba19f40ea746d86dee26e410c62975649","[no extension]","1571","git-internal","NO/NOT SHOWN","NO","NO","NO","NO/NOT SHOWN","NO/NOT SHOWN","NO","False","KEEP_DEVELOPMENT","79e2974de03344cd87da12512615b0113187acaadefb4818dd7dd8a6b1e36850"
".git\objects\e7\e5f29c8d685708fd7628efe1621fd6b45a2ff3","[no extension]","194","git-internal","NO/NOT SHOWN","NO","NO","NO","NO/NOT SHOWN","NO/NOT SHOWN","NO","False","KEEP_DEVELOPMENT","68bac90dbf91a9a4c2987d291733c8d31800faba7abd3bdff96b28b33b79f70c"
".git\objects\e7\ed9ddbeb3e51e1aa8273bd90c7b856fba9be85","[no extension]","4464","git-internal","NO/NOT SHOWN","NO","NO","NO","NO/NOT SHOWN","NO/NOT SHOWN","NO","False","KEEP_DEVELOPMENT","35903a9eb85a7d4cb02a44c58425200e8176c97d84ba886ee5b09c5e551814fc"
".git\objects\e7\f46ab77b925b25624240ae09d4f52cc3d08bbb","[no extension]","5279","git-internal","NO/NOT SHOWN","NO","NO","NO","NO/NOT SHOWN","NO/NOT SHOWN","NO","False","KEEP_DEVELOPMENT","cc92d5f9c102b70e2cf66c82ce8f6fb0f9a76d72bcb8b4e3a40500fffc0e4570"
".git\objects\e8\02d543569a626004bcf2198f98414c848e2101","[no extension]","1223","git-internal","NO/NOT SHOWN","NO","NO","NO","NO/NOT SHOWN","NO/NOT SHOWN","NO","False","KEEP_DEVELOPMENT","dea5cb04e457a25000778fbecc534a68b640c4121e551376370706667d19fe5a"
".git\objects\e8\03a7e2f68eb548e12277fbfefc1ddaab5be4b4","[no extension]","510","git-internal","NO/NOT SHOWN","NO","NO","NO","NO/NOT SHOWN","NO/NOT SHOWN","NO","False","KEEP_DEVELOPMENT","9c9a44728c042d86c08d393f537c716eb47e4c80996f38034407987dc2c1159a"
".git\objects\e8\13829589edd34119acd498ab6791d079aa9203","[no extension]","145","git-internal","NO/NOT SHOWN","NO","NO","NO","NO/NOT SHOWN","NO/NOT SHOWN","NO","False","KEEP_DEVELOPMENT","c6058afc44ecaa298bbaf6117ed6f2e5d897382047fd8827c7e70e4d5bcb2436"
".git\objects\e8\185c0a053d14986d3e316fc3cd88735a9f7d9f","[no extension]","1188","git-internal","NO/NOT SHOWN","NO","NO","NO","NO/NOT SHOWN","NO/NOT SHOWN","NO","False","KEEP_DEVELOPMENT","d826ab0a3953bf2a2696a2a939953973dfa91b3832de4d52d70ef0a43154c44d"
".git\objects\e8\4be26f0104fc32ac518b23d402a27a2718ebbc","[no extension]","1290","git-internal","NO/NOT SHOWN","NO","NO","NO","NO/NOT SHOWN","NO/NOT SHOWN","NO","False","KEEP_DEVELOPMENT","1f3d71cff9cd85abbcafddc0b566fc44c2b0698ff415ec45d8b027994cd35163"
".git\objects\e8\5745a0270ab814caa5bcf964411b7d7096b1f8","[no extension]","576","git-internal","NO/NOT SHOWN","NO","NO","NO","NO/NOT SHOWN","NO/NOT SHOWN","NO","False","KEEP_DEVELOPMENT","7b16127a7f49c74d4fdd466829c4108ca368e834f4beb32bc1c9722db4b27696"
".git\objects\e8\579df4f3033d069758b7f0e6bc83069a7315a7","[no extension]","415","git-internal","NO/NOT SHOWN","NO","NO","NO","NO/NOT SHOWN","NO/NOT SHOWN","NO","False","KEEP_DEVELOPMENT","f095f2af6f56204b2b0f7c211b5d988bc1fbbd2db5befe6a4e998c3be902f685"
".git\objects\e8\6f7227dc6a69917048edf39344d9e14426d81f","[no extension]","353","git-internal","NO/NOT SHOWN","NO","NO","NO","NO/NOT SHOWN","NO/NOT SHOWN","NO","False","KEEP_DEVELOPMENT","6b3313002184551a93e0d9a79f8860c4b040f3e422db1f8422b71a38186bc390"
".git\objects\e8\7e5527f397bad77fea6adda6f89cef35158b7f","[no extension]","209","git-internal","NO/NOT SHOWN","NO","NO","NO","NO/NOT SHOWN","NO/NOT SHOWN","NO","False","KEEP_DEVELOPMENT","410c73f2b3f42864eb9f368f78a0932b22f7ef668ce987eaad803cb9725122e3"
".git\objects\e8\997aa8e5f4c3827add857d83b6e7050a91e781","[no extension]","321","git-internal","NO/NOT SHOWN","NO","NO","NO","NO/NOT SHOWN","NO/NOT SHOWN","NO","False","KEEP_DEVELOPMENT","e3e7aab3e1fd30eec745aa73d03a5b0f35f3857c880b79365a1babf8ae7ed678"
".git\objects\e8\b879bfe69d070011613754414320add16c450a","[no extension]","1324","git-internal","NO/NOT SHOWN","NO","NO","NO","NO/NOT SHOWN","NO/NOT SHOWN","NO","False","KEEP_DEVELOPMENT","dab3570d284743fbb85b7d1bd54514299590893a159112efb5564ae1094b7901"
".git\objects\e8\bab0da571cce3760781a8c770068dbd0a5063d","[no extension]","179","git-internal","NO/NOT SHOWN","NO","NO","NO","NO/NOT SHOWN","NO/NOT SHOWN","NO","False","KEEP_DEVELOPMENT","07df2a53204aea9cfc8c10f60d591af33cb1bd494cf0e2f6fc50374cc4d07d5c"
".git\objects\e8\c6e9ba8fee473f53f93f617ee4eefd135475f9","[no extension]","373","git-internal","NO/NOT SHOWN","NO","NO","NO","NO/NOT SHOWN","NO/NOT SHOWN","NO","False","KEEP_DEVELOPMENT","aec801c7bc7d5b9403c5da356cfe70f3309159a32f262e5d05289b0df94828bc"
".git\objects\e9\2a030b042ee006b6347e8be164e3c929f23725","[no extension]","12230","git-internal","NO/NOT SHOWN","NO","NO","NO","NO/NOT SHOWN","NO/NOT SHOWN","NO","False","KEEP_DEVELOPMENT","501977e62870164607d1eaea01e507cfe21c1f1ddbe30d24734fc75f6dc41629"
".git\objects\e9\68a45af2d4f7b4069cfe76addbb26f34eed3c4","[no extension]","900","git-internal","NO/NOT SHOWN","NO","NO","NO","NO/NOT SHOWN","NO/NOT SHOWN","NO","False","KEEP_DEVELOPMENT","0e8e8151f84dd1292928af5d4c579773e99c04a7dc8e0bae8d3b9e8eaccc0814"
".git\objects\e9\84ee9071b02a5f29e4f74d683cd81a53eca5ca","[no extension]","694","git-internal","NO/NOT SHOWN","NO","NO","NO","NO/NOT SHOWN","NO/NOT SHOWN","NO","False","KEEP_DEVELOPMENT","37e20c9c3315d926845e3239de416a9e3d76ab01e83cd0242a667cf8391cd192"
".git\objects\e9\9021c9d557701767d2cff517c96c2f954f7e14","[no extension]","1636","git-internal","NO/NOT SHOWN","NO","NO","NO","NO/NOT SHOWN","NO/NOT SHOWN","NO","False","KEEP_DEVELOPMENT","004aa72382fa0975ef92c512c6d68b42f4de03f463795541036727525627811b"
".git\objects\e9\93b78697e41eb99680a350ae5a949ec1a636f7","[no extension]","1560","git-internal","NO/NOT SHOWN","NO","NO","NO","NO/NOT SHOWN","NO/NOT SHOWN","NO","False","KEEP_DEVELOPMENT","d59da3f207535ebada4a2ad825251c8d03b550a2378109f81f3862dd712540c0"
".git\objects\e9\bb37ca2433df3c8fc97476f7480d802e64edd0","[no extension]","505","git-internal","NO/NOT SHOWN","NO","NO","NO","NO/NOT SHOWN","NO/NOT SHOWN","NO","False","KEEP_DEVELOPMENT","1fe68de2405a7bd31c8a2ce585795d8f24b35bcb6b7840f50a0633382b1c45c2"
".git\objects\e9\ccaf5eb93ea58ae4d4d8731e60f2f7ff17cac9","[no extension]","273","git-internal","NO/NOT SHOWN","NO","NO","NO","NO/NOT SHOWN","NO/NOT SHOWN","NO","False","KEEP_DEVELOPMENT","124bca71b0bba118c7b1579cd854b8dfeca5dec2d4ab6c50c2e16342fd148e1a"
".git\objects\e9\ef31ed35dace575d78cf36a7ce70a65da4d990","[no extension]","56","git-internal","NO/NOT SHOWN","NO","NO","NO","NO/NOT SHOWN","NO/NOT SHOWN","NO","False","KEEP_DEVELOPMENT","86c3edabbfe2ad195e78d8cf0cacfdc1aa209e55b222547d05486fdd31810236"
".git\objects\e9\f9c7c29929408c01cf35599a4feedd853111e6","[no extension]","147","git-internal","NO/NOT SHOWN","NO","NO","NO","NO/NOT SHOWN","NO/NOT SHOWN","NO","False","KEEP_DEVELOPMENT","c425504aa0bfe5255a16ec6204cfe490e424e15dfb18f645fcd3c1cef5051707"
".git\objects\ea\13ba7bc6eeb33ee7de898730279501c93db094","[no extension]","1597","git-internal","NO/NOT SHOWN","NO","NO","NO","NO/NOT SHOWN","NO/NOT SHOWN","NO","False","KEEP_DEVELOPMENT","b179e420d82901b4d7f2b4b8eebbe1467a340f276ba1063e910d33bbe2f78b5f"
".git\objects\ea\506b185fdd449918566544e8821f093c4c4d27","[no extension]","60","git-internal","NO/NOT SHOWN","NO","NO","NO","NO/NOT SHOWN","NO/NOT SHOWN","NO","False","KEEP_DEVELOPMENT","584dcc78633867696930fca3c3c23a8e098e671147f718fca1f5ff0033173618"
".git\objects\ea\58409644a6b3f7118050e4f5c2f66877b05210","[no extension]","425","git-internal","NO/NOT SHOWN","NO","NO","NO","NO/NOT SHOWN","NO/NOT SHOWN","NO","False","KEEP_DEVELOPMENT","e1fa335ab84cd5ad8a93bde5938e0b4ff33818ab4775f0b9b91bb68518b4f0eb"
".git\objects\ec\0b4299e42b922e945ec5b84cbc11a1a577bea1","[no extension]","1298","git-internal","NO/NOT SHOWN","NO","NO","NO","NO/NOT SHOWN","NO/NOT SHOWN","NO","False","KEEP_DEVELOPMENT","54f23677f12d61bf7331278dccb2bb1fa40d070fec6aa477b654cdeed3d3dc78"
".git\objects\ec\3208d3579de5200cd1fe9c5a87f3607a08cdc1","[no extension]","412","git-internal","NO/NOT SHOWN","NO","NO","NO","NO/NOT SHOWN","NO/NOT SHOWN","NO","False","KEEP_DEVELOPMENT","6646f8a04c98055010e81fe9be32b0d03dbc5487a4f99d1f9231076127323c98"
".git\objects\ec\4483b6cc508a804592de465220907c129a2157","[no extension]","78","git-internal","NO/NOT SHOWN","NO","NO","NO","NO/NOT SHOWN","NO/NOT SHOWN","NO","False","KEEP_DEVELOPMENT","7512f94db1f0b61b2789ae453da24422f2bc54785c48e5637909aa5e594f6bcd"
".git\objects\ec\7557292c2b8973c1a42880c588bce6048e2021","[no extension]","1346","git-internal","NO/NOT SHOWN","NO","NO","NO","NO/NOT SHOWN","NO/NOT SHOWN","NO","False","KEEP_DEVELOPMENT","a0d4e8cad18f130173b240c53a2cf6b96f9e334cee7cfaae33e01d26859ae457"
".git\objects\ec\8a4134480ee702bb85bdb4c9a912e0a4bc525e","[no extension]","1887","git-internal","NO/NOT SHOWN","NO","NO","NO","NO/NOT SHOWN","NO/NOT SHOWN","NO","False","KEEP_DEVELOPMENT","17ca133281d8f6147c011dd0ba80b8cc349b4769cf3d1f0ff16a493fbb3772a3"
".git\objects\ec\a0963df9ee43407779d78472a1822e8d835d77","[no extension]","143","git-internal","NO/NOT SHOWN","NO","NO","NO","NO/NOT SHOWN","NO/NOT SHOWN","NO","False","KEEP_DEVELOPMENT","881ad7cc8856715b5e26bd89514f771a7312fa8ac131b101fb700e510d573e40"
".git\objects\ec\bd31211332da7af5c4bac117573f50111888f8","[no extension]","574","git-internal","NO/NOT SHOWN","NO","NO","NO","NO/NOT SHOWN","NO/NOT SHOWN","NO","False","KEEP_DEVELOPMENT","46777511eb571e0b854e51bf28e600874ba0fbeab33f34d26aef557aec6c5636"
".git\objects\ec\d0e51160a86b4c43529be7f1ad2f0830e70ed0","[no extension]","443","git-internal","NO/NOT SHOWN","NO","NO","NO","NO/NOT SHOWN","NO/NOT SHOWN","NO","False","KEEP_DEVELOPMENT","8e69ae34730da44b7e70019b08e70043d88463fe66cdb82f437e1ed819a79533"
".git\objects\ec\ef596745ba00ab8a2f7bb20e83027e1efe55dc","[no extension]","699","git-internal","NO/NOT SHOWN","NO","NO","NO","NO/NOT SHOWN","NO/NOT SHOWN","NO","False","KEEP_DEVELOPMENT","e88ff35ecb98775c91b8eaad6ee07f6c259f81a1af8952dfb038ba7718c05b02"
".git\objects\ec\f9a535081f055001725b694f6ca511510aed0a","[no extension]","74","git-internal","NO/NOT SHOWN","NO","NO","NO","NO/NOT SHOWN","NO/NOT SHOWN","NO","False","KEEP_DEVELOPMENT","a6faac4a5345c1563835b6f17686e40134d3306dd34114973a3ed389148337c9"
".git\objects\ed\0c75be97280246eea48815354585ae7a272d90","[no extension]","185","git-internal","NO/NOT SHOWN","NO","NO","NO","NO/NOT SHOWN","NO/NOT SHOWN","NO","False","KEEP_DEVELOPMENT","5c25ff99f7e2eabace26b3d22f3e5d229c08321d62eb6f432dd6b521f889393c"
".git\objects\ed\1c512b34a47ec8d3c4e01959d50b8314e3053d","[no extension]","298","git-internal","NO/NOT SHOWN","NO","NO","NO","NO/NOT SHOWN","NO/NOT SHOWN","NO","False","KEEP_DEVELOPMENT","6458d008650d4b27c374cf10887abb3b7137e7c1a902f24ec63f945907e50f35"
".git\objects\ed\3cd103cbfff1501823533852bbb14d7ce1575a","[no extension]","152","git-internal","NO/NOT SHOWN","NO","NO","NO","NO/NOT SHOWN","NO/NOT SHOWN","NO","False","KEEP_DEVELOPMENT","9af311dab441ada7a3923c140064cb66e0d5fc30086e479afee75ed12bd2af0a"
".git\objects\ed\3f34e4eab892b66812983f96767e4e1ff0c85b","[no extension]","350","git-internal","NO/NOT SHOWN","NO","NO","NO","NO/NOT SHOWN","NO/NOT SHOWN","NO","False","KEEP_DEVELOPMENT","7934551c41544a9d226095ac87168279635f119c03bf02557a465868cf0ff148"
".git\objects\ed\85d2354df21af31c0b00fc37756e1c6149b33c","[no extension]","1069","git-internal","NO/NOT SHOWN","NO","NO","NO","NO/NOT SHOWN","NO/NOT SHOWN","NO","False","KEEP_DEVELOPMENT","915968fa5de0084be949e5ef8005b4b20a484caab89779d5a5c228d4dafc7218"
".git\objects\ed\a9945998ba81d9d5bc1d9b7b72c92a80c47cfa","[no extension]","1854","git-internal","NO/NOT SHOWN","NO","NO","NO","NO/NOT SHOWN","NO/NOT SHOWN","NO","False","KEEP_DEVELOPMENT","40c14bfcfa9d34d87030b3fb9bc73827660582ca77f002fc2d016f2fd714e45a"
".git\objects\ed\b1497148768f3777a4b7c0c19bc9971bf572bd","[no extension]","1807","git-internal","NO/NOT SHOWN","NO","NO","NO","NO/NOT SHOWN","NO/NOT SHOWN","NO","False","KEEP_DEVELOPMENT","235804f47b4c381f7ff761975d5955620f0d88679745ecef22d988cfadfa57d1"
".git\objects\ed\bd952f56f29c47aca479528aafb5d00358e66c","[no extension]","125","git-internal","NO/NOT SHOWN","NO","NO","NO","NO/NOT SHOWN","NO/NOT SHOWN","NO","False","KEEP_DEVELOPMENT","0cc200f958e85c616bd587247feeadc3204579b80b6d9b1ee7b5d0782b783489"
".git\objects\ed\cb06d4053d112b8f50a941618c80d59d8798dd","[no extension]","855","git-internal","NO/NOT SHOWN","NO","NO","NO","NO/NOT SHOWN","NO/NOT SHOWN","NO","False","KEEP_DEVELOPMENT","1d2a024977c933059d42f3d27ea3726ba05fdccfda2384973e987a2f739512a8"
".git\objects\ee\0fa209ff0daeede2b54b619aead5d56d5891ee","[no extension]","399","git-internal","NO/NOT SHOWN","NO","NO","NO","NO/NOT SHOWN","NO/NOT SHOWN","NO","False","KEEP_DEVELOPMENT","1ec1f2173c9d14d0c01b6dc7b8eb616de1f6fb2456ef8de19ac7ad29d78c1faf"
".git\objects\ee\180facf9dc9769827a76581c4f1c63f720b42d","[no extension]","158","git-internal","NO/NOT SHOWN","NO","NO","NO","NO/NOT SHOWN","NO/NOT SHOWN","NO","False","KEEP_DEVELOPMENT","6a481a62ef8bb073213db5850b85abbd9bc091be7b852247acfaa24b527d4b95"
".git\objects\ee\31eac5a74cfddc3536169e8871b150f3dc8a3c","[no extension]","1280","git-internal","NO/NOT SHOWN","NO","NO","NO","NO/NOT SHOWN","NO/NOT SHOWN","NO","False","KEEP_DEVELOPMENT","fad086d5b8e6833b172f3e912cd8f5e2bbd6038b154360ddf35f2e6d93e2de2a"
".git\objects\ee\7a38a5ee833c67f990c8d0857c54ccc7d35b3c","[no extension]","132","git-internal","NO/NOT SHOWN","NO","NO","NO","NO/NOT SHOWN","NO/NOT SHOWN","NO","False","KEEP_DEVELOPMENT","fb8fe25f09fd2d2dca05895d66b5c9a58a2f496c75aa96faca368965f0612f01"
".git\objects\ee\9c49304d7bf3ec00c90085d5bb2426cb6480e1","[no extension]","247","git-internal","NO/NOT SHOWN","NO","NO","NO","NO/NOT SHOWN","NO/NOT SHOWN","NO","False","KEEP_DEVELOPMENT","14faeda980f7422be2ef012bb81ddcf63480b3301c13b127a663c82328f6429b"
".git\objects\ee\a37d82d75a8fe0a3967c2bed9c53db5bf633a6","[no extension]","1478","git-internal","NO/NOT SHOWN","NO","NO","NO","NO/NOT SHOWN","NO/NOT SHOWN","NO","False","KEEP_DEVELOPMENT","63408f82740f5c3ab6d368773a43be0a193eaf09f6d48b3cd868d7759aafb2d7"
".git\objects\ee\b559e61f3d763278a88428ac0c32e991704ef3","[no extension]","254","git-internal","NO/NOT SHOWN","NO","NO","NO","NO/NOT SHOWN","NO/NOT SHOWN","NO","False","KEEP_DEVELOPMENT","0f0693e14e8f9772d0b3c3da8a899e8a6b63a9654de964f3c159e0ba0a324ff6"
".git\objects\ee\ed7449f6dc3a6863e45e01423ba50c433aebe8","[no extension]","23424","git-internal","NO/NOT SHOWN","NO","NO","NO","NO/NOT SHOWN","NO/NOT SHOWN","NO","False","KEEP_DEVELOPMENT","cb565a8d6bc5c25df65116023c736088f278f8a01112ea5743dd59e3e906f37b"
".git\objects\ef\3b326de709efbbb3ba389e391949985266be2e","[no extension]","563","git-internal","NO/NOT SHOWN","NO","NO","NO","NO/NOT SHOWN","NO/NOT SHOWN","NO","False","KEEP_DEVELOPMENT","eec1c6496245d1dd11e043ff4c9e780f352a856bf6923712fbf23ed680072bbb"
".git\objects\ef\4700177f0dceef76202c5611f4260a0cf749e9","[no extension]","56","git-internal","NO/NOT SHOWN","NO","NO","NO","NO/NOT SHOWN","NO/NOT SHOWN","NO","False","KEEP_DEVELOPMENT","055114f6a2d8b49d698c0965800ef3ca02577b4d0768b4007e3f5d2ee57df61a"
".git\objects\ef\5df1b2dc3d720c0f2c2013f49b7ccf208d89cb","[no extension]","30205","git-internal","NO/NOT SHOWN","NO","NO","NO","NO/NOT SHOWN","NO/NOT SHOWN","NO","False","KEEP_DEVELOPMENT","2a03121098ca1237fc8ee362a893defe1e6313a5b9a5fe39223554c59abf0371"
".git\objects\ef\7fa91cc0c499549942905cba8b9d6ed9d80a47","[no extension]","677","git-internal","NO/NOT SHOWN","NO","NO","NO","NO/NOT SHOWN","NO/NOT SHOWN","NO","False","KEEP_DEVELOPMENT","b6248b5de833189da663c45e6fb14e7bd549a3ea49f86b00639a578b121bddb3"
".git\objects\ef\9374b6ec9f91776bb31c8dffb87d16a3057aac","[no extension]","662","git-internal","NO/NOT SHOWN","NO","NO","NO","NO/NOT SHOWN","NO/NOT SHOWN","NO","False","KEEP_DEVELOPMENT","73b29fa171ecfce49f27d11a6b7bb4aec12dc8f882f64952457962faf9302772"
".git\objects\ef\9ca96c8a4b4c50c5e1742c5390302568179a7a","[no extension]","3408","git-internal","NO/NOT SHOWN","NO","NO","NO","NO/NOT SHOWN","NO/NOT SHOWN","NO","False","KEEP_DEVELOPMENT","8a40c90f0a136bdab2ed1b941312733fb5fe8d66ab668a3a1575b26a23b5ce5b"
".git\objects\ef\be5aeb82f3693ae55e8a6c2a3b80b7f63539ef","[no extension]","359","git-internal","NO/NOT SHOWN","NO","NO","NO","NO/NOT SHOWN","NO/NOT SHOWN","NO","False","KEEP_DEVELOPMENT","7e3c5f507a05af02db203bbdb4be30d46b90bce310eb2810ea0cc1d488fb85dd"
".git\objects\ef\d1fa15d8adac34d4d4140b0eb4792d2d5ade0a","[no extension]","4352","git-internal","NO/NOT SHOWN","NO","NO","NO","NO/NOT SHOWN","NO/NOT SHOWN","NO","False","KEEP_DEVELOPMENT","e6520cabaadcbc941bc048b8e0e43fc39a7243ff6169497793fcb18ed1063c79"
".git\objects\ef\e387f7594f3bc013080a6b686ac477701c5612","[no extension]","634","git-internal","NO/NOT SHOWN","NO","NO","NO","NO/NOT SHOWN","NO/NOT SHOWN","NO","False","KEEP_DEVELOPMENT","f6593ea120175d6458c7b1505e16a04a31ad658aa2784a465a8f4c737c424a81"
".git\objects\ef\fa1aa82ac9df41a7bd6780db44fb44a3c6997d","[no extension]","288","git-internal","NO/NOT SHOWN","NO","NO","NO","NO/NOT SHOWN","NO/NOT SHOWN","NO","False","KEEP_DEVELOPMENT","08a5ed24a9fb26caa29ddeab7d2bb9601d98173a8c41e9087cc42988fcd5fa29"
".git\objects\ef\ff125bea907c303eacf457eb76a62eb68dc7a1","[no extension]","382","git-internal","NO/NOT SHOWN","NO","NO","NO","NO/NOT SHOWN","NO/NOT SHOWN","NO","False","KEEP_DEVELOPMENT","b0d0b22d948ff590d02046a5259e39d46264f1e08ce7575da7cb92ec40c09727"
".git\objects\f0\0b3c7846b590aff374a4711a63776d3808faf3","[no extension]","944","git-internal","NO/NOT SHOWN","NO","NO","NO","NO/NOT SHOWN","NO/NOT SHOWN","NO","False","KEEP_DEVELOPMENT","ac26746acbd314eaec5a77f5f60d4bc9e7ed29c03ec0e4ad33da2fd755f6b537"
".git\objects\f0\5915d75a81636c33385fe80d1c2c1c0ba2d319","[no extension]","240","git-internal","NO/NOT SHOWN","NO","NO","NO","NO/NOT SHOWN","NO/NOT SHOWN","NO","False","KEEP_DEVELOPMENT","5e869ef0ee6af212f839e61615f96f51a1d7442172948d4c80502ca1ab7c3d07"
".git\objects\f0\640854e9e6d36f2f9b8537f98da994c286d3a3","[no extension]","2535","git-internal","NO/NOT SHOWN","NO","NO","NO","NO/NOT SHOWN","NO/NOT SHOWN","NO","False","KEEP_DEVELOPMENT","36cf8899271aa9777ec2f16c30fb7a89da13eed42e8fa0f8864d8f96b0ca172a"
".git\objects\f0\b09526b97295113b1e44e70e070073f649627e","[no extension]","122","git-internal","NO/NOT SHOWN","NO","NO","NO","NO/NOT SHOWN","NO/NOT SHOWN","NO","False","KEEP_DEVELOPMENT","e799fe47db3be4775c656b8bc7eef2b7ee334d0e0b75366eb3b89d3b5b49eb13"
".git\objects\f0\f9b6325021f3014e25288894cf5168d8bad344","[no extension]","1165","git-internal","NO/NOT SHOWN","NO","NO","NO","NO/NOT SHOWN","NO/NOT SHOWN","NO","False","KEEP_DEVELOPMENT","9897785983c1a91ac1077e18fd595c92e79191717065c96919355615becd3ba6"
".git\objects\f1\18547a454c104524e7777af69087d4a128ea50","[no extension]","543","git-internal","NO/NOT SHOWN","NO","NO","NO","NO/NOT SHOWN","NO/NOT SHOWN","NO","False","KEEP_DEVELOPMENT","e1f04729bc8c9f3e3d43666dd31156cc3fe57947601d6a64c3414da6757d93f5"
".git\objects\f1\bdc713d3a880a02defb3492d77239156a74b01","[no extension]","193","git-internal","NO/NOT SHOWN","NO","NO","NO","NO/NOT SHOWN","NO/NOT SHOWN","NO","False","KEEP_DEVELOPMENT","079bf09ee30c0ddcbed4e2475387ef554c8658c1eefac69a477c7b2eb79966a2"
".git\objects\f2\466e0a4f7e98280db2791bd17e261105aaae6e","[no extension]","5925","git-internal","NO/NOT SHOWN","NO","NO","NO","NO/NOT SHOWN","NO/NOT SHOWN","NO","False","KEEP_DEVELOPMENT","ca582e9541ec47be7e698748f4a15c43b9ad5885201ae1016318b13ab5cb70f0"
".git\objects\f2\4b53bdc4b01cd15e1e96cbf830f70a0dc8c336","[no extension]","1719","git-internal","NO/NOT SHOWN","NO","NO","NO","NO/NOT SHOWN","NO/NOT SHOWN","NO","False","KEEP_DEVELOPMENT","b1e3b1aeeb7beb2190a2a98a87a6f614aef31301b1d460ee349ca1a4f966de1c"
".git\objects\f2\81532b35e10ea98c39c76533bb6d2c8b79a4cd","[no extension]","253","git-internal","NO/NOT SHOWN","NO","NO","NO","NO/NOT SHOWN","NO/NOT SHOWN","NO","False","KEEP_DEVELOPMENT","7cac78a48b38c859589c6b87a2d6711f50de0e8dbc404821a2739428f2d22266"
".git\objects\f2\a8117622d0c9e61471bece81b10fc70809b863","[no extension]","739","git-internal","NO/NOT SHOWN","NO","NO","NO","NO/NOT SHOWN","NO/NOT SHOWN","NO","False","KEEP_DEVELOPMENT","21855ed5bfc10aaaaf9c2c9a03f312a237170770b4ae93ff3bdbba5380d3617e"
".git\objects\f3\140da174147783ddf6b019336e45f701cd7d64","[no extension]","1384","git-internal","NO/NOT SHOWN","NO","NO","NO","NO/NOT SHOWN","NO/NOT SHOWN","NO","False","KEEP_DEVELOPMENT","0d7d8b1641eab6caa7cede41c4c8c8a193e05f7760a1502a16a4d8f9f67f4d1b"
".git\objects\f3\5a09467b9de1c480488605578dfbfb0dd34c02","[no extension]","7420","git-internal","NO/NOT SHOWN","NO","NO","NO","NO/NOT SHOWN","NO/NOT SHOWN","NO","False","KEEP_DEVELOPMENT","dac2e3ced3badfe91e648720059399811779468930553c85c8cfbb0a4381ef2b"
".git\objects\f3\6bfdad600824a8141a19c108d21e57df70b98e","[no extension]","120","git-internal","NO/NOT SHOWN","NO","NO","NO","NO/NOT SHOWN","NO/NOT SHOWN","NO","False","KEEP_DEVELOPMENT","dc9ced1bb6dca25bdce70a635f82b2728227eaa2ed79fd71113b285b1e523fd1"
".git\objects\f4\0addb36bba230b16ba1b68c0cbdd875b5ec359","[no extension]","199","git-internal","NO/NOT SHOWN","NO","NO","NO","NO/NOT SHOWN","NO/NOT SHOWN","NO","False","KEEP_DEVELOPMENT","bdd32d5be9b12ec04fbb1c21910be1450a2cb433ba6a4ee947c8872c0d59e1d4"
".git\objects\f4\0efbc3b31c7fd1338378f25a270b9a644fea78","[no extension]","190","git-internal","NO/NOT SHOWN","NO","NO","NO","NO/NOT SHOWN","NO/NOT SHOWN","NO","False","KEEP_DEVELOPMENT","419e6fcfb96275c99427faa36cff2b5d700f5a9c947112c6632041d14ecd8e05"
".git\objects\f4\96808d6cdfff7fd479e17248d650f8552b3060","[no extension]","368","git-internal","NO/NOT SHOWN","NO","NO","NO","NO/NOT SHOWN","NO/NOT SHOWN","NO","False","KEEP_DEVELOPMENT","713aacf9719ef6b7a618ebde10cc4bf8e18fb26d8a2510686a65f46777046773"
".git\objects\f4\adea4a8645261469b1300c53dd921fe0a535c0","[no extension]","742","git-internal","NO/NOT SHOWN","NO","NO","NO","NO/NOT SHOWN","NO/NOT SHOWN","NO","False","KEEP_DEVELOPMENT","eebed548b976493fcfb7380e6b19a9a420f6f60f30e61d55b208c8480955b39f"
".git\objects\f5\20521eafc9f863e3bc0ab81b50453bcbc419f0","[no extension]","27057","git-internal","NO/NOT SHOWN","NO","NO","NO","NO/NOT SHOWN","NO/NOT SHOWN","NO","False","KEEP_DEVELOPMENT","1f312df66840f703f6efc3fa40ca7c97b35de120e53011144414e0b1f522c126"
".git\objects\f5\2dab237953052d6a30474f0b20e4bd61eccec1","[no extension]","641","git-internal","NO/NOT SHOWN","NO","NO","NO","NO/NOT SHOWN","NO/NOT SHOWN","NO","False","KEEP_DEVELOPMENT","eaa8cc92f1b066bcbe574b22338cfae025562cdfb9ef796c64fb4af8cb082891"
".git\objects\f5\305bffaf11e0cc4b8f8a0edc53a04b875ac685","[no extension]","817","git-internal","NO/NOT SHOWN","NO","NO","NO","NO/NOT SHOWN","NO/NOT SHOWN","NO","False","KEEP_DEVELOPMENT","85a3fe617beb0bc41b5e46aafc362778afb93cccc4a76ebf59065d013b799b77"
".git\objects\f5\62e2d30943a182f504df27f1b6fbeb38512c46","[no extension]","656","git-internal","NO/NOT SHOWN","NO","NO","NO","NO/NOT SHOWN","NO/NOT SHOWN","NO","False","KEEP_DEVELOPMENT","c0dbfe188d5522b96a613afaeedf9c70f9f6c2a59ba9a35acb45a3fd5d8c6ff0"
".git\objects\f5\a21f3d297749c904150763747210476f6acd96","[no extension]","49","git-internal","NO/NOT SHOWN","NO","NO","NO","NO/NOT SHOWN","NO/NOT SHOWN","NO","False","KEEP_DEVELOPMENT","89e0621839b2222cd650a8b768b37ffb16d471e4454ac931b96d2a38350768d1"
".git\objects\f5\b690064b2b1c61b62c1afdcc31480b64a6e2be","[no extension]","354","git-internal","NO/NOT SHOWN","NO","NO","NO","NO/NOT SHOWN","NO/NOT SHOWN","NO","False","KEEP_DEVELOPMENT","b3a6e6778da1f2bc543684a8d42bd06f52bc70442ef59ed6e278c86877f807be"
".git\objects\f5\b7b5c68cb5bbfe40c4c0680cb80907fd4dafbe","[no extension]","143","git-internal","NO/NOT SHOWN","NO","NO","NO","NO/NOT SHOWN","NO/NOT SHOWN","NO","False","KEEP_DEVELOPMENT","9b1e98014a097cb5c789f8de54ae2977125aba0dfeac9d6ee6bbddf4c23c4b27"
".git\objects\f6\05d31be0a159cd0af773cb2bef0f7566bd600f","[no extension]","210","git-internal","NO/NOT SHOWN","NO","NO","NO","NO/NOT SHOWN","NO/NOT SHOWN","NO","False","KEEP_DEVELOPMENT","b7b61299fc4e7318296bf6e90259d2a1379779186ad1e66321619ff1c8a4f4c6"
".git\objects\f6\0f3592c194e4603a02ffed31597f1127990dbb","[no extension]","729","git-internal","NO/NOT SHOWN","NO","NO","NO","NO/NOT SHOWN","NO/NOT SHOWN","NO","False","KEEP_DEVELOPMENT","c67001f4b93b9cb55ea0398eed3f51b74c61ce3ea9292bbbed12fdabc71bcaaf"
".git\objects\f6\105525bf3afb21517ab03160e477f02ede2f0e","[no extension]","70","git-internal","NO/NOT SHOWN","NO","NO","NO","NO/NOT SHOWN","NO/NOT SHOWN","NO","False","KEEP_DEVELOPMENT","050cac76866eafe42e71071f25395a44c266443bfc954951b40753de7dad4183"
".git\objects\f6\51a4ab4b694f94bc9f1effe8f3aa8d6c3b4d94","[no extension]","461","git-internal","NO/NOT SHOWN","NO","NO","NO","NO/NOT SHOWN","NO/NOT SHOWN","NO","False","KEEP_DEVELOPMENT","93728e3f97439e8b14ef111045cf21f1173ec1a9e4c2b4983a80b98c16d16e51"
".git\objects\f6\cefa9e3ca2790423a2da036e5e94c3b6fad6dc","[no extension]","209","git-internal","NO/NOT SHOWN","NO","NO","NO","NO/NOT SHOWN","NO/NOT SHOWN","NO","False","KEEP_DEVELOPMENT","3d009779041e7dd158d37bb28761f1cb1c5bb7474d5651eb6ec7ff588df4ec78"
".git\objects\f7\50bf85b7757d6fabe84c1364edd51467568543","[no extension]","204","git-internal","NO/NOT SHOWN","NO","NO","NO","NO/NOT SHOWN","NO/NOT SHOWN","NO","False","KEEP_DEVELOPMENT","09540cb31e6af17f5a6d70dbbb77edd9f0623da49aaf0dcd643a60c43c4e280b"
".git\objects\f7\8f3a97614dcb819e9d5e8f10d0436152709beb","[no extension]","209","git-internal","NO/NOT SHOWN","NO","NO","NO","NO/NOT SHOWN","NO/NOT SHOWN","NO","False","KEEP_DEVELOPMENT","e36c173db53aa250bbb50fece6895e475c0f8726d7ee2c29597977d68d6b1f84"
".git\objects\f8\0654c722c61cb9a670069dc236f0b95005cc8d","[no extension]","9374","git-internal","NO/NOT SHOWN","NO","NO","NO","NO/NOT SHOWN","NO/NOT SHOWN","NO","False","KEEP_DEVELOPMENT","f491ea76a92d4fb9c9f040b1fae2a1fe2d1e7f63f5e8aa8208d3210641032ffd"
".git\objects\f8\0e487111c8bb55096b225bfcd8245c7f5ab522","[no extension]","283","git-internal","NO/NOT SHOWN","NO","NO","NO","NO/NOT SHOWN","NO/NOT SHOWN","NO","False","KEEP_DEVELOPMENT","0babd9c5e508d3e7308c9f7b488c673ca7fe77ddbcd65d9e168513d1814f8fc3"
".git\objects\f8\23d12be572fe5f7a2c0ed3c325d28c48a5c9aa","[no extension]","6142","git-internal","NO/NOT SHOWN","NO","NO","NO","NO/NOT SHOWN","NO/NOT SHOWN","NO","False","KEEP_DEVELOPMENT","a3447cffdf732f8a7ba545db1bfc5a3f5133b1bc9b1c83a01af34c92248f8f13"
".git\objects\f8\354e9eed6c12bad20179d8e8714d93f0a64854","[no extension]","27158","git-internal","NO/NOT SHOWN","NO","NO","NO","NO/NOT SHOWN","NO/NOT SHOWN","NO","False","KEEP_DEVELOPMENT","f02653f5d260d44dfcb3a7a97c84db1c3f15fc2b664c4add5aaee5d77f87b6e1"
".git\objects\f8\6413b70a93dacc7d3c68260c80983ff044ed79","[no extension]","184","git-internal","NO/NOT SHOWN","NO","NO","NO","NO/NOT SHOWN","NO/NOT SHOWN","NO","False","KEEP_DEVELOPMENT","902b8e7777cdfd7b07e9953448e30055b9630a03bead478b1a7af66ceb9c77d3"
".git\objects\f8\720f8be8d2a8374e7f8cc41fddb0022c31bb37","[no extension]","464","git-internal","NO/NOT SHOWN","NO","NO","NO","NO/NOT SHOWN","NO/NOT SHOWN","NO","False","KEEP_DEVELOPMENT","d5faec1f589623b7e15e205b265735138f4c9b50584c91fff831a33e6aa39fcc"
".git\objects\f8\97603b684811d877385f51830391978414a0b0","[no extension]","558","git-internal","NO/NOT SHOWN","NO","NO","NO","NO/NOT SHOWN","NO/NOT SHOWN","NO","False","KEEP_DEVELOPMENT","c822e8ce99086bc5911f773942ec1bd88ad7d9b80afe22c5c3fc222fc6071e32"
".git\objects\f8\b7e2f4a9425c0af53751287a9f3d3dbbd10cf3","[no extension]","5405","git-internal","NO/NOT SHOWN","NO","NO","NO","NO/NOT SHOWN","NO/NOT SHOWN","NO","False","KEEP_DEVELOPMENT","8eada74856d70690e3889e40e40a5cd2f57f035bbf3ab6d2fba88fcd0891bc17"
".git\objects\f8\cdaa7c992c720bd24a913a5881d76f061fbdb6","[no extension]","296","git-internal","NO/NOT SHOWN","NO","NO","NO","NO/NOT SHOWN","NO/NOT SHOWN","NO","False","KEEP_DEVELOPMENT","19343edc62de3d2b66ba25a8e8fcdae6b7be7132fbb3c8ab7c627a4fb7dddc75"
".git\objects\f8\f330ab295a341b304e141452b38fc7c41c5e80","[no extension]","1115","git-internal","NO/NOT SHOWN","NO","NO","NO","NO/NOT SHOWN","NO/NOT SHOWN","NO","False","KEEP_DEVELOPMENT","5aa086c9dec61e9d353ecd4ac6ee6b11e4561d1156cfaca1c14ecc927b9c90d3"
".git\objects\f9\939a83a38a028cd841f165518bc0921d4a8449","[no extension]","371","git-internal","NO/NOT SHOWN","NO","NO","NO","NO/NOT SHOWN","NO/NOT SHOWN","NO","False","KEEP_DEVELOPMENT","01c79fd261b157f440c17c36776d72a72f8ea86a4855ca1a626ace7f94bbd970"
".git\objects\f9\a479cecee76852cb836a4bea75c92d3cb13b74","[no extension]","299","git-internal","NO/NOT SHOWN","NO","NO","NO","NO/NOT SHOWN","NO/NOT SHOWN","NO","False","KEEP_DEVELOPMENT","fad73ec78e56fe310b7a7f380e3845366205f24e742bf085defe56bfceddc6a1"
".git\objects\f9\ad1ffd34ac9812fc351437b311fdd770b77e24","[no extension]","2149","git-internal","NO/NOT SHOWN","NO","NO","NO","NO/NOT SHOWN","NO/NOT SHOWN","NO","False","KEEP_DEVELOPMENT","077b35c9cf259bd4e361ad1ffe9a706956b78ef6d0682090ee0e1aaee0e6493a"
".git\objects\f9\b04a5f5a0f53d69f70fda1436284378835223a","[no extension]","669","git-internal","NO/NOT SHOWN","NO","NO","NO","NO/NOT SHOWN","NO/NOT SHOWN","NO","False","KEEP_DEVELOPMENT","b3f936342174df935da5fdc048ae6007395170ebd3933b02b7538518b3aeb41e"
".git\objects\f9\bed5e1ed2ead01943212593866730c7607ac98","[no extension]","475","git-internal","NO/NOT SHOWN","NO","NO","NO","NO/NOT SHOWN","NO/NOT SHOWN","NO","False","KEEP_DEVELOPMENT","ab401038be242b6493c461237b42ab333c79bd0e49732754950675ee781b9608"
".git\objects\f9\e860c4d02a258506282032c96ecf27f28bcda6","[no extension]","11722","git-internal","NO/NOT SHOWN","NO","NO","NO","NO/NOT SHOWN","NO/NOT SHOWN","NO","False","KEEP_DEVELOPMENT","b02af8ec18e3a4c43fa60f9b5c80d9cea3a8c2c3b7a109ca10b38f2b287a24af"
".git\objects\fa\186dce12585af6babf2b167ca29e8793dee9da","[no extension]","475","git-internal","NO/NOT SHOWN","NO","NO","NO","NO/NOT SHOWN","NO/NOT SHOWN","NO","False","KEEP_DEVELOPMENT","1902c63b8418e419f07ef01aea089bb93e373b07e65ec393a1d653f3e8cc74c2"
".git\objects\fa\2ee0f27ae364c1b92577e5c3e65752f851827c","[no extension]","1211","git-internal","NO/NOT SHOWN","NO","NO","NO","NO/NOT SHOWN","NO/NOT SHOWN","NO","False","KEEP_DEVELOPMENT","bf6562c80cf2b41199d1792ff3ccca06f6cddb3bac1d380ee0a847c9f7a32d12"
".git\objects\fa\37632723d1843c8d3f45c2ffe9097bab31a66c","[no extension]","148","git-internal","NO/NOT SHOWN","NO","NO","NO","NO/NOT SHOWN","NO/NOT SHOWN","NO","False","KEEP_DEVELOPMENT","cb559f404e6882dc57a60b8362270d8f5f0070ee93867b91ac524f4ca4788461"
".git\objects\fa\48fd7a6364da23fd0ae0e40dbaf10ed122ace8","[no extension]","70","git-internal","NO/NOT SHOWN","NO","NO","NO","NO/NOT SHOWN","NO/NOT SHOWN","NO","False","KEEP_DEVELOPMENT","007168c3559bcdeaef899976694142266e78061d1992e2923134f8d1c368b428"
".git\objects\fa\7862ab7e41eb6992ea93face17b57ea8b36614","[no extension]","5001","git-internal","NO/NOT SHOWN","NO","NO","NO","NO/NOT SHOWN","NO/NOT SHOWN","NO","False","KEEP_DEVELOPMENT","655480e6e80f09d93bb5a01e6e1baf76302786fc9c7e9bc119b245c8281e573e"
".git\objects\fa\dc1babe8eed66dd16148b453e3e3b7b44668f9","[no extension]","143","git-internal","NO/NOT SHOWN","NO","NO","NO","NO/NOT SHOWN","NO/NOT SHOWN","NO","False","KEEP_DEVELOPMENT","af823159dcac4e2c49b0424b122eb6ecb7d0a4da6e81f1ff000e37e2c93465d6"
".git\objects\fb\5e7d439f618b1e78f80be28e3e402c56287cd9","[no extension]","370","git-internal","NO/NOT SHOWN","NO","NO","NO","NO/NOT SHOWN","NO/NOT SHOWN","NO","False","KEEP_DEVELOPMENT","145a981fc2f230f39eb451bc3284377c3e821eb97ace8da40c787e0b267b63e4"
".git\objects\fb\629bc0cb1696d36f762ff8261bf2a25e1bc9e0","[no extension]","277","git-internal","NO/NOT SHOWN","NO","NO","NO","NO/NOT SHOWN","NO/NOT SHOWN","NO","False","KEEP_DEVELOPMENT","7a3219eac9c3f984f27c28850bc416bfb64ca80378738cf7ddbaa96bc66a2f4f"
".git\objects\fb\ad61b4fc16d50566a720ef5d25d1d31685b85b","[no extension]","2958","git-internal","NO/NOT SHOWN","NO","NO","NO","NO/NOT SHOWN","NO/NOT SHOWN","NO","False","KEEP_DEVELOPMENT","c7e363e0184e46dff6719fed3fd482884f6dcecb4718b1585380919dc5a20500"
".git\objects\fb\db34459f36613673ee2739900030fe388f3b37","[no extension]","1087","git-internal","NO/NOT SHOWN","NO","NO","NO","NO/NOT SHOWN","NO/NOT SHOWN","NO","False","KEEP_DEVELOPMENT","f751fe79ba66080840c7863697043218773d55836fcdfe309642a0136b0b9556"
".git\objects\fc\1e0b716775e35169dd85723abd141a1224a3d5","[no extension]","2213","git-internal","NO/NOT SHOWN","NO","NO","NO","NO/NOT SHOWN","NO/NOT SHOWN","NO","False","KEEP_DEVELOPMENT","9fa556177d6338c061b8169c2524da90ff2d1cab24d899ffa2a472f73f3848c1"
".git\objects\fc\6c4bf3e9e1ca2ce8eaf119b9c2c5425f9f2e61","[no extension]","193","git-internal","NO/NOT SHOWN","NO","NO","NO","NO/NOT SHOWN","NO/NOT SHOWN","NO","False","KEEP_DEVELOPMENT","589cd94bbccbb15b68296ab2ec161d5540544ec797170b3428a65230653a43c9"
".git\objects\fc\70812e9578730932ad9fd78da59880f8aa2fe6","[no extension]","209","git-internal","NO/NOT SHOWN","NO","NO","NO","NO/NOT SHOWN","NO/NOT SHOWN","NO","False","KEEP_DEVELOPMENT","4dd9318fa169682a5fd933e787011db0c2542d44c41125f66aceb50761a8fd66"
".git\objects\fc\8d6150306182fd6395fb15f96affb313dcc74b","[no extension]","150","git-internal","NO/NOT SHOWN","NO","NO","NO","NO/NOT SHOWN","NO/NOT SHOWN","NO","False","KEEP_DEVELOPMENT","7d01b8a84f5530fda952ccb0730754c0a7f0af188fbf7ff63397fb9bf09af7b4"
".git\objects\fc\8ee9a14ebd3db2704735e54b573bd44ab58088","[no extension]","159","git-internal","NO/NOT SHOWN","NO","NO","NO","NO/NOT SHOWN","NO/NOT SHOWN","NO","False","KEEP_DEVELOPMENT","035f9137c092daf5314e7629ebeba2ccc1adf3719e90d3dc4551bc98b2e057c8"
".git\objects\fc\9fa9f9afb1089862b2effee009026315c05aca","[no extension]","200","git-internal","NO/NOT SHOWN","NO","NO","NO","NO/NOT SHOWN","NO/NOT SHOWN","NO","False","KEEP_DEVELOPMENT","0990456f31e3115f46d042030e0c1d4e7079df1e5579643ecfc4be96af08b865"
".git\objects\fc\ab8a6f3245e9ea650e4e87d0cffe91ca22c527","[no extension]","284","git-internal","NO/NOT SHOWN","NO","NO","NO","NO/NOT SHOWN","NO/NOT SHOWN","NO","False","KEEP_DEVELOPMENT","974b9f8148dac1679d6088e0914660dc4a5b76a1f42c8086c6ccb18b999ec06c"
".git\objects\fd\0d2da47bebc3619b0f7fa3d4d3dce1fa775baa","[no extension]","187","git-internal","NO/NOT SHOWN","NO","NO","NO","NO/NOT SHOWN","NO/NOT SHOWN","NO","False","KEEP_DEVELOPMENT","df5894a2c735933bee131c2c0a16b72660d73531fbb96d452af5daad52c8f7ac"
".git\objects\fd\1653e442e1ee28685107d1d75a894e99f108d7","[no extension]","56","git-internal","NO/NOT SHOWN","NO","NO","NO","NO/NOT SHOWN","NO/NOT SHOWN","NO","False","KEEP_DEVELOPMENT","bb40ce3e0da0a4745e5ab4dc38f41637da6d8107e665ea0e0c24d16a343cd7b2"
".git\objects\fd\3e2da74c5cc3a6566263df6f1e348ad161fed2","[no extension]","2485","git-internal","NO/NOT SHOWN","NO","NO","NO","NO/NOT SHOWN","NO/NOT SHOWN","NO","False","KEEP_DEVELOPMENT","c784f4e3bdbdd37c31897796b9d1f4004706c0381992a5c78e5e8730a0721bcf"
".git\objects\fd\68a5b3ee568f05e9d49b3115e938717bdef657","[no extension]","187","git-internal","NO/NOT SHOWN","NO","NO","NO","NO/NOT SHOWN","NO/NOT SHOWN","NO","False","KEEP_DEVELOPMENT","a6b305b9ecc9d1f31a546972447dbdbcca4df4a880fdaa9c96d7d02188efbe86"
".git\objects\fd\abe83f20bdd602b82e4a52be9ef84904ad2698","[no extension]","1128","git-internal","NO/NOT SHOWN","NO","NO","NO","NO/NOT SHOWN","NO/NOT SHOWN","NO","False","KEEP_DEVELOPMENT","f7bff3bec8c7312ea976cdeffcc1bfb0cde3cd750fc1fd232b781ef273a3ac83"
".git\objects\fd\c4e9dce1a52737012d94baa46f4c83b196051f","[no extension]","399","git-internal","NO/NOT SHOWN","NO","NO","NO","NO/NOT SHOWN","NO/NOT SHOWN","NO","False","KEEP_DEVELOPMENT","8acb7c750a896a59a1e44c5aa94c4895867c0675d0d72616650643808141cf2a"
".git\objects\fd\d824b7ebd1c730f29f23c24bc934cc897add4c","[no extension]","1170","git-internal","NO/NOT SHOWN","NO","NO","NO","NO/NOT SHOWN","NO/NOT SHOWN","NO","False","KEEP_DEVELOPMENT","17ea249adf3bd5ecf933a674675697cd4d6b27d77321b22ed5b1d79a357a72c1"
".git\objects\fd\ed4e165d17a11ff5832ab98ab7424f579fcd7f","[no extension]","365","git-internal","NO/NOT SHOWN","NO","NO","NO","NO/NOT SHOWN","NO/NOT SHOWN","NO","False","KEEP_DEVELOPMENT","2892bd2baf83af38378a7a7e7dcf8579985def79b8a0e4a57d448fd3b39dadb6"
".git\objects\fd\fe09be66b67efa91fa7279321e2f3a204a5229","[no extension]","27283","git-internal","NO/NOT SHOWN","NO","NO","NO","NO/NOT SHOWN","NO/NOT SHOWN","NO","False","KEEP_DEVELOPMENT","f145ac7dedda56ae78c1d552c8052a2dca31131c4ee82cb5fa49d6c79c60a62c"
".git\objects\fe\2f5161c1a2ccffa057b6763839abfa030d4585","[no extension]","237","git-internal","NO/NOT SHOWN","NO","NO","NO","NO/NOT SHOWN","NO/NOT SHOWN","NO","False","KEEP_DEVELOPMENT","df15aa90c413328612610c449daca706834974af843d5037c569e39ee29bfdc3"
".git\objects\fe\eb8cefecc39e77c921a2db0c84c96f71641391","[no extension]","673","git-internal","NO/NOT SHOWN","NO","NO","NO","NO/NOT SHOWN","NO/NOT SHOWN","NO","False","KEEP_DEVELOPMENT","e955dbc6a4abc01d13fbab59952456544d65ce878775f33f71412b70d80a0540"
".git\objects\fe\f0b7b761affbf3fb26adf67433e64d2f828a5f","[no extension]","241","git-internal","NO/NOT SHOWN","NO","NO","NO","NO/NOT SHOWN","NO/NOT SHOWN","NO","False","KEEP_DEVELOPMENT","8f92e76f1aef6689c6893ccffa6266fbcaedf94cd430ffbad79ad0070f82ff4e"
".git\objects\ff\baf4b5c1cb4c9f669e8facbf9ee537da1c3bbb","[no extension]","537","git-internal","NO/NOT SHOWN","NO","NO","NO","NO/NOT SHOWN","NO/NOT SHOWN","NO","False","KEEP_DEVELOPMENT","26807eafd9914a912a20183d8adbeb702ca3d5dbac984ae59177579fb274a163"
".git\objects\ff\ee89b653840876c5b4d841c0afbbd75cb7b2e3","[no extension]","474","git-internal","NO/NOT SHOWN","NO","NO","NO","NO/NOT SHOWN","NO/NOT SHOWN","NO","False","KEEP_DEVELOPMENT","c47de64e9e47472220a76d33df2b127f244454aa1c93846fad61bd59392a70e3"
".git\refs\heads\master","[no extension]","41","git-internal","NO/NOT SHOWN","NO","NO","NO","NO/NOT SHOWN","NO/NOT SHOWN","NO","False","KEEP_DEVELOPMENT","4d124b8015b4ef265ab5515597eb2b08e2d3f074ddb853a70e96726b39e855e3"
".git\refs\tags\admin-pin-physical-pass-2026-09-26","[no extension]","41","git-internal","NO/NOT SHOWN","NO","NO","NO","NO/NOT SHOWN","NO/NOT SHOWN","NO","False","KEEP_DEVELOPMENT","a8c227102c2e8f543cdd4e765dc2e45fc4aa9e2040fec529b0d46de7bc55c9f9"
".git\refs\tags\google-sheets-archive-before-removal","[no extension]","41","git-internal","NO/NOT SHOWN","NO","NO","NO","NO/NOT SHOWN","NO/NOT SHOWN","NO","False","KEEP_DEVELOPMENT","33b0128437099d4caef6a291eafd8f22e5cd71c59b670cf0dc1f2a9e7f729fa3"
".git\refs\tags\hardware-baseline-v1","[no extension]","41","git-internal","NO/NOT SHOWN","NO","NO","NO","NO/NOT SHOWN","NO/NOT SHOWN","NO","False","KEEP_DEVELOPMENT","cdae1ce7436bc67e4916d7a5ace058a02a304a2c2274fc0251a1ebf2cae3a581"
".git\refs\tags\line-notifications-v1","[no extension]","41","git-internal","NO/NOT SHOWN","NO","NO","NO","NO/NOT SHOWN","NO/NOT SHOWN","NO","False","KEEP_DEVELOPMENT","cff00dd035769db2f95de41272201b9ebfcb94442cffbd60ef5ca472550131cf"
".git\refs\tags\line-owner-provisioning-v2","[no extension]","41","git-internal","NO/NOT SHOWN","NO","NO","NO","NO/NOT SHOWN","NO/NOT SHOWN","NO","False","KEEP_DEVELOPMENT","d855f27f8305d64d15285048feddb99590d9debb022873cc0f94461724575a48"
".git\refs\tags\line-owner-provisioning-v2-physical","[no extension]","41","git-internal","NO/NOT SHOWN","NO","NO","NO","NO/NOT SHOWN","NO/NOT SHOWN","NO","False","KEEP_DEVELOPMENT","6ba744f0fb28281e4e430c8bbb3921798e06c53feac9f160f9d048edae897bd4"
".git\refs\tags\line-owner-provisioning-v2-tls","[no extension]","41","git-internal","NO/NOT SHOWN","NO","NO","NO","NO/NOT SHOWN","NO/NOT SHOWN","NO","False","KEEP_DEVELOPMENT","69cecb2b58b102f27fa00134a42dc3dc38ae4f6376d47fb3d21904a1d74512f0"
".git\refs\tags\phase-1-verified","[no extension]","41","git-internal","NO/NOT SHOWN","NO","NO","NO","NO/NOT SHOWN","NO/NOT SHOWN","NO","False","KEEP_DEVELOPMENT","d1b107b61f4e02533627f9d3d6bd8e646baa0976660bbfbde1bde4fd1db78821"
".git\refs\tags\phase-2-verified","[no extension]","41","git-internal","NO/NOT SHOWN","NO","NO","NO","NO/NOT SHOWN","NO/NOT SHOWN","NO","False","KEEP_DEVELOPMENT","24e29001823e4c4de81be9594bdb97841aa6ba4f879cca610a721e1d3b478493"
".git\refs\tags\phase-3-verified","[no extension]","41","git-internal","NO/NOT SHOWN","NO","NO","NO","NO/NOT SHOWN","NO/NOT SHOWN","NO","False","KEEP_DEVELOPMENT","e937c9f58879919e2e24b07dc92fe159ba1c1ed2278643699eabfde6c0351f2f"
".git\refs\tags\phase-4-verified","[no extension]","41","git-internal","NO/NOT SHOWN","NO","NO","NO","NO/NOT SHOWN","NO/NOT SHOWN","NO","False","KEEP_DEVELOPMENT","db7611a2aa277f8671050ba3790a49504c23a2e332497bab62224b3456325db6"
".git\refs\tags\phase-5-verified","[no extension]","41","git-internal","NO/NOT SHOWN","NO","NO","NO","NO/NOT SHOWN","NO/NOT SHOWN","NO","False","KEEP_DEVELOPMENT","da4680c9657d6cae211a97dbdd385ed1e2601f284e47b45703402f0733afc47f"
".git\refs\tags\smartlock-final-accepted-2026-09-28","[no extension]","41","git-internal","NO/NOT SHOWN","NO","NO","NO","NO/NOT SHOWN","NO/NOT SHOWN","NO","False","KEEP_DEVELOPMENT","77fa4b2cbcd10ec771668036ffb3cac3a141a3957e1f207362c0075946525df0"
".gitignore",".gitignore","25","tracked","NO/NOT SHOWN","NO","NO","NO","NO/NOT SHOWN","NO/NOT SHOWN","NO","False","KEEP_RUNTIME","d56f41086ad696299617ba450d538bfbca74ae2c8198f57c6faa182c437b8ac1"
".pio\add_identity_codec.py",".py","313","untracked","NO/NOT SHOWN","NO","NO","NO","YES/LIKELY","NO/NOT SHOWN","NO","False","DELETE_GENERATED","41bb08e4d57b843c3406fee0c9f9e83a1a2ce04cbc83b95fc8b879f6679366f0"
".pio\browser_identity_guard.py",".py","2891","untracked","NO/NOT SHOWN","NO","NO","NO","YES/LIKELY","NO/NOT SHOWN","NO","False","DELETE_GENERATED","952758cec13000727ef40c8a31f6dc459ecc34c8f46e37adba78e3ae8e820fb2"
".pio\build\esp32_035\.sconsign314.dblite",".dblite","3230200","untracked","NO/NOT SHOWN","NO","NO","NO","YES/LIKELY","NO/NOT SHOWN","NO","False","DELETE_GENERATED","f5efb80e0d14b4011529cb01d155cdd49aea8b7f6898c565aa2626b583f03598"
".pio\build\esp32_035\bootloader.bin",".bin","17536","untracked","NO/NOT SHOWN","NO","NO","NO","YES/LIKELY","NO/NOT SHOWN","YES (identical SHA-256 elsewhere)","False","DELETE_GENERATED","3d234a7471f67b013686dabd4dee7c1fa915c9928463616a94bc9297acf1abf8"
".pio\build\esp32_035\firmware.bin",".bin","1239904","untracked","NO/NOT SHOWN","NO","NO","NO","YES/LIKELY","NO/NOT SHOWN","YES (identical SHA-256 elsewhere)","False","DELETE_GENERATED","3dcd3bcbd249377712f83e74a2133de94400f55f15ab8073b3a10636a940104d"
".pio\build\esp32_035\firmware.elf",".elf","18445388","untracked","NO/NOT SHOWN","NO","NO","NO","YES/LIKELY","NO/NOT SHOWN","NO","False","DELETE_GENERATED","468d2e7ebc1ab8e32b76ad9c58d904df09b21fcf49ce7ff477a4599761b4ee53"
".pio\build\esp32_035\firmware.map",".map","14368458","untracked","NO/NOT SHOWN","NO","NO","NO","YES/LIKELY","NO/NOT SHOWN","NO","False","DELETE_GENERATED","fcc092f3a4fbf743cfc9cd8c38f7630deb7efc91df9aa61e5e9164fbb5d23d0c"
".pio\build\esp32_035\FrameworkArduino\base64.cpp.d",".d","20041","untracked","NO/NOT SHOWN","NO","NO","NO","YES/LIKELY","NO/NOT SHOWN","NO","False","DELETE_GENERATED","13a1afa5d9fa5631e1c29f4480398aac0fe93aa5be4952c54ed862c7b0b081b7"
".pio\build\esp32_035\FrameworkArduino\base64.cpp.o",".o","90664","untracked","NO/NOT SHOWN","NO","NO","NO","YES/LIKELY","NO/NOT SHOWN","NO","False","DELETE_GENERATED","ea285f17ff3715e18f3fb779a06e1980f455ccc85e69a058ff6b0f51dfa2ffe5"
".pio\build\esp32_035\FrameworkArduino\cbuf.cpp.d",".d","283","untracked","NO/NOT SHOWN","NO","NO","NO","YES/LIKELY","NO/NOT SHOWN","NO","False","DELETE_GENERATED","f4ba2f6b89f94eed3d270d219b36a041fe860f1a21d17a3fb44ad3130f40aa10"
".pio\build\esp32_035\FrameworkArduino\cbuf.cpp.o",".o","40492","untracked","NO/NOT SHOWN","NO","NO","NO","YES/LIKELY","NO/NOT SHOWN","NO","False","DELETE_GENERATED","2e34cb04b9b732904e07edccea8e58c74cfe2c462353964a35a0858e525a281d"
".pio\build\esp32_035\FrameworkArduino\Esp.cpp.d",".d","21210","untracked","NO/NOT SHOWN","NO","NO","NO","YES/LIKELY","NO/NOT SHOWN","NO","False","DELETE_GENERATED","bf5605078d78898ab534d789737ec371396b770b1d3c29de9db55f4f4e9de30a"
".pio\build\esp32_035\FrameworkArduino\Esp.cpp.o",".o","170504","untracked","NO/NOT SHOWN","NO","NO","NO","YES/LIKELY","NO/NOT SHOWN","NO","False","DELETE_GENERATED","7cfa090fbf74b09f0dd4cbf4c9c7afce4221480dfca050eb2c0648fb02abe57a"
".pio\build\esp32_035\FrameworkArduino\esp32-hal-adc.c.d",".d","16528","untracked","NO/NOT SHOWN","NO","NO","NO","YES/LIKELY","NO/NOT SHOWN","NO","False","DELETE_GENERATED","d8ca4245feebb876bd8948ee21b400332dcd085ce2c82e8cb5bc7b62fa59575a"
".pio\build\esp32_035\FrameworkArduino\esp32-hal-adc.c.o",".o","57708","untracked","NO/NOT SHOWN","NO","NO","NO","YES/LIKELY","NO/NOT SHOWN","NO","False","DELETE_GENERATED","138faddfd9e5e1f3112cf47f237a879886284efb9f6c5f20ed9fab31c6d5d129"
".pio\build\esp32_035\FrameworkArduino\esp32-hal-bt.c.d",".d","16093","untracked","NO/NOT SHOWN","NO","NO","NO","YES/LIKELY","NO/NOT SHOWN","NO","False","DELETE_GENERATED","1104ec5e151c57e5e68191fca82c547e09a9f2b23f06de83f14aeab9c2194cfe"
".pio\build\esp32_035\FrameworkArduino\esp32-hal-bt.c.o",".o","33180","untracked","NO/NOT SHOWN","NO","NO","NO","YES/LIKELY","NO/NOT SHOWN","NO","False","DELETE_GENERATED","d829531074f75ebd2bb7199f7b9e38467acd2e7e3264f239c9b4ecc36c67b38e"
".pio\build\esp32_035\FrameworkArduino\esp32-hal-cpu.c.d",".d","18616","untracked","NO/NOT SHOWN","NO","NO","NO","YES/LIKELY","NO/NOT SHOWN","NO","False","DELETE_GENERATED","211238286c7dd042988557adfd24ed4e8519f6e8d8e6b2978542d367627f37f3"
".pio\build\esp32_035\FrameworkArduino\esp32-hal-cpu.c.o",".o","86388","untracked","NO/NOT SHOWN","NO","NO","NO","YES/LIKELY","NO/NOT SHOWN","NO","False","DELETE_GENERATED","d20c46f8917f5879e1a73606e324603e7c37b9a6371d5ee9279b9f6aa2b8501a"
".pio\build\esp32_035\FrameworkArduino\esp32-hal-dac.c.d",".d","16221","untracked","NO/NOT SHOWN","NO","NO","NO","YES/LIKELY","NO/NOT SHOWN","NO","False","DELETE_GENERATED","817297f91880d1470bce6b8a30b217c72b474edf07f9f793eaaec0c799ba0651"
".pio\build\esp32_035\FrameworkArduino\esp32-hal-dac.c.o",".o","24808","untracked","NO/NOT SHOWN","NO","NO","NO","YES/LIKELY","NO/NOT SHOWN","NO","False","DELETE_GENERATED","d366676d8dbc67a40948c8480ba00d0e12f3d5c31a90369caa6ab06d6d284f3b"
".pio\build\esp32_035\FrameworkArduino\esp32-hal-gpio.c.d",".d","18410","untracked","NO/NOT SHOWN","NO","NO","NO","YES/LIKELY","NO/NOT SHOWN","NO","False","DELETE_GENERATED","23785058f6147765af57d5b72f48f150ae76e543c541e16f89421d1f027cc86d"
".pio\build\esp32_035\FrameworkArduino\esp32-hal-gpio.c.o",".o","87172","untracked","NO/NOT SHOWN","NO","NO","NO","YES/LIKELY","NO/NOT SHOWN","NO","False","DELETE_GENERATED","b69654f21ea99cc69e0317886264e20f978789880ef0d810f6e2dc94a3969f71"
".pio\build\esp32_035\FrameworkArduino\esp32-hal-i2c.c.d",".d","17135","untracked","NO/NOT SHOWN","NO","NO","NO","YES/LIKELY","NO/NOT SHOWN","NO","False","DELETE_GENERATED","5c8d7f5105bf7215436289275e5185aaee3918fbe1d10f14e86cf2e29cd101dd"
".pio\build\esp32_035\FrameworkArduino\esp32-hal-i2c.c.o",".o","71640","untracked","NO/NOT SHOWN","NO","NO","NO","YES/LIKELY","NO/NOT SHOWN","NO","False","DELETE_GENERATED","15cbd2efd4cd5ae235bba699017c142caf21eb0ba57fcf5739892349e787cbc4"
".pio\build\esp32_035\FrameworkArduino\esp32-hal-i2c-slave.c.d",".d","14263","untracked","NO/NOT SHOWN","NO","NO","NO","YES/LIKELY","NO/NOT SHOWN","NO","False","DELETE_GENERATED","fab51182a0b167670baab185b399e12cf3c21a28fed87b53b5c876c2ddced4ec"
".pio\build\esp32_035\FrameworkArduino\esp32-hal-i2c-slave.c.o",".o","120968","untracked","NO/NOT SHOWN","NO","NO","NO","YES/LIKELY","NO/NOT SHOWN","NO","False","DELETE_GENERATED","2ab2c7c36bfa1b5aa7d4e728d527ab4be716a9f6a3998fe5b9ab731415f51d83"
".pio\build\esp32_035\FrameworkArduino\esp32-hal-ledc.c.d",".d","16226","untracked","NO/NOT SHOWN","NO","NO","NO","YES/LIKELY","NO/NOT SHOWN","NO","False","DELETE_GENERATED","4fe7c32319e43b10a63e70b3ce6834e368a7fc01678b6b3778abc4d00479a4d0"
".pio\build\esp32_035\FrameworkArduino\esp32-hal-ledc.c.o",".o","62436","untracked","NO/NOT SHOWN","NO","NO","NO","YES/LIKELY","NO/NOT SHOWN","NO","False","DELETE_GENERATED","fabe663424e8a1bb9b85d237b8e3444e9dc5c455c783442511abd57cd5050a3b"
".pio\build\esp32_035\FrameworkArduino\esp32-hal-matrix.c.d",".d","15774","untracked","NO/NOT SHOWN","NO","NO","NO","YES/LIKELY","POSSIBLE - REVIEW","NO","False","DELETE_GENERATED","ad486445476f0220ae3af489f50c6a65f5dc869f1e3dce870ad52e05032780a7"
".pio\build\esp32_035\FrameworkArduino\esp32-hal-matrix.c.o",".o","25788","untracked","NO/NOT SHOWN","NO","NO","NO","YES/LIKELY","POSSIBLE - REVIEW","NO","False","DELETE_GENERATED","19e7d981fe473ca828a62746066ba1c561d1024798b27307480bf9684c4177d1"
".pio\build\esp32_035\FrameworkArduino\esp32-hal-misc.c.d",".d","20577","untracked","NO/NOT SHOWN","NO","NO","NO","YES/LIKELY","NO/NOT SHOWN","NO","False","DELETE_GENERATED","6487819857ad484cc30fac6aea48b2af908a5a6d153a35ce123e8e44f1294701"
".pio\build\esp32_035\FrameworkArduino\esp32-hal-misc.c.o",".o","100960","untracked","NO/NOT SHOWN","NO","NO","NO","YES/LIKELY","NO/NOT SHOWN","NO","False","DELETE_GENERATED","6d66b4faa0e2619a28e98c77b83c4ad68d6566cc0fc1fc7fc407c45e3b0c70e9"
".pio\build\esp32_035\FrameworkArduino\esp32-hal-psram.c.d",".d","15618","untracked","NO/NOT SHOWN","NO","NO","NO","YES/LIKELY","NO/NOT SHOWN","NO","False","DELETE_GENERATED","dc7374e2684813e3fef888aa2b5e41775820985291a6ea00ef2c130c1eda72dd"
".pio\build\esp32_035\FrameworkArduino\esp32-hal-psram.c.o",".o","24668","untracked","NO/NOT SHOWN","NO","NO","NO","YES/LIKELY","NO/NOT SHOWN","NO","False","DELETE_GENERATED","c8be82dedf78fa8971b97d5d9b8eb45e69dd8ff40d6a2aca8d295384bd2f8d76"
".pio\build\esp32_035\FrameworkArduino\esp32-hal-rgb-led.c.d",".d","15622","untracked","NO/NOT SHOWN","NO","NO","NO","YES/LIKELY","NO/NOT SHOWN","NO","False","DELETE_GENERATED","00f29e471b6457088d425774e84505ef282d5d332ad54363904aebd76162f7db"
".pio\build\esp32_035\FrameworkArduino\esp32-hal-rgb-led.c.o",".o","28956","untracked","NO/NOT SHOWN","NO","NO","NO","YES/LIKELY","NO/NOT SHOWN","NO","False","DELETE_GENERATED","602b401ddd0e1d36d9869223fe2fa95adb4801e17fbcd3f87c3f0628bbce5f7d"
".pio\build\esp32_035\FrameworkArduino\esp32-hal-rmt.c.d",".d","16224","untracked","NO/NOT SHOWN","NO","NO","NO","YES/LIKELY","NO/NOT SHOWN","NO","False","DELETE_GENERATED","391d0e38fc598306d4c2a8b09df25f4cd10b8949c7a421ce62db0e95d5663dab"
".pio\build\esp32_035\FrameworkArduino\esp32-hal-rmt.c.o",".o","96756","untracked","NO/NOT SHOWN","NO","NO","NO","YES/LIKELY","NO/NOT SHOWN","NO","False","DELETE_GENERATED","297188945926d8bde2081c243e83e586ffa0163720aab74a5e386606ef55a5a7"
".pio\build\esp32_035\FrameworkArduino\esp32-hal-sigmadelta.c.d",".d","16409","untracked","NO/NOT SHOWN","NO","NO","NO","YES/LIKELY","NO/NOT SHOWN","NO","False","DELETE_GENERATED","3f01fa21b48837b1cec476c9eded7028b8b0b7490b85cf91e6ff309f98018565"
".pio\build\esp32_035\FrameworkArduino\esp32-hal-sigmadelta.c.o",".o","33324","untracked","NO/NOT SHOWN","NO","NO","NO","YES/LIKELY","NO/NOT SHOWN","NO","False","DELETE_GENERATED","e92e1068cc5cf9be2f578d2da741133ae08459007bf370330aafea53055eb83b"
".pio\build\esp32_035\FrameworkArduino\esp32-hal-spi.c.d",".d","18397","untracked","NO/NOT SHOWN","NO","NO","NO","YES/LIKELY","NO/NOT SHOWN","NO","False","DELETE_GENERATED","54ab7aafbf0285d115c743a6ae56b69162a87207325d17c7316275fdcc5d9d6a"
".pio\build\esp32_035\FrameworkArduino\esp32-hal-spi.c.o",".o","192676","untracked","NO/NOT SHOWN","NO","NO","NO","YES/LIKELY","NO/NOT SHOWN","NO","False","DELETE_GENERATED","f596a43e415eefe41064040a115bbbacec261b9eecfc47d7521e01559bb17fb7"
".pio\build\esp32_035\FrameworkArduino\esp32-hal-time.c.d",".d","22055","untracked","NO/NOT SHOWN","NO","NO","NO","YES/LIKELY","NO/NOT SHOWN","NO","False","DELETE_GENERATED","c1b6cc6aa54595ac84b7074264b78c731270139ad938972048d20b931a056734"
".pio\build\esp32_035\FrameworkArduino\esp32-hal-time.c.o",".o","38820","untracked","NO/NOT SHOWN","NO","NO","NO","YES/LIKELY","NO/NOT SHOWN","NO","False","DELETE_GENERATED","dc64797a795df0744728678094da2ffa35cee9e2e77638f330a197abd487aca4"
".pio\build\esp32_035\FrameworkArduino\esp32-hal-timer.c.d",".d","16548","untracked","NO/NOT SHOWN","NO","NO","NO","YES/LIKELY","NO/NOT SHOWN","NO","False","DELETE_GENERATED","5bec3afee5ffe5b9d419dea7c30100737f5abf333aaad12b9f6d6425af796ba4"
".pio\build\esp32_035\FrameworkArduino\esp32-hal-timer.c.o",".o","77176","untracked","NO/NOT SHOWN","NO","NO","NO","YES/LIKELY","NO/NOT SHOWN","NO","False","DELETE_GENERATED","82ed66aa37ea5d78989854bf966f0bc33060115c9b267a3572050cbfd7f7c85c"
".pio\build\esp32_035\FrameworkArduino\esp32-hal-tinyusb.c.d",".d","331","untracked","NO/NOT SHOWN","NO","NO","NO","YES/LIKELY","NO/NOT SHOWN","NO","False","DELETE_GENERATED","f4741b69d19d2df7afc076d1b48f88bf1f02157523405ec54081934eb8134f3a"
".pio\build\esp32_035\FrameworkArduino\esp32-hal-tinyusb.c.o",".o","1200","untracked","NO/NOT SHOWN","NO","NO","NO","YES/LIKELY","NO/NOT SHOWN","NO","False","DELETE_GENERATED","6b6ed4fa796bbb0924d9c403d058aa127830915c15bf188c3f7377ef0a3eb5e2"
".pio\build\esp32_035\FrameworkArduino\esp32-hal-touch.c.d",".d","16086","untracked","NO/NOT SHOWN","NO","NO","NO","YES/LIKELY","NO/NOT SHOWN","NO","False","DELETE_GENERATED","f6d94763cf1dd8dd3057f94edc88e887d4977ea0f6ce1474300eb59db5bb4136"
".pio\build\esp32_035\FrameworkArduino\esp32-hal-touch.c.o",".o","49464","untracked","NO/NOT SHOWN","NO","NO","NO","YES/LIKELY","NO/NOT SHOWN","NO","False","DELETE_GENERATED","4679e99c711d45f8e28be8f4976031d23451801c480815e5051ef55b8598d7a1"
".pio\build\esp32_035\FrameworkArduino\esp32-hal-uart.c.d",".d","18227","untracked","NO/NOT SHOWN","NO","NO","NO","YES/LIKELY","NO/NOT SHOWN","NO","False","DELETE_GENERATED","60a7da22a7b1e3cd2af890c728782f1b1d4edf9adc9bcc22856ccc527faeb78a"
".pio\build\esp32_035\FrameworkArduino\esp32-hal-uart.c.o",".o","169368","untracked","NO/NOT SHOWN","NO","NO","NO","YES/LIKELY","NO/NOT SHOWN","NO","False","DELETE_GENERATED","f800b51a972a229ab36eae11505e0123438fe367df26ca2ad63755147c6bec87"
".pio\build\esp32_035\FrameworkArduino\firmware_msc_fat.c.d",".d","315","untracked","NO/NOT SHOWN","NO","NO","NO","YES/LIKELY","NO/NOT SHOWN","NO","False","DELETE_GENERATED","b105a0b0e60be4dc3578fd6d75635064f7533aa7a06a2719fd2af4909ca8da26"
".pio\build\esp32_035\FrameworkArduino\firmware_msc_fat.c.o",".o","41400","untracked","NO/NOT SHOWN","NO","NO","NO","YES/LIKELY","NO/NOT SHOWN","NO","False","DELETE_GENERATED","6f607deaec7f4304f12daa64fd18e91d8ab2a4510385c9c6d3b8d82b249de385"
".pio\build\esp32_035\FrameworkArduino\FirmwareMSC.cpp.d",".d","562","untracked","NO/NOT SHOWN","NO","NO","NO","YES/LIKELY","NO/NOT SHOWN","NO","False","DELETE_GENERATED","5ee93815386d6ade0d7953995f96a72199d4c9e76faeae1fb771c0ce8e0ba5af"
".pio\build\esp32_035\FrameworkArduino\FirmwareMSC.cpp.o",".o","1956","untracked","NO/NOT SHOWN","NO","NO","NO","YES/LIKELY","NO/NOT SHOWN","NO","False","DELETE_GENERATED","9ec8c2a312bb56d6347e8856384e3d3dbaed5cb03e2d267a43a40398f3f300d7"
".pio\build\esp32_035\FrameworkArduino\FunctionalInterrupt.cpp.d",".d","19830","untracked","NO/NOT SHOWN","NO","NO","NO","YES/LIKELY","NO/NOT SHOWN","NO","False","DELETE_GENERATED","de9251880f99bbe399a670485ed047bfa4d5cb77536d2d8d4d4ddf6328f72fc5"
".pio\build\esp32_035\FrameworkArduino\FunctionalInterrupt.cpp.o",".o","93416","untracked","NO/NOT SHOWN","NO","NO","NO","YES/LIKELY","NO/NOT SHOWN","NO","False","DELETE_GENERATED","b71cfc5b146c93684d3fabcac8d43fcf979af32afc1b1c37e80bb46a1613783d"
".pio\build\esp32_035\FrameworkArduino\HardwareSerial.cpp.d",".d","19998","untracked","NO/NOT SHOWN","NO","NO","NO","YES/LIKELY","NO/NOT SHOWN","NO","False","DELETE_GENERATED","14759e71abf4ed98a7fcc15cbb63a1eff65f2b420c0b70bb341bc4c985eb241c"
".pio\build\esp32_035\FrameworkArduino\HardwareSerial.cpp.o",".o","197396","untracked","NO/NOT SHOWN","NO","NO","NO","YES/LIKELY","NO/NOT SHOWN","NO","False","DELETE_GENERATED","76be19d6b7d0e6ca9e2ee4fec9d7a5af7cd6ebe5b6df6db412bcbaa48d3cc7cb"
".pio\build\esp32_035\FrameworkArduino\HWCDC.cpp.d",".d","425","untracked","NO/NOT SHOWN","NO","NO","NO","YES/LIKELY","NO/NOT SHOWN","NO","False","DELETE_GENERATED","27051ce387fae1937af7d1fd487b7c72600f35fc9c8059aa7704ac281f2599f3"
".pio\build\esp32_035\FrameworkArduino\HWCDC.cpp.o",".o","1204","untracked","NO/NOT SHOWN","NO","NO","NO","YES/LIKELY","NO/NOT SHOWN","NO","False","DELETE_GENERATED","ed040f192ff7f68709e3a58b3bc68c8ba070ace94c316e01afc83e2e9716426f"
".pio\build\esp32_035\FrameworkArduino\IPAddress.cpp.d",".d","19796","untracked","NO/NOT SHOWN","NO","NO","NO","YES/LIKELY","NO/NOT SHOWN","NO","False","DELETE_GENERATED","699abb7b2f55bfa49b957cdf44e1f92afbb6518950785827bebb87e4e284e32a"
".pio\build\esp32_035\FrameworkArduino\IPAddress.cpp.o",".o","105468","untracked","NO/NOT SHOWN","NO","NO","NO","YES/LIKELY","NO/NOT SHOWN","NO","False","DELETE_GENERATED","c3c296cf952c8de14c6eb96e00c3e86671197a9700b577a7a4519b994417fe1c"
".pio\build\esp32_035\FrameworkArduino\IPv6Address.cpp.d",".d","19922","untracked","NO/NOT SHOWN","NO","NO","NO","YES/LIKELY","NO/NOT SHOWN","NO","False","DELETE_GENERATED","44005da67b6e56fa82648e43a12ad6e15aa82094c917e60ef30af6d8ba00d87d"
".pio\build\esp32_035\FrameworkArduino\IPv6Address.cpp.o",".o","100848","untracked","NO/NOT SHOWN","NO","NO","NO","YES/LIKELY","NO/NOT SHOWN","NO","False","DELETE_GENERATED","6fae9c9e764ab891ae8310935c7831309dd9050136a6a021766c953c1cdec128"
".pio\build\esp32_035\FrameworkArduino\libb64\cdecode.c.d",".d","309","untracked","NO/NOT SHOWN","NO","NO","NO","YES/LIKELY","NO/NOT SHOWN","NO","False","DELETE_GENERATED","5e8288008ab2e38e024faba027864b295cc650fc3d172de01a43fa2abaf734ef"
".pio\build\esp32_035\FrameworkArduino\libb64\cdecode.c.o",".o","19396","untracked","NO/NOT SHOWN","NO","NO","NO","YES/LIKELY","NO/NOT SHOWN","NO","False","DELETE_GENERATED","943b8e1e0f74c90f51a5a19884de27c8b45125a8eb5f57665495471c1cf4df61"
".pio\build\esp32_035\FrameworkArduino\libb64\cencode.c.d",".d","309","untracked","NO/NOT SHOWN","NO","NO","NO","YES/LIKELY","NO/NOT SHOWN","NO","False","DELETE_GENERATED","276a149bcbb635cabbc4a488d0e97d8cedaa89947595880d0b327d4f49cac551"
".pio\build\esp32_035\FrameworkArduino\libb64\cencode.c.o",".o","16176","untracked","NO/NOT SHOWN","NO","NO","NO","YES/LIKELY","NO/NOT SHOWN","NO","False","DELETE_GENERATED","73bf8db091e8663c1bdd29d10d03a8d17bfad186a21e617182c6e8ae32213465"
".pio\build\esp32_035\FrameworkArduino\main.cpp.d",".d","20118","untracked","NO/NOT SHOWN","NO","NO","NO","YES/LIKELY","NO/NOT SHOWN","NO","False","DELETE_GENERATED","2664a05ac541c039ddec164456208f98071c4520360f889c5936ba865c259c99"
".pio\build\esp32_035\FrameworkArduino\main.cpp.o",".o","87716","untracked","NO/NOT SHOWN","NO","NO","NO","YES/LIKELY","NO/NOT SHOWN","NO","False","DELETE_GENERATED","53b72cd45330eed648c7386a96627764f69ace5f852736205b06147dab04c786"
".pio\build\esp32_035\FrameworkArduino\MD5Builder.cpp.d",".d","19953","untracked","NO/NOT SHOWN","NO","NO","NO","YES/LIKELY","NO/NOT SHOWN","NO","False","DELETE_GENERATED","b8f10797bf27befb806308737a8bb90d55500efbf0bf69b50ce1de3d638e9330"
".pio\build\esp32_035\FrameworkArduino\MD5Builder.cpp.o",".o","100708","untracked","NO/NOT SHOWN","NO","NO","NO","YES/LIKELY","NO/NOT SHOWN","NO","False","DELETE_GENERATED","ca5e1b34a88d7f97a0a04270d169a6555f656151aa94a8f55dcdcd3934c4d19d"
".pio\build\esp32_035\FrameworkArduino\Print.cpp.d",".d","19672","untracked","NO/NOT SHOWN","NO","NO","NO","YES/LIKELY","NO/NOT SHOWN","NO","False","DELETE_GENERATED","95cda4e112af2aaa3c7d04b8b9e185681e6f1a32ca7813e74595a402ad0f6a93"
".pio\build\esp32_035\FrameworkArduino\Print.cpp.o",".o","155768","untracked","NO/NOT SHOWN","NO","NO","NO","YES/LIKELY","NO/NOT SHOWN","NO","False","DELETE_GENERATED","5004085610f8d33f687e1e4faf166b2ea2ba83861432cde89cb761c6501a97da"
".pio\build\esp32_035\FrameworkArduino\stdlib_noniso.c.d",".d","1690","untracked","NO/NOT SHOWN","NO","NO","NO","YES/LIKELY","NO/NOT SHOWN","NO","False","DELETE_GENERATED","804b8a00c615fb6f4eb24865c4bdff2a74cbafff06947690d02e483268543aa7"
".pio\build\esp32_035\FrameworkArduino\stdlib_noniso.c.o",".o","31036","untracked","NO/NOT SHOWN","NO","NO","NO","YES/LIKELY","NO/NOT SHOWN","NO","False","DELETE_GENERATED","0c5c10be96cf6c13e5383ca654aade200401d146488a0709491f8e481b406a60"
".pio\build\esp32_035\FrameworkArduino\Stream.cpp.d",".d","19674","untracked","NO/NOT SHOWN","NO","NO","NO","YES/LIKELY","NO/NOT SHOWN","NO","False","DELETE_GENERATED","58b2caf7453e83a10ca17ad937ef0ccd4707c49e19fad7e9f0ac843de18955be"
".pio\build\esp32_035\FrameworkArduino\Stream.cpp.o",".o","126748","untracked","NO/NOT SHOWN","NO","NO","NO","YES/LIKELY","NO/NOT SHOWN","NO","False","DELETE_GENERATED","62fdeb2d7628e47465d1e02ec894862d59b396b7611fe09df4ab125543dd0ca3"
".pio\build\esp32_035\FrameworkArduino\StreamString.cpp.d",".d","19809","untracked","NO/NOT SHOWN","NO","NO","NO","YES/LIKELY","NO/NOT SHOWN","NO","False","DELETE_GENERATED","e6077cdac3aadfa3a2cc3183d091aa54c4bee7a56c1b0cec64ec65794368b8d6"
".pio\build\esp32_035\FrameworkArduino\StreamString.cpp.o",".o","103384","untracked","NO/NOT SHOWN","NO","NO","NO","YES/LIKELY","NO/NOT SHOWN","NO","False","DELETE_GENERATED","94ff023013497e314ff18e627e226cf5c1d657dfb6aad9bfc2d27b1406b0751b"
".pio\build\esp32_035\FrameworkArduino\Tone.cpp.d",".d","19670","untracked","NO/NOT SHOWN","NO","NO","NO","YES/LIKELY","NO/NOT SHOWN","NO","False","DELETE_GENERATED","91c6f7de8b360a30157f2abe1caa97998a2585dc987e111dc8b27411cbd56af7"
".pio\build\esp32_035\FrameworkArduino\Tone.cpp.o",".o","96424","untracked","NO/NOT SHOWN","NO","NO","NO","YES/LIKELY","NO/NOT SHOWN","NO","False","DELETE_GENERATED","5df4c3eaa7bb88c8acebb8a8b438335979108fb85b5d5439ff5f077242bb7c9a"
".pio\build\esp32_035\FrameworkArduino\USB.cpp.d",".d","421","untracked","NO/NOT SHOWN","NO","NO","NO","YES/LIKELY","NO/NOT SHOWN","NO","False","DELETE_GENERATED","9d2509936c8df174e8210504704b982df61821a6e2ae8be2c8fa7f8a8cccf7a5"
".pio\build\esp32_035\FrameworkArduino\USB.cpp.o",".o","1200","untracked","NO/NOT SHOWN","NO","NO","NO","YES/LIKELY","NO/NOT SHOWN","NO","False","DELETE_GENERATED","9f1c35209691ca09da7e93a7f0030125d1cac854499e39c40fee950fd8c1e0ff"
".pio\build\esp32_035\FrameworkArduino\USBCDC.cpp.d",".d","427","untracked","NO/NOT SHOWN","NO","NO","NO","YES/LIKELY","NO/NOT SHOWN","NO","False","DELETE_GENERATED","7fe68a0cc38c117741a04f0b99ca5ee34952c9eab82e945e0459b1b6b4e37f23"
".pio\build\esp32_035\FrameworkArduino\USBCDC.cpp.o",".o","1208","untracked","NO/NOT SHOWN","NO","NO","NO","YES/LIKELY","NO/NOT SHOWN","NO","False","DELETE_GENERATED","98c97684b960234a4784e3d4cf857a128925f110d3a4c05b1b1b4bbcc9a59466"
".pio\build\esp32_035\FrameworkArduino\USBMSC.cpp.d",".d","430","untracked","NO/NOT SHOWN","NO","NO","NO","YES/LIKELY","NO/NOT SHOWN","NO","False","DELETE_GENERATED","476dd56bd608cd9a33cfe75c23e308d33070bd9ba369a1f3ed446977c00c9727"
".pio\build\esp32_035\FrameworkArduino\USBMSC.cpp.o",".o","1944","untracked","NO/NOT SHOWN","NO","NO","NO","YES/LIKELY","NO/NOT SHOWN","NO","False","DELETE_GENERATED","8b8031fc2f1d4fd5dc6e2895afa10f7c95e27524284989f90a1d6a8f910fd812"
".pio\build\esp32_035\FrameworkArduino\wiring_pulse.c.d",".d","16474","untracked","NO/NOT SHOWN","NO","NO","NO","YES/LIKELY","NO/NOT SHOWN","NO","False","DELETE_GENERATED","b63be5d62d0f45a56ece96e0864dcb46e967e01974dab5bcddc172d586f52afc"
".pio\build\esp32_035\FrameworkArduino\wiring_pulse.c.o",".o","28268","untracked","NO/NOT SHOWN","NO","NO","NO","YES/LIKELY","NO/NOT SHOWN","NO","False","DELETE_GENERATED","edd401166814036e3ffe9e1bf49b677f72bccf723bc70c2ce5707ba4bb30b58e"
".pio\build\esp32_035\FrameworkArduino\wiring_shift.c.d",".d","16474","untracked","NO/NOT SHOWN","NO","NO","NO","YES/LIKELY","NO/NOT SHOWN","NO","False","DELETE_GENERATED","8ba48a83364d746530c2ddb76baf15fdddc067e0d0a902392b4bd9456d17ccaf"
".pio\build\esp32_035\FrameworkArduino\wiring_shift.c.o",".o","26184","untracked","NO/NOT SHOWN","NO","NO","NO","YES/LIKELY","NO/NOT SHOWN","NO","False","DELETE_GENERATED","b7dd34968fe09f3d6ddee5385bf4eea10d170058b76acb6ebf1612502dfce9ef"
".pio\build\esp32_035\FrameworkArduino\WMath.cpp.d",".d","2585","untracked","NO/NOT SHOWN","NO","NO","NO","YES/LIKELY","NO/NOT SHOWN","NO","False","DELETE_GENERATED","e4858ce19ef3d1e23402f218d8a90f91f16f9fffab078de98eb9daed0a2e969f"
".pio\build\esp32_035\FrameworkArduino\WMath.cpp.o",".o","24884","untracked","NO/NOT SHOWN","NO","NO","NO","YES/LIKELY","NO/NOT SHOWN","NO","False","DELETE_GENERATED","4ff793f362004867cbde9465df7b44d44940c348b537771c5978d5a067b354fb"
".pio\build\esp32_035\FrameworkArduino\WString.cpp.d",".d","19676","untracked","NO/NOT SHOWN","NO","NO","NO","YES/LIKELY","NO/NOT SHOWN","NO","False","DELETE_GENERATED","372347079a12b1d244ebdf5de34cf160c615cf463084481e72d49abb3bc43769"
".pio\build\esp32_035\FrameworkArduino\WString.cpp.o",".o","284136","untracked","NO/NOT SHOWN","NO","NO","NO","YES/LIKELY","NO/NOT SHOWN","NO","False","DELETE_GENERATED","c3029a49dc9ca50a9c260c05b70b92d2436b34ad36aefd5b173afffedbee5b04"
".pio\build\esp32_035\lib2a0\libPreferences.a",".a","204720","untracked","NO/NOT SHOWN","NO","NO","NO","YES/LIKELY","NO/NOT SHOWN","NO","False","DELETE_GENERATED","fba2f1eca11575a1d930967b9a490f520a4ee5a756184735c20ee837e324456d"
".pio\build\esp32_035\lib2a0\Preferences\Preferences.cpp.d",".d","20274","untracked","NO/NOT SHOWN","NO","NO","NO","YES/LIKELY","NO/NOT SHOWN","NO","False","DELETE_GENERATED","1c735a7f421eff70251e550db3b359094cc827b387fcb95930e9b895828545bb"
".pio\build\esp32_035\lib2a0\Preferences\Preferences.cpp.o",".o","202984","untracked","NO/NOT SHOWN","NO","NO","NO","YES/LIKELY","NO/NOT SHOWN","NO","False","DELETE_GENERATED","1edcfc8d22637191790e0dd4ae8974bc2d0bad5d64de61d593a0186e73cb11bb"
".pio\build\esp32_035\lib56b\libTFT_eSPI.a",".a","1149912","untracked","NO/NOT SHOWN","NO","NO","NO","YES/LIKELY","NO/NOT SHOWN","NO","False","DELETE_GENERATED","5e94bb9c9fa8b931f8cee6dbd2f65b241db4843087b012d55af792ac1a6c7153"
".pio\build\esp32_035\lib56b\TFT_eSPI\TFT_eSPI.cpp.d",".d","23656","untracked","NO/NOT SHOWN","NO","NO","NO","YES/LIKELY","NO/NOT SHOWN","NO","False","DELETE_GENERATED","7ad49d8f5a4ad2c1ad378242f79da8b641950f4c3e66816775de4cb03bb243ed"
".pio\build\esp32_035\lib56b\TFT_eSPI\TFT_eSPI.cpp.o",".o","1141088","untracked","NO/NOT SHOWN","NO","NO","NO","YES/LIKELY","NO/NOT SHOWN","NO","False","DELETE_GENERATED","02f243fff0cb3968eaa4ab1d79f3aaa2721b711826d9e5d9be9f52d9d3ed74d5"
".pio\build\esp32_035\lib68b\libSPI.a",".a","135290","untracked","NO/NOT SHOWN","NO","NO","NO","YES/LIKELY","NO/NOT SHOWN","NO","False","DELETE_GENERATED","faa2016cdf43f20674a4b871f5abb9377a672d595573d7c9261d82c31a8393c7"
".pio\build\esp32_035\lib68b\SPI\SPI.cpp.d",".d","20159","untracked","NO/NOT SHOWN","NO","NO","NO","YES/LIKELY","NO/NOT SHOWN","NO","False","DELETE_GENERATED","ecd87108a6553987ef60fbad4b53dfa4006e9422db2c0ce86ec845dc523f378a"
".pio\build\esp32_035\lib68b\SPI\SPI.cpp.o",".o","134316","untracked","NO/NOT SHOWN","NO","NO","NO","YES/LIKELY","NO/NOT SHOWN","NO","False","DELETE_GENERATED","319530f596302926a80c5a8af7cba1de7a882930b5fe26ab20df4a950e74358b"
".pio\build\esp32_035\lib799\libSmartLockWebServer.a",".a","944276","untracked","NO/NOT SHOWN","NO","NO","NO","YES/LIKELY","NO/NOT SHOWN","NO","False","DELETE_GENERATED","2219c52841ab114c4562d3155105ee1a54d1c28e01bd74765d5078225f7c7ad6"
".pio\build\esp32_035\lib799\SmartLockWebServer\detail\mimetable.cpp.d",".d","293","untracked","NO/NOT SHOWN","NO","NO","NO","YES/LIKELY","NO/NOT SHOWN","NO","False","DELETE_GENERATED","4e7466ee9b6151d9f881f2ed0e9fa23995fc2778f3145d56e0315513e344f429"
".pio\build\esp32_035\lib799\SmartLockWebServer\detail\mimetable.cpp.o",".o","3904","untracked","NO/NOT SHOWN","NO","NO","NO","YES/LIKELY","NO/NOT SHOWN","NO","False","DELETE_GENERATED","8ef755147537a9b2c9f6e268f1a0ab2b6d2be8784790b0f1930f6e09ba389b91"
".pio\build\esp32_035\lib799\SmartLockWebServer\Parsing.cpp.d",".d","29361","untracked","NO/NOT SHOWN","NO","NO","NO","YES/LIKELY","NO/NOT SHOWN","NO","False","DELETE_GENERATED","605490fede9c5a945e0cce763cbb712f2d76a924afe81470fec8e6358120773f"
".pio\build\esp32_035\lib799\SmartLockWebServer\Parsing.cpp.o",".o","342116","untracked","NO/NOT SHOWN","NO","NO","NO","YES/LIKELY","NO/NOT SHOWN","NO","False","DELETE_GENERATED","1046e4d61551f77e1e5319ebb7ac39610fba4ddbce29d9daacef3e620a939b46"
".pio\build\esp32_035\lib799\SmartLockWebServer\WebServer.cpp.d",".d","29975","untracked","NO/NOT SHOWN","NO","NO","NO","YES/LIKELY","NO/NOT SHOWN","NO","False","DELETE_GENERATED","6339b3783fb26378560eead2f28d72f03c0352937f495c95158b4b455bdd15ce"
".pio\build\esp32_035\lib799\SmartLockWebServer\WebServer.cpp.o",".o","592976","untracked","NO/NOT SHOWN","NO","NO","NO","YES/LIKELY","NO/NOT SHOWN","NO","False","DELETE_GENERATED","8c8ed84c2881536c582ed581678d79603bc43efc9c020bd4961c7783afa7d1b7"
".pio\build\esp32_035\lib831\libSPIFFS.a",".a","165706","untracked","NO/NOT SHOWN","NO","NO","NO","YES/LIKELY","NO/NOT SHOWN","NO","False","DELETE_GENERATED","06ffe5408dffcef4307292eda494d3987dd2da45c5319cef9975b66e75555268"
".pio\build\esp32_035\lib831\SPIFFS\SPIFFS.cpp.d",".d","20435","untracked","NO/NOT SHOWN","NO","NO","NO","YES/LIKELY","NO/NOT SHOWN","NO","False","DELETE_GENERATED","68cf20069d2b44f7f4cd042ab82bdc280f686bc695985e8b6c608b64007d4ab3"
".pio\build\esp32_035\lib831\SPIFFS\SPIFFS.cpp.o",".o","164448","untracked","NO/NOT SHOWN","NO","NO","NO","YES/LIKELY","NO/NOT SHOWN","NO","False","DELETE_GENERATED","432e6cb01faa05bc0f789095a15e5393a93b16579e9131efb2b41b1d27c2bc79"
".pio\build\esp32_035\lib848\libLittleFS.a",".a","166188","untracked","NO/NOT SHOWN","NO","NO","NO","YES/LIKELY","NO/NOT SHOWN","NO","False","DELETE_GENERATED","4abcf704033084bb1d9d7d2a5c2a30644f9940b2c22f077a38ddcee349764656"
".pio\build\esp32_035\lib848\LittleFS\LittleFS.cpp.d",".d","20455","untracked","NO/NOT SHOWN","NO","NO","NO","YES/LIKELY","NO/NOT SHOWN","NO","False","DELETE_GENERATED","47d78fd7ac636470570539d50903364b1ce2716221181ee564ff3c48f14d8176"
".pio\build\esp32_035\lib848\LittleFS\LittleFS.cpp.o",".o","164872","untracked","NO/NOT SHOWN","NO","NO","NO","YES/LIKELY","NO/NOT SHOWN","NO","False","DELETE_GENERATED","674472dcc676f8de6c2500696450b53835fe9e1b80ad3a19d78f73d44eb53ea1"
".pio\build\esp32_035\lib949\libWiFiClientSecure.a",".a","550356","untracked","NO/NOT SHOWN","NO","NO","NO","YES/LIKELY","NO/NOT SHOWN","NO","False","DELETE_GENERATED","d71ec43d56def59312209637cea6ae93aefa7a7425c1776e79553aeee181611c"
".pio\build\esp32_035\lib949\WiFiClientSecure\esp_crt_bundle.c.d",".d","6610","untracked","NO/NOT SHOWN","NO","NO","NO","YES/LIKELY","NO/NOT SHOWN","NO","False","DELETE_GENERATED","121efae0c8071ee6afbc52ddaf2cf910ec643050d2b1bf256a5fc1044d41776a"
".pio\build\esp32_035\lib949\WiFiClientSecure\esp_crt_bundle.c.o",".o","47576","untracked","NO/NOT SHOWN","NO","NO","NO","YES/LIKELY","NO/NOT SHOWN","NO","False","DELETE_GENERATED","cc9bdda7ae8e2390846777305c41c52b244a31ed175546870ce898e399268e52"
".pio\build\esp32_035\lib949\WiFiClientSecure\ssl_client.cpp.d",".d","37608","untracked","NO/NOT SHOWN","NO","NO","NO","YES/LIKELY","NO/NOT SHOWN","NO","False","DELETE_GENERATED","a7b5448130e780ae84c601f825c4d91ad266e753047e3c75992e9a458b40edb0"
".pio\build\esp32_035\lib949\WiFiClientSecure\ssl_client.cpp.o",".o","281816","untracked","NO/NOT SHOWN","NO","NO","NO","YES/LIKELY","NO/NOT SHOWN","NO","False","DELETE_GENERATED","0508a85b44801fa0b964d7b0f5e059ca856626a39b037ce10ac2ef04ddad2a63"
".pio\build\esp32_035\lib949\WiFiClientSecure\WiFiClientSecure.cpp.d",".d","37016","untracked","NO/NOT SHOWN","NO","NO","NO","YES/LIKELY","NO/NOT SHOWN","NO","False","DELETE_GENERATED","09cd7e49300b5382eda41bd019faf221755cfa34d52565c9779454d69258b9fc"
".pio\build\esp32_035\lib949\WiFiClientSecure\WiFiClientSecure.cpp.o",".o","217944","untracked","NO/NOT SHOWN","NO","NO","NO","YES/LIKELY","NO/NOT SHOWN","NO","False","DELETE_GENERATED","c470141df509f4bd86a941a28313f1e02047ade7f9c81c084807fff6e1c5b883"
".pio\build\esp32_035\liba3f\libSD.a",".a","383276","untracked","NO/NOT SHOWN","NO","NO","NO","YES/LIKELY","NO/NOT SHOWN","NO","False","DELETE_GENERATED","30cc1e550a03a7234da36fb97f10c22813256c58ea6c4e1fcbb277afe01f5b89"
".pio\build\esp32_035\liba3f\SD\SD.cpp.d",".d","21032","untracked","NO/NOT SHOWN","NO","NO","NO","YES/LIKELY","NO/NOT SHOWN","NO","False","DELETE_GENERATED","e220b3ced4eb745ab1c865cfa17355c35126ae498506cc3f7dc689d0e17d80c2"
".pio\build\esp32_035\liba3f\SD\SD.cpp.o",".o","158504","untracked","NO/NOT SHOWN","NO","NO","NO","YES/LIKELY","NO/NOT SHOWN","NO","False","DELETE_GENERATED","00d58ef333ad142968c338a530c0daa0856bc7b4012b25b0e24196475307e3d4"
".pio\build\esp32_035\liba3f\SD\sd_diskio.cpp.d",".d","23649","untracked","NO/NOT SHOWN","NO","NO","NO","YES/LIKELY","NO/NOT SHOWN","NO","False","DELETE_GENERATED","99257f13c9b0b5707f10ccce2fb499174dfa9d69b6a098074fc7a3df8a81e172"
".pio\build\esp32_035\liba3f\SD\sd_diskio.cpp.o",".o","214972","untracked","NO/NOT SHOWN","NO","NO","NO","YES/LIKELY","NO/NOT SHOWN","NO","False","DELETE_GENERATED","f34ca1fab5266f84805dee8192369082a2c5bb8717674a0257bc7974447f0b45"
".pio\build\esp32_035\liba3f\SD\sd_diskio_crc.c.d",".d","180","untracked","NO/NOT SHOWN","NO","NO","NO","YES/LIKELY","NO/NOT SHOWN","NO","False","DELETE_GENERATED","bfb2cdbe211cc0985d32a1e30123437c0de8a4d1a789b5feb11d1be731bb3b33"
".pio\build\esp32_035\liba3f\SD\sd_diskio_crc.c.o",".o","7684","untracked","NO/NOT SHOWN","NO","NO","NO","YES/LIKELY","NO/NOT SHOWN","NO","False","DELETE_GENERATED","de68c8c12f379e0ebf1eea21fc90c5546e19103ff578055de016371914ee95f9"
".pio\build\esp32_035\libbe2\ESPmDNS\ESPmDNS.cpp.d",".d","29839","untracked","NO/NOT SHOWN","NO","NO","NO","YES/LIKELY","NO/NOT SHOWN","NO","False","DELETE_GENERATED","2d3963ebb448e42ce1464a946566e1784e796eca1d85ac1f240c0dafe3e49666"
".pio\build\esp32_035\libbe2\ESPmDNS\ESPmDNS.cpp.o",".o","207340","untracked","NO/NOT SHOWN","NO","NO","NO","YES/LIKELY","NO/NOT SHOWN","NO","False","DELETE_GENERATED","489cf330ebe5a156d62c24a1148f2c4783f6ee6d2a193e0e1e337eb69e5f5a98"
".pio\build\esp32_035\libbe2\libESPmDNS.a",".a","208452","untracked","NO/NOT SHOWN","NO","NO","NO","YES/LIKELY","NO/NOT SHOWN","NO","False","DELETE_GENERATED","b4c2d0afd7e4f0e39d14d129b544e081a0b40b76f0080d10024b88f3a0ee4563"
".pio\build\esp32_035\libcc0\libQRCode.a",".a","120356","untracked","NO/NOT SHOWN","NO","NO","NO","YES/LIKELY","NO/NOT SHOWN","NO","False","DELETE_GENERATED","b202dd2f224d41d91ebcdfcaed8d52d14c111f9a8e1a778f4b399ed11105d71a"
".pio\build\esp32_035\libcc0\QRCode\qrcode.c.d",".d","142","untracked","NO/NOT SHOWN","NO","NO","NO","YES/LIKELY","NO/NOT SHOWN","NO","False","DELETE_GENERATED","3d624024220894f701cdb0e66ecb01682b42936b4516a7123dce584e4c6dc12f"
".pio\build\esp32_035\libcc0\QRCode\qrcode.c.o",".o","120136","untracked","NO/NOT SHOWN","NO","NO","NO","YES/LIKELY","NO/NOT SHOWN","NO","False","DELETE_GENERATED","1821942089312b208086930258625ed7c1db756fd7f0c269110d515cd977bef8"
".pio\build\esp32_035\libddb\FS\FS.cpp.d",".d","19904","untracked","NO/NOT SHOWN","NO","NO","NO","YES/LIKELY","NO/NOT SHOWN","NO","False","DELETE_GENERATED","3f44dfa0374fdf7adeb34d10212269140d9a105ec5eb43cb94972215d492a1b0"
".pio\build\esp32_035\libddb\FS\FS.cpp.o",".o","185252","untracked","NO/NOT SHOWN","NO","NO","NO","YES/LIKELY","NO/NOT SHOWN","NO","False","DELETE_GENERATED","27af36747994686a66e05b875d883fdf8c5f20a10676fb9a5b4287ae90f84644"
".pio\build\esp32_035\libddb\FS\vfs_api.cpp.d",".d","20037","untracked","NO/NOT SHOWN","NO","NO","NO","YES/LIKELY","NO/NOT SHOWN","NO","False","DELETE_GENERATED","0df212d5dafc82f0d6b2dc31c8bab0c75c81311933ddeabf3437fcf6feb152f6"
".pio\build\esp32_035\libddb\FS\vfs_api.cpp.o",".o","307244","untracked","NO/NOT SHOWN","NO","NO","NO","YES/LIKELY","NO/NOT SHOWN","NO","False","DELETE_GENERATED","7bbc58c45c82d5a7d08b7b2e107d878af94d659cbaf9f85ebafb23edbff8484f"
".pio\build\esp32_035\libddb\libFS.a",".a","496378","untracked","NO/NOT SHOWN","NO","NO","NO","YES/LIKELY","NO/NOT SHOWN","NO","False","DELETE_GENERATED","904f4e3f2b4b9e1bd0c7a1ccfaf61634925bb9468897aef56daf10cd03c0a4df"
".pio\build\esp32_035\libdde\DNSServer\DNSServer.cpp.d",".d","22237","untracked","NO/NOT SHOWN","NO","NO","NO","YES/LIKELY","NO/NOT SHOWN","NO","False","DELETE_GENERATED","04c90a4562fc3250d7eab69f413cf2647a93d59e8273053adaf301e66443a0dc"
".pio\build\esp32_035\libdde\DNSServer\DNSServer.cpp.o",".o","120276","untracked","NO/NOT SHOWN","NO","NO","NO","YES/LIKELY","NO/NOT SHOWN","NO","False","DELETE_GENERATED","d633be286824b7442e73e13bb3cfa536234936ddfb9785e27aca5790c0470266"
".pio\build\esp32_035\libdde\libDNSServer.a",".a","120926","untracked","NO/NOT SHOWN","NO","NO","NO","YES/LIKELY","NO/NOT SHOWN","NO","False","DELETE_GENERATED","a5c62d153a0148690fb731daefa1036176b3775c6b4f332434fc5406a389eb5c"
".pio\build\esp32_035\libe0b\libWiFi.a",".a","1982148","untracked","NO/NOT SHOWN","NO","NO","NO","YES/LIKELY","NO/NOT SHOWN","NO","False","DELETE_GENERATED","2dc237e79b2ddb078c9bba3019b126a186fb368d079eb161883a0769bcb2e616"
".pio\build\esp32_035\libe0b\WiFi\WiFi.cpp.d",".d","29711","untracked","NO/NOT SHOWN","NO","NO","NO","YES/LIKELY","NO/NOT SHOWN","NO","False","DELETE_GENERATED","283bbefbee9fc9b25ec35bb608d0e8153cef965c4d3ffac37c441f19371e3866"
".pio\build\esp32_035\libe0b\WiFi\WiFi.cpp.o",".o","136540","untracked","NO/NOT SHOWN","NO","NO","NO","YES/LIKELY","NO/NOT SHOWN","NO","False","DELETE_GENERATED","b73aee83608c053c707deeb146aff59b5f3167292e6354980c4de95e4d378d27"
".pio\build\esp32_035\libe0b\WiFi\WiFiAP.cpp.d",".d","29885","untracked","NO/NOT SHOWN","NO","NO","NO","YES/LIKELY","NO/NOT SHOWN","NO","False","DELETE_GENERATED","0b54b10ffb280cb64ab5d23cb7373ce2f939f7e5e693e48a8fda54fac6c5d8bb"
".pio\build\esp32_035\libe0b\WiFi\WiFiAP.cpp.o",".o","182772","untracked","NO/NOT SHOWN","NO","NO","NO","YES/LIKELY","NO/NOT SHOWN","NO","False","DELETE_GENERATED","b068e553e6849251afa19b25abfa1dbbc3879457ebacadea3c49041aa5453784"
".pio\build\esp32_035\libe0b\WiFi\WiFiClient.cpp.d",".d","30654","untracked","NO/NOT SHOWN","NO","NO","NO","YES/LIKELY","NO/NOT SHOWN","NO","False","DELETE_GENERATED","aba403ab483dcf49bfa077c59c60a92525e0b4fb331ddefe9bc2f109c00d0c50"
".pio\build\esp32_035\libe0b\WiFi\WiFiClient.cpp.o",".o","330168","untracked","NO/NOT SHOWN","NO","NO","NO","YES/LIKELY","NO/NOT SHOWN","NO","False","DELETE_GENERATED","235b4be678c2d7872cdfbc3187211e046479e069e7df64e0084f713bc7032b15"
".pio\build\esp32_035\libe0b\WiFi\WiFiGeneric.cpp.d",".d","30168","untracked","NO/NOT SHOWN","NO","NO","NO","YES/LIKELY","NO/NOT SHOWN","NO","False","DELETE_GENERATED","fa6e3780939dcc9277cc6513ce939cfe7f72ff938ee0dba8446cfc07dfe145d6"
".pio\build\esp32_035\libe0b\WiFi\WiFiGeneric.cpp.o",".o","445728","untracked","NO/NOT SHOWN","NO","NO","NO","YES/LIKELY","NO/NOT SHOWN","NO","False","DELETE_GENERATED","ee3366435e2d34c9943b3bae92a2646a80a88c3162954dbf12d940337081eba7"
".pio\build\esp32_035\libe0b\WiFi\WiFiMulti.cpp.d",".d","29014","untracked","NO/NOT SHOWN","NO","NO","NO","YES/LIKELY","NO/NOT SHOWN","NO","False","DELETE_GENERATED","fb2b0e07d22367085c8ed1f08b9c60dd69fa42bfbdba8ba4819d1f916e1f61ca"
".pio\build\esp32_035\libe0b\WiFi\WiFiMulti.cpp.o",".o","194216","untracked","NO/NOT SHOWN","NO","NO","NO","YES/LIKELY","NO/NOT SHOWN","NO","False","DELETE_GENERATED","5bb6a9d433d9a4b149d2a87af77128ba5fe4898467d40ae53185d8198117f7e3"
".pio\build\esp32_035\libe0b\WiFi\WiFiScan.cpp.d",".d","29839","untracked","NO/NOT SHOWN","NO","NO","NO","YES/LIKELY","NO/NOT SHOWN","NO","False","DELETE_GENERATED","ed94bad646b620f6bf9bb909875cfc8f2ffdb791085471435ac8cf64702e3958"
".pio\build\esp32_035\libe0b\WiFi\WiFiScan.cpp.o",".o","151952","untracked","NO/NOT SHOWN","NO","NO","NO","YES/LIKELY","NO/NOT SHOWN","NO","False","DELETE_GENERATED","9f7745002bbb74779656b4a70f0ed32541f068899fd4db04a7082fb4609c65ac"
".pio\build\esp32_035\libe0b\WiFi\WiFiServer.cpp.d",".d","25207","untracked","NO/NOT SHOWN","NO","NO","NO","YES/LIKELY","NO/NOT SHOWN","NO","False","DELETE_GENERATED","01e497aaea92cb526898904cb525d2930a9450bd0cd17dfb74553738ef9e39c7"
".pio\build\esp32_035\libe0b\WiFi\WiFiServer.cpp.o",".o","119944","untracked","NO/NOT SHOWN","NO","NO","NO","YES/LIKELY","NO/NOT SHOWN","NO","False","DELETE_GENERATED","0deb96245b9e06ce8501f38c0df8f5ae7d913dca84fddb75b21d99c4d8aab5ab"
".pio\build\esp32_035\libe0b\WiFi\WiFiSTA.cpp.d",".d","30159","untracked","NO/NOT SHOWN","NO","NO","NO","YES/LIKELY","NO/NOT SHOWN","NO","False","DELETE_GENERATED","4e42fa96e42ef5cf8621f7702a41bccd179acbf171d2d037a3a5b1bfb0efac55"
".pio\build\esp32_035\libe0b\WiFi\WiFiSTA.cpp.o",".o","246616","untracked","NO/NOT SHOWN","NO","NO","NO","YES/LIKELY","NO/NOT SHOWN","NO","False","DELETE_GENERATED","387af3f15ba4fdd5d6dd249147048959cc93aed0109b4706d86dc279cc2f14c9"
".pio\build\esp32_035\libe0b\WiFi\WiFiUdp.cpp.d",".d","25065","untracked","NO/NOT SHOWN","NO","NO","NO","YES/LIKELY","NO/NOT SHOWN","NO","False","DELETE_GENERATED","40ec943a615a8ab73c140f04e528b2462e951c18a06ca42dfcaa1c9cdbc801bf"
".pio\build\esp32_035\libe0b\WiFi\WiFiUdp.cpp.o",".o","162064","untracked","NO/NOT SHOWN","NO","NO","NO","YES/LIKELY","NO/NOT SHOWN","NO","False","DELETE_GENERATED","b61cb1dc854031389792a164e0a713cc91ed4a2884329a542863966c9ecd994e"
".pio\build\esp32_035\libFrameworkArduino.a",".a","3350724","untracked","NO/NOT SHOWN","NO","NO","NO","YES/LIKELY","NO/NOT SHOWN","NO","False","DELETE_GENERATED","68471ffd22105f8d69433c5fc9bbb0158a05f32f21d2e9da753ee80f80911c6a"
".pio\build\esp32_035\partitions.bin",".bin","3072","untracked","NO/NOT SHOWN","NO","NO","NO","YES/LIKELY","NO/NOT SHOWN","YES (identical SHA-256 elsewhere)","False","DELETE_GENERATED","148b959cbff1c38aa8e1d5c0ba9d612c54997b945e56a63f41223eef650653a1"
".pio\build\esp32_035\src\app\AccessController.cpp.d",".d","20045","untracked","NO/NOT SHOWN","NO","NO","NO","YES/LIKELY","NO/NOT SHOWN","NO","False","DELETE_GENERATED","962dfc4f0d5d5f77ee00cab3bc7fc130d9ad1322f03c1e3e3d89243eb5ebe8d4"
".pio\build\esp32_035\src\app\AccessController.cpp.o",".o","106008","untracked","NO/NOT SHOWN","NO","NO","NO","YES/LIKELY","NO/NOT SHOWN","NO","False","DELETE_GENERATED","f52ed3e2776d50de07129e307433cc1a33c7c6e4aebc35d270e004d4254e448b"
".pio\build\esp32_035\src\app\AppStateMachine.cpp.d",".d","19636","untracked","NO/NOT SHOWN","NO","NO","NO","YES/LIKELY","NO/NOT SHOWN","NO","False","DELETE_GENERATED","87ee19c921fb41d9c87a160151c8df3773d8fcb4cbf483494681bc59750a5c57"
".pio\build\esp32_035\src\app\AppStateMachine.cpp.o",".o","94396","untracked","NO/NOT SHOWN","NO","NO","NO","YES/LIKELY","NO/NOT SHOWN","NO","False","DELETE_GENERATED","6bce8ffaf624dc81e5e0f31f6d7504f5a2c24a3b6c1089fdb1d03561be70783b"
".pio\build\esp32_035\src\app\EnrollmentManager.cpp.d",".d","19798","untracked","NO/NOT SHOWN","NO","NO","NO","YES/LIKELY","NO/NOT SHOWN","NO","False","DELETE_GENERATED","c877dac2223bcc11c93d198b29ae049e8f119fee52ef26a463dff6f045f4f8eb"
".pio\build\esp32_035\src\app\EnrollmentManager.cpp.o",".o","150164","untracked","NO/NOT SHOWN","NO","NO","NO","YES/LIKELY","NO/NOT SHOWN","NO","False","DELETE_GENERATED","79a6c6e89179dfe1f9df7b6e6b7b3394df1cdb69aec48e3d22415452b70ad930"
".pio\build\esp32_035\src\app\FactoryResetController.cpp.d",".d","29530","untracked","NO/NOT SHOWN","NO","NO","NO","YES/LIKELY","NO/NOT SHOWN","NO","False","DELETE_GENERATED","465d4e8a0fe0b5e42c39735a8f4d1f9b963bc08bf592e8a47e563c02510c6bad"
".pio\build\esp32_035\src\app\FactoryResetController.cpp.o",".o","203832","untracked","NO/NOT SHOWN","NO","NO","NO","YES/LIKELY","NO/NOT SHOWN","NO","False","DELETE_GENERATED","0defb232617779dd59ae857a4a251bfde218ba8a60188f1eeef567f119596429"
".pio\build\esp32_035\src\app\FirstOwnerSetup.cpp.d",".d","20274","untracked","NO/NOT SHOWN","NO","NO","NO","YES/LIKELY","NO/NOT SHOWN","NO","False","DELETE_GENERATED","04e3cef0ee12a186e1024b4cc8d51a080caa1f6a7f0c2fb0ec12714ec2e1c95e"
".pio\build\esp32_035\src\app\FirstOwnerSetup.cpp.o",".o","116316","untracked","NO/NOT SHOWN","NO","NO","NO","YES/LIKELY","NO/NOT SHOWN","NO","False","DELETE_GENERATED","ad97d49f8d7940b20f1fd75217cd82d69ae4e618dcef6d410c68879d2f1ea9a9"
".pio\build\esp32_035\src\app\PhysicalAdmin.cpp.d",".d","19642","untracked","NO/NOT SHOWN","NO","NO","NO","YES/LIKELY","NO/NOT SHOWN","NO","False","DELETE_GENERATED","e018e67744bb26d813c195dda8bcf3a0bd7a8d18b26c0aa486404e0504044281"
".pio\build\esp32_035\src\app\PhysicalAdmin.cpp.o",".o","99596","untracked","NO/NOT SHOWN","NO","NO","NO","YES/LIKELY","NO/NOT SHOWN","NO","False","DELETE_GENERATED","b7cab4b0a882bfb4d3d4bf80edbcd2843a10a60481c89a78bfb16575f399da7f"
".pio\build\esp32_035\src\app\RegistrationRecovery.cpp.d",".d","19735","untracked","NO/NOT SHOWN","NO","NO","NO","YES/LIKELY","NO/NOT SHOWN","NO","False","DELETE_GENERATED","cd774332629be276fa453a34e78c0385851db90a0fa841cec8d25047c7071147"
".pio\build\esp32_035\src\app\RegistrationRecovery.cpp.o",".o","90440","untracked","NO/NOT SHOWN","NO","NO","NO","YES/LIKELY","NO/NOT SHOWN","NO","False","DELETE_GENERATED","a9491abb4635b33979168ccc144125f0a936e3ad16984669a82d1dda979f0c14"
".pio\build\esp32_035\src\events\Diagnostics.cpp.d",".d","19726","untracked","NO/NOT SHOWN","NO","NO","NO","YES/LIKELY","POSSIBLE - REVIEW","NO","False","DELETE_GENERATED","5d5f421059167b6cf1aa54cdd41a4cba4df0b280e6bc1c93e9892efc5c1a8a81"
".pio\build\esp32_035\src\events\Diagnostics.cpp.o",".o","123312","untracked","NO/NOT SHOWN","NO","NO","NO","YES/LIKELY","POSSIBLE - REVIEW","NO","False","DELETE_GENERATED","9f11e57831ff81816dac1102b4004ee911d5c23563f44ba248f693e82b23674c"
".pio\build\esp32_035\src\events\TimeManager.cpp.d",".d","23237","untracked","NO/NOT SHOWN","NO","NO","NO","YES/LIKELY","NO/NOT SHOWN","NO","False","DELETE_GENERATED","1fd7c0eb484a805ab8438e4b15edfe82dcc5b56091a3c4c29e61364d83df8ae2"
".pio\build\esp32_035\src\events\TimeManager.cpp.o",".o","90840","untracked","NO/NOT SHOWN","NO","NO","NO","YES/LIKELY","NO/NOT SHOWN","NO","False","DELETE_GENERATED","3120513c105e497e3e842201c3c7f73768647d7da35f954a610cbccfe6939c55"
".pio\build\esp32_035\src\hardware\AdminDisplay.cpp.d",".d","23420","untracked","NO/NOT SHOWN","NO","NO","NO","YES/LIKELY","NO/NOT SHOWN","NO","False","DELETE_GENERATED","b205973984459af391ce77d4897ff6498b4a029869067f636aa08d693c32169e"
".pio\build\esp32_035\src\hardware\AdminDisplay.cpp.o",".o","150792","untracked","NO/NOT SHOWN","NO","NO","NO","YES/LIKELY","NO/NOT SHOWN","NO","False","DELETE_GENERATED","decf059217a73edd266b24ade62d92750261f38794386b53458c6a4ef9aa85ee"
".pio\build\esp32_035\src\hardware\DisplayManager.cpp.d",".d","23378","untracked","NO/NOT SHOWN","NO","NO","NO","YES/LIKELY","NO/NOT SHOWN","NO","False","DELETE_GENERATED","8dd4065297de2687ac2296eb064be57d0ecc0413bac5cfd123ddf56581bd7fe8"
".pio\build\esp32_035\src\hardware\DisplayManager.cpp.o",".o","148088","untracked","NO/NOT SHOWN","NO","NO","NO","YES/LIKELY","NO/NOT SHOWN","NO","False","DELETE_GENERATED","6a14d47db23b93bac9a15e1c5ec85d03b01e166f647cb73ab6a1b2e8a61ff638"
".pio\build\esp32_035\src\hardware\LockController.cpp.d",".d","19625","untracked","NO/NOT SHOWN","NO","NO","NO","YES/LIKELY","NO/NOT SHOWN","NO","False","DELETE_GENERATED","63911b3bcac0337cbf9ece7063773eeb2ceb935020556265d8a7b3d70eaded7b"
".pio\build\esp32_035\src\hardware\LockController.cpp.o",".o","94044","untracked","NO/NOT SHOWN","NO","NO","NO","YES/LIKELY","NO/NOT SHOWN","NO","False","DELETE_GENERATED","84693c5dee7ff623081b109ba55ad951d4a9cb67ac665637628acb1bd308a925"
".pio\build\esp32_035\src\hardware\TouchManager.cpp.d",".d","23305","untracked","NO/NOT SHOWN","NO","NO","NO","YES/LIKELY","NO/NOT SHOWN","NO","False","DELETE_GENERATED","ad1c9426190e4e9632aabd8df6aed984672d858180fe83dab3d040e75af8a523"
".pio\build\esp32_035\src\hardware\TouchManager.cpp.o",".o","126352","untracked","NO/NOT SHOWN","NO","NO","NO","YES/LIKELY","NO/NOT SHOWN","NO","False","DELETE_GENERATED","9398c7baf7eb9641df7cf1976da8542cb6556cb5c153285bced53b7d92c77bee"
".pio\build\esp32_035\src\main.cpp.d",".d","34230","untracked","NO/NOT SHOWN","NO","NO","NO","YES/LIKELY","NO/NOT SHOWN","NO","False","DELETE_GENERATED","ce564f903356bddfd97aad061879f224225b1b572e3ee2693d29cf6340ea0bdd"
".pio\build\esp32_035\src\main.cpp.o",".o","370244","untracked","NO/NOT SHOWN","NO","NO","NO","YES/LIKELY","NO/NOT SHOWN","NO","False","DELETE_GENERATED","af4ab3e7c08a8a8ec3ba069b821ac27b1f0bcc8fb138790528e05d673f2a0076"
".pio\build\esp32_035\src\network\CanonicalOrigin.cpp.d",".d","26282","untracked","NO/NOT SHOWN","NO","NO","NO","YES/LIKELY","NO/NOT SHOWN","NO","False","DELETE_GENERATED","5972b4a86b95eacaac822d7d64a3a313ca9525a911ea0d2606c17c3dd4c6cbb5"
".pio\build\esp32_035\src\network\CanonicalOrigin.cpp.o",".o","110104","untracked","NO/NOT SHOWN","NO","NO","NO","YES/LIKELY","NO/NOT SHOWN","NO","False","DELETE_GENERATED","cee22841ead43dada0c1c207ac7c36e98bfca1bf4b0ee3a496051811d119b99e"
".pio\build\esp32_035\src\network\CaptivePortal.cpp.d",".d","20105","untracked","NO/NOT SHOWN","NO","NO","NO","YES/LIKELY","NO/NOT SHOWN","NO","False","DELETE_GENERATED","01974680110fdf6b7e8ac016003b50b26e2f487d8eebf71801454c9efa74cc2d"
".pio\build\esp32_035\src\network\CaptivePortal.cpp.o",".o","88580","untracked","NO/NOT SHOWN","NO","NO","NO","YES/LIKELY","NO/NOT SHOWN","NO","False","DELETE_GENERATED","4697273b4b65f58f4a529ad811516979e7a84220244f2bece93dbd022aeda01f"
".pio\build\esp32_035\src\network\NetworkManager.cpp.d",".d","28765","untracked","NO/NOT SHOWN","NO","NO","NO","YES/LIKELY","NO/NOT SHOWN","NO","False","DELETE_GENERATED","af9e74129dd8fd0ffb45d745480ee8b675ee73a1535e60ea661c69179aae31a8"
".pio\build\esp32_035\src\network\NetworkManager.cpp.o",".o","190452","untracked","NO/NOT SHOWN","NO","NO","NO","YES/LIKELY","NO/NOT SHOWN","NO","False","DELETE_GENERATED","996c1d86a9525532817d5ee0305c1965eb3e6b665ac2972703aadddcdd01f386"
".pio\build\esp32_035\src\network\WebServerManager.cpp.d",".d","30131","untracked","NO/NOT SHOWN","NO","NO","NO","YES/LIKELY","NO/NOT SHOWN","NO","False","DELETE_GENERATED","f07cf414812a60c727b99ba82cdc36df652d8054969ba3be7caf7baba0d00fe2"
".pio\build\esp32_035\src\network\WebServerManager.cpp.o",".o","1076236","untracked","NO/NOT SHOWN","NO","NO","NO","YES/LIKELY","NO/NOT SHOWN","NO","False","DELETE_GENERATED","65cbd629b6d18d9683cc5976548f90e1acceb799bcd3e7ec10e9f9ebe3319b26"
".pio\build\esp32_035\src\notifications\LineNotifications.cpp.d",".d","35288","untracked","NO/NOT SHOWN","NO","NO","NO","YES/LIKELY","NO/NOT SHOWN","NO","False","DELETE_GENERATED","eef1bed5c9f073931bf084c808204cb859668f63f9853296dab8bf4139a05668"
".pio\build\esp32_035\src\notifications\LineNotifications.cpp.o",".o","427804","untracked","NO/NOT SHOWN","NO","NO","NO","YES/LIKELY","NO/NOT SHOWN","NO","False","DELETE_GENERATED","71e155a8641c0eb029c3b90e78ae948e5b23a34301b9f9facff766442c2a7dfa"
".pio\build\esp32_035\src\qr\QrManager.cpp.d",".d","23321","untracked","NO/NOT SHOWN","NO","NO","NO","YES/LIKELY","NO/NOT SHOWN","NO","False","DELETE_GENERATED","f3ed750cabb97121687a596bdb9d2f3a0e8f0853c9a5749f2c603a935bf2eb81"
".pio\build\esp32_035\src\qr\QrManager.cpp.o",".o","135600","untracked","NO/NOT SHOWN","NO","NO","NO","YES/LIKELY","NO/NOT SHOWN","NO","False","DELETE_GENERATED","8fdb6e177be70468e74d7ebee34958798d256b2de2fcefed7fca525cc1451063"
".pio\build\esp32_035\src\qr\SessionManager.cpp.d",".d","26995","untracked","NO/NOT SHOWN","NO","NO","NO","YES/LIKELY","NO/NOT SHOWN","NO","False","DELETE_GENERATED","d899ac5a0131e2eef26e473be0de03024f2556f902cc9130186449f83b4da55f"
".pio\build\esp32_035\src\qr\SessionManager.cpp.o",".o","117868","untracked","NO/NOT SHOWN","NO","NO","NO","YES/LIKELY","NO/NOT SHOWN","NO","False","DELETE_GENERATED","f54b6c60cf0aba137a005c51cfe2e30c617631d1b9964f25d431bc7037ec1cdf"
".pio\build\esp32_035\src\security\AdminPin.cpp.d",".d","21347","untracked","NO/NOT SHOWN","NO","NO","NO","YES/LIKELY","NO/NOT SHOWN","NO","False","DELETE_GENERATED","7456879202e95d957fd243831671f10068c4f820768fda47b0d01ca4760f65c8"
".pio\build\esp32_035\src\security\AdminPin.cpp.o",".o","122828","untracked","NO/NOT SHOWN","NO","NO","NO","YES/LIKELY","NO/NOT SHOWN","NO","False","DELETE_GENERATED","3199e1472942aac48ea267b964747a34bb0f777495bc6bd16315025a5019d027"
".pio\build\esp32_035\src\storage\AtomicFileStore.cpp.d",".d","20231","untracked","NO/NOT SHOWN","NO","NO","NO","YES/LIKELY","NO/NOT SHOWN","NO","False","DELETE_GENERATED","2f8c8436bf702a379b4d705d06d03055307cc1bdc7f36302704346014a153e1f"
".pio\build\esp32_035\src\storage\AtomicFileStore.cpp.o",".o","138652","untracked","NO/NOT SHOWN","NO","NO","NO","YES/LIKELY","NO/NOT SHOWN","NO","False","DELETE_GENERATED","67320e078c5865a5c84a924439540cf5861af11da33d2edfe8ad93a8b0912094"
".pio\build\esp32_035\src\storage\AuthStore.cpp.d",".d","28158","untracked","NO/NOT SHOWN","NO","NO","NO","YES/LIKELY","NO/NOT SHOWN","NO","False","DELETE_GENERATED","40562e5ac9bd6e718567de1eb1a162e12536a19000a4c3eb414cdf8cffcf56db"
".pio\build\esp32_035\src\storage\AuthStore.cpp.o",".o","148700","untracked","NO/NOT SHOWN","NO","NO","NO","YES/LIKELY","NO/NOT SHOWN","NO","False","DELETE_GENERATED","fe0846e3dade8f712e47ef8c9461a5870760e92b16ac1388a5e2686c355dcd8e"
".pio\build\esp32_035\src\storage\ConfigStore.cpp.d",".d","19793","untracked","NO/NOT SHOWN","NO","NO","NO","YES/LIKELY","NO/NOT SHOWN","NO","False","DELETE_GENERATED","c1eed0b5e412b9d3181453349013e44bec02c8cda415eb7e864a5d780191ed70"
".pio\build\esp32_035\src\storage\ConfigStore.cpp.o",".o","115912","untracked","NO/NOT SHOWN","NO","NO","NO","YES/LIKELY","NO/NOT SHOWN","NO","False","DELETE_GENERATED","0fd5ade227a9696b3c1bd7322089a181fc5303ca44482907ce97f4c645633b96"
".pio\build\esp32_035\src\storage\DeviceStore.cpp.d",".d","19673","untracked","NO/NOT SHOWN","NO","NO","NO","YES/LIKELY","NO/NOT SHOWN","NO","False","DELETE_GENERATED","5b80f0f9d52adf15349ec942734d0e2b944379c29aa08fc82ac842b3c2cc55b8"
".pio\build\esp32_035\src\storage\DeviceStore.cpp.o",".o","100912","untracked","NO/NOT SHOWN","NO","NO","NO","YES/LIKELY","NO/NOT SHOWN","NO","False","DELETE_GENERATED","79cf780b4f5937a184148afc359edb50fcd7f7a0fdb825392236cf5ad606bef0"
".pio\build\esp32_035\src\storage\IdentityStore.cpp.d",".d","20367","untracked","NO/NOT SHOWN","NO","NO","NO","YES/LIKELY","NO/NOT SHOWN","NO","False","DELETE_GENERATED","b8a7850bc929f8ac5ef476c7a300c20b69fe5000f040167ff11d3bf3b0829be2"
".pio\build\esp32_035\src\storage\IdentityStore.cpp.o",".o","283736","untracked","NO/NOT SHOWN","NO","NO","NO","YES/LIKELY","NO/NOT SHOWN","NO","False","DELETE_GENERATED","d98a04358b7142a86c625127f67508beebbadc124977d08910f929f59ab70325"
".pio\build\esp32_035\src\storage\InstallationMetadata.cpp.d",".d","19776","untracked","NO/NOT SHOWN","NO","NO","NO","YES/LIKELY","NO/NOT SHOWN","NO","False","DELETE_GENERATED","98c788b1ef7012395ddbe44204bd3b414b2e8d989f18b3d93c7b05f297ea464a"
".pio\build\esp32_035\src\storage\InstallationMetadata.cpp.o",".o","103860","untracked","NO/NOT SHOWN","NO","NO","NO","YES/LIKELY","NO/NOT SHOWN","NO","False","DELETE_GENERATED","1a26c87ab03c790dd73768f0c87ec29c24fd744f17fa0259574209593c86c090"
".pio\build\esp32_035\src\storage\NetworkSecrets.cpp.d",".d","19758","untracked","NO/NOT SHOWN","NO","NO","NO","YES/LIKELY","NO/NOT SHOWN","NO","False","DELETE_GENERATED","8befb9528874e21aeaf6a3d6e003f1d3e53adf80fc7b13ed45d8d66906eade15"
".pio\build\esp32_035\src\storage\NetworkSecrets.cpp.o",".o","101744","untracked","NO/NOT SHOWN","NO","NO","NO","YES/LIKELY","NO/NOT SHOWN","NO","False","DELETE_GENERATED","65cc6ccce5c4496fbb145034084b8346f8643c1d691e0fcbe80d6f54871329d8"
".pio\build\esp32_035\src\storage\Phase2SelfTest.cpp.d",".d","120","untracked","NO/NOT SHOWN","NO","NO","NO","YES/LIKELY","NO/NOT SHOWN","NO","False","DELETE_GENERATED","846a854cdcf998b411f3e3f63789a58b4213ff6aaae003005c86d5b63b79e732"
".pio\build\esp32_035\src\storage\Phase2SelfTest.cpp.o",".o","2636","untracked","NO/NOT SHOWN","NO","NO","NO","YES/LIKELY","NO/NOT SHOWN","NO","False","DELETE_GENERATED","cdd6f627d8030835f257ef37eb1dd9ac20bafc76d707ef3f323ae9a228aad8ff"
".pio\build\esp32_035\src\storage\RecordCodec.cpp.d",".d","111","untracked","NO/NOT SHOWN","NO","NO","NO","YES/LIKELY","NO/NOT SHOWN","NO","False","DELETE_GENERATED","5eff42ca459742451c551a9d44e2de76e243bca761d98274bb59e905bb2cd5a4"
".pio\build\esp32_035\src\storage\RecordCodec.cpp.o",".o","81740","untracked","NO/NOT SHOWN","NO","NO","NO","YES/LIKELY","NO/NOT SHOWN","NO","False","DELETE_GENERATED","d907d32ae9efd09ea4d357e87e4211c0fd97cc8013e31ee62a6a947ef216e8fd"
".pio\build\esp32_035\src\storage\StaSecrets.cpp.d",".d","19790","untracked","NO/NOT SHOWN","NO","NO","NO","YES/LIKELY","NO/NOT SHOWN","NO","False","DELETE_GENERATED","21f4811d9677f45ed2a7dfb2c58719fdcee491b992dae6fbc4f13e00e24a67c5"
".pio\build\esp32_035\src\storage\StaSecrets.cpp.o",".o","117920","untracked","NO/NOT SHOWN","NO","NO","NO","YES/LIKELY","NO/NOT SHOWN","NO","False","DELETE_GENERATED","273b9edd355f81ba09702b48818b77b15f953eab4381866d7387622bfdee62ed"
".pio\build\esp32_035\src\storage\StorageHealth.cpp.d",".d","20395","untracked","NO/NOT SHOWN","NO","NO","NO","YES/LIKELY","NO/NOT SHOWN","NO","False","DELETE_GENERATED","568b5730af708ccecdbde229064e37db8b475c6a2ef62345205e349d1438cfc9"
".pio\build\esp32_035\src\storage\StorageHealth.cpp.o",".o","128112","untracked","NO/NOT SHOWN","NO","NO","NO","YES/LIKELY","NO/NOT SHOWN","NO","False","DELETE_GENERATED","1aacc934df0e40131d8d6a26785c8462e3e42e8d81ebf1c13a47785b930be261"
".pio\build\esp32_035\src\storage\UserStore.cpp.d",".d","19667","untracked","NO/NOT SHOWN","NO","NO","NO","YES/LIKELY","NO/NOT SHOWN","NO","False","DELETE_GENERATED","a3fb4712029d4d46a90086958d0f9cdb1fba814faeb87a56b05690228e5105d4"
".pio\build\esp32_035\src\storage\UserStore.cpp.o",".o","100848","untracked","NO/NOT SHOWN","NO","NO","NO","YES/LIKELY","NO/NOT SHOWN","NO","False","DELETE_GENERATED","986152644de84089bb38c3f8afc83f1689a25a74471d377bfd3b976655247eaa"
".pio\build\project.checksum",".checksum","40","untracked","NO/NOT SHOWN","NO","NO","NO","YES/LIKELY","NO/NOT SHOWN","NO","False","DELETE_GENERATED","01593c630e6744cc43db3dac9209e78e37e85f2e0a0678a9ae6a4559ac829e01"
".pio\canonical-lan-result.json",".json","414","untracked","NO/NOT SHOWN","NO","NO","NO","YES/LIKELY","NO/NOT SHOWN","NO","False","DELETE_GENERATED","6311af61c65e1de1cb009086c73c422c6632ed9ad2e47707e23b1186150f6ee5"
".pio\checklist_identity.py",".py","1231","untracked","NO/NOT SHOWN","NO","NO","NO","YES/LIKELY","NO/NOT SHOWN","NO","False","DELETE_GENERATED","0f7ba95a2a0241826864045f80f6ba8b05469d74583721f059d2f26415e8f6a2"
".pio\cleanup_identity_ui.py",".py","1313","untracked","NO/NOT SHOWN","NO","NO","NO","YES/LIKELY","NO/NOT SHOWN","NO","False","DELETE_GENERATED","04f576056cd0507d73dda629231a9fdcc4bd29f60bdc35c874471e0d2e7cac75"
".pio\closeout-reviewed-network-auth.diff",".diff","30130","untracked","NO/NOT SHOWN","NO","NO","NO","YES/LIKELY","POSSIBLE - REVIEW","NO","False","DELETE_GENERATED","a32b6900c16f25fa254fcaa278224d2b627ba328610ef0cd9860399190ee85c5"
".pio\diagnostic_identity.py",".py","1872","untracked","NO/NOT SHOWN","NO","NO","NO","YES/LIKELY","POSSIBLE - REVIEW","NO","False","DELETE_GENERATED","63f445215f186d55531e77c24b692f0b4f6301cf416faf7ffc3225407c86e73b"
".pio\diagnostics\mdns-v4.4.7.c",".c","198288","untracked","NO/NOT SHOWN","NO","NO","NO","YES/LIKELY","POSSIBLE - REVIEW","NO","False","DELETE_GENERATED","bc6595e414c6cee8131d06feb9503012bb98d57352972cb009872edeaa4ef5e9"
".pio\final_identity_checks.py",".py","757","untracked","NO/NOT SHOWN","NO","NO","NO","YES/LIKELY","NO/NOT SHOWN","NO","False","DELETE_GENERATED","df84de73eef831fb31a63c6b70eb2b52404709edb4b12275213b5e7fff5b3d9c"
".pio\final_identity_report.py",".py","3439","untracked","NO/NOT SHOWN","NO","NO","NO","YES/LIKELY","NO/NOT SHOWN","NO","False","DELETE_GENERATED","98973c12065b9360db5dd9b7b6a599cd4e3cb747480b12e995c5638657b92d32"
".pio\fix_enroll_event.py",".py","944","untracked","NO/NOT SHOWN","NO","NO","NO","YES/LIKELY","NO/NOT SHOWN","NO","False","DELETE_GENERATED","07c3269964d659d032a4ab98a2549b898d11575cd84e97f8906e82bdd2b7a15c"
".pio\fix_enrollment_expiry.py",".py","1804","untracked","NO/NOT SHOWN","NO","NO","NO","YES/LIKELY","NO/NOT SHOWN","NO","False","DELETE_GENERATED","873aec75e2f7d5f9fd0a51e37e701d1acdc0489954216a96e5cb63b08400c3c4"
".pio\fix_touch_runner.py",".py","465","untracked","NO/NOT SHOWN","NO","NO","NO","YES/LIKELY","NO/NOT SHOWN","NO","False","DELETE_GENERATED","fa163236a1421b69ee9ae5c792066877f703d10f243154147dd234a8517d3432"
".pio\google-one-click-resource\esp32_035\.sconsign314.dblite",".dblite","3305839","untracked","NO/NOT SHOWN","NO","NO","NO","YES/LIKELY","NO/NOT SHOWN","NO","False","DELETE_GENERATED","161e7ccbee0d8af44bfb14a98ab20c8963307c60a3896584e4d6554d5f05436b"
".pio\google-one-click-resource\esp32_035\bootloader.bin",".bin","17536","untracked","NO/NOT SHOWN","NO","NO","NO","YES/LIKELY","NO/NOT SHOWN","YES (identical SHA-256 elsewhere)","False","DELETE_GENERATED","3d234a7471f67b013686dabd4dee7c1fa915c9928463616a94bc9297acf1abf8"
".pio\google-one-click-resource\esp32_035\firmware.bin",".bin","1257104","untracked","NO/NOT SHOWN","NO","NO","NO","YES/LIKELY","NO/NOT SHOWN","NO","False","DELETE_GENERATED","ee86e0aadfe64665d13474af76c52aa2ae5a34a3f64ba69c866649459b20df93"
".pio\google-one-click-resource\esp32_035\firmware.elf",".elf","18693164","untracked","NO/NOT SHOWN","NO","NO","NO","YES/LIKELY","NO/NOT SHOWN","NO","False","DELETE_GENERATED","115c9e1af7e4d54a5d57320462e291ab40b9619def1c0193951e266293999969"
".pio\google-one-click-resource\esp32_035\firmware.map",".map","14614633","untracked","NO/NOT SHOWN","NO","NO","NO","YES/LIKELY","NO/NOT SHOWN","NO","False","DELETE_GENERATED","a355cd2838da306f334aa06039245d1ebf97bfdc2c37071ed1235c034364a3c2"
".pio\google-one-click-resource\esp32_035\FrameworkArduino\base64.cpp.d",".d","20061","untracked","NO/NOT SHOWN","NO","NO","NO","YES/LIKELY","NO/NOT SHOWN","NO","False","DELETE_GENERATED","60f678f368620e135efffacfbcb830d95d2e8627c2b94019d0f6eb2e13083792"
".pio\google-one-click-resource\esp32_035\FrameworkArduino\base64.cpp.o",".o","90676","untracked","NO/NOT SHOWN","NO","NO","NO","YES/LIKELY","NO/NOT SHOWN","NO","False","DELETE_GENERATED","f1e8e7f40fcd0b9fc7f310808e9ffbd8d527a2bd06a5b313ee4d0bcdfc2739c5"
".pio\google-one-click-resource\esp32_035\FrameworkArduino\base64.cpp.su",".su","151","untracked","NO/NOT SHOWN","NO","NO","NO","YES/LIKELY","NO/NOT SHOWN","NO","False","DELETE_GENERATED","cdf017593174fef0927b2d5f76d673e3602dca3552fc5f1bc59c2eb441332a49"
".pio\google-one-click-resource\esp32_035\FrameworkArduino\cbuf.cpp.d",".d","303","untracked","NO/NOT SHOWN","NO","NO","NO","YES/LIKELY","NO/NOT SHOWN","NO","False","DELETE_GENERATED","9df1072fd58fc833ebba82e2a78bf76f9f7a7a20035721e74b6683a27ac97415"
".pio\google-one-click-resource\esp32_035\FrameworkArduino\cbuf.cpp.o",".o","40508","untracked","NO/NOT SHOWN","NO","NO","NO","YES/LIKELY","NO/NOT SHOWN","NO","False","DELETE_GENERATED","492f1fad31d2ee40f504da278f9b4fd8a339f8b0622cff886544e6f8cb9fd338"
".pio\google-one-click-resource\esp32_035\FrameworkArduino\cbuf.cpp.su",".su","763","untracked","NO/NOT SHOWN","NO","NO","NO","YES/LIKELY","NO/NOT SHOWN","NO","False","DELETE_GENERATED","5b8762feba9d7173821dd133877014d8d92d64388cc29adfaf66642fe4815c1a"
".pio\google-one-click-resource\esp32_035\FrameworkArduino\Esp.cpp.d",".d","21230","untracked","NO/NOT SHOWN","NO","NO","NO","YES/LIKELY","NO/NOT SHOWN","NO","False","DELETE_GENERATED","8aec6d0bead8ce8dfb4a2ada7d230bd17634f8a735170283f2d2da1d86b644ec"
".pio\google-one-click-resource\esp32_035\FrameworkArduino\Esp.cpp.o",".o","170520","untracked","NO/NOT SHOWN","NO","NO","NO","YES/LIKELY","NO/NOT SHOWN","NO","False","DELETE_GENERATED","54efa0ec2133e1d3c3f99e3c08922155a02ccc488acc3ad98decd1fcb8320b45"
".pio\google-one-click-resource\esp32_035\FrameworkArduino\Esp.cpp.su",".su","3143","untracked","NO/NOT SHOWN","NO","NO","NO","YES/LIKELY","NO/NOT SHOWN","NO","False","DELETE_GENERATED","914b58b1f5fb107baa69eb488aea0c8a8a51fc2fe5409c94342f2f5eae2e9209"
".pio\google-one-click-resource\esp32_035\FrameworkArduino\esp32-hal-adc.c.d",".d","16548","untracked","NO/NOT SHOWN","NO","NO","NO","YES/LIKELY","NO/NOT SHOWN","NO","False","DELETE_GENERATED","d559028307d774f200e0995d12adf5786503351e411fe9a8bbbecdccc98cd5e2"
".pio\google-one-click-resource\esp32_035\FrameworkArduino\esp32-hal-adc.c.o",".o","57724","untracked","NO/NOT SHOWN","NO","NO","NO","YES/LIKELY","NO/NOT SHOWN","NO","False","DELETE_GENERATED","d2ff00a03479b98fd11c2f76b35f1229bd5a52566fed1731c5018e39f0ebad51"
".pio\google-one-click-resource\esp32_035\FrameworkArduino\esp32-hal-adc.c.su",".su","660","untracked","NO/NOT SHOWN","NO","NO","NO","YES/LIKELY","NO/NOT SHOWN","NO","False","DELETE_GENERATED","30d8e3eacb8aad7528ee6bb1a1764086e634ee1e399e49b6d71c60648a0f8c69"
".pio\google-one-click-resource\esp32_035\FrameworkArduino\esp32-hal-bt.c.d",".d","16113","untracked","NO/NOT SHOWN","NO","NO","NO","YES/LIKELY","NO/NOT SHOWN","NO","False","DELETE_GENERATED","2f2535fc27db09d3915d0fb90a875802fd89a424efad1b68a2c1ad78fefa12fc"
".pio\google-one-click-resource\esp32_035\FrameworkArduino\esp32-hal-bt.c.o",".o","33196","untracked","NO/NOT SHOWN","NO","NO","NO","YES/LIKELY","NO/NOT SHOWN","NO","False","DELETE_GENERATED","d24df9dcd774807664765ccda9db839f681160d9ef583afe82312c41d67e1672"
".pio\google-one-click-resource\esp32_035\FrameworkArduino\esp32-hal-bt.c.su",".su","157","untracked","NO/NOT SHOWN","NO","NO","NO","YES/LIKELY","NO/NOT SHOWN","NO","False","DELETE_GENERATED","569efd3ab2ea72065fdaeb47a85d4256488ddfc8d0d044495a39e5c81f9f9a8b"
".pio\google-one-click-resource\esp32_035\FrameworkArduino\esp32-hal-cpu.c.d",".d","18636","untracked","NO/NOT SHOWN","NO","NO","NO","YES/LIKELY","NO/NOT SHOWN","NO","False","DELETE_GENERATED","8cf42b110c84b39e17261283c07cf45d3e357e1ab4e3db988f86c3781edf0c73"
".pio\google-one-click-resource\esp32_035\FrameworkArduino\esp32-hal-cpu.c.o",".o","86400","untracked","NO/NOT SHOWN","NO","NO","NO","YES/LIKELY","NO/NOT SHOWN","NO","False","DELETE_GENERATED","60f8868778850b78fa6daa9866d164ea26d60c4adeaed9df85a06ba3958c5bd0"
".pio\google-one-click-resource\esp32_035\FrameworkArduino\esp32-hal-cpu.c.su",".su","432","untracked","NO/NOT SHOWN","NO","NO","NO","YES/LIKELY","NO/NOT SHOWN","NO","False","DELETE_GENERATED","120050242a3cf6cb8a95c117ab004da265e3050a9eb90fbcbd9e64b197610a47"
".pio\google-one-click-resource\esp32_035\FrameworkArduino\esp32-hal-dac.c.d",".d","16241","untracked","NO/NOT SHOWN","NO","NO","NO","YES/LIKELY","NO/NOT SHOWN","NO","False","DELETE_GENERATED","e9dab6fd5e074ec2cc76a5b4da52045be0bf1303315e5e036f8eaff0a7a89796"
".pio\google-one-click-resource\esp32_035\FrameworkArduino\esp32-hal-dac.c.o",".o","24820","untracked","NO/NOT SHOWN","NO","NO","NO","YES/LIKELY","NO/NOT SHOWN","NO","False","DELETE_GENERATED","567e2d3bf3e9a83a91a1017a53d8d4d4c0244809ed804ed85bea899c2119d0cc"
".pio\google-one-click-resource\esp32_035\FrameworkArduino\esp32-hal-dac.c.su",".su","90","untracked","NO/NOT SHOWN","NO","NO","NO","YES/LIKELY","NO/NOT SHOWN","NO","False","DELETE_GENERATED","3209ae61c28a7771448c68af6979de030ddc7a90d331dfa2e6b2ddf4fac55ec4"
".pio\google-one-click-resource\esp32_035\FrameworkArduino\esp32-hal-gpio.c.d",".d","18430","untracked","NO/NOT SHOWN","NO","NO","NO","YES/LIKELY","NO/NOT SHOWN","NO","False","DELETE_GENERATED","648121272553c4c73add071bf7a426011e110e8839f292592634a17e9db0709d"
".pio\google-one-click-resource\esp32_035\FrameworkArduino\esp32-hal-gpio.c.o",".o","87188","untracked","NO/NOT SHOWN","NO","NO","NO","YES/LIKELY","NO/NOT SHOWN","NO","False","DELETE_GENERATED","1ede28e18cd24d1f9c5d49cff8c18b64503b6332beab663bf70133ac143b45b2"
".pio\google-one-click-resource\esp32_035\FrameworkArduino\esp32-hal-gpio.c.su",".su","599","untracked","NO/NOT SHOWN","NO","NO","NO","YES/LIKELY","NO/NOT SHOWN","NO","False","DELETE_GENERATED","688d292fc1e84000f3e2bcb265280f35cfe29f7ab201589a8817e89cba76bf79"
".pio\google-one-click-resource\esp32_035\FrameworkArduino\esp32-hal-i2c.c.d",".d","17155","untracked","NO/NOT SHOWN","NO","NO","NO","YES/LIKELY","NO/NOT SHOWN","NO","False","DELETE_GENERATED","1bfe86c59230b70f5cc19bf544ec69568492d7b59b7138fc83aea6984478f1ee"
".pio\google-one-click-resource\esp32_035\FrameworkArduino\esp32-hal-i2c.c.o",".o","71656","untracked","NO/NOT SHOWN","NO","NO","NO","YES/LIKELY","NO/NOT SHOWN","NO","False","DELETE_GENERATED","9080fbc7354ac141df73728fdc2935120352ecc80b66727369074757eee398ac"
".pio\google-one-click-resource\esp32_035\FrameworkArduino\esp32-hal-i2c.c.su",".su","359","untracked","NO/NOT SHOWN","NO","NO","NO","YES/LIKELY","NO/NOT SHOWN","NO","False","DELETE_GENERATED","585f406c700d209f00bd268512ef45acdcf94275bdf09cfbb4ef04b0f8a3dc9a"
".pio\google-one-click-resource\esp32_035\FrameworkArduino\esp32-hal-i2c-slave.c.d",".d","14283","untracked","NO/NOT SHOWN","NO","NO","NO","YES/LIKELY","NO/NOT SHOWN","NO","False","DELETE_GENERATED","57c5331bca8deba19ae89f09863c46cdfbac2e02aa527c4b34547fe225954c15"
".pio\google-one-click-resource\esp32_035\FrameworkArduino\esp32-hal-i2c-slave.c.o",".o","120980","untracked","NO/NOT SHOWN","NO","NO","NO","YES/LIKELY","NO/NOT SHOWN","NO","False","DELETE_GENERATED","1861153d69a19a08e01492399a4d1dbd130a5aa573db1252c437b64f9bc035df"
".pio\google-one-click-resource\esp32_035\FrameworkArduino\esp32-hal-i2c-slave.c.su",".su","606","untracked","NO/NOT SHOWN","NO","NO","NO","YES/LIKELY","NO/NOT SHOWN","NO","False","DELETE_GENERATED","94f15ef7d8ddff43b8341a04866690e1d5a7debf2d7f3ce9eebef9ff7da6ce1f"
".pio\google-one-click-resource\esp32_035\FrameworkArduino\esp32-hal-ledc.c.d",".d","16246","untracked","NO/NOT SHOWN","NO","NO","NO","YES/LIKELY","NO/NOT SHOWN","NO","False","DELETE_GENERATED","60486391ec1d7e237cbf2ec1b26afbfc51ef2a4c480c6dbf8ab1bb5a036179c6"
".pio\google-one-click-resource\esp32_035\FrameworkArduino\esp32-hal-ledc.c.o",".o","62452","untracked","NO/NOT SHOWN","NO","NO","NO","YES/LIKELY","NO/NOT SHOWN","NO","False","DELETE_GENERATED","87acf32b4a5a9f3317ae983f7ac41a7407e09a62db709d4153dd9623f208ea78"
".pio\google-one-click-resource\esp32_035\FrameworkArduino\esp32-hal-ledc.c.su",".su","636","untracked","NO/NOT SHOWN","NO","NO","NO","YES/LIKELY","NO/NOT SHOWN","NO","False","DELETE_GENERATED","6c537898ecdd023b8deb9ee3ccee52a6517b48989662da330dd638bd220b91bf"
".pio\google-one-click-resource\esp32_035\FrameworkArduino\esp32-hal-matrix.c.d",".d","15794","untracked","NO/NOT SHOWN","NO","NO","NO","YES/LIKELY","POSSIBLE - REVIEW","NO","False","DELETE_GENERATED","62cf0a784515ad2198e60a73510ec5371d24c3e1361d86191153880e21eb8e80"
".pio\google-one-click-resource\esp32_035\FrameworkArduino\esp32-hal-matrix.c.o",".o","25800","untracked","NO/NOT SHOWN","NO","NO","NO","YES/LIKELY","POSSIBLE - REVIEW","NO","False","DELETE_GENERATED","cbe76eecb5588d0356ee058a4e029cc4e705a2d01fc9278de6a4569490b88139"
".pio\google-one-click-resource\esp32_035\FrameworkArduino\esp32-hal-matrix.c.su",".su","218","untracked","NO/NOT SHOWN","NO","NO","NO","YES/LIKELY","POSSIBLE - REVIEW","NO","False","DELETE_GENERATED","9b9bf9a39c13607ac512c23361caa52bb454239dcf04b5c0b9ee57b32a582e8d"
".pio\google-one-click-resource\esp32_035\FrameworkArduino\esp32-hal-misc.c.d",".d","20597","untracked","NO/NOT SHOWN","NO","NO","NO","YES/LIKELY","NO/NOT SHOWN","NO","False","DELETE_GENERATED","87816b2a802fe22fdc30fca433e06a32c4c92b10279c2a2b377c522d1e383e2a"
".pio\google-one-click-resource\esp32_035\FrameworkArduino\esp32-hal-misc.c.o",".o","100976","untracked","NO/NOT SHOWN","NO","NO","NO","YES/LIKELY","NO/NOT SHOWN","NO","False","DELETE_GENERATED","b51860a6652eff495f92c8b94f9e6a4c4caff9a70de69afb13ee1a3c0e4dbc92"
".pio\google-one-click-resource\esp32_035\FrameworkArduino\esp32-hal-misc.c.su",".su","984","untracked","NO/NOT SHOWN","NO","NO","NO","YES/LIKELY","NO/NOT SHOWN","NO","False","DELETE_GENERATED","4a9775f3f6bba93abee0f17a5425bf343841b4815412bfcaf92f8f20e8c855af"
".pio\google-one-click-resource\esp32_035\FrameworkArduino\esp32-hal-psram.c.d",".d","15638","untracked","NO/NOT SHOWN","NO","NO","NO","YES/LIKELY","NO/NOT SHOWN","NO","False","DELETE_GENERATED","5af3ca1afeb4c686d3539c07b6aa9bfa579bc62f0600ad63378f5214b7c3f71c"
".pio\google-one-click-resource\esp32_035\FrameworkArduino\esp32-hal-psram.c.o",".o","24680","untracked","NO/NOT SHOWN","NO","NO","NO","YES/LIKELY","NO/NOT SHOWN","NO","False","DELETE_GENERATED","82b0d3d363557b57407a977b1496d27b99c6371d6eed48acb874e3cd63535342"
".pio\google-one-click-resource\esp32_035\FrameworkArduino\esp32-hal-psram.c.su",".su","231","untracked","NO/NOT SHOWN","NO","NO","NO","YES/LIKELY","NO/NOT SHOWN","NO","False","DELETE_GENERATED","78566ccb9632e35cf874268b3504a7a81691664df77a4c1e5da707c36841fa07"
".pio\google-one-click-resource\esp32_035\FrameworkArduino\esp32-hal-rgb-led.c.d",".d","15642","untracked","NO/NOT SHOWN","NO","NO","NO","YES/LIKELY","NO/NOT SHOWN","NO","False","DELETE_GENERATED","cb41451c3165753e64b06ca0ca5de4e7420c0adc8681a53535b1a2cac60ea4d7"
".pio\google-one-click-resource\esp32_035\FrameworkArduino\esp32-hal-rgb-led.c.o",".o","28968","untracked","NO/NOT SHOWN","NO","NO","NO","YES/LIKELY","NO/NOT SHOWN","NO","False","DELETE_GENERATED","21b1bd9d85d0cd8186530da1208fc82bcb9229be2784b17574ae303e6f83693b"
".pio\google-one-click-resource\esp32_035\FrameworkArduino\esp32-hal-rgb-led.c.su",".su","50","untracked","NO/NOT SHOWN","NO","NO","NO","YES/LIKELY","NO/NOT SHOWN","NO","False","DELETE_GENERATED","ee190048a1ebb4db4060360c459ee539f6dd2d07c8857f85f44692e55419a3ba"
".pio\google-one-click-resource\esp32_035\FrameworkArduino\esp32-hal-rmt.c.d",".d","16244","untracked","NO/NOT SHOWN","NO","NO","NO","YES/LIKELY","NO/NOT SHOWN","NO","False","DELETE_GENERATED","08a5371c03b98d7ef69ddeb2100d49a194177b9ed8ba00e27fd84f5935ef50aa"
".pio\google-one-click-resource\esp32_035\FrameworkArduino\esp32-hal-rmt.c.o",".o","96772","untracked","NO/NOT SHOWN","NO","NO","NO","YES/LIKELY","NO/NOT SHOWN","NO","False","DELETE_GENERATED","62919746f4fc29448ed03bdaaad1b8bea80c5f3c366fe4995b8f1c9ddd517248"
".pio\google-one-click-resource\esp32_035\FrameworkArduino\esp32-hal-rmt.c.su",".su","875","untracked","NO/NOT SHOWN","NO","NO","NO","YES/LIKELY","NO/NOT SHOWN","NO","False","DELETE_GENERATED","f5155d8b41c1f3bc3b3064f10bfda22d949fa112fe47dc075afbc16d487a5df9"
".pio\google-one-click-resource\esp32_035\FrameworkArduino\esp32-hal-sigmadelta.c.d",".d","16429","untracked","NO/NOT SHOWN","NO","NO","NO","YES/LIKELY","NO/NOT SHOWN","NO","False","DELETE_GENERATED","8c63e6896f1068ba9889354b218928e639734b3169b821884af8c0f2d12af326"
".pio\google-one-click-resource\esp32_035\FrameworkArduino\esp32-hal-sigmadelta.c.o",".o","33336","untracked","NO/NOT SHOWN","NO","NO","NO","YES/LIKELY","NO/NOT SHOWN","NO","False","DELETE_GENERATED","4b6046211ffee3d0e776b8a2940cc7806c1efa1b795d4512222cb6026af3d730"
".pio\google-one-click-resource\esp32_035\FrameworkArduino\esp32-hal-sigmadelta.c.su",".su","279","untracked","NO/NOT SHOWN","NO","NO","NO","YES/LIKELY","NO/NOT SHOWN","NO","False","DELETE_GENERATED","c9b3b45c61b3692c720eaa58a4914e3c72ee6083425c7e37d2489ec27de09547"
".pio\google-one-click-resource\esp32_035\FrameworkArduino\esp32-hal-spi.c.d",".d","18417","untracked","NO/NOT SHOWN","NO","NO","NO","YES/LIKELY","NO/NOT SHOWN","NO","False","DELETE_GENERATED","e011cb60e3efbe8066473eba738d705d0ed2c5b796599d8ab8312de79bec5d5b"
".pio\google-one-click-resource\esp32_035\FrameworkArduino\esp32-hal-spi.c.o",".o","192688","untracked","NO/NOT SHOWN","NO","NO","NO","YES/LIKELY","NO/NOT SHOWN","NO","False","DELETE_GENERATED","0314f319d6a788bebe3f5a5b37a5d9aa268e90b4ebf4fac9fc356f0087f935e6"
".pio\google-one-click-resource\esp32_035\FrameworkArduino\esp32-hal-spi.c.su",".su","2483","untracked","NO/NOT SHOWN","NO","NO","NO","YES/LIKELY","NO/NOT SHOWN","NO","False","DELETE_GENERATED","cca2307affdec2aed4d32d3ef2cb8d3c178baf38c858fb8e24dc7a9eead91bfe"
".pio\google-one-click-resource\esp32_035\FrameworkArduino\esp32-hal-time.c.d",".d","22075","untracked","NO/NOT SHOWN","NO","NO","NO","YES/LIKELY","NO/NOT SHOWN","NO","False","DELETE_GENERATED","77de24b8e89aabbf189bdc09fedcae6dbc77c081768cbc4197cc7c6860c91cca"
".pio\google-one-click-resource\esp32_035\FrameworkArduino\esp32-hal-time.c.o",".o","38836","untracked","NO/NOT SHOWN","NO","NO","NO","YES/LIKELY","NO/NOT SHOWN","NO","False","DELETE_GENERATED","d54dd9ff93125d19d02a7125ecd1d7325491fcfcfb48c31e942374e796af9c3a"
".pio\google-one-click-resource\esp32_035\FrameworkArduino\esp32-hal-time.c.su",".su","137","untracked","NO/NOT SHOWN","NO","NO","NO","YES/LIKELY","NO/NOT SHOWN","NO","False","DELETE_GENERATED","8265b5c602f6cc08f75238930e5aa18b08aeb5b2e20301d89a3060809f74e24d"
".pio\google-one-click-resource\esp32_035\FrameworkArduino\esp32-hal-timer.c.d",".d","16568","untracked","NO/NOT SHOWN","NO","NO","NO","YES/LIKELY","NO/NOT SHOWN","NO","False","DELETE_GENERATED","32102529c460be5a4646633cf6e8fd5cbf7f0b993640085d7535177bf4f14b81"
".pio\google-one-click-resource\esp32_035\FrameworkArduino\esp32-hal-timer.c.o",".o","77188","untracked","NO/NOT SHOWN","NO","NO","NO","YES/LIKELY","NO/NOT SHOWN","NO","False","DELETE_GENERATED","cb7e3a5b63badc1bd9540e0d4b71f8f327458665c9b7449a47acd1cd5459ef5f"
".pio\google-one-click-resource\esp32_035\FrameworkArduino\esp32-hal-timer.c.su",".su","1637","untracked","NO/NOT SHOWN","NO","NO","NO","YES/LIKELY","NO/NOT SHOWN","NO","False","DELETE_GENERATED","9dc2cc3c6c8f19141384e051b74d8b622521b2ccf9a1c0bdaf37876d3466241c"
".pio\google-one-click-resource\esp32_035\FrameworkArduino\esp32-hal-tinyusb.c.d",".d","351","untracked","NO/NOT SHOWN","NO","NO","NO","YES/LIKELY","NO/NOT SHOWN","NO","False","DELETE_GENERATED","e2ce873ef45ec57428d078474c2eac1331e05ee3ad2152bddf1c8c3df4f22db2"
".pio\google-one-click-resource\esp32_035\FrameworkArduino\esp32-hal-tinyusb.c.o",".o","1212","untracked","NO/NOT SHOWN","NO","NO","NO","YES/LIKELY","NO/NOT SHOWN","NO","False","DELETE_GENERATED","46b409edac5ec43698e7ad6f62b39756c0b78064d89211a2779b3bf26ffbe56c"
".pio\google-one-click-resource\esp32_035\FrameworkArduino\esp32-hal-tinyusb.c.su",".su","0","untracked","NO/NOT SHOWN","NO","NO","NO","YES/LIKELY","NO/NOT SHOWN","YES (identical SHA-256 elsewhere)","False","DELETE_GENERATED","e3b0c44298fc1c149afbf4c8996fb92427ae41e4649b934ca495991b7852b855"
".pio\google-one-click-resource\esp32_035\FrameworkArduino\esp32-hal-touch.c.d",".d","16106","untracked","NO/NOT SHOWN","NO","NO","NO","YES/LIKELY","NO/NOT SHOWN","NO","False","DELETE_GENERATED","e78adcdb1c3ec471200131cb1292d66bfe803d0b22574c3521f5a5a03c54f2d6"
".pio\google-one-click-resource\esp32_035\FrameworkArduino\esp32-hal-touch.c.o",".o","49476","untracked","NO/NOT SHOWN","NO","NO","NO","YES/LIKELY","NO/NOT SHOWN","NO","False","DELETE_GENERATED","a64b8ffe46327ca72276cd8ca85c81021a21cafff6e913616e14cee1b9d97189"
".pio\google-one-click-resource\esp32_035\FrameworkArduino\esp32-hal-touch.c.su",".su","618","untracked","NO/NOT SHOWN","NO","NO","NO","YES/LIKELY","NO/NOT SHOWN","NO","False","DELETE_GENERATED","e410c4da180cb0abe16f53913ffec47010c4b2c66d584501422fa94495409d0a"
".pio\google-one-click-resource\esp32_035\FrameworkArduino\esp32-hal-uart.c.d",".d","18247","untracked","NO/NOT SHOWN","NO","NO","NO","YES/LIKELY","NO/NOT SHOWN","NO","False","DELETE_GENERATED","3aa597381f3f8ad4165f437edc93a95cbc85837c4e8db1305e10895fdfdb1cb7"
".pio\google-one-click-resource\esp32_035\FrameworkArduino\esp32-hal-uart.c.o",".o","169384","untracked","NO/NOT SHOWN","NO","NO","NO","YES/LIKELY","NO/NOT SHOWN","NO","False","DELETE_GENERATED","b884d4a9876a33c65812ff63155764f5185a25e0aab460a8678f1ead582b724a"
".pio\google-one-click-resource\esp32_035\FrameworkArduino\esp32-hal-uart.c.su",".su","2157","untracked","NO/NOT SHOWN","NO","NO","NO","YES/LIKELY","NO/NOT SHOWN","NO","False","DELETE_GENERATED","cbb8607a08d0b74c0a8287dfd64ab5a2c2c374e2a3dde5572ac625b28ba05ef0"
".pio\google-one-click-resource\esp32_035\FrameworkArduino\firmware_msc_fat.c.d",".d","335","untracked","NO/NOT SHOWN","NO","NO","NO","YES/LIKELY","NO/NOT SHOWN","NO","False","DELETE_GENERATED","2b32c449f27a4fefaf582e36b6ab75eaf9bb70fc90fdca7e7e15e9cf2a26225d"
".pio\google-one-click-resource\esp32_035\FrameworkArduino\firmware_msc_fat.c.o",".o","41412","untracked","NO/NOT SHOWN","NO","NO","NO","YES/LIKELY","NO/NOT SHOWN","NO","False","DELETE_GENERATED","e156dc80bd6ecac079c76ed0c07bf9a6ff47e0618dc9780d4f04029c975e12f9"
".pio\google-one-click-resource\esp32_035\FrameworkArduino\firmware_msc_fat.c.su",".su","488","untracked","NO/NOT SHOWN","NO","NO","NO","YES/LIKELY","NO/NOT SHOWN","NO","False","DELETE_GENERATED","c231c49c0cd2b510fe4538e0d9258b5d638b3e4348fc61585de06450ff26dcc9"
".pio\google-one-click-resource\esp32_035\FrameworkArduino\FirmwareMSC.cpp.d",".d","582","untracked","NO/NOT SHOWN","NO","NO","NO","YES/LIKELY","NO/NOT SHOWN","NO","False","DELETE_GENERATED","825a21a2e5c22951dd26f67954510cf2a13427e61fe58c5615ca785083f53b29"
".pio\google-one-click-resource\esp32_035\FrameworkArduino\FirmwareMSC.cpp.o",".o","1968","untracked","NO/NOT SHOWN","NO","NO","NO","YES/LIKELY","NO/NOT SHOWN","NO","False","DELETE_GENERATED","4aa0966ec62522ca2d2d3e86e613740b3f5e5e6b54f2d88c286457a9c6551256"
".pio\google-one-click-resource\esp32_035\FrameworkArduino\FirmwareMSC.cpp.su",".su","0","untracked","NO/NOT SHOWN","NO","NO","NO","YES/LIKELY","NO/NOT SHOWN","YES (identical SHA-256 elsewhere)","False","DELETE_GENERATED","e3b0c44298fc1c149afbf4c8996fb92427ae41e4649b934ca495991b7852b855"
".pio\google-one-click-resource\esp32_035\FrameworkArduino\FunctionalInterrupt.cpp.d",".d","19850","untracked","NO/NOT SHOWN","NO","NO","NO","YES/LIKELY","NO/NOT SHOWN","NO","False","DELETE_GENERATED","97fcc983f42e11a5cc8b868231077e152ac00ab0a4bd0859cb17448bf8c9df65"
".pio\google-one-click-resource\esp32_035\FrameworkArduino\FunctionalInterrupt.cpp.o",".o","93428","untracked","NO/NOT SHOWN","NO","NO","NO","YES/LIKELY","NO/NOT SHOWN","NO","False","DELETE_GENERATED","8b02d681245dbf5874cefb79f335cbaa0405198d069820ca6970dc3572c10dc1"
".pio\google-one-click-resource\esp32_035\FrameworkArduino\FunctionalInterrupt.cpp.su",".su","312","untracked","NO/NOT SHOWN","NO","NO","NO","YES/LIKELY","NO/NOT SHOWN","NO","False","DELETE_GENERATED","3b0c87d9c73ce54eb1c18ad5e2791f0e4a48fd2fec8b2bb32f1595a57009735f"
".pio\google-one-click-resource\esp32_035\FrameworkArduino\HardwareSerial.cpp.d",".d","20018","untracked","NO/NOT SHOWN","NO","NO","NO","YES/LIKELY","NO/NOT SHOWN","NO","False","DELETE_GENERATED","3624a1ba13932c3f97a91d9941f1ddd8189200a5734e5b56ff5c70e9756dde54"
".pio\google-one-click-resource\esp32_035\FrameworkArduino\HardwareSerial.cpp.o",".o","197412","untracked","NO/NOT SHOWN","NO","NO","NO","YES/LIKELY","NO/NOT SHOWN","NO","False","DELETE_GENERATED","a86e00020607ebd115ae405681eb5e646cdced7d9c65a6ba876228882a5e7596"
".pio\google-one-click-resource\esp32_035\FrameworkArduino\HardwareSerial.cpp.su",".su","3243","untracked","NO/NOT SHOWN","NO","NO","NO","YES/LIKELY","NO/NOT SHOWN","NO","False","DELETE_GENERATED","c36efe82874250f47002cb097ea47f9e336d4d5d53a6aa7fba0faa4981a414aa"
".pio\google-one-click-resource\esp32_035\FrameworkArduino\HWCDC.cpp.d",".d","445","untracked","NO/NOT SHOWN","NO","NO","NO","YES/LIKELY","NO/NOT SHOWN","NO","False","DELETE_GENERATED","d7be537049bb28b526d4f8f6e35b66bef17300bd766a378cb7fd687ec91b0417"
".pio\google-one-click-resource\esp32_035\FrameworkArduino\HWCDC.cpp.o",".o","1216","untracked","NO/NOT SHOWN","NO","NO","NO","YES/LIKELY","NO/NOT SHOWN","NO","False","DELETE_GENERATED","93c57e3771c353e54323a2ec791bb4522bfe0fd546402ea97705d877068d8e21"
".pio\google-one-click-resource\esp32_035\FrameworkArduino\HWCDC.cpp.su",".su","0","untracked","NO/NOT SHOWN","NO","NO","NO","YES/LIKELY","NO/NOT SHOWN","YES (identical SHA-256 elsewhere)","False","DELETE_GENERATED","e3b0c44298fc1c149afbf4c8996fb92427ae41e4649b934ca495991b7852b855"
".pio\google-one-click-resource\esp32_035\FrameworkArduino\IPAddress.cpp.d",".d","19816","untracked","NO/NOT SHOWN","NO","NO","NO","YES/LIKELY","NO/NOT SHOWN","NO","False","DELETE_GENERATED","402ea8cb6d659be63645b25fe959ee1ac1d0fb658f94751b9cd515cf0189f0e6"
".pio\google-one-click-resource\esp32_035\FrameworkArduino\IPAddress.cpp.o",".o","105480","untracked","NO/NOT SHOWN","NO","NO","NO","YES/LIKELY","NO/NOT SHOWN","NO","False","DELETE_GENERATED","3ab9f28ba23a49811f0b4277329f80040179fef37b3c7787413053ed2df3a680"
".pio\google-one-click-resource\esp32_035\FrameworkArduino\IPAddress.cpp.su",".su","863","untracked","NO/NOT SHOWN","NO","NO","NO","YES/LIKELY","NO/NOT SHOWN","NO","False","DELETE_GENERATED","f1e80bf8460e5b9f87a15f0a0c626811bc784e1fb545551da04748ec409264b6"
".pio\google-one-click-resource\esp32_035\FrameworkArduino\IPv6Address.cpp.d",".d","19942","untracked","NO/NOT SHOWN","NO","NO","NO","YES/LIKELY","NO/NOT SHOWN","NO","False","DELETE_GENERATED","94d9a135d9fed9aa8a643406342be9f6194e64d6e1c527164663163adf478f2e"
".pio\google-one-click-resource\esp32_035\FrameworkArduino\IPv6Address.cpp.o",".o","100864","untracked","NO/NOT SHOWN","NO","NO","NO","YES/LIKELY","NO/NOT SHOWN","NO","False","DELETE_GENERATED","6e0b42510e24900436df114bc4a4d51708020e7541defe7b3554a300d7ce56a5"
".pio\google-one-click-resource\esp32_035\FrameworkArduino\IPv6Address.cpp.su",".su","726","untracked","NO/NOT SHOWN","NO","NO","NO","YES/LIKELY","NO/NOT SHOWN","NO","False","DELETE_GENERATED","6a1a86ee21c4259c8de7d6339c7a6377c054c218668b3faa1581b6609619e3ce"
".pio\google-one-click-resource\esp32_035\FrameworkArduino\libb64\cdecode.c.d",".d","329","untracked","NO/NOT SHOWN","NO","NO","NO","YES/LIKELY","NO/NOT SHOWN","NO","False","DELETE_GENERATED","262ad0cda93149a335247d18b6a9b40b54506890e794e71b88912b91e0e9a76b"
".pio\google-one-click-resource\esp32_035\FrameworkArduino\libb64\cdecode.c.o",".o","19412","untracked","NO/NOT SHOWN","NO","NO","NO","YES/LIKELY","NO/NOT SHOWN","NO","False","DELETE_GENERATED","ca3307437e94b013c18a15273aa6152b7f4ac5a20b6b5d4d7dd6f43f713e6c89"
".pio\google-one-click-resource\esp32_035\FrameworkArduino\libb64\cdecode.c.su",".su","243","untracked","NO/NOT SHOWN","NO","NO","NO","YES/LIKELY","NO/NOT SHOWN","NO","False","DELETE_GENERATED","4ad87a6e66234aea8a8e4a1ef01307953f18bcaa1619f80507cf3c285b356b4d"
".pio\google-one-click-resource\esp32_035\FrameworkArduino\libb64\cencode.c.d",".d","329","untracked","NO/NOT SHOWN","NO","NO","NO","YES/LIKELY","NO/NOT SHOWN","NO","False","DELETE_GENERATED","c192b4ee0bdc0dee23492dec42eb0a15f76da916294d1602a32da7a3da2abd19"
".pio\google-one-click-resource\esp32_035\FrameworkArduino\libb64\cencode.c.o",".o","16188","untracked","NO/NOT SHOWN","NO","NO","NO","YES/LIKELY","NO/NOT SHOWN","NO","False","DELETE_GENERATED","7c5b73e471a35aaa352cdeb3658efc67253cdaf6dc69028b11767a3cfa8a6b69"
".pio\google-one-click-resource\esp32_035\FrameworkArduino\libb64\cencode.c.su",".su","237","untracked","NO/NOT SHOWN","NO","NO","NO","YES/LIKELY","NO/NOT SHOWN","NO","False","DELETE_GENERATED","77307177d0441db1f44e7473e1f3786c360b786cfd490825acdc39f07ffcbd2b"
".pio\google-one-click-resource\esp32_035\FrameworkArduino\main.cpp.d",".d","20138","untracked","NO/NOT SHOWN","NO","NO","NO","YES/LIKELY","NO/NOT SHOWN","NO","False","DELETE_GENERATED","de03aa1f0573931730f1262b0852f8a043cfb2b2541249dfd3d00f4f1b9f6567"
".pio\google-one-click-resource\esp32_035\FrameworkArduino\main.cpp.o",".o","87732","untracked","NO/NOT SHOWN","NO","NO","NO","YES/LIKELY","NO/NOT SHOWN","NO","False","DELETE_GENERATED","b637d16b9eb35efc2de5c0cd6a2111b2b334baa8188f4f0a700ec8ea1ffeb37b"
".pio\google-one-click-resource\esp32_035\FrameworkArduino\main.cpp.su",".su","151","untracked","NO/NOT SHOWN","NO","NO","NO","YES/LIKELY","NO/NOT SHOWN","NO","False","DELETE_GENERATED","d7134050c6a3148cb28d266c1c768c8cc4b69a09411f049509cab0ee42d4bc98"
".pio\google-one-click-resource\esp32_035\FrameworkArduino\MD5Builder.cpp.d",".d","19973","untracked","NO/NOT SHOWN","NO","NO","NO","YES/LIKELY","NO/NOT SHOWN","NO","False","DELETE_GENERATED","c8bf4b22a375ca20d3135bbb98b058c540eeba87544972ad0d300b6f77b13fdb"
".pio\google-one-click-resource\esp32_035\FrameworkArduino\MD5Builder.cpp.o",".o","100720","untracked","NO/NOT SHOWN","NO","NO","NO","YES/LIKELY","NO/NOT SHOWN","NO","False","DELETE_GENERATED","fc96686cd69976cd10c1c130116d3b96d180840ab608c1ad046668a22ea9a547"
".pio\google-one-click-resource\esp32_035\FrameworkArduino\MD5Builder.cpp.su",".su","532","untracked","NO/NOT SHOWN","NO","NO","NO","YES/LIKELY","NO/NOT SHOWN","NO","False","DELETE_GENERATED","af2f6ffd18361812d905634d39719c0d0400b291d2aec73e835604ca6236c055"
".pio\google-one-click-resource\esp32_035\FrameworkArduino\Print.cpp.d",".d","19692","untracked","NO/NOT SHOWN","NO","NO","NO","YES/LIKELY","NO/NOT SHOWN","NO","False","DELETE_GENERATED","9e3eecd704c25ee01e42031f3dca984b573957873e89bcf8bfb5ed1eadf85f23"
".pio\google-one-click-resource\esp32_035\FrameworkArduino\Print.cpp.o",".o","155784","untracked","NO/NOT SHOWN","NO","NO","NO","YES/LIKELY","NO/NOT SHOWN","NO","False","DELETE_GENERATED","d05de8da31a5584a5dc68cfbc579aab9eaf5abd724efd4781b1f9059d064f9fa"
".pio\google-one-click-resource\esp32_035\FrameworkArduino\Print.cpp.su",".su","2255","untracked","NO/NOT SHOWN","NO","NO","NO","YES/LIKELY","NO/NOT SHOWN","NO","False","DELETE_GENERATED","0ae4c3be44f4f07b1cea0c0c7ca09068fd66003937aa5fd4b938d372bb80df76"
".pio\google-one-click-resource\esp32_035\FrameworkArduino\stdlib_noniso.c.d",".d","1710","untracked","NO/NOT SHOWN","NO","NO","NO","YES/LIKELY","NO/NOT SHOWN","NO","False","DELETE_GENERATED","cc6d6fb238e4799eeb42577d3e19463b133175330b0680ce3f520a7c97a97ded"
".pio\google-one-click-resource\esp32_035\FrameworkArduino\stdlib_noniso.c.o",".o","31048","untracked","NO/NOT SHOWN","NO","NO","NO","YES/LIKELY","NO/NOT SHOWN","NO","False","DELETE_GENERATED","cc9b99d5299a8de536931582e440ab7789161bfbbbb93f849ebfa881cb2c2c8c"
".pio\google-one-click-resource\esp32_035\FrameworkArduino\stdlib_noniso.c.su",".su","235","untracked","NO/NOT SHOWN","NO","NO","NO","YES/LIKELY","NO/NOT SHOWN","NO","False","DELETE_GENERATED","7c191e9ef8ac223e920fd6cd8b828bd2edd9cb5b6f954610f3812ed79640b1fa"
".pio\google-one-click-resource\esp32_035\FrameworkArduino\Stream.cpp.d",".d","19694","untracked","NO/NOT SHOWN","NO","NO","NO","YES/LIKELY","NO/NOT SHOWN","NO","False","DELETE_GENERATED","e46628bdf4627dd6ab77ed59727b2cde0cf2eaca32813809ed193c445e85d12c"
".pio\google-one-click-resource\esp32_035\FrameworkArduino\Stream.cpp.o",".o","126760","untracked","NO/NOT SHOWN","NO","NO","NO","YES/LIKELY","NO/NOT SHOWN","NO","False","DELETE_GENERATED","93fecb193853bbc3aed84a12c8331f000878257e593d6a8404869a983dd05d97"
".pio\google-one-click-resource\esp32_035\FrameworkArduino\Stream.cpp.su",".su","1375","untracked","NO/NOT SHOWN","NO","NO","NO","YES/LIKELY","NO/NOT SHOWN","NO","False","DELETE_GENERATED","ccc4d6ad0f5d67a152bb27b8229425b1c2d17c85abbba52c99ba4627c447a2c0"
".pio\google-one-click-resource\esp32_035\FrameworkArduino\StreamString.cpp.d",".d","19829","untracked","NO/NOT SHOWN","NO","NO","NO","YES/LIKELY","NO/NOT SHOWN","NO","False","DELETE_GENERATED","0417ef693278f7bb3b786ea6c83a72f5bc3a022406c3c21aa1ee85be83a02ec8"
".pio\google-one-click-resource\esp32_035\FrameworkArduino\StreamString.cpp.o",".o","103396","untracked","NO/NOT SHOWN","NO","NO","NO","YES/LIKELY","NO/NOT SHOWN","NO","False","DELETE_GENERATED","a763aaf097a3e2e07e338dc37d9fe090c06ddffdbc5744c621285e3774117d58"
".pio\google-one-click-resource\esp32_035\FrameworkArduino\StreamString.cpp.su",".su","775","untracked","NO/NOT SHOWN","NO","NO","NO","YES/LIKELY","NO/NOT SHOWN","NO","False","DELETE_GENERATED","c025eff66cb82cbd58f259e7217882e1047d64029599755081bb01283e0078ae"
".pio\google-one-click-resource\esp32_035\FrameworkArduino\Tone.cpp.d",".d","19690","untracked","NO/NOT SHOWN","NO","NO","NO","YES/LIKELY","NO/NOT SHOWN","NO","False","DELETE_GENERATED","144e56ffde2a6ec329213e8609d12bd123693c7a2235f5e305c5701e6aa15d13"
".pio\google-one-click-resource\esp32_035\FrameworkArduino\Tone.cpp.o",".o","96440","untracked","NO/NOT SHOWN","NO","NO","NO","YES/LIKELY","NO/NOT SHOWN","NO","False","DELETE_GENERATED","acc3279ca36dbc99d6350bc74cbf2406b44f32534c25c2fe253d2d7ecf505ca3"
".pio\google-one-click-resource\esp32_035\FrameworkArduino\Tone.cpp.su",".su","269","untracked","NO/NOT SHOWN","NO","NO","NO","YES/LIKELY","NO/NOT SHOWN","NO","False","DELETE_GENERATED","06c48091f9aa234950971f3f8b999f10d7f27169c0fbb3adbc95551d6b494791"
".pio\google-one-click-resource\esp32_035\FrameworkArduino\USB.cpp.d",".d","441","untracked","NO/NOT SHOWN","NO","NO","NO","YES/LIKELY","NO/NOT SHOWN","NO","False","DELETE_GENERATED","2f6e5e4b50a0b7511853960ebb3abfb4ae33d0555b008f4c5fd33df2b782a5e2"
".pio\google-one-click-resource\esp32_035\FrameworkArduino\USB.cpp.o",".o","1216","untracked","NO/NOT SHOWN","NO","NO","NO","YES/LIKELY","NO/NOT SHOWN","NO","False","DELETE_GENERATED","38ff4b492b4526538ba9fe143e689107da1226e195a5c99bb9546fce46809f5e"
".pio\google-one-click-resource\esp32_035\FrameworkArduino\USB.cpp.su",".su","0","untracked","NO/NOT SHOWN","NO","NO","NO","YES/LIKELY","NO/NOT SHOWN","YES (identical SHA-256 elsewhere)","False","DELETE_GENERATED","e3b0c44298fc1c149afbf4c8996fb92427ae41e4649b934ca495991b7852b855"
".pio\google-one-click-resource\esp32_035\FrameworkArduino\USBCDC.cpp.d",".d","447","untracked","NO/NOT SHOWN","NO","NO","NO","YES/LIKELY","NO/NOT SHOWN","NO","False","DELETE_GENERATED","0fb3f4c054e280b1a653e35558d3cb64bb4648680662bc8a66e06408d683adfb"
".pio\google-one-click-resource\esp32_035\FrameworkArduino\USBCDC.cpp.o",".o","1224","untracked","NO/NOT SHOWN","NO","NO","NO","YES/LIKELY","NO/NOT SHOWN","NO","False","DELETE_GENERATED","b5db3e0f1f11aa2d9e0397cdcdea894e8f17fad1a51106ac8daf119b2bd5fa7f"
".pio\google-one-click-resource\esp32_035\FrameworkArduino\USBCDC.cpp.su",".su","0","untracked","NO/NOT SHOWN","NO","NO","NO","YES/LIKELY","NO/NOT SHOWN","YES (identical SHA-256 elsewhere)","False","DELETE_GENERATED","e3b0c44298fc1c149afbf4c8996fb92427ae41e4649b934ca495991b7852b855"
".pio\google-one-click-resource\esp32_035\FrameworkArduino\USBMSC.cpp.d",".d","450","untracked","NO/NOT SHOWN","NO","NO","NO","YES/LIKELY","NO/NOT SHOWN","NO","False","DELETE_GENERATED","ee1f1f3a35e8faeeb7608ba3cb511406265c29b2721f4e0103ecdb398a132f03"
".pio\google-one-click-resource\esp32_035\FrameworkArduino\USBMSC.cpp.o",".o","1956","untracked","NO/NOT SHOWN","NO","NO","NO","YES/LIKELY","NO/NOT SHOWN","NO","False","DELETE_GENERATED","0176d2ff7de5a4ccfd26175b731ed81689b78f3f1334dca9d532446d95fdd0b1"
".pio\google-one-click-resource\esp32_035\FrameworkArduino\USBMSC.cpp.su",".su","0","untracked","NO/NOT SHOWN","NO","NO","NO","YES/LIKELY","NO/NOT SHOWN","YES (identical SHA-256 elsewhere)","False","DELETE_GENERATED","e3b0c44298fc1c149afbf4c8996fb92427ae41e4649b934ca495991b7852b855"
".pio\google-one-click-resource\esp32_035\FrameworkArduino\wiring_pulse.c.d",".d","16494","untracked","NO/NOT SHOWN","NO","NO","NO","YES/LIKELY","NO/NOT SHOWN","NO","False","DELETE_GENERATED","087de17aa094c62cebcb91fbab086b00361bbe52ef7be75f230952036895c138"
".pio\google-one-click-resource\esp32_035\FrameworkArduino\wiring_pulse.c.o",".o","28280","untracked","NO/NOT SHOWN","NO","NO","NO","YES/LIKELY","NO/NOT SHOWN","NO","False","DELETE_GENERATED","b947b70889f663ee5a3a331c11921c38536a022f158615fff2525aa06af19aba"
".pio\google-one-click-resource\esp32_035\FrameworkArduino\wiring_pulse.c.su",".su","84","untracked","NO/NOT SHOWN","NO","NO","NO","YES/LIKELY","NO/NOT SHOWN","NO","False","DELETE_GENERATED","ccfe0db2a4ee7c57a6a1b29173cfc8acf863292ea543f8625975e9f5f9c7e1d3"
".pio\google-one-click-resource\esp32_035\FrameworkArduino\wiring_shift.c.d",".d","16494","untracked","NO/NOT SHOWN","NO","NO","NO","YES/LIKELY","NO/NOT SHOWN","NO","False","DELETE_GENERATED","2dbd832835a1cb552de2f79a95ba06f260565eebd6d90acf0fb642a35fa3b43c"
".pio\google-one-click-resource\esp32_035\FrameworkArduino\wiring_shift.c.o",".o","26200","untracked","NO/NOT SHOWN","NO","NO","NO","YES/LIKELY","NO/NOT SHOWN","NO","False","DELETE_GENERATED","3b16d93915f9ea857cc6952889d66813112c200ef90e4994aa4a9cdb963d24cb"
".pio\google-one-click-resource\esp32_035\FrameworkArduino\wiring_shift.c.su",".su","79","untracked","NO/NOT SHOWN","NO","NO","NO","YES/LIKELY","NO/NOT SHOWN","NO","False","DELETE_GENERATED","ed47a9e9b53fa3320acf70acaa2809375abb3450ecca5badcddab2a69be96531"
".pio\google-one-click-resource\esp32_035\FrameworkArduino\WMath.cpp.d",".d","2605","untracked","NO/NOT SHOWN","NO","NO","NO","YES/LIKELY","NO/NOT SHOWN","NO","False","DELETE_GENERATED","b556536c943578f38c534261447c3e471e2a7cb157e8604762e6cdb70ec3f4a2"
".pio\google-one-click-resource\esp32_035\FrameworkArduino\WMath.cpp.o",".o","24896","untracked","NO/NOT SHOWN","NO","NO","NO","YES/LIKELY","NO/NOT SHOWN","NO","False","DELETE_GENERATED","f1a58d0488a787436cb9d534ba023d57fe28a8edc72de9954483ce16610a19c7"
".pio\google-one-click-resource\esp32_035\FrameworkArduino\WMath.cpp.su",".su","442","untracked","NO/NOT SHOWN","NO","NO","NO","YES/LIKELY","NO/NOT SHOWN","NO","False","DELETE_GENERATED","5a40b5d6588cd818e71698e33acce4b4e417146c458283f6049374ac877e85a7"
".pio\google-one-click-resource\esp32_035\FrameworkArduino\WString.cpp.d",".d","19696","untracked","NO/NOT SHOWN","NO","NO","NO","YES/LIKELY","NO/NOT SHOWN","NO","False","DELETE_GENERATED","b9e21ea994ec08e32e843cd0f86ad9920944fb4640af471786f9bd6d98c8fd04"
".pio\google-one-click-resource\esp32_035\FrameworkArduino\WString.cpp.o",".o","284152","untracked","NO/NOT SHOWN","NO","NO","NO","YES/LIKELY","NO/NOT SHOWN","NO","False","DELETE_GENERATED","7f02f62e3432ca08e993c88f76bfd6351bbc35cf28343dcb7b9d48ad512732a8"
".pio\google-one-click-resource\esp32_035\FrameworkArduino\WString.cpp.su",".su","6413","untracked","NO/NOT SHOWN","NO","NO","NO","YES/LIKELY","NO/NOT SHOWN","NO","False","DELETE_GENERATED","49cd08c01601ee5db99d32d65a6fd91333fa1ed9cf0654551ed31cdfac8cbbd0"
".pio\google-one-click-resource\esp32_035\lib2a0\libPreferences.a",".a","204736","untracked","NO/NOT SHOWN","NO","NO","NO","YES/LIKELY","NO/NOT SHOWN","NO","False","DELETE_GENERATED","ff620c9e2bacceb1a6423ef293905d4f8ba9e303b16b4909c2f54e678b979c8a"
".pio\google-one-click-resource\esp32_035\lib2a0\Preferences\Preferences.cpp.d",".d","20294","untracked","NO/NOT SHOWN","NO","NO","NO","YES/LIKELY","NO/NOT SHOWN","NO","False","DELETE_GENERATED","55fcf741c92b0923983151d63050c1a29ff261ed6c135800824f95622348f946"
".pio\google-one-click-resource\esp32_035\lib2a0\Preferences\Preferences.cpp.o",".o","203000","untracked","NO/NOT SHOWN","NO","NO","NO","YES/LIKELY","NO/NOT SHOWN","NO","False","DELETE_GENERATED","4dca86e93dada974e9def6793ffaebe5a6194a3f31db88f91e6733e16a3b2232"
".pio\google-one-click-resource\esp32_035\lib2a0\Preferences\Preferences.cpp.su",".su","3430","untracked","NO/NOT SHOWN","NO","NO","NO","YES/LIKELY","NO/NOT SHOWN","NO","False","DELETE_GENERATED","f475871d74cd897226af71dc42aef06c752338e8b9a6dbcecb5735fd25473f90"
".pio\google-one-click-resource\esp32_035\lib56b\libTFT_eSPI.a",".a","1149928","untracked","NO/NOT SHOWN","NO","NO","NO","YES/LIKELY","NO/NOT SHOWN","NO","False","DELETE_GENERATED","fd790a92d450434eb0982324bb1fdea717c5c12f51fbb71aacf0b2dce073f05a"
".pio\google-one-click-resource\esp32_035\lib56b\TFT_eSPI\TFT_eSPI.cpp.d",".d","23676","untracked","NO/NOT SHOWN","NO","NO","NO","YES/LIKELY","NO/NOT SHOWN","NO","False","DELETE_GENERATED","b7c823c2bfa949f0707a16b197b7a2863e0904138b32188441548177bc7ce7b9"
".pio\google-one-click-resource\esp32_035\lib56b\TFT_eSPI\TFT_eSPI.cpp.o",".o","1141104","untracked","NO/NOT SHOWN","NO","NO","NO","YES/LIKELY","NO/NOT SHOWN","NO","False","DELETE_GENERATED","de476e7b13664134b31e8feb40e353cf4ddea0281bac60a2a69f2888f04afb6c"
".pio\google-one-click-resource\esp32_035\lib56b\TFT_eSPI\TFT_eSPI.cpp.su",".su","20891","untracked","NO/NOT SHOWN","NO","NO","NO","YES/LIKELY","NO/NOT SHOWN","NO","False","DELETE_GENERATED","9b3b42bbbf8ee72f901b85f1d4278f0b9227a5e59bf344a47e5e82fe131a5d00"
".pio\google-one-click-resource\esp32_035\lib68b\libSPI.a",".a","135302","untracked","NO/NOT SHOWN","NO","NO","NO","YES/LIKELY","NO/NOT SHOWN","NO","False","DELETE_GENERATED","acc0e3b4b88954844208b7f6463f2a8194d8a111ff751dd66976de9dae121aca"
".pio\google-one-click-resource\esp32_035\lib68b\SPI\SPI.cpp.d",".d","20179","untracked","NO/NOT SHOWN","NO","NO","NO","YES/LIKELY","NO/NOT SHOWN","NO","False","DELETE_GENERATED","8e05945f0cdb1f1da929e94bb330e493e92a2f531db977a59692c9254c21cadc"
".pio\google-one-click-resource\esp32_035\lib68b\SPI\SPI.cpp.o",".o","134328","untracked","NO/NOT SHOWN","NO","NO","NO","YES/LIKELY","NO/NOT SHOWN","NO","False","DELETE_GENERATED","528d68b171b5da79f53814ace23391a53ab0db03d9a070b2fc644544c98a7dd4"
".pio\google-one-click-resource\esp32_035\lib68b\SPI\SPI.cpp.su",".su","1710","untracked","NO/NOT SHOWN","NO","NO","NO","YES/LIKELY","NO/NOT SHOWN","NO","False","DELETE_GENERATED","8196c18e8c6126bc2e73f13db4c7195db1426c2eb4ed7f61429a10e9d2cced8f"
".pio\google-one-click-resource\esp32_035\lib799\libSmartLockWebServer.a",".a","936966","untracked","NO/NOT SHOWN","NO","NO","NO","YES/LIKELY","NO/NOT SHOWN","NO","False","DELETE_GENERATED","32e50e1ed0dc8ecd07c65fbe141994bc24a25bcce8ce90e1ff4424f9080c4ee6"
".pio\google-one-click-resource\esp32_035\lib799\SmartLockWebServer\detail\mimetable.cpp.d",".d","313","untracked","NO/NOT SHOWN","NO","NO","NO","YES/LIKELY","NO/NOT SHOWN","NO","False","DELETE_GENERATED","298e74d5e3ddff7b018f7b7cdbfaf4d03adb23caccea1b9751a70d28cd6d3674"
".pio\google-one-click-resource\esp32_035\lib799\SmartLockWebServer\detail\mimetable.cpp.o",".o","3920","untracked","NO/NOT SHOWN","NO","NO","NO","YES/LIKELY","NO/NOT SHOWN","NO","False","DELETE_GENERATED","41b0589e3bbdb17eeef7ed95b55997773df077b506cecbaa037e796278c8e24e"
".pio\google-one-click-resource\esp32_035\lib799\SmartLockWebServer\detail\mimetable.cpp.su",".su","0","untracked","NO/NOT SHOWN","NO","NO","NO","YES/LIKELY","NO/NOT SHOWN","YES (identical SHA-256 elsewhere)","False","DELETE_GENERATED","e3b0c44298fc1c149afbf4c8996fb92427ae41e4649b934ca495991b7852b855"
".pio\google-one-click-resource\esp32_035\lib799\SmartLockWebServer\Parsing.cpp.d",".d","29381","untracked","NO/NOT SHOWN","NO","NO","NO","YES/LIKELY","NO/NOT SHOWN","NO","False","DELETE_GENERATED","0a0380b7599e5bdcdd39de287a6f9cbbfbc7d2b8149e9e0d73f5b0dd72f64d87"
".pio\google-one-click-resource\esp32_035\lib799\SmartLockWebServer\Parsing.cpp.o",".o","341592","untracked","NO/NOT SHOWN","NO","NO","NO","YES/LIKELY","NO/NOT SHOWN","NO","False","DELETE_GENERATED","6d3d6db786601a29025684e061bc41c0b19607e03851c7b031c997e2972679a2"
".pio\google-one-click-resource\esp32_035\lib799\SmartLockWebServer\Parsing.cpp.su",".su","1208","untracked","NO/NOT SHOWN","NO","NO","NO","YES/LIKELY","NO/NOT SHOWN","NO","False","DELETE_GENERATED","d09b84c5eb604e64fd56fc5a4c0f21ccd534b5db2c851fb96a671cbd4eac3469"
".pio\google-one-click-resource\esp32_035\lib799\SmartLockWebServer\WebServer.cpp.d",".d","29995","untracked","NO/NOT SHOWN","NO","NO","NO","YES/LIKELY","NO/NOT SHOWN","NO","False","DELETE_GENERATED","96c9264fef901d8cbf7ee6cc829df1ccf839704404605b5cc77776e4292973d0"
".pio\google-one-click-resource\esp32_035\lib799\SmartLockWebServer\WebServer.cpp.o",".o","586252","untracked","NO/NOT SHOWN","NO","NO","NO","YES/LIKELY","NO/NOT SHOWN","NO","False","DELETE_GENERATED","70bfdc980016afe6f2b7f7784c129c22d34930b636af627ab6e9434c465f152b"
".pio\google-one-click-resource\esp32_035\lib799\SmartLockWebServer\WebServer.cpp.su",".su","7782","untracked","NO/NOT SHOWN","NO","NO","NO","YES/LIKELY","NO/NOT SHOWN","NO","False","DELETE_GENERATED","337ed08d8ba61840676c1d09101e35876751e88de4b7876acbde3e7b7a51ea1c"
".pio\google-one-click-resource\esp32_035\lib831\libSPIFFS.a",".a","165718","untracked","NO/NOT SHOWN","NO","NO","NO","YES/LIKELY","NO/NOT SHOWN","NO","False","DELETE_GENERATED","14e3449ec29b02b1009e13a5e76a20af9e2d208c00d79eadac5f99e375ae9ff2"
".pio\google-one-click-resource\esp32_035\lib831\SPIFFS\SPIFFS.cpp.d",".d","20455","untracked","NO/NOT SHOWN","NO","NO","NO","YES/LIKELY","NO/NOT SHOWN","NO","False","DELETE_GENERATED","10cc8e09cad7bcabca58f6a9acb3dedb8b35d54ca31992515c7aa47a00bc856a"
".pio\google-one-click-resource\esp32_035\lib831\SPIFFS\SPIFFS.cpp.o",".o","164460","untracked","NO/NOT SHOWN","NO","NO","NO","YES/LIKELY","NO/NOT SHOWN","NO","False","DELETE_GENERATED","c018dbcac498cb0e75287a32036819131723a77fa664a686b635940babe4c73e"
".pio\google-one-click-resource\esp32_035\lib831\SPIFFS\SPIFFS.cpp.su",".su","1660","untracked","NO/NOT SHOWN","NO","NO","NO","YES/LIKELY","NO/NOT SHOWN","NO","False","DELETE_GENERATED","04513a9d70ce6fd23eddae3d9abda56b615feba086fb7d43bcf3fddf3cfa6e79"
".pio\google-one-click-resource\esp32_035\lib848\libLittleFS.a",".a","166200","untracked","NO/NOT SHOWN","NO","NO","NO","YES/LIKELY","NO/NOT SHOWN","NO","False","DELETE_GENERATED","7c23c758caf32310de3fc57d479c0d781085a78c16faf36fa4ed3d6fea73cb37"
".pio\google-one-click-resource\esp32_035\lib848\LittleFS\LittleFS.cpp.d",".d","20475","untracked","NO/NOT SHOWN","NO","NO","NO","YES/LIKELY","NO/NOT SHOWN","NO","False","DELETE_GENERATED","fc490f09ecefe2ff1a0a6ee53ad9990bea28b5cba601adbc4ba932afddb7879a"
".pio\google-one-click-resource\esp32_035\lib848\LittleFS\LittleFS.cpp.o",".o","164884","untracked","NO/NOT SHOWN","NO","NO","NO","YES/LIKELY","NO/NOT SHOWN","NO","False","DELETE_GENERATED","ad147417fae61610a2443ce4b34f5953f40b6e55d3e79f7876a58b3ef94de9a5"
".pio\google-one-click-resource\esp32_035\lib848\LittleFS\LittleFS.cpp.su",".su","1729","untracked","NO/NOT SHOWN","NO","NO","NO","YES/LIKELY","NO/NOT SHOWN","NO","False","DELETE_GENERATED","607022f8d6676bfd3bd0420ed1769af9280a70c5cd5159fcddd0a751bf663d4f"
".pio\google-one-click-resource\esp32_035\lib949\libWiFiClientSecure.a",".a","550396","untracked","NO/NOT SHOWN","NO","NO","NO","YES/LIKELY","NO/NOT SHOWN","NO","False","DELETE_GENERATED","1bbad4fd7f49427b87716faaa5e79e1eb640e8c247803c03994d865f7edd8b4e"
".pio\google-one-click-resource\esp32_035\lib949\WiFiClientSecure\esp_crt_bundle.c.d",".d","6630","untracked","NO/NOT SHOWN","NO","NO","NO","YES/LIKELY","NO/NOT SHOWN","NO","False","DELETE_GENERATED","db6b7db339b27ea130d4de5391f1bd4060777123e393508af6a2203fbdc1fe03"
".pio\google-one-click-resource\esp32_035\lib949\WiFiClientSecure\esp_crt_bundle.c.o",".o","47588","untracked","NO/NOT SHOWN","NO","NO","NO","YES/LIKELY","NO/NOT SHOWN","NO","False","DELETE_GENERATED","fc84e1d068d9d676abbeaea271d1c75d1023f3cc15c9f3e6a22e16d05a78b4a4"
".pio\google-one-click-resource\esp32_035\lib949\WiFiClientSecure\esp_crt_bundle.c.su",".su","306","untracked","NO/NOT SHOWN","NO","NO","NO","YES/LIKELY","NO/NOT SHOWN","NO","False","DELETE_GENERATED","7bf24c4eca074663bc56d3e048b6253fc5a524c92010109add08562352158ecb"
".pio\google-one-click-resource\esp32_035\lib949\WiFiClientSecure\ssl_client.cpp.d",".d","37628","untracked","NO/NOT SHOWN","NO","NO","NO","YES/LIKELY","NO/NOT SHOWN","NO","False","DELETE_GENERATED","fcdc4b901766ca8845d121902f66c6622161cbe03b089e45d9a665729c85099d"
".pio\google-one-click-resource\esp32_035\lib949\WiFiClientSecure\ssl_client.cpp.o",".o","281828","untracked","NO/NOT SHOWN","NO","NO","NO","YES/LIKELY","NO/NOT SHOWN","NO","False","DELETE_GENERATED","08222f857367635d8e784ac4c51d5d2419a60d00d81d879dedcb20c0d3547484"
".pio\google-one-click-resource\esp32_035\lib949\WiFiClientSecure\ssl_client.cpp.su",".su","1642","untracked","NO/NOT SHOWN","NO","NO","NO","YES/LIKELY","NO/NOT SHOWN","NO","False","DELETE_GENERATED","27673ccdcf69580b02c59ed540056c39fe9ca05433e8c63cdd9071ff76a1410e"
".pio\google-one-click-resource\esp32_035\lib949\WiFiClientSecure\WiFiClientSecure.cpp.d",".d","37036","untracked","NO/NOT SHOWN","NO","NO","NO","YES/LIKELY","NO/NOT SHOWN","NO","False","DELETE_GENERATED","d77cb08ed494f0472e93ea7a71d5a515fdf199e3c9ec277198bd47bafa564331"
".pio\google-one-click-resource\esp32_035\lib949\WiFiClientSecure\WiFiClientSecure.cpp.o",".o","217960","untracked","NO/NOT SHOWN","NO","NO","NO","YES/LIKELY","NO/NOT SHOWN","NO","False","DELETE_GENERATED","1440b22c3f2da41f24cf5a15e2026c970ce1437d5a3fb72966c5c105c8e187da"
".pio\google-one-click-resource\esp32_035\lib949\WiFiClientSecure\WiFiClientSecure.cpp.su",".su","3858","untracked","NO/NOT SHOWN","NO","NO","NO","YES/LIKELY","NO/NOT SHOWN","NO","False","DELETE_GENERATED","0746b5f141d4e82912f9a4a3f4ee7ce3e2d96d2d9ef63945285c006c01fddecf"
".pio\google-one-click-resource\esp32_035\liba3f\libSD.a",".a","383320","untracked","NO/NOT SHOWN","NO","NO","NO","YES/LIKELY","NO/NOT SHOWN","NO","False","DELETE_GENERATED","3309ee4bb57b4783f0855eeba76f862b431e25f0986c10ca660278ad1ae5a1b3"
".pio\google-one-click-resource\esp32_035\liba3f\SD\SD.cpp.d",".d","21052","untracked","NO/NOT SHOWN","NO","NO","NO","YES/LIKELY","NO/NOT SHOWN","NO","False","DELETE_GENERATED","ad82702de248cbdd07be5a684db6d9e58a60a76866e2c4113e33e1d9263bd73a"
".pio\google-one-click-resource\esp32_035\liba3f\SD\SD.cpp.o",".o","158516","untracked","NO/NOT SHOWN","NO","NO","NO","YES/LIKELY","NO/NOT SHOWN","NO","False","DELETE_GENERATED","fd0175a74ac16bab72d91f09552403fd534749202b802114c0f1db48cb750340"
".pio\google-one-click-resource\esp32_035\liba3f\SD\SD.cpp.su",".su","1633","untracked","NO/NOT SHOWN","NO","NO","NO","YES/LIKELY","NO/NOT SHOWN","NO","False","DELETE_GENERATED","8b0c57eda09a8de938eedc579b083d5f79959c71928c1eb96c12c43f16214d2a"
".pio\google-one-click-resource\esp32_035\liba3f\SD\sd_diskio.cpp.d",".d","23669","untracked","NO/NOT SHOWN","NO","NO","NO","YES/LIKELY","NO/NOT SHOWN","NO","False","DELETE_GENERATED","572714913edf20b68ddfad3676bb8b25c5081bb1d84400e699b4c5a157139fc5"
".pio\google-one-click-resource\esp32_035\liba3f\SD\sd_diskio.cpp.o",".o","214988","untracked","NO/NOT SHOWN","NO","NO","NO","YES/LIKELY","NO/NOT SHOWN","NO","False","DELETE_GENERATED","1847a5198b9e6952674f9484b0bb2cf15a37d38507516c0a983286b18fdb50e2"
".pio\google-one-click-resource\esp32_035\liba3f\SD\sd_diskio.cpp.su",".su","2183","untracked","NO/NOT SHOWN","NO","NO","NO","YES/LIKELY","NO/NOT SHOWN","NO","False","DELETE_GENERATED","8deb3f9e41d60ebc1994c5bb2544ab7222257820b3f67085fb57d4c8d8863c17"
".pio\google-one-click-resource\esp32_035\liba3f\SD\sd_diskio_crc.c.d",".d","200","untracked","NO/NOT SHOWN","NO","NO","NO","YES/LIKELY","NO/NOT SHOWN","NO","False","DELETE_GENERATED","ce80c072614671f2abb879a9d920886022870ba5a78bf0eebaed658f8a4a2a13"
".pio\google-one-click-resource\esp32_035\liba3f\SD\sd_diskio_crc.c.o",".o","7700","untracked","NO/NOT SHOWN","NO","NO","NO","YES/LIKELY","NO/NOT SHOWN","NO","False","DELETE_GENERATED","8e79da14b6fe066ddabad2bbd942415e4942e9de4a7911378d46aecabb1df578"
".pio\google-one-click-resource\esp32_035\liba3f\SD\sd_diskio_crc.c.su",".su","76","untracked","NO/NOT SHOWN","NO","NO","NO","YES/LIKELY","NO/NOT SHOWN","NO","False","DELETE_GENERATED","8457c245667fe4fbaef7a9f69c1cae142d28bd212901423a225b8c672cad5f12"
".pio\google-one-click-resource\esp32_035\libbe2\ESPmDNS\ESPmDNS.cpp.d",".d","29859","untracked","NO/NOT SHOWN","NO","NO","NO","YES/LIKELY","NO/NOT SHOWN","NO","False","DELETE_GENERATED","1c346c54a089e0f964c98dcf26a1b9312e9f05f616237d58b7b86c233980b3e9"
".pio\google-one-click-resource\esp32_035\libbe2\ESPmDNS\ESPmDNS.cpp.o",".o","207352","untracked","NO/NOT SHOWN","NO","NO","NO","YES/LIKELY","NO/NOT SHOWN","NO","False","DELETE_GENERATED","3efccbedf672ca4535ac1471b0bf9dbd347aef90821ab3531454f32300f68b80"
".pio\google-one-click-resource\esp32_035\libbe2\ESPmDNS\ESPmDNS.cpp.su",".su","1842","untracked","NO/NOT SHOWN","NO","NO","NO","YES/LIKELY","NO/NOT SHOWN","NO","False","DELETE_GENERATED","2ddc0d7c6c2ff5dc02db549e740d4de730418dfdaf583854c5a688ca21a4b00f"
".pio\google-one-click-resource\esp32_035\libbe2\libESPmDNS.a",".a","208464","untracked","NO/NOT SHOWN","NO","NO","NO","YES/LIKELY","NO/NOT SHOWN","NO","False","DELETE_GENERATED","5765a00201d7f144b58107f74e1baca4ad4fdc1d4eb96c2951f4eedb14841ce5"
".pio\google-one-click-resource\esp32_035\libcc0\libQRCode.a",".a","120372","untracked","NO/NOT SHOWN","NO","NO","NO","YES/LIKELY","NO/NOT SHOWN","NO","False","DELETE_GENERATED","fdf80563d5fb29c42f7c5986c21a7df6c19dcc273cd7f626e192657ce65980ab"
".pio\google-one-click-resource\esp32_035\libcc0\QRCode\qrcode.c.d",".d","162","untracked","NO/NOT SHOWN","NO","NO","NO","YES/LIKELY","NO/NOT SHOWN","NO","False","DELETE_GENERATED","17da118821d652c94ea2f1c72446885e269fa15a67d53f9ca7638c1e3b2e4578"
".pio\google-one-click-resource\esp32_035\libcc0\QRCode\qrcode.c.o",".o","120152","untracked","NO/NOT SHOWN","NO","NO","NO","YES/LIKELY","NO/NOT SHOWN","NO","False","DELETE_GENERATED","fc0a2a9d06a985fd510a6ca92582dc92273c1c1c598e79122948b8b18727ccff"
".pio\google-one-click-resource\esp32_035\libcc0\QRCode\qrcode.c.su",".su","544","untracked","NO/NOT SHOWN","NO","NO","NO","YES/LIKELY","NO/NOT SHOWN","NO","False","DELETE_GENERATED","85c892cfb2e8030d755b6e886990493c049405756cd0f0ffa6cc3c0a9449b388"
".pio\google-one-click-resource\esp32_035\libddb\FS\FS.cpp.d",".d","19924","untracked","NO/NOT SHOWN","NO","NO","NO","YES/LIKELY","NO/NOT SHOWN","NO","False","DELETE_GENERATED","f8b2c5fac3764d10abcd98fa60cf2f802342fc31536ea367f2a891bd9de546f9"
".pio\google-one-click-resource\esp32_035\libddb\FS\FS.cpp.o",".o","185264","untracked","NO/NOT SHOWN","NO","NO","NO","YES/LIKELY","NO/NOT SHOWN","NO","False","DELETE_GENERATED","049196d090972123b9cc2f552ca3d18ebc04a2bafbad9ac8d26b82c90d8a59d1"
".pio\google-one-click-resource\esp32_035\libddb\FS\FS.cpp.su",".su","2688","untracked","NO/NOT SHOWN","NO","NO","NO","YES/LIKELY","NO/NOT SHOWN","NO","False","DELETE_GENERATED","fe4b3dd053a877b7779c73988ad0c3281eb7140fbc77640971f3fedd88408aff"
".pio\google-one-click-resource\esp32_035\libddb\FS\vfs_api.cpp.d",".d","20057","untracked","NO/NOT SHOWN","NO","NO","NO","YES/LIKELY","NO/NOT SHOWN","NO","False","DELETE_GENERATED","40def868786e0bfadde2ffe08b0a82e419f3a14a30b63aa273433cf49aad7c94"
".pio\google-one-click-resource\esp32_035\libddb\FS\vfs_api.cpp.o",".o","307256","untracked","NO/NOT SHOWN","NO","NO","NO","YES/LIKELY","NO/NOT SHOWN","NO","False","DELETE_GENERATED","f09b2f1b4ecb76c7fd7011306237af35887db037dfc523a834b237027289b5aa"
".pio\google-one-click-resource\esp32_035\libddb\FS\vfs_api.cpp.su",".su","3958","untracked","NO/NOT SHOWN","NO","NO","NO","YES/LIKELY","NO/NOT SHOWN","NO","False","DELETE_GENERATED","0bb32c582d2a4df411b4078be2dba7848ef51063c720638124a9b68b5f3a8343"
".pio\google-one-click-resource\esp32_035\libddb\libFS.a",".a","496402","untracked","NO/NOT SHOWN","NO","NO","NO","YES/LIKELY","NO/NOT SHOWN","NO","False","DELETE_GENERATED","16daee93495fe948dfe23ec1df008a833e84a4ac9273563458e27154ba1b8575"
".pio\google-one-click-resource\esp32_035\libdde\DNSServer\DNSServer.cpp.d",".d","22257","untracked","NO/NOT SHOWN","NO","NO","NO","YES/LIKELY","NO/NOT SHOWN","NO","False","DELETE_GENERATED","c004572eb177e350784243cae676296266d85ca332eea4540088c8ceb4a88547"
".pio\google-one-click-resource\esp32_035\libdde\DNSServer\DNSServer.cpp.o",".o","120292","untracked","NO/NOT SHOWN","NO","NO","NO","YES/LIKELY","NO/NOT SHOWN","NO","False","DELETE_GENERATED","9989223e5d3a332aab41fbcb31194b8c455f933b0268b96a78db7eeb801cc187"
".pio\google-one-click-resource\esp32_035\libdde\DNSServer\DNSServer.cpp.su",".su","857","untracked","NO/NOT SHOWN","NO","NO","NO","YES/LIKELY","NO/NOT SHOWN","NO","False","DELETE_GENERATED","805e0eb5f436f7086419205d2723d85f797cd209f01325eeb61a17f15a712966"
".pio\google-one-click-resource\esp32_035\libdde\libDNSServer.a",".a","120942","untracked","NO/NOT SHOWN","NO","NO","NO","YES/LIKELY","NO/NOT SHOWN","NO","False","DELETE_GENERATED","347d7a57427bf1c1126376ef8ec309a1d3554b5501cfadb66615cdeb668cf9c3"
".pio\google-one-click-resource\esp32_035\libe0b\libWiFi.a",".a","1982276","untracked","NO/NOT SHOWN","NO","NO","NO","YES/LIKELY","NO/NOT SHOWN","NO","False","DELETE_GENERATED","298ea4aa174323a4db7b91f47c7afbb04f986fc28c52c1029186571fefc7c151"
".pio\google-one-click-resource\esp32_035\libe0b\WiFi\WiFi.cpp.d",".d","29731","untracked","NO/NOT SHOWN","NO","NO","NO","YES/LIKELY","NO/NOT SHOWN","NO","False","DELETE_GENERATED","610ac373c2925637d8f56ee0ce6822cb1c89e9017c65a043025b725aa449b4c7"
".pio\google-one-click-resource\esp32_035\libe0b\WiFi\WiFi.cpp.o",".o","136552","untracked","NO/NOT SHOWN","NO","NO","NO","YES/LIKELY","NO/NOT SHOWN","NO","False","DELETE_GENERATED","408a570d34e7f82971b58443d3b44624b358e4f55437a3b69b53aa66a0af04ee"
".pio\google-one-click-resource\esp32_035\libe0b\WiFi\WiFi.cpp.su",".su","207","untracked","NO/NOT SHOWN","NO","NO","NO","YES/LIKELY","NO/NOT SHOWN","NO","False","DELETE_GENERATED","4af8b9e8c112cf7d4ebe10b9842eea9acb6c61eff2c4f25eb27e5d2244548ebc"
".pio\google-one-click-resource\esp32_035\libe0b\WiFi\WiFiAP.cpp.d",".d","29905","untracked","NO/NOT SHOWN","NO","NO","NO","YES/LIKELY","NO/NOT SHOWN","NO","False","DELETE_GENERATED","ed7836034171092f541c772da5c5f4dd86f6b7e039372565adee32a44bf16520"
".pio\google-one-click-resource\esp32_035\libe0b\WiFi\WiFiAP.cpp.o",".o","182788","untracked","NO/NOT SHOWN","NO","NO","NO","YES/LIKELY","NO/NOT SHOWN","NO","False","DELETE_GENERATED","1c256c1269c6bbd3d7322d91502c7736f56362fd5c18050259dc872fe360cc72"
".pio\google-one-click-resource\esp32_035\libe0b\WiFi\WiFiAP.cpp.su",".su","1341","untracked","NO/NOT SHOWN","NO","NO","NO","YES/LIKELY","NO/NOT SHOWN","NO","False","DELETE_GENERATED","736a72427cb7558d8473a355e35191cd24dcb745925e3667b3850cc0a4a7af67"
".pio\google-one-click-resource\esp32_035\libe0b\WiFi\WiFiClient.cpp.d",".d","30674","untracked","NO/NOT SHOWN","NO","NO","NO","YES/LIKELY","NO/NOT SHOWN","NO","False","DELETE_GENERATED","f9c4140f42d5eefa368b60065859ff438c6cb5b7c2d8d8fd04cde7cc94cc5241"
".pio\google-one-click-resource\esp32_035\libe0b\WiFi\WiFiClient.cpp.o",".o","330180","untracked","NO/NOT SHOWN","NO","NO","NO","YES/LIKELY","NO/NOT SHOWN","NO","False","DELETE_GENERATED","c87e1194d8a37276ef5bfb3b48aa8dee920a70ac683a6c01e0ca6d9845d6f8a7"
".pio\google-one-click-resource\esp32_035\libe0b\WiFi\WiFiClient.cpp.su",".su","5783","untracked","NO/NOT SHOWN","NO","NO","NO","YES/LIKELY","NO/NOT SHOWN","NO","False","DELETE_GENERATED","c778944a4446d4fc6698605ec9dd8a3823ecac2ce246c7eb5f2b58d5e875d824"
".pio\google-one-click-resource\esp32_035\libe0b\WiFi\WiFiGeneric.cpp.d",".d","30188","untracked","NO/NOT SHOWN","NO","NO","NO","YES/LIKELY","NO/NOT SHOWN","NO","False","DELETE_GENERATED","51c56877b85055a5444814a9255380cb0b95a26d48283c4afa6cf955c7dd6da2"
".pio\google-one-click-resource\esp32_035\libe0b\WiFi\WiFiGeneric.cpp.o",".o","445744","untracked","NO/NOT SHOWN","NO","NO","NO","YES/LIKELY","NO/NOT SHOWN","NO","False","DELETE_GENERATED","a98880dc8f299da5a7c97b5ddc18d740c6218149cd119b9a751e79772eaa372d"
".pio\google-one-click-resource\esp32_035\libe0b\WiFi\WiFiGeneric.cpp.su",".su","5950","untracked","NO/NOT SHOWN","NO","NO","NO","YES/LIKELY","NO/NOT SHOWN","NO","False","DELETE_GENERATED","5d739f3112009affea068289696c4ff891816b86862adc03edabca25c4bd2127"
".pio\google-one-click-resource\esp32_035\libe0b\WiFi\WiFiMulti.cpp.d",".d","29034","untracked","NO/NOT SHOWN","NO","NO","NO","YES/LIKELY","NO/NOT SHOWN","NO","False","DELETE_GENERATED","a62a795746125d9b3559afd63caf0459c84193e7d7e26ff273d62a9e2d75cb73"
".pio\google-one-click-resource\esp32_035\libe0b\WiFi\WiFiMulti.cpp.o",".o","194228","untracked","NO/NOT SHOWN","NO","NO","NO","YES/LIKELY","NO/NOT SHOWN","NO","False","DELETE_GENERATED","5b7a0aedd5a873db8da00bde762b68bcc179f8f0768d4d98f32bed9c9fa5f053"
".pio\google-one-click-resource\esp32_035\libe0b\WiFi\WiFiMulti.cpp.su",".su","375","untracked","NO/NOT SHOWN","NO","NO","NO","YES/LIKELY","NO/NOT SHOWN","NO","False","DELETE_GENERATED","914289863f37bc7bec076f99a0895bbd8924b56317182d05907912f9d143140a"
".pio\google-one-click-resource\esp32_035\libe0b\WiFi\WiFiScan.cpp.d",".d","29859","untracked","NO/NOT SHOWN","NO","NO","NO","YES/LIKELY","NO/NOT SHOWN","NO","False","DELETE_GENERATED","81e1cb41e5ee07cb3e1858b3c4f855a6eb27b54885ab67a12601ed72305fd972"
".pio\google-one-click-resource\esp32_035\libe0b\WiFi\WiFiScan.cpp.o",".o","151968","untracked","NO/NOT SHOWN","NO","NO","NO","YES/LIKELY","NO/NOT SHOWN","NO","False","DELETE_GENERATED","81045f0f96cf90a78d7cfaad7c03ff3a5ce11d7b5e166448f599e118f78d5d62"
".pio\google-one-click-resource\esp32_035\libe0b\WiFi\WiFiScan.cpp.su",".su","968","untracked","NO/NOT SHOWN","NO","NO","NO","YES/LIKELY","NO/NOT SHOWN","NO","False","DELETE_GENERATED","00ebb0a52584f087967e844eb6763256b074ebf67528aee2ae01fe3953181e91"
".pio\google-one-click-resource\esp32_035\libe0b\WiFi\WiFiServer.cpp.d",".d","25227","untracked","NO/NOT SHOWN","NO","NO","NO","YES/LIKELY","NO/NOT SHOWN","NO","False","DELETE_GENERATED","6329a73cc21dee445989f1db1f1678bfd2baee5e4b7a29568a9d6d20a4bc3359"
".pio\google-one-click-resource\esp32_035\libe0b\WiFi\WiFiServer.cpp.o",".o","119960","untracked","NO/NOT SHOWN","NO","NO","NO","YES/LIKELY","NO/NOT SHOWN","NO","False","DELETE_GENERATED","8d8a21c53891776b35d72a3ebfce6c8536a041fab2ca547d0cbb842a781a31ba"
".pio\google-one-click-resource\esp32_035\libe0b\WiFi\WiFiServer.cpp.su",".su","1086","untracked","NO/NOT SHOWN","NO","NO","NO","YES/LIKELY","NO/NOT SHOWN","NO","False","DELETE_GENERATED","27018a3a4bee5bdcb25753d73d3e290a8d7d35d5eb7be6bac696a3d134cb4050"
".pio\google-one-click-resource\esp32_035\libe0b\WiFi\WiFiSTA.cpp.d",".d","30179","untracked","NO/NOT SHOWN","NO","NO","NO","YES/LIKELY","NO/NOT SHOWN","NO","False","DELETE_GENERATED","8d8472c1e301ed44ff3c45bb472941cfb7042c3b077466b2482ed98052c58743"
".pio\google-one-click-resource\esp32_035\libe0b\WiFi\WiFiSTA.cpp.o",".o","246632","untracked","NO/NOT SHOWN","NO","NO","NO","YES/LIKELY","NO/NOT SHOWN","NO","False","DELETE_GENERATED","5c556001e4688ef61914e2298eba9f71ad17d2cf115381baa5b056c5e3729617"
".pio\google-one-click-resource\esp32_035\libe0b\WiFi\WiFiSTA.cpp.su",".su","2957","untracked","NO/NOT SHOWN","NO","NO","NO","YES/LIKELY","NO/NOT SHOWN","NO","False","DELETE_GENERATED","b858befcedd46e9f638b8e2c4aa0bbfa6a89680027c9f7bdcc03707843da2c38"
".pio\google-one-click-resource\esp32_035\libe0b\WiFi\WiFiUdp.cpp.d",".d","25085","untracked","NO/NOT SHOWN","NO","NO","NO","YES/LIKELY","NO/NOT SHOWN","NO","False","DELETE_GENERATED","f56e5795529cac90fde1b5abbc775ecc9a878fb11c13705657a8bf47e2ab6a31"
".pio\google-one-click-resource\esp32_035\libe0b\WiFi\WiFiUdp.cpp.o",".o","162076","untracked","NO/NOT SHOWN","NO","NO","NO","YES/LIKELY","NO/NOT SHOWN","NO","False","DELETE_GENERATED","25f1b44b729ddfe92b86826237bce495ef63ea1460e84ed0b36924aff4b67b7c"
".pio\google-one-click-resource\esp32_035\libe0b\WiFi\WiFiUdp.cpp.su",".su","1668","untracked","NO/NOT SHOWN","NO","NO","NO","YES/LIKELY","NO/NOT SHOWN","NO","False","DELETE_GENERATED","e3cc417dcd812659d086a291ecdea3d73f5e724e2c5cc708abd81feee2112157"
".pio\google-one-click-resource\esp32_035\libFrameworkArduino.a",".a","3351360","untracked","NO/NOT SHOWN","NO","NO","NO","YES/LIKELY","NO/NOT SHOWN","NO","False","DELETE_GENERATED","d3891a548d8d63a69f58312bbc1c93e8627f4f312a2481fe65962ebe6a29ef4b"
".pio\google-one-click-resource\esp32_035\partitions.bin",".bin","3072","untracked","NO/NOT SHOWN","NO","NO","NO","YES/LIKELY","NO/NOT SHOWN","YES (identical SHA-256 elsewhere)","False","DELETE_GENERATED","148b959cbff1c38aa8e1d5c0ba9d612c54997b945e56a63f41223eef650653a1"
".pio\google-one-click-resource\esp32_035\src\app\AccessController.cpp.d",".d","20075","untracked","NO/NOT SHOWN","NO","NO","NO","YES/LIKELY","NO/NOT SHOWN","NO","False","DELETE_GENERATED","455ca5923477ab33ae166ae9f232a2b8751dbb9ff6330c56273c372e8975d981"
".pio\google-one-click-resource\esp32_035\src\app\AccessController.cpp.o",".o","108524","untracked","NO/NOT SHOWN","NO","NO","NO","YES/LIKELY","NO/NOT SHOWN","NO","False","DELETE_GENERATED","1e269555192b92da62406fdf8fc6b1248d83a28f5e3f2502979e94e1cf5b9408"
".pio\google-one-click-resource\esp32_035\src\app\AccessController.cpp.su",".su","322","untracked","NO/NOT SHOWN","NO","NO","NO","YES/LIKELY","NO/NOT SHOWN","NO","False","DELETE_GENERATED","28b9965e5969bd53ca16a42ff0d47c1019ba762237bed29833e48d50190c495c"
".pio\google-one-click-resource\esp32_035\src\app\AppStateMachine.cpp.d",".d","19656","untracked","NO/NOT SHOWN","NO","NO","NO","YES/LIKELY","NO/NOT SHOWN","NO","False","DELETE_GENERATED","6d73ea290da35b58760267aef500350c33a80a5d1318711559771aac1d697fa3"
".pio\google-one-click-resource\esp32_035\src\app\AppStateMachine.cpp.o",".o","94300","untracked","NO/NOT SHOWN","NO","NO","NO","YES/LIKELY","NO/NOT SHOWN","NO","False","DELETE_GENERATED","a047b8383baccea6451df4426a6ae479b22884cf10e5c928bac8ba3a54c6e14a"
".pio\google-one-click-resource\esp32_035\src\app\AppStateMachine.cpp.su",".su","728","untracked","NO/NOT SHOWN","NO","NO","NO","YES/LIKELY","NO/NOT SHOWN","NO","False","DELETE_GENERATED","be69d4790a5ba4bb0231fbcffb1fabd90e147f0dcff97c7894225375395491f4"
".pio\google-one-click-resource\esp32_035\src\app\EnrollmentManager.cpp.d",".d","19877","untracked","NO/NOT SHOWN","NO","NO","NO","YES/LIKELY","NO/NOT SHOWN","NO","False","DELETE_GENERATED","8354c3a8391db957273fd62cec1538994eb0f78b6f6878ab234e688d0ec6f73b"
".pio\google-one-click-resource\esp32_035\src\app\EnrollmentManager.cpp.o",".o","151604","untracked","NO/NOT SHOWN","NO","NO","NO","YES/LIKELY","NO/NOT SHOWN","NO","False","DELETE_GENERATED","72a8708c79eaa19b1729fd80c09632ce51bacd5bb04391fcbee5089e1535d8e7"
".pio\google-one-click-resource\esp32_035\src\app\EnrollmentManager.cpp.su",".su","1794","untracked","NO/NOT SHOWN","NO","NO","NO","YES/LIKELY","NO/NOT SHOWN","NO","False","DELETE_GENERATED","08b01fab4fa9fd6e6a97ca486ef4e5b2c082d11cb9950638678ceb422ae2df95"
".pio\google-one-click-resource\esp32_035\src\app\FactoryResetController.cpp.d",".d","29501","untracked","NO/NOT SHOWN","NO","NO","NO","YES/LIKELY","NO/NOT SHOWN","NO","False","DELETE_GENERATED","603b41ef1c22f34bf06c4ea2c96ee7fac9f5e8b63c96af63d3dd1aad8112abcd"
".pio\google-one-click-resource\esp32_035\src\app\FactoryResetController.cpp.o",".o","203300","untracked","NO/NOT SHOWN","NO","NO","NO","YES/LIKELY","NO/NOT SHOWN","NO","False","DELETE_GENERATED","92034864937ea5787d8758763fd5d7a29b0734f98a85d4f098cfd21ba5778e36"
".pio\google-one-click-resource\esp32_035\src\app\FactoryResetController.cpp.su",".su","954","untracked","NO/NOT SHOWN","NO","NO","NO","YES/LIKELY","NO/NOT SHOWN","NO","False","DELETE_GENERATED","1e5001324828310cf83e89ef49f973d22547e70942499e2a581863657dbd0cd7"
".pio\google-one-click-resource\esp32_035\src\app\FirstOwnerSetup.cpp.d",".d","20294","untracked","NO/NOT SHOWN","NO","NO","NO","YES/LIKELY","NO/NOT SHOWN","NO","False","DELETE_GENERATED","fd09f56ca2a8aa9e0cf6f94542d7105ebc54c4e550f9a9e37e66038168dfc542"
".pio\google-one-click-resource\esp32_035\src\app\FirstOwnerSetup.cpp.o",".o","116108","untracked","NO/NOT SHOWN","NO","NO","NO","YES/LIKELY","NO/NOT SHOWN","NO","False","DELETE_GENERATED","9138cec4495a8b0ab5a5d10b82cad33d08d5d016be00900a9a46f543c3ecbebd"
".pio\google-one-click-resource\esp32_035\src\app\FirstOwnerSetup.cpp.su",".su","398","untracked","NO/NOT SHOWN","NO","NO","NO","YES/LIKELY","NO/NOT SHOWN","NO","False","DELETE_GENERATED","8bd8b64420fb95d94d776c5dc99fffeafcb5e6377cb74f458a449a38887d185a"
".pio\google-one-click-resource\esp32_035\src\app\PhysicalAdmin.cpp.d",".d","19662","untracked","NO/NOT SHOWN","NO","NO","NO","YES/LIKELY","NO/NOT SHOWN","NO","False","DELETE_GENERATED","ea97a99b0bb96c4575dc6ff4780c59f07c1bca1e9792d1d55ca4cc38bce29f76"
".pio\google-one-click-resource\esp32_035\src\app\PhysicalAdmin.cpp.o",".o","98924","untracked","NO/NOT SHOWN","NO","NO","NO","YES/LIKELY","NO/NOT SHOWN","NO","False","DELETE_GENERATED","4ea87813b74d22d9a06d2a9d32c1a788f0a9820a183b6ed4f621ebe036421567"
".pio\google-one-click-resource\esp32_035\src\app\PhysicalAdmin.cpp.su",".su","172","untracked","NO/NOT SHOWN","NO","NO","NO","YES/LIKELY","NO/NOT SHOWN","NO","False","DELETE_GENERATED","014583dc79b15b2a3a9766b748c18e032529fcdf2e39bf33167a75703e290350"
".pio\google-one-click-resource\esp32_035\src\app\RegistrationRecovery.cpp.d",".d","19755","untracked","NO/NOT SHOWN","NO","NO","NO","YES/LIKELY","NO/NOT SHOWN","NO","False","DELETE_GENERATED","a584bb3cf09bdca78e84b9072637a39e79c87c10d9bc3f88aef8fee610bcf1bc"
".pio\google-one-click-resource\esp32_035\src\app\RegistrationRecovery.cpp.o",".o","90456","untracked","NO/NOT SHOWN","NO","NO","NO","YES/LIKELY","NO/NOT SHOWN","NO","False","DELETE_GENERATED","ffae276131915bd792d67651d00433a12d7f5f6fe31daa67d62fc504305fb6df"
".pio\google-one-click-resource\esp32_035\src\app\RegistrationRecovery.cpp.su",".su","170","untracked","NO/NOT SHOWN","NO","NO","NO","YES/LIKELY","NO/NOT SHOWN","NO","False","DELETE_GENERATED","7053b2a49a054aecc25b850b002feb287cb8e587fc0b25015655212b4e807bb7"
".pio\google-one-click-resource\esp32_035\src\cloud\CloudPairProtocol.cpp.d",".d","173","untracked","NO/NOT SHOWN","NO","NO","NO","YES/LIKELY","NO/NOT SHOWN","NO","False","DELETE_GENERATED","e47a8f7c6fc3ecd4b78bc318240a1a4dfbeb3f3fd911b9946a898c87d19a8a36"
".pio\google-one-click-resource\esp32_035\src\cloud\CloudPairProtocol.cpp.o",".o","38548","untracked","NO/NOT SHOWN","NO","NO","NO","YES/LIKELY","NO/NOT SHOWN","NO","False","DELETE_GENERATED","f7b541126ac8a56dc998a3cfe221eaf7838bfe38b909462d4082c2e36b36df38"
".pio\google-one-click-resource\esp32_035\src\cloud\CloudPairProtocol.cpp.su",".su","493","untracked","NO/NOT SHOWN","NO","NO","NO","YES/LIKELY","NO/NOT SHOWN","NO","False","DELETE_GENERATED","638cedeebd31d4db8b9784c9412b27e136b94211f570be8f4be08654f4bf28c7"
".pio\google-one-click-resource\esp32_035\src\cloud\CloudProtocol.cpp.d",".d","1681","untracked","NO/NOT SHOWN","NO","NO","NO","YES/LIKELY","NO/NOT SHOWN","NO","False","DELETE_GENERATED","2522586053b00f337e91c8efb2ba4b23a8476155d97e378cd3d99280cc0f6814"
".pio\google-one-click-resource\esp32_035\src\cloud\CloudProtocol.cpp.o",".o","74796","untracked","NO/NOT SHOWN","NO","NO","NO","YES/LIKELY","NO/NOT SHOWN","NO","False","DELETE_GENERATED","f8e7fd6b467affa66b248d16082fc2c98a94c4b1b55ae6834e72cb67222d061b"
".pio\google-one-click-resource\esp32_035\src\cloud\CloudProtocol.cpp.su",".su","1347","untracked","NO/NOT SHOWN","NO","NO","NO","YES/LIKELY","NO/NOT SHOWN","NO","False","DELETE_GENERATED","729b4cd8bd3cac0df59fea86cc7e8b503235380e026181dd32198a5acea93fc9"
".pio\google-one-click-resource\esp32_035\src\cloud\CloudSync.cpp.d",".d","20030","untracked","NO/NOT SHOWN","NO","NO","NO","YES/LIKELY","NO/NOT SHOWN","NO","False","DELETE_GENERATED","29c6620e65295b008280badf2ea83d5d87bd88c6c7fb390e210abc23c19cf7ec"
".pio\google-one-click-resource\esp32_035\src\cloud\CloudSync.cpp.o",".o","256920","untracked","NO/NOT SHOWN","NO","NO","NO","YES/LIKELY","NO/NOT SHOWN","NO","False","DELETE_GENERATED","a0088eb4eb263c93133e934e7620b97f3114dfc61a0599cb94357edf59634967"
".pio\google-one-click-resource\esp32_035\src\cloud\CloudSync.cpp.su",".su","1306","untracked","NO/NOT SHOWN","NO","NO","NO","YES/LIKELY","NO/NOT SHOWN","NO","False","DELETE_GENERATED","0347a6b33b8a6de1967daad32741cc10235fcda7105b1d69728fbcb0b59dae1c"
".pio\google-one-click-resource\esp32_035\src\cloud\CloudTransport.cpp.d",".d","36722","untracked","NO/NOT SHOWN","NO","NO","NO","YES/LIKELY","NO/NOT SHOWN","NO","False","DELETE_GENERATED","c8dc49a4f37e87b54996af57fed83c951ac61a908d689c7fea35ffc7d5035da9"
".pio\google-one-click-resource\esp32_035\src\cloud\CloudTransport.cpp.o",".o","206356","untracked","NO/NOT SHOWN","NO","NO","NO","YES/LIKELY","NO/NOT SHOWN","NO","False","DELETE_GENERATED","94e8eee76529224a1fc8e89480c46f17089a010d414a3ae4b8b730b27c4a232c"
".pio\google-one-click-resource\esp32_035\src\cloud\CloudTransport.cpp.su",".su","1337","untracked","NO/NOT SHOWN","NO","NO","NO","YES/LIKELY","NO/NOT SHOWN","NO","False","DELETE_GENERATED","4929bdac380e666c0b2070c96fa0f1d821da581074d48c74baaeb676e791aa75"
".pio\google-one-click-resource\esp32_035\src\events\Audit.cpp.d",".d","28712","untracked","NO/NOT SHOWN","NO","NO","NO","YES/LIKELY","NO/NOT SHOWN","NO","False","DELETE_GENERATED","5c4eb4f1b13b9c615b7c1e490832ca100e3d105af18f9fccb0c33fac969120c9"
".pio\google-one-click-resource\esp32_035\src\events\Audit.cpp.o",".o","245164","untracked","NO/NOT SHOWN","NO","NO","NO","YES/LIKELY","NO/NOT SHOWN","NO","False","DELETE_GENERATED","36bde5e22944b5f02596016ba8ca5a00511190f5789c8e2d667220243a7da401"
".pio\google-one-click-resource\esp32_035\src\events\Audit.cpp.su",".su","1699","untracked","NO/NOT SHOWN","NO","NO","NO","YES/LIKELY","NO/NOT SHOWN","NO","False","DELETE_GENERATED","c87a24c18703a8142870c37bb7b8aa046b164d9e5e824bdfadf28682b6875a37"
".pio\google-one-click-resource\esp32_035\src\events\EventLog.cpp.d",".d","27751","untracked","NO/NOT SHOWN","NO","NO","NO","YES/LIKELY","NO/NOT SHOWN","NO","False","DELETE_GENERATED","e2727bb0c060580e2144acee3fe53285876b763fd179875e8b0943b22f49de83"
".pio\google-one-click-resource\esp32_035\src\events\EventLog.cpp.o",".o","346512","untracked","NO/NOT SHOWN","NO","NO","NO","YES/LIKELY","NO/NOT SHOWN","NO","False","DELETE_GENERATED","f1d197bcb0bb7ade7f5b13e645c151bb7c823bd4850fdb18975fffe58c0b8efe"
".pio\google-one-click-resource\esp32_035\src\events\EventLog.cpp.su",".su","3568","untracked","NO/NOT SHOWN","NO","NO","NO","YES/LIKELY","NO/NOT SHOWN","NO","False","DELETE_GENERATED","9222ffb5d52f094f26df3bfb990c925e48ea72ea0280311446caf8572c803315"
".pio\google-one-click-resource\esp32_035\src\events\TimeManager.cpp.d",".d","23257","untracked","NO/NOT SHOWN","NO","NO","NO","YES/LIKELY","NO/NOT SHOWN","NO","False","DELETE_GENERATED","b9083d975fb0a7b8fea9bd8de7e493dc2ef36fe6bbf388998b077b4d55cb6e34"
".pio\google-one-click-resource\esp32_035\src\events\TimeManager.cpp.o",".o","90856","untracked","NO/NOT SHOWN","NO","NO","NO","YES/LIKELY","NO/NOT SHOWN","NO","False","DELETE_GENERATED","9ead5cd355354bf8e7f5926871e88c47e16eb06d3b45f250952cafb82343fdda"
".pio\google-one-click-resource\esp32_035\src\events\TimeManager.cpp.su",".su","307","untracked","NO/NOT SHOWN","NO","NO","NO","YES/LIKELY","NO/NOT SHOWN","NO","False","DELETE_GENERATED","098e2daa94dd8b57dd74340e7663c7d531084825da5cf1611ff4c2d3880fa0bb"
".pio\google-one-click-resource\esp32_035\src\hardware\AdminDisplay.cpp.d",".d","23440","untracked","NO/NOT SHOWN","NO","NO","NO","YES/LIKELY","NO/NOT SHOWN","NO","False","DELETE_GENERATED","8b6d52dc078733fac3f383c8a3bf7e753e0dcbd69e103c273e29d58b81aa69f4"
".pio\google-one-click-resource\esp32_035\src\hardware\AdminDisplay.cpp.o",".o","148556","untracked","NO/NOT SHOWN","NO","NO","NO","YES/LIKELY","NO/NOT SHOWN","NO","False","DELETE_GENERATED","761fd22cac28e6c099af310f6f8f1bc643d357815b88abd2fa65fa637b63045a"
".pio\google-one-click-resource\esp32_035\src\hardware\AdminDisplay.cpp.su",".su","264","untracked","NO/NOT SHOWN","NO","NO","NO","YES/LIKELY","NO/NOT SHOWN","NO","False","DELETE_GENERATED","10c8d7ad60c6c34895a62c39e0cb460de1b2d1dd5921768c46fc9f16ae8f59dd"
".pio\google-one-click-resource\esp32_035\src\hardware\DisplayManager.cpp.d",".d","23398","untracked","NO/NOT SHOWN","NO","NO","NO","YES/LIKELY","NO/NOT SHOWN","NO","False","DELETE_GENERATED","1e39652d858d7d7ee206313d03d3d258cd59f32776b8202f58da0856f281e4fe"
".pio\google-one-click-resource\esp32_035\src\hardware\DisplayManager.cpp.o",".o","148100","untracked","NO/NOT SHOWN","NO","NO","NO","YES/LIKELY","NO/NOT SHOWN","NO","False","DELETE_GENERATED","458ffd85ed3bfa0b28d5d87b17835062f1739d7943753825eaafc369c4f827b6"
".pio\google-one-click-resource\esp32_035\src\hardware\DisplayManager.cpp.su",".su","419","untracked","NO/NOT SHOWN","NO","NO","NO","YES/LIKELY","NO/NOT SHOWN","NO","False","DELETE_GENERATED","20ce732c7a5ecad1aa4a35785f48d6771f6d6932e9c1b5f7687ca2ff0324dff8"
".pio\google-one-click-resource\esp32_035\src\hardware\LockController.cpp.d",".d","19645","untracked","NO/NOT SHOWN","NO","NO","NO","YES/LIKELY","NO/NOT SHOWN","NO","False","DELETE_GENERATED","b31eceafd6a30cf69086f4371bc38a9d31a7a36abfd6c34beafe599f5e27cc00"
".pio\google-one-click-resource\esp32_035\src\hardware\LockController.cpp.o",".o","94056","untracked","NO/NOT SHOWN","NO","NO","NO","YES/LIKELY","NO/NOT SHOWN","NO","False","DELETE_GENERATED","be1d2d657a71e954c3cfb6e7be53b135cd7ffaef6d612c605c53476b9a707495"
".pio\google-one-click-resource\esp32_035\src\hardware\LockController.cpp.su",".su","476","untracked","NO/NOT SHOWN","NO","NO","NO","YES/LIKELY","NO/NOT SHOWN","NO","False","DELETE_GENERATED","5f3d825487a17491bbf6de0f5ee5b6d49391375a90c83ed0c1ff163754a2fdf1"
".pio\google-one-click-resource\esp32_035\src\hardware\TouchManager.cpp.d",".d","23325","untracked","NO/NOT SHOWN","NO","NO","NO","YES/LIKELY","NO/NOT SHOWN","NO","False","DELETE_GENERATED","2e1164e8c9a990d5d09aeb27a72aa2837af765dcf5d0bb889afb63b7e6b9a74f"
".pio\google-one-click-resource\esp32_035\src\hardware\TouchManager.cpp.o",".o","126368","untracked","NO/NOT SHOWN","NO","NO","NO","YES/LIKELY","NO/NOT SHOWN","NO","False","DELETE_GENERATED","ace5f65faca430a6d7e1a875f0a76126750c9ea4d6ec0ef6affe6246f3bbcedb"
".pio\google-one-click-resource\esp32_035\src\hardware\TouchManager.cpp.su",".su","144","untracked","NO/NOT SHOWN","NO","NO","NO","YES/LIKELY","NO/NOT SHOWN","NO","False","DELETE_GENERATED","a6f014e316d48f6cd04c80247eabf117639e5873bd23bccb09a9633b82f66662"
".pio\google-one-click-resource\esp32_035\src\main.cpp.d",".d","33719","untracked","NO/NOT SHOWN","NO","NO","NO","YES/LIKELY","NO/NOT SHOWN","NO","False","DELETE_GENERATED","1674ae508745b8ddb40b299945fd5777cc2978a1bf98fdeed213821b2c99d985"
".pio\google-one-click-resource\esp32_035\src\main.cpp.o",".o","311828","untracked","NO/NOT SHOWN","NO","NO","NO","YES/LIKELY","NO/NOT SHOWN","NO","False","DELETE_GENERATED","2c096a52c4c49d44b7e0627ede8250b7fd3ded95c8f61949105003552fbd2a27"
".pio\google-one-click-resource\esp32_035\src\main.cpp.su",".su","438","untracked","NO/NOT SHOWN","NO","NO","NO","YES/LIKELY","NO/NOT SHOWN","NO","False","DELETE_GENERATED","0b76c2bb38316814d5d6afdfc9b59c322f842cfa8e721ab828ac3e19d854b573"
".pio\google-one-click-resource\esp32_035\src\network\CanonicalOrigin.cpp.d",".d","26302","untracked","NO/NOT SHOWN","NO","NO","NO","YES/LIKELY","NO/NOT SHOWN","NO","False","DELETE_GENERATED","28a5cefc20689fb8d45cd306338c7f3f9c182c496ea8ce483b8b50a255773985"
".pio\google-one-click-resource\esp32_035\src\network\CanonicalOrigin.cpp.o",".o","102584","untracked","NO/NOT SHOWN","NO","NO","NO","YES/LIKELY","NO/NOT SHOWN","NO","False","DELETE_GENERATED","5a43325b83c34673182a21423be5ea80dde2bf197a88c1a036bc1f51ff58e108"
".pio\google-one-click-resource\esp32_035\src\network\CanonicalOrigin.cpp.su",".su","377","untracked","NO/NOT SHOWN","NO","NO","NO","YES/LIKELY","NO/NOT SHOWN","NO","False","DELETE_GENERATED","3dd14d8cfa20bb86f3ea5d99e4ea5c7d749697039d7866ab44070c7b6bb89c8a"
".pio\google-one-click-resource\esp32_035\src\network\CaptivePortal.cpp.d",".d","20125","untracked","NO/NOT SHOWN","NO","NO","NO","YES/LIKELY","NO/NOT SHOWN","NO","False","DELETE_GENERATED","718de139793c3d3d4e31787a2c89d19f4c047c36580f90e646bc1cd6e0338c24"
".pio\google-one-click-resource\esp32_035\src\network\CaptivePortal.cpp.o",".o","88592","untracked","NO/NOT SHOWN","NO","NO","NO","YES/LIKELY","NO/NOT SHOWN","NO","False","DELETE_GENERATED","9f14e0e09b182be7482cc9d6f62f6060d1121182918c91f9a97ebf6bdb0e9de6"
".pio\google-one-click-resource\esp32_035\src\network\CaptivePortal.cpp.su",".su","132","untracked","NO/NOT SHOWN","NO","NO","NO","YES/LIKELY","NO/NOT SHOWN","NO","False","DELETE_GENERATED","6f8578208e3365a0d39d86749d684a8d2c3780d69f02fcad04dfffc762301c43"
".pio\google-one-click-resource\esp32_035\src\network\NetworkManager.cpp.d",".d","28785","untracked","NO/NOT SHOWN","NO","NO","NO","YES/LIKELY","NO/NOT SHOWN","NO","False","DELETE_GENERATED","324be609592c213091ef173b993c0ac67987a19f0904bd3ceaf8320aed08b7c8"
".pio\google-one-click-resource\esp32_035\src\network\NetworkManager.cpp.o",".o","181868","untracked","NO/NOT SHOWN","NO","NO","NO","YES/LIKELY","NO/NOT SHOWN","NO","False","DELETE_GENERATED","c449420ce078a969ad6ad84f824aea58de5822c61df35425c4ef9d9eed384c4e"
".pio\google-one-click-resource\esp32_035\src\network\NetworkManager.cpp.su",".su","1249","untracked","NO/NOT SHOWN","NO","NO","NO","YES/LIKELY","NO/NOT SHOWN","NO","False","DELETE_GENERATED","9aa8cccc89b0d829a8bcebd422f21cca87bbfe619808688672370db1d97cc97c"
".pio\google-one-click-resource\esp32_035\src\network\WebServerManager.cpp.d",".d","30238","untracked","NO/NOT SHOWN","NO","NO","NO","YES/LIKELY","NO/NOT SHOWN","NO","False","DELETE_GENERATED","7d44fb233d6178b8a6d903507c2713c4f5163111ea24b47e2076118a89d43783"
".pio\google-one-click-resource\esp32_035\src\network\WebServerManager.cpp.o",".o","1134980","untracked","NO/NOT SHOWN","NO","NO","NO","YES/LIKELY","NO/NOT SHOWN","NO","False","DELETE_GENERATED","5633aea43d06f140441a967e0cbde4049a0d00d8c67472c9600491420bbad02d"
".pio\google-one-click-resource\esp32_035\src\network\WebServerManager.cpp.su",".su","31066","untracked","NO/NOT SHOWN","NO","NO","NO","YES/LIKELY","NO/NOT SHOWN","NO","False","DELETE_GENERATED","299e1dc4f3f5e86d178f3c45a5af709304ff094f638db489afe89790e9e73c02"
".pio\google-one-click-resource\esp32_035\src\qr\QrManager.cpp.d",".d","23345","untracked","NO/NOT SHOWN","NO","NO","NO","YES/LIKELY","NO/NOT SHOWN","NO","False","DELETE_GENERATED","a8c761ab10cf73e25ab0b91b171573ff1367a5228599663de65b7417d0807aa5"
".pio\google-one-click-resource\esp32_035\src\qr\QrManager.cpp.o",".o","135612","untracked","NO/NOT SHOWN","NO","NO","NO","YES/LIKELY","NO/NOT SHOWN","NO","False","DELETE_GENERATED","2f8ae8349735e6de3bedea68b9525e46e42a481f201f263fd2e2c27b5db0c6fc"
".pio\google-one-click-resource\esp32_035\src\qr\QrManager.cpp.su",".su","183","untracked","NO/NOT SHOWN","NO","NO","NO","YES/LIKELY","NO/NOT SHOWN","NO","False","DELETE_GENERATED","892be7647cc1d74f0e66b0828b06cfa6aae487efae71667c0eaa28d9199e076a"
".pio\google-one-click-resource\esp32_035\src\qr\SessionManager.cpp.d",".d","27015","untracked","NO/NOT SHOWN","NO","NO","NO","YES/LIKELY","NO/NOT SHOWN","NO","False","DELETE_GENERATED","d813b49684592bf192df7f96f4b42899e678f0a58088c10b802c5cf7e2c54945"
".pio\google-one-click-resource\esp32_035\src\qr\SessionManager.cpp.o",".o","117884","untracked","NO/NOT SHOWN","NO","NO","NO","YES/LIKELY","NO/NOT SHOWN","NO","False","DELETE_GENERATED","fb6fefe1946dc80f734f22f0cf66535a8aaa0735c5ebc4edd471135828c153fe"
".pio\google-one-click-resource\esp32_035\src\qr\SessionManager.cpp.su",".su","881","untracked","NO/NOT SHOWN","NO","NO","NO","YES/LIKELY","NO/NOT SHOWN","NO","False","DELETE_GENERATED","3ca526d0d2f7f88261ffd455ae1b4a918447010188d8f16c36b1132871c12477"
".pio\google-one-click-resource\esp32_035\src\security\AdminPin.cpp.d",".d","21367","untracked","NO/NOT SHOWN","NO","NO","NO","YES/LIKELY","NO/NOT SHOWN","NO","False","DELETE_GENERATED","8ed3a0d8481ac8ee5be196b71b371244cbcf7b94cd3fa84c37cf6b406827a508"
".pio\google-one-click-resource\esp32_035\src\security\AdminPin.cpp.o",".o","117500","untracked","NO/NOT SHOWN","NO","NO","NO","YES/LIKELY","NO/NOT SHOWN","NO","False","DELETE_GENERATED","25da0610b6a65c58531f866270c6449cbc5544266505034e096e306ff2412263"
".pio\google-one-click-resource\esp32_035\src\security\AdminPin.cpp.su",".su","658","untracked","NO/NOT SHOWN","NO","NO","NO","YES/LIKELY","NO/NOT SHOWN","NO","False","DELETE_GENERATED","e82d32f770fbffa879b22d3e791517ad9306da586fd0c484fa3c2dde364b3ca0"
".pio\google-one-click-resource\esp32_035\src\storage\AtomicFileStore.cpp.d",".d","20251","untracked","NO/NOT SHOWN","NO","NO","NO","YES/LIKELY","NO/NOT SHOWN","NO","False","DELETE_GENERATED","53fae25a45749048421f5f5b1541b3d650c84843de0ee2dc2832737a52a8c0ee"
".pio\google-one-click-resource\esp32_035\src\storage\AtomicFileStore.cpp.o",".o","138664","untracked","NO/NOT SHOWN","NO","NO","NO","YES/LIKELY","NO/NOT SHOWN","NO","False","DELETE_GENERATED","0e216fd040bf0dbb84a9c3d885cdd1040086a5b3a8bba528bc88443c6f5356ca"
".pio\google-one-click-resource\esp32_035\src\storage\AtomicFileStore.cpp.su",".su","649","untracked","NO/NOT SHOWN","NO","NO","NO","YES/LIKELY","NO/NOT SHOWN","NO","False","DELETE_GENERATED","fff2b1f475404911d5fd41c56affcf357ec392f6c3a88e058e2c3039728ce6ac"
".pio\google-one-click-resource\esp32_035\src\storage\AuthStore.cpp.d",".d","28178","untracked","NO/NOT SHOWN","NO","NO","NO","YES/LIKELY","NO/NOT SHOWN","NO","False","DELETE_GENERATED","e8c14266635b47cf4c96562cd00e3acd93df171de1cc0f92fe1b2c49852e549b"
".pio\google-one-click-resource\esp32_035\src\storage\AuthStore.cpp.o",".o","148716","untracked","NO/NOT SHOWN","NO","NO","NO","YES/LIKELY","NO/NOT SHOWN","NO","False","DELETE_GENERATED","cbd27abe989c65dbd2d1ca2ae443bf6524301894cc926fa6d120fc4ac4a24a81"
".pio\google-one-click-resource\esp32_035\src\storage\AuthStore.cpp.su",".su","1123","untracked","NO/NOT SHOWN","NO","NO","NO","YES/LIKELY","NO/NOT SHOWN","NO","False","DELETE_GENERATED","7fa316bc86d11841f98a577ecea6cc7171f606093f2c80a4a53cfd6a7feee2f7"
".pio\google-one-click-resource\esp32_035\src\storage\ConfigStore.cpp.d",".d","19813","untracked","NO/NOT SHOWN","NO","NO","NO","YES/LIKELY","NO/NOT SHOWN","NO","False","DELETE_GENERATED","e0626e9341c71a347dc7f1c02e95e6c08cca63500c272f068447fbb552e0b986"
".pio\google-one-click-resource\esp32_035\src\storage\ConfigStore.cpp.o",".o","115928","untracked","NO/NOT SHOWN","NO","NO","NO","YES/LIKELY","NO/NOT SHOWN","NO","False","DELETE_GENERATED","443c840600dcbb1f95187c0605ba821f2f4145a45aecf5c54f2a322663533a47"
".pio\google-one-click-resource\esp32_035\src\storage\ConfigStore.cpp.su",".su","622","untracked","NO/NOT SHOWN","NO","NO","NO","YES/LIKELY","NO/NOT SHOWN","NO","False","DELETE_GENERATED","d3fb457318806ca98705009148452a16f18c3a3af291eb3077f93c2d072a2435"
".pio\google-one-click-resource\esp32_035\src\storage\DeviceStore.cpp.d",".d","19693","untracked","NO/NOT SHOWN","NO","NO","NO","YES/LIKELY","NO/NOT SHOWN","NO","False","DELETE_GENERATED","1117a5d17785752fd70f0b2439426f15115e56fa606726efc9fac0a206981763"
".pio\google-one-click-resource\esp32_035\src\storage\DeviceStore.cpp.o",".o","100928","untracked","NO/NOT SHOWN","NO","NO","NO","YES/LIKELY","NO/NOT SHOWN","NO","False","DELETE_GENERATED","7ac49a18f42c5773b99afc9e9b89c7891db27fdb6ff4432fa9253ddaf1fce0bb"
".pio\google-one-click-resource\esp32_035\src\storage\DeviceStore.cpp.su",".su","474","untracked","NO/NOT SHOWN","NO","NO","NO","YES/LIKELY","NO/NOT SHOWN","NO","False","DELETE_GENERATED","a8d4f18880690eeaf1198721da3549ceea98b4587be876fdaf523e83fc2d248d"
".pio\google-one-click-resource\esp32_035\src\storage\IdentityStore.cpp.d",".d","20387","untracked","NO/NOT SHOWN","NO","NO","NO","YES/LIKELY","NO/NOT SHOWN","NO","False","DELETE_GENERATED","e22d05868bed83d28be9637cdec21859080c02f9be01769a47f794d92191dd65"
".pio\google-one-click-resource\esp32_035\src\storage\IdentityStore.cpp.o",".o","283748","untracked","NO/NOT SHOWN","NO","NO","NO","YES/LIKELY","NO/NOT SHOWN","NO","False","DELETE_GENERATED","8c3a40e25322bee359a70b68f18f16be4a31d4e07537095b058890631aebbf3f"
".pio\google-one-click-resource\esp32_035\src\storage\IdentityStore.cpp.su",".su","2935","untracked","NO/NOT SHOWN","NO","NO","NO","YES/LIKELY","NO/NOT SHOWN","NO","False","DELETE_GENERATED","f5e6e04536b5c2d2b5a18bffd1fc17d9ad00f5439b9482366501d24ec3432e44"
".pio\google-one-click-resource\esp32_035\src\storage\InstallationMetadata.cpp.d",".d","19796","untracked","NO/NOT SHOWN","NO","NO","NO","YES/LIKELY","NO/NOT SHOWN","NO","False","DELETE_GENERATED","fdce80906381769d68d70324cc42cb6fde7cad6cf1ddc2f03736fb4819f8d9ec"
".pio\google-one-click-resource\esp32_035\src\storage\InstallationMetadata.cpp.o",".o","103876","untracked","NO/NOT SHOWN","NO","NO","NO","YES/LIKELY","NO/NOT SHOWN","NO","False","DELETE_GENERATED","36da17312d942bc8377d34a7f4a64d562a244fb4ec6d6a3522aee3672f80f75c"
".pio\google-one-click-resource\esp32_035\src\storage\InstallationMetadata.cpp.su",".su","550","untracked","NO/NOT SHOWN","NO","NO","NO","YES/LIKELY","NO/NOT SHOWN","NO","False","DELETE_GENERATED","ffb25fb87e07b51d6de51eeaded964c39fecf8f9c1f435b4e0df3c25ad533b5a"
".pio\google-one-click-resource\esp32_035\src\storage\NetworkSecrets.cpp.d",".d","19778","untracked","NO/NOT SHOWN","NO","NO","NO","YES/LIKELY","NO/NOT SHOWN","NO","False","DELETE_GENERATED","a011691ac2153872c00a1dc65d750ec7ec5fa80787de900f264632a5480b2acd"
".pio\google-one-click-resource\esp32_035\src\storage\NetworkSecrets.cpp.o",".o","101760","untracked","NO/NOT SHOWN","NO","NO","NO","YES/LIKELY","NO/NOT SHOWN","NO","False","DELETE_GENERATED","6ad1750f84cde305536e34ad97bbdb48171356c7c1a87910f4f7abe6327f80ad"
".pio\google-one-click-resource\esp32_035\src\storage\NetworkSecrets.cpp.su",".su","370","untracked","NO/NOT SHOWN","NO","NO","NO","YES/LIKELY","NO/NOT SHOWN","NO","False","DELETE_GENERATED","66e9b4f8e7b2c3116b952210a89eb07630c121627064132fca578bc89f430977"
".pio\google-one-click-resource\esp32_035\src\storage\Phase2SelfTest.cpp.d",".d","140","untracked","NO/NOT SHOWN","NO","NO","NO","YES/LIKELY","NO/NOT SHOWN","NO","False","DELETE_GENERATED","ca3d6040abe45f7b942302e72725042f8efb247b97595e8ea016b78f08a7fe8a"
".pio\google-one-click-resource\esp32_035\src\storage\Phase2SelfTest.cpp.o",".o","2648","untracked","NO/NOT SHOWN","NO","NO","NO","YES/LIKELY","NO/NOT SHOWN","NO","False","DELETE_GENERATED","e8d6819c82d105c811fdddfa68ff111875f2935d780bf3d2bf79bfdd4c8e4ac0"
".pio\google-one-click-resource\esp32_035\src\storage\Phase2SelfTest.cpp.su",".su","61","untracked","NO/NOT SHOWN","NO","NO","NO","YES/LIKELY","NO/NOT SHOWN","NO","False","DELETE_GENERATED","4d8f9b8cb4515ca0572f6ecaf4fd8207857beddb2f0f77d7d5b481f5bb57c887"
".pio\google-one-click-resource\esp32_035\src\storage\RecordCodec.cpp.d",".d","131","untracked","NO/NOT SHOWN","NO","NO","NO","YES/LIKELY","NO/NOT SHOWN","NO","False","DELETE_GENERATED","e75aae9b3ec4408f7d8bbe70e8e8357884b16d8641b431fef71ae4eafc41f60b"
".pio\google-one-click-resource\esp32_035\src\storage\RecordCodec.cpp.o",".o","81756","untracked","NO/NOT SHOWN","NO","NO","NO","YES/LIKELY","NO/NOT SHOWN","NO","False","DELETE_GENERATED","0a63b6b8ab3f56fe0696c995ba686e75bb1f469b47fa5d14ab77f90fa3bbccb2"
".pio\google-one-click-resource\esp32_035\src\storage\RecordCodec.cpp.su",".su","2658","untracked","NO/NOT SHOWN","NO","NO","NO","YES/LIKELY","NO/NOT SHOWN","NO","False","DELETE_GENERATED","a54bb4d16de6089fc77a90e4a59ed3336430bd4d541a6be36532de205c3da9a5"
".pio\google-one-click-resource\esp32_035\src\storage\StaSecrets.cpp.d",".d","19810","untracked","NO/NOT SHOWN","NO","NO","NO","YES/LIKELY","NO/NOT SHOWN","NO","False","DELETE_GENERATED","87753bd4d651148468579e12482f912e85c5f4de8a70c12e16373cc5e6f1d517"
".pio\google-one-click-resource\esp32_035\src\storage\StaSecrets.cpp.o",".o","117936","untracked","NO/NOT SHOWN","NO","NO","NO","YES/LIKELY","NO/NOT SHOWN","NO","False","DELETE_GENERATED","c26f5705f0fbbec9f5cc8117bea38a0e75b93d6d21ad2d07d46e69caf539e8c2"
".pio\google-one-click-resource\esp32_035\src\storage\StaSecrets.cpp.su",".su","563","untracked","NO/NOT SHOWN","NO","NO","NO","YES/LIKELY","NO/NOT SHOWN","NO","False","DELETE_GENERATED","8c818b8fc61a2ee014bae0aba1794d36c6f41f38e68980d355244375452c1ceb"
".pio\google-one-click-resource\esp32_035\src\storage\StorageHealth.cpp.d",".d","20415","untracked","NO/NOT SHOWN","NO","NO","NO","YES/LIKELY","NO/NOT SHOWN","NO","False","DELETE_GENERATED","a3af3bd769c665da58dd702c5da1c46f61207b608a79be27205c5d58a640f7e8"
".pio\google-one-click-resource\esp32_035\src\storage\StorageHealth.cpp.o",".o","128124","untracked","NO/NOT SHOWN","NO","NO","NO","YES/LIKELY","NO/NOT SHOWN","NO","False","DELETE_GENERATED","58beac216c6f6d9f26c659089e9dd855567fe1c2cb51f3f886716bb4e08966bb"
".pio\google-one-click-resource\esp32_035\src\storage\StorageHealth.cpp.su",".su","152","untracked","NO/NOT SHOWN","NO","NO","NO","YES/LIKELY","NO/NOT SHOWN","NO","False","DELETE_GENERATED","61d5943bde9a30e3c8fe095ff3087300c628a2a50f674a0ec26cb03696574214"
".pio\google-one-click-resource\esp32_035\src\storage\UserStore.cpp.d",".d","19687","untracked","NO/NOT SHOWN","NO","NO","NO","YES/LIKELY","NO/NOT SHOWN","NO","False","DELETE_GENERATED","3619504945ab0504384a8c8d17bb98b9b61d0408d069ac2e64446fb09f1d292b"
".pio\google-one-click-resource\esp32_035\src\storage\UserStore.cpp.o",".o","100864","untracked","NO/NOT SHOWN","NO","NO","NO","YES/LIKELY","NO/NOT SHOWN","NO","False","DELETE_GENERATED","39247fbc2201429e3c978b93afb52d6d9244eb4ac72e03b0f3cd7066d3773012"
".pio\google-one-click-resource\esp32_035\src\storage\UserStore.cpp.su",".su","456","untracked","NO/NOT SHOWN","NO","NO","NO","YES/LIKELY","NO/NOT SHOWN","NO","False","DELETE_GENERATED","79bca4660ae7344be900696b085ce2e7d59afd12f2ba94dd487a2aaabbf64270"
".pio\google-one-click-resource\project.checksum",".checksum","40","untracked","NO/NOT SHOWN","NO","NO","NO","YES/LIKELY","NO/NOT SHOWN","NO","False","DELETE_GENERATED","6802bf53dc29361b2cf29c90bec2c0e230e2f49932c1d5d400959d3db6a90958"
".pio\gtsr1.pem",".pem","1911","untracked","NO/NOT SHOWN","NO","NO","NO","YES/LIKELY","NO/NOT SHOWN","NO","False","DELETE_GENERATED","4195ea007a7ef8d3e2d338e8d9ff0083198e36bfa025442ddf41bb5213904fc2"
".pio\gtsr4.pem",".pem","765","untracked","NO/NOT SHOWN","NO","NO","NO","YES/LIKELY","NO/NOT SHOWN","NO","False","DELETE_GENERATED","7e8b80d078d3dd77d3ed2108dd2b33412c12d7d72cb0965741c70708691776a2"
".pio\inspect_auth.py",".py","324","untracked","NO/NOT SHOWN","NO","NO","NO","YES/LIKELY","NO/NOT SHOWN","NO","False","DELETE_GENERATED","78933691a8d318f05c229e49776bfbf4d110fdba6c540edb86de31336e3dd3fc"
".pio\libdeps\esp32_035\integrity.dat",".dat","43","untracked","NO/NOT SHOWN","NO","NO","NO","YES/LIKELY","NO/NOT SHOWN","NO","False","DELETE_GENERATED","bc0f6c5a3b8eac81bc82d3fb1cd9b8e5907f6b13b20985b9d598a6b809991730"
".pio\libdeps\esp32_035\QRCode\.gitignore",".gitignore","10","untracked","NO/NOT SHOWN","NO","NO","NO","YES/LIKELY","NO/NOT SHOWN","NO","False","DELETE_GENERATED","cf237c7aff44efbe6e502e645c3e06da03a69d7bdeb43392108ef3348143417e"
".pio\libdeps\esp32_035\QRCode\.piopm",".piopm","151","untracked","NO/NOT SHOWN","NO","NO","NO","YES/LIKELY","NO/NOT SHOWN","NO","False","DELETE_GENERATED","c65b205e43b263ddc7d138cc8a828abf03f4aa87b5f7184707a5e51e2db65de2"
".pio\libdeps\esp32_035\QRCode\examples\QRCode\QRCode.ino",".ino","1205","untracked","NO/NOT SHOWN","NO","NO","NO","YES/LIKELY","NO/NOT SHOWN","NO","False","DELETE_GENERATED","d8d512583dd664a5db8162f75d5af2f78be41f0b4ffad611cae5b0036cf40e01"
".pio\libdeps\esp32_035\QRCode\keywords.txt",".txt","659","untracked","NO/NOT SHOWN","NO","NO","NO","YES/LIKELY","NO/NOT SHOWN","NO","False","DELETE_GENERATED","105ca29916a0792e88552dc4eaeaeedcb68162fb846a411c669629450383c837"
".pio\libdeps\esp32_035\QRCode\library.properties",".properties","284","untracked","NO/NOT SHOWN","NO","NO","NO","YES/LIKELY","NO/NOT SHOWN","NO","False","DELETE_GENERATED","4bc00d69a9a23d41ccd62361f36f9a07eb4daedd33a02014b28f08d99c693197"
".pio\libdeps\esp32_035\QRCode\LICENSE.txt",".txt","1081","untracked","NO/NOT SHOWN","NO","NO","NO","YES/LIKELY","NO/NOT SHOWN","NO","False","DELETE_GENERATED","688f46ca70f1bc811ecf711cbb22ea984cee10590c17584118b5e13cf38d049f"
".pio\libdeps\esp32_035\QRCode\README.md",".md","17320","untracked","NO/NOT SHOWN","NO","NO","NO","YES/LIKELY","NO/NOT SHOWN","NO","False","DELETE_GENERATED","00c34b6e3ac5b2f39b7af0987d09e2ffe58d2583ee7716683cf62c546c7c472e"
".pio\libdeps\esp32_035\QRCode\src\qrcode.c",".c","31392","untracked","NO/NOT SHOWN","NO","NO","NO","YES/LIKELY","NO/NOT SHOWN","NO","False","DELETE_GENERATED","c2abf543af0043409323e88e880490c5c1250befe98f6e1147eec22315f43152"
".pio\libdeps\esp32_035\QRCode\src\qrcode.h",".h","2637","untracked","NO/NOT SHOWN","NO","NO","NO","YES/LIKELY","NO/NOT SHOWN","NO","False","DELETE_GENERATED","3500589121857102799fe886e58826698f95a3498683f84c74c26e435da521e8"
".pio\libdeps\esp32_035\TFT_eSPI\.gitattributes",".gitattributes","378","untracked","NO/NOT SHOWN","NO","NO","NO","YES/LIKELY","NO/NOT SHOWN","NO","False","DELETE_GENERATED","bdbd68b106767972511720c3034130c2ffc1862c5abc29bfe110bf82c5137383"
".pio\libdeps\esp32_035\TFT_eSPI\.github\ISSUE_TEMPLATE\issue-template.md",".md","1858","untracked","NO/NOT SHOWN","NO","NO","NO","YES/LIKELY","POSSIBLE - REVIEW","NO","False","DELETE_GENERATED","6c004d3d59c571b8c391b1f06f013022af3c66ae239f51535c8aef9a3b02de90"
".pio\libdeps\esp32_035\TFT_eSPI\.gitignore",".gitignore","700","untracked","NO/NOT SHOWN","NO","NO","NO","YES/LIKELY","NO/NOT SHOWN","NO","False","DELETE_GENERATED","ada87ad183f5e9179b6dc4e6558e925bd6729c1a2a6eb97c06723ec574ca32fe"
".pio\libdeps\esp32_035\TFT_eSPI\.piopm",".piopm","156","untracked","NO/NOT SHOWN","NO","NO","NO","YES/LIKELY","NO/NOT SHOWN","NO","False","DELETE_GENERATED","e0b2448ba14662efaabae308806a4b9d6931ef1d3e1b6bda8ec45042a82cfac6"
".pio\libdeps\esp32_035\TFT_eSPI\CMakeLists.txt",".txt","123","untracked","NO/NOT SHOWN","NO","NO","NO","YES/LIKELY","NO/NOT SHOWN","NO","False","DELETE_GENERATED","b0ab5ff5e60e96f6aefae7d1e2275597f815db873f0c0ec6b8f1baf7c0a41ecd"
".pio\libdeps\esp32_035\TFT_eSPI\examples\160 x 128\Arduino_Life\Arduino_Life.ino",".ino","4589","untracked","NO/NOT SHOWN","NO","NO","NO","YES/LIKELY","NO/NOT SHOWN","NO","False","DELETE_GENERATED","e0bbd288b1fb21c54e0699f7845c7df501b6b731b9c8cc1e855f531194c60cb6"
".pio\libdeps\esp32_035\TFT_eSPI\examples\160 x 128\Pong_v3\Pong_v3.ino",".ino","4912","untracked","NO/NOT SHOWN","NO","NO","NO","YES/LIKELY","NO/NOT SHOWN","NO","False","DELETE_GENERATED","0efd2c0367df56b051ae077a6b4850a01894c3a9ceea06262d82c6b6e34d05c8"
".pio\libdeps\esp32_035\TFT_eSPI\examples\160 x 128\RLE_Font_test\RLE_Font_test.ino",".ino","4799","untracked","NO/NOT SHOWN","NO","NO","NO","YES/LIKELY","NO/NOT SHOWN","NO","False","DELETE_GENERATED","af3906caed4213d005552424e1fd05e2d29ef690aa6d63e28ff73e3e444bdeef"
".pio\libdeps\esp32_035\TFT_eSPI\examples\160 x 128\TFT_Char_times\TFT_Char_times.ino",".ino","2897","untracked","NO/NOT SHOWN","NO","NO","NO","YES/LIKELY","NO/NOT SHOWN","NO","False","DELETE_GENERATED","42b26f6f3b884ad259ec06f19246801165760afeaa8bdae41db013857ee07ed8"
".pio\libdeps\esp32_035\TFT_eSPI\examples\160 x 128\TFT_Clock\TFT_Clock.ino",".ino","4065","untracked","NO/NOT SHOWN","NO","NO","NO","YES/LIKELY","NO/NOT SHOWN","NO","False","DELETE_GENERATED","79b9efd76571c71bd41c8245f5a6bb6812586cb845876f6df6c2006bec0be2c0"
".pio\libdeps\esp32_035\TFT_eSPI\examples\160 x 128\TFT_Clock_Digital\TFT_Clock_Digital.ino",".ino","3933","untracked","NO/NOT SHOWN","NO","NO","NO","YES/LIKELY","NO/NOT SHOWN","NO","False","DELETE_GENERATED","5dbbfd0f80b0e83d8f06edcb4a573143362528750ce8e473d71ed1bdf3c0efdb"
".pio\libdeps\esp32_035\TFT_eSPI\examples\160 x 128\TFT_Ellipse\TFT_Ellipse.ino",".ino","891","untracked","NO/NOT SHOWN","NO","NO","NO","YES/LIKELY","NO/NOT SHOWN","NO","False","DELETE_GENERATED","b873255eb01de7099baaad5c32786781e1d6ef49fa37a7673143e494c057ace3"
".pio\libdeps\esp32_035\TFT_eSPI\examples\160 x 128\TFT_flash_jpg\jpeg1.h",".h","33353","untracked","NO/NOT SHOWN","NO","NO","NO","YES/LIKELY","NO/NOT SHOWN","NO","False","DELETE_GENERATED","2228c6d23386c116507af8b5d3fdcc4c1e58d9835755af49813e4e50a738a560"
".pio\libdeps\esp32_035\TFT_eSPI\examples\160 x 128\TFT_flash_jpg\jpeg2.h",".h","47473","untracked","NO/NOT SHOWN","NO","NO","NO","YES/LIKELY","NO/NOT SHOWN","NO","False","DELETE_GENERATED","3f7cf55daeeb155fc7e4f71a3d3c2e4cb263871b69b0ac63d61f7beff0bb15a2"
".pio\libdeps\esp32_035\TFT_eSPI\examples\160 x 128\TFT_flash_jpg\jpeg3.h",".h","45018","untracked","NO/NOT SHOWN","NO","NO","NO","YES/LIKELY","NO/NOT SHOWN","NO","False","DELETE_GENERATED","4cc9d5d5b3c4980c099f4b611f4b20fb5cb08166a87aed1900048cc7329e515b"
".pio\libdeps\esp32_035\TFT_eSPI\examples\160 x 128\TFT_flash_jpg\jpeg4.h",".h","26264","untracked","NO/NOT SHOWN","NO","NO","NO","YES/LIKELY","NO/NOT SHOWN","NO","False","DELETE_GENERATED","a6a522ba9cddb9726c7aa8123b7baae339db5a40439180814c3eb93b256105db"
".pio\libdeps\esp32_035\TFT_eSPI\examples\160 x 128\TFT_flash_jpg\TFT_flash_jpg.ino",".ino","7782","untracked","NO/NOT SHOWN","NO","NO","NO","YES/LIKELY","NO/NOT SHOWN","NO","False","DELETE_GENERATED","3291b4d9dd692538c233d7053b06e991f11badacc61e83561387e9876dc3407e"
".pio\libdeps\esp32_035\TFT_eSPI\examples\160 x 128\TFT_graphicstest_PDQ3\TFT_graphicstest_PDQ3.ino",".ino","18916","untracked","NO/NOT SHOWN","NO","NO","NO","YES/LIKELY","NO/NOT SHOWN","NO","False","DELETE_GENERATED","39e1a50760d4a57a46fa1298613b86a796da162b23eb931def10409a056c68c1"
".pio\libdeps\esp32_035\TFT_eSPI\examples\160 x 128\TFT_graphicstest_small\TFT_graphicstest_small.ino",".ino","7047","untracked","NO/NOT SHOWN","NO","NO","NO","YES/LIKELY","NO/NOT SHOWN","NO","False","DELETE_GENERATED","ac2074368c3807c1de652c5f61db939d7fb6458b089dc1ca147314ef149f8453"
".pio\libdeps\esp32_035\TFT_eSPI\examples\160 x 128\TFT_Meter_5\TFT_Meter_5.ino",".ino","7276","untracked","NO/NOT SHOWN","NO","NO","NO","YES/LIKELY","NO/NOT SHOWN","NO","False","DELETE_GENERATED","52aced620912d3f7e3b573eb68a64ea7da9f593c6a27973b42c92170e1fedb34"
".pio\libdeps\esp32_035\TFT_eSPI\examples\160 x 128\TFT_Print_Test\TFT_Print_Test.ino",".ino","2577","untracked","NO/NOT SHOWN","NO","NO","NO","YES/LIKELY","NO/NOT SHOWN","NO","False","DELETE_GENERATED","059ce436e8f33febaadbe91144605653fd5cb4b387557b29195390d09e14490a"
".pio\libdeps\esp32_035\TFT_eSPI\examples\160 x 128\TFT_Rainbow\TFT_Rainbow.ino",".ino","3738","untracked","NO/NOT SHOWN","NO","NO","NO","YES/LIKELY","NO/NOT SHOWN","NO","False","DELETE_GENERATED","479c2fe02eefe139b4cf571676a91d28471445d5c672c24b2f079faef4cf6d64"
".pio\libdeps\esp32_035\TFT_eSPI\examples\160 x 128\UTFT_demo_fast\UTFT_demo_fast.ino",".ino","8607","untracked","NO/NOT SHOWN","NO","NO","NO","YES/LIKELY","NO/NOT SHOWN","NO","False","DELETE_GENERATED","1201cd010871bcbf2915cd8fed6d8c55c10a1aab3d937276fafb6d0baf48b7fd"
".pio\libdeps\esp32_035\TFT_eSPI\examples\320 x 240\All_Free_Fonts_Demo\All_Free_Fonts_Demo.ino",".ino","15352","untracked","NO/NOT SHOWN","NO","NO","NO","YES/LIKELY","NO/NOT SHOWN","NO","False","DELETE_GENERATED","4bf9b67e3e1fee9a3023f80e84b4128c61e1b6d9425b2cea691cbf86a00a459b"
".pio\libdeps\esp32_035\TFT_eSPI\examples\320 x 240\All_Free_Fonts_Demo\Free_Fonts.h",".h","9056","untracked","NO/NOT SHOWN","NO","NO","NO","YES/LIKELY","NO/NOT SHOWN","NO","False","DELETE_GENERATED","d113b4155389a0928f215867a9213c89b7cd292e1659fbe255ca64074c761f6a"
".pio\libdeps\esp32_035\TFT_eSPI\examples\320 x 240\Cellular_Automata\Cellular_Automata.ino",".ino","4180","untracked","NO/NOT SHOWN","NO","NO","NO","YES/LIKELY","NO/NOT SHOWN","NO","False","DELETE_GENERATED","74bf853f4f14b718582facbb9e03dddc0fd29bc206bd2bff5bed01866ca092aa"
".pio\libdeps\esp32_035\TFT_eSPI\examples\320 x 240\Free_Font_Demo\Free_Font_Demo.ino",".ino","10582","untracked","NO/NOT SHOWN","NO","NO","NO","YES/LIKELY","NO/NOT SHOWN","NO","False","DELETE_GENERATED","696585d66eddd8486348029656fc997cb94eddfa1a07a41468db4da75f5a2d25"
".pio\libdeps\esp32_035\TFT_eSPI\examples\320 x 240\Free_Font_Demo\Free_Fonts.h",".h","9048","untracked","NO/NOT SHOWN","NO","NO","NO","YES/LIKELY","NO/NOT SHOWN","NO","False","DELETE_GENERATED","3558bf573512d8d8a17554bb6e2f638631299742da6a47340ac6419a8209fad9"
".pio\libdeps\esp32_035\TFT_eSPI\examples\320 x 240\Keypad_240x320\Keypad_240x320.ino",".ino","8430","untracked","NO/NOT SHOWN","NO","NO","NO","YES/LIKELY","NO/NOT SHOWN","NO","False","DELETE_GENERATED","3a20f22da8da87ad80c2c2a38b6eddf0fe6c0575c7fbf65629a222a5ae489783"
".pio\libdeps\esp32_035\TFT_eSPI\examples\320 x 240\Read_ID_bitbash\Read_ID_bitbash.ino",".ino","4307","untracked","NO/NOT SHOWN","NO","NO","NO","YES/LIKELY","NO/NOT SHOWN","NO","False","DELETE_GENERATED","0a42b4be442dd7f8d574f23b0a2a8ae7ce53321658c13ddc3f6421527cf56a5b"
".pio\libdeps\esp32_035\TFT_eSPI\examples\320 x 240\RLE_Font_test\RLE_Font_test.ino",".ino","8068","untracked","NO/NOT SHOWN","NO","NO","NO","YES/LIKELY","NO/NOT SHOWN","NO","False","DELETE_GENERATED","6aef7c305739b44f3ec887bfb969f44befb350e5aa7e7c22d57d021581a55767"
".pio\libdeps\esp32_035\TFT_eSPI\examples\320 x 240\TFT_ArcFill\TFT_ArcFill.ino",".ino","4351","untracked","NO/NOT SHOWN","NO","NO","NO","YES/LIKELY","NO/NOT SHOWN","NO","False","DELETE_GENERATED","550fff22229849d259df762d0f4752d91f9f8e2c6e31fc9135bb5330850be04c"
".pio\libdeps\esp32_035\TFT_eSPI\examples\320 x 240\TFT_Char_times\TFT_Char_times.ino",".ino","3653","untracked","NO/NOT SHOWN","NO","NO","NO","YES/LIKELY","NO/NOT SHOWN","NO","False","DELETE_GENERATED","e91241077a08fae65da7e51d3311dabfd33860b5e2bac8786fff380e52d40656"
".pio\libdeps\esp32_035\TFT_eSPI\examples\320 x 240\TFT_Clock\TFT_Clock.ino",".ino","4587","untracked","NO/NOT SHOWN","NO","NO","NO","YES/LIKELY","NO/NOT SHOWN","NO","False","DELETE_GENERATED","2c5a0b8fb9ceb2c340c6d30d878f3663f4a75dd34c0114d912e5c381b2419077"
".pio\libdeps\esp32_035\TFT_eSPI\examples\320 x 240\TFT_Clock_Digital\TFT_Clock_Digital.ino",".ino","4147","untracked","NO/NOT SHOWN","NO","NO","NO","YES/LIKELY","NO/NOT SHOWN","NO","False","DELETE_GENERATED","7d2e574b50b3bc54e76cf9f17ad4e4ecab980a2a63e1ba63183eaf8834248663"
".pio\libdeps\esp32_035\TFT_eSPI\examples\320 x 240\TFT_Custom_Fonts\TFT_Custom_Fonts.ino",".ino","5805","untracked","NO/NOT SHOWN","NO","NO","NO","YES/LIKELY","NO/NOT SHOWN","NO","False","DELETE_GENERATED","95ebd50a832bbad9a45bcd5c21b0d3216f1899a7eeeb2a7d11985c35bfacdadc"
".pio\libdeps\esp32_035\TFT_eSPI\examples\320 x 240\TFT_Ellipse\TFT_Ellipse.ino",".ino","843","untracked","NO/NOT SHOWN","NO","NO","NO","YES/LIKELY","NO/NOT SHOWN","NO","False","DELETE_GENERATED","07bee752964e0711cf101bbf11139739f0001dc43072a642c7849b68d00834a6"
".pio\libdeps\esp32_035\TFT_eSPI\examples\320 x 240\TFT_FillArcSpiral\TFT_FillArcSpiral.ino",".ino","4286","untracked","NO/NOT SHOWN","NO","NO","NO","YES/LIKELY","NO/NOT SHOWN","NO","False","DELETE_GENERATED","16e787204bb9226618492f6446f963a44abfb1d1e1d3f6ed5bb9580833c496ea"
".pio\libdeps\esp32_035\TFT_eSPI\examples\320 x 240\TFT_Float_Test\TFT_Float_Test.ino",".ino","2318","untracked","NO/NOT SHOWN","NO","NO","NO","YES/LIKELY","NO/NOT SHOWN","NO","False","DELETE_GENERATED","2d1a778b85975e9068796a0cacbc7350147c133627cdac6e92a3182923133dc4"
".pio\libdeps\esp32_035\TFT_eSPI\examples\320 x 240\TFT_graphicstest_one_lib\TFT_graphicstest_one_lib.ino",".ino","10309","untracked","NO/NOT SHOWN","NO","NO","NO","YES/LIKELY","NO/NOT SHOWN","NO","False","DELETE_GENERATED","65cc102e0748b59598e694d65a41b2150f464b0299f686efa84da510f58b2e24"
".pio\libdeps\esp32_035\TFT_eSPI\examples\320 x 240\TFT_graphicstest_PDQ\TFT_graphicstest_PDQ.ino",".ino","22882","untracked","NO/NOT SHOWN","NO","NO","NO","YES/LIKELY","NO/NOT SHOWN","NO","False","DELETE_GENERATED","56ef168ad851f6da9c60d90e337a18edfb402158993480d5a4c1b790cbb3d34b"
".pio\libdeps\esp32_035\TFT_eSPI\examples\320 x 240\TFT_Mandlebrot\TFT_Mandlebrot.ino",".ino","2210","untracked","NO/NOT SHOWN","NO","NO","NO","YES/LIKELY","NO/NOT SHOWN","NO","False","DELETE_GENERATED","666ef12a24af22e2b266f06c408fdd26e1383a4b2588501577c8ccae6099e7d8"
".pio\libdeps\esp32_035\TFT_eSPI\examples\320 x 240\TFT_Matrix\TFT_Matrix.ino",".ino","2997","untracked","NO/NOT SHOWN","NO","NO","NO","YES/LIKELY","POSSIBLE - REVIEW","NO","False","DELETE_GENERATED","ca76cec31dfa0aa201c57791e9fc6d5660cf3d19a8c4c26fa4d519071872ea71"
".pio\libdeps\esp32_035\TFT_eSPI\examples\320 x 240\TFT_Meter_linear\TFT_Meter_linear.ino",".ino","7489","untracked","NO/NOT SHOWN","NO","NO","NO","YES/LIKELY","NO/NOT SHOWN","NO","False","DELETE_GENERATED","a32975d7333876b7dde6714f72e42ef91a5e9bab7d4368997ba0c832ca2328b7"
".pio\libdeps\esp32_035\TFT_eSPI\examples\320 x 240\TFT_Meters\TFT_Meters.ino",".ino","9608","untracked","NO/NOT SHOWN","NO","NO","NO","YES/LIKELY","NO/NOT SHOWN","NO","False","DELETE_GENERATED","0a46137bd96eb604a8e0e07178f1351fa87e35aa7a720ac655251e766eb6fd31"
".pio\libdeps\esp32_035\TFT_eSPI\examples\320 x 240\TFT_Pie_Chart\TFT_Pie_Chart.ino",".ino","2316","untracked","NO/NOT SHOWN","NO","NO","NO","YES/LIKELY","NO/NOT SHOWN","NO","False","DELETE_GENERATED","1963876811d284429976b4ed6fa47d3131a1a53724a59dbfed17f173e944635f"
".pio\libdeps\esp32_035\TFT_eSPI\examples\320 x 240\TFT_Pong\TFT_Pong.ino",".ino","4915","untracked","NO/NOT SHOWN","NO","NO","NO","YES/LIKELY","NO/NOT SHOWN","NO","False","DELETE_GENERATED","b3630fef358af709d6b3cfd787f71b4187b199bbd71c61bc898572b152b455d1"
".pio\libdeps\esp32_035\TFT_eSPI\examples\320 x 240\TFT_Print_Test\TFT_Print_Test.ino",".ino","2815","untracked","NO/NOT SHOWN","NO","NO","NO","YES/LIKELY","NO/NOT SHOWN","NO","False","DELETE_GENERATED","2aafae78e0c378a5ce32dcb3ad7dc8d79c0c8a83caa99e7a360b2097087d2d7f"
".pio\libdeps\esp32_035\TFT_eSPI\examples\320 x 240\TFT_Rainbow_one_lib\TFT_Rainbow_one_lib.ino",".ino","5427","untracked","NO/NOT SHOWN","NO","NO","NO","YES/LIKELY","NO/NOT SHOWN","NO","False","DELETE_GENERATED","fabe95f78a0631f5d63ed7c12a4f98da9085817ce992a7ad979fe6e65cb4a41e"
".pio\libdeps\esp32_035\TFT_eSPI\examples\320 x 240\TFT_Read_Reg\TFT_Read_Reg.ino",".ino","4439","untracked","NO/NOT SHOWN","NO","NO","NO","YES/LIKELY","NO/NOT SHOWN","NO","False","DELETE_GENERATED","b4970849b304061c4b65cc4b6c400f9202d9745a734ce8df5649bd008d2b1011"
".pio\libdeps\esp32_035\TFT_eSPI\examples\320 x 240\TFT_Spiro\TFT_Spiro.ino",".ino","2191","untracked","NO/NOT SHOWN","NO","NO","NO","YES/LIKELY","NO/NOT SHOWN","NO","False","DELETE_GENERATED","b397eb9332bf1065842a94d8f1903941042d596d2c63d827d40e7d4d1f798520"
".pio\libdeps\esp32_035\TFT_eSPI\examples\320 x 240\TFT_Starfield\TFT_Starfield.ino",".ino","2188","untracked","NO/NOT SHOWN","NO","NO","NO","YES/LIKELY","NO/NOT SHOWN","NO","False","DELETE_GENERATED","a03cc80d43e8ec5fcce7e7f97da768cfb5a80085e0d66514929e02e04eb6c64f"
".pio\libdeps\esp32_035\TFT_eSPI\examples\320 x 240\TFT_String_Align\TFT_String_Align.ino",".ino","2625","untracked","NO/NOT SHOWN","NO","NO","NO","YES/LIKELY","NO/NOT SHOWN","NO","False","DELETE_GENERATED","7310089726ac128c3eba4f7119e4fd210e5260f867f170ec96c9f2d78846c849"
".pio\libdeps\esp32_035\TFT_eSPI\examples\320 x 240\TFT_Terminal\TFT_Terminal.ino",".ino","5861","untracked","NO/NOT SHOWN","NO","NO","NO","YES/LIKELY","NO/NOT SHOWN","NO","False","DELETE_GENERATED","8e594e30dd8ccb6ed28fb450dd5a19e6563d7752ae937fb8ae68ec2480d77f0a"
".pio\libdeps\esp32_035\TFT_eSPI\examples\320 x 240\UTFT_demo\UTFT_demo.ino",".ino","7188","untracked","NO/NOT SHOWN","NO","NO","NO","YES/LIKELY","NO/NOT SHOWN","NO","False","DELETE_GENERATED","4531c666e1c64766b7d9e19e16fd4d1bb57bacf0cba067198c337ed6cfcf31a6"
".pio\libdeps\esp32_035\TFT_eSPI\examples\480 x 320\Cellular_Automata\Cellular_Automata.ino",".ino","4180","untracked","NO/NOT SHOWN","NO","NO","NO","YES/LIKELY","NO/NOT SHOWN","NO","False","DELETE_GENERATED","146d3a3e69e0fa0130571a7685b6191f1ba14d7fb1a5b905978a6c22fd32907e"
".pio\libdeps\esp32_035\TFT_eSPI\examples\480 x 320\Demo_3D_cube\Demo_3D_cube.ino",".ino","7463","untracked","NO/NOT SHOWN","NO","NO","NO","YES/LIKELY","NO/NOT SHOWN","NO","False","DELETE_GENERATED","2ed5cb35d81659a230880c1e946f76fc97e08cc5f663a928c1700c01385ac168"
".pio\libdeps\esp32_035\TFT_eSPI\examples\480 x 320\Free_Font_Demo\Free_Font_Demo.ino",".ino","9326","untracked","NO/NOT SHOWN","NO","NO","NO","YES/LIKELY","NO/NOT SHOWN","NO","False","DELETE_GENERATED","cd78059cc1dd0b6d437725692fc4c2352fd57a017bf5074b544ec7954dc81407"
".pio\libdeps\esp32_035\TFT_eSPI\examples\480 x 320\Free_Font_Demo\Free_Fonts.h",".h","9104","untracked","NO/NOT SHOWN","NO","NO","NO","YES/LIKELY","NO/NOT SHOWN","NO","False","DELETE_GENERATED","c31f2f5b06de7dc7e889446bf60dd1e4845df5ebf06b339601a7e123e010755a"
".pio\libdeps\esp32_035\TFT_eSPI\examples\480 x 320\Graph_2\Graph_2.ino",".ino","9541","untracked","NO/NOT SHOWN","NO","NO","NO","YES/LIKELY","NO/NOT SHOWN","NO","False","DELETE_GENERATED","c58aded069fae7face4ae57112838a942cc3b75cd4d088c885961addea43f684"
".pio\libdeps\esp32_035\TFT_eSPI\examples\480 x 320\Keypad_480x320\Keypad_480x320.ino",".ino","8549","untracked","NO/NOT SHOWN","NO","NO","NO","YES/LIKELY","NO/NOT SHOWN","NO","False","DELETE_GENERATED","eed6b180e8eb5d06dedeca08044120e7689dee59d3c83cc942399cb8b11f1758"
".pio\libdeps\esp32_035\TFT_eSPI\examples\480 x 320\TFT_Char_times\TFT_Char_times.ino",".ino","4203","untracked","NO/NOT SHOWN","NO","NO","NO","YES/LIKELY","NO/NOT SHOWN","NO","False","DELETE_GENERATED","ca8c6f81a3c5214e4db549fa69fddd80a0bfeb2e45c768a4a2ece0e6863a3a15"
".pio\libdeps\esp32_035\TFT_eSPI\examples\480 x 320\TFT_Ellipse\TFT_Ellipse.ino",".ino","844","untracked","NO/NOT SHOWN","NO","NO","NO","YES/LIKELY","NO/NOT SHOWN","NO","False","DELETE_GENERATED","95030de35f2485a8c8a11bfe3a560d7acef21678556642d452140c7b49d63cb2"
".pio\libdeps\esp32_035\TFT_eSPI\examples\480 x 320\TFT_flash_jpg\jpeg1.h",".h","122840","untracked","NO/NOT SHOWN","NO","NO","NO","YES/LIKELY","NO/NOT SHOWN","NO","False","DELETE_GENERATED","33b2008b1d7488b899cc0932f8fa08204823d49502767acfa80ed1b388b7d8ab"
".pio\libdeps\esp32_035\TFT_eSPI\examples\480 x 320\TFT_flash_jpg\jpeg2.h",".h","33409","untracked","NO/NOT SHOWN","NO","NO","NO","YES/LIKELY","NO/NOT SHOWN","NO","False","DELETE_GENERATED","2cd45007ac7c2d7db2ac2a664e6234487a4c39cf39e69ac08e66ad278352f33e"
".pio\libdeps\esp32_035\TFT_eSPI\examples\480 x 320\TFT_flash_jpg\jpeg3.h",".h","97834","untracked","NO/NOT SHOWN","NO","NO","NO","YES/LIKELY","NO/NOT SHOWN","NO","False","DELETE_GENERATED","5607041daf4e5abfaa20b50b8ea04d539c09304faa907d411663ca351f1003bb"
".pio\libdeps\esp32_035\TFT_eSPI\examples\480 x 320\TFT_flash_jpg\jpeg4.h",".h","105000","untracked","NO/NOT SHOWN","NO","NO","NO","YES/LIKELY","NO/NOT SHOWN","NO","False","DELETE_GENERATED","f81261046e6434eca75ae733c61c9a29f3a6a397246c3d372144e5a9fc0d70d9"
".pio\libdeps\esp32_035\TFT_eSPI\examples\480 x 320\TFT_flash_jpg\TFT_flash_jpg.ino",".ino","8950","untracked","NO/NOT SHOWN","NO","NO","NO","YES/LIKELY","NO/NOT SHOWN","NO","False","DELETE_GENERATED","de2b10d7e6af76d190a363b606aa66d8224179edc26f1a25a10463702e087602"
".pio\libdeps\esp32_035\TFT_eSPI\examples\480 x 320\TFT_graphicstest_one_lib\TFT_graphicstest_one_lib.ino",".ino","10362","untracked","NO/NOT SHOWN","NO","NO","NO","YES/LIKELY","NO/NOT SHOWN","NO","False","DELETE_GENERATED","db9004d59d0bc779c687deecfd8543b53b9182e5a35f79d96cb8e7973f35718f"
".pio\libdeps\esp32_035\TFT_eSPI\examples\480 x 320\TFT_Meter_4\TFT_Meter_4.ino",".ino","7554","untracked","NO/NOT SHOWN","NO","NO","NO","YES/LIKELY","NO/NOT SHOWN","NO","False","DELETE_GENERATED","149d9e896b4cc00ff6ec7a653fde66b7bf29c667296ae5a7893b789cfeb081f4"
".pio\libdeps\esp32_035\TFT_eSPI\examples\480 x 320\TFT_Meters\TFT_Meters.ino",".ino","10130","untracked","NO/NOT SHOWN","NO","NO","NO","YES/LIKELY","NO/NOT SHOWN","NO","False","DELETE_GENERATED","1400580e254e0702bbe2ce81a464b450299164f1fb9d6f29f9bb5910b76e1661"
".pio\libdeps\esp32_035\TFT_eSPI\examples\480 x 320\TFT_Padding_demo\TFT_Padding_demo.ino",".ino","6502","untracked","NO/NOT SHOWN","NO","NO","NO","YES/LIKELY","NO/NOT SHOWN","NO","False","DELETE_GENERATED","862ddee4fe8fb98c72f800973f84ab6e11e460a23f11058fa1bf98ec9d3f7b4d"
".pio\libdeps\esp32_035\TFT_eSPI\examples\480 x 320\TFT_Print_Test\TFT_Print_Test.ino",".ino","2859","untracked","NO/NOT SHOWN","NO","NO","NO","YES/LIKELY","NO/NOT SHOWN","NO","False","DELETE_GENERATED","aa9b301c7a13cb4171ec2d09e10defee13d88c0a026ba6adcc5ef381e1975bfc"
".pio\libdeps\esp32_035\TFT_eSPI\examples\480 x 320\TFT_Rainbow480\TFT_Rainbow480.ino",".ino","5762","untracked","NO/NOT SHOWN","NO","NO","NO","YES/LIKELY","NO/NOT SHOWN","NO","False","DELETE_GENERATED","7cba18c13ad478feabd87711f4e9058991f275760ff982938ba45c47ece3b6cd"
".pio\libdeps\esp32_035\TFT_eSPI\examples\480 x 320\TFT_ring_meter\Alert.h",".h","8236","untracked","NO/NOT SHOWN","NO","NO","NO","YES/LIKELY","NO/NOT SHOWN","NO","False","DELETE_GENERATED","a0696981da1f1eb7576079b91d395d91e2a267c0cc9593b077504c18fe85fb12"
".pio\libdeps\esp32_035\TFT_eSPI\examples\480 x 320\TFT_ring_meter\TFT_ring_meter.ino",".ino","9398","untracked","NO/NOT SHOWN","NO","NO","NO","YES/LIKELY","NO/NOT SHOWN","NO","False","DELETE_GENERATED","701acbf918739173cc086ccdbdc39f4e7e2a2bcc3260269118f371e7010eefd8"
".pio\libdeps\esp32_035\TFT_eSPI\examples\480 x 320\TFT_String_Align\TFT_String_Align.ino",".ino","3203","untracked","NO/NOT SHOWN","NO","NO","NO","YES/LIKELY","NO/NOT SHOWN","NO","False","DELETE_GENERATED","2766b273011742269dbd4a3dec2fac39074a7d615e9e84a35c6c805db46b3fef"
".pio\libdeps\esp32_035\TFT_eSPI\examples\480 x 320\Touch_Controller_Demo\Touch_Controller_Demo.ino",".ino","1504","untracked","NO/NOT SHOWN","NO","NO","NO","YES/LIKELY","NO/NOT SHOWN","NO","False","DELETE_GENERATED","c37312ca81be4a891fe8e9c8fde69e5d46a2b44cd7d28ad57c87f6d2b4843604"
".pio\libdeps\esp32_035\TFT_eSPI\examples\480 x 320\UTFT_Demo_480x320\UTFT_Demo_480x320.ino",".ino","6865","untracked","NO/NOT SHOWN","NO","NO","NO","YES/LIKELY","NO/NOT SHOWN","NO","False","DELETE_GENERATED","3dc4b6cc4b72c21c518b59f7b715a0ee4b8361d0d99ac2e1d2f996952156cccf"
".pio\libdeps\esp32_035\TFT_eSPI\examples\DMA test\boing_ball\boing_ball.ino",".ino","6727","untracked","NO/NOT SHOWN","NO","NO","NO","YES/LIKELY","NO/NOT SHOWN","NO","False","DELETE_GENERATED","6f8e718839f8f820ce477e0f01548b89159825c8c2413eb0deb835149512bd0c"
".pio\libdeps\esp32_035\TFT_eSPI\examples\DMA test\boing_ball\graphic.h",".h","101436","untracked","NO/NOT SHOWN","NO","NO","NO","YES/LIKELY","NO/NOT SHOWN","NO","False","DELETE_GENERATED","87939676470cc4f258ec046d5ef4ee7a7e60470b1d5da085b7ce4cda7864e6ea"
".pio\libdeps\esp32_035\TFT_eSPI\examples\DMA test\Bouncy_Circles\Bouncy_Circles.ino",".ino","6625","untracked","NO/NOT SHOWN","NO","NO","NO","YES/LIKELY","NO/NOT SHOWN","NO","False","DELETE_GENERATED","8d8b7a5660cdeb3e01e753dc4639f38f3e767b6ed04389cbcf89c643a1d49b11"
".pio\libdeps\esp32_035\TFT_eSPI\examples\DMA test\Flash_Jpg_DMA\Flash_Jpg_DMA.ino",".ino","4140","untracked","NO/NOT SHOWN","NO","NO","NO","YES/LIKELY","NO/NOT SHOWN","NO","False","DELETE_GENERATED","a19fd88c22844bb150ddd8a1b82b97fc75082355471ec4a5513ec3459928fbe1"
".pio\libdeps\esp32_035\TFT_eSPI\examples\DMA test\Flash_Jpg_DMA\panda.h",".h","77473","untracked","NO/NOT SHOWN","NO","NO","NO","YES/LIKELY","NO/NOT SHOWN","NO","False","DELETE_GENERATED","f1db5747ae60ad85fcae899d7427eb8a8dac76867b049506f096ccd2355502ae"
".pio\libdeps\esp32_035\TFT_eSPI\examples\DMA test\SpriteRotatingCube\SpriteRotatingCube.ino",".ino","11451","untracked","NO/NOT SHOWN","NO","NO","NO","YES/LIKELY","NO/NOT SHOWN","NO","False","DELETE_GENERATED","d2bb2978c1114bea80752a9c651d78bacd2e1b732883b8567bfd2545d167035e"
".pio\libdeps\esp32_035\TFT_eSPI\examples\ePaper\Floyd_Steinberg\data\TestCard.bmp",".bmp","47542","untracked","NO/NOT SHOWN","NO","NO","NO","YES/LIKELY","NO/NOT SHOWN","NO","False","DELETE_GENERATED","b794e1df959acaeab226194471ffde6a235efb54b0a9248dc69206cf1981b5cf"
".pio\libdeps\esp32_035\TFT_eSPI\examples\ePaper\Floyd_Steinberg\data\Tiger.bmp",".bmp","42262","untracked","NO/NOT SHOWN","NO","NO","NO","YES/LIKELY","NO/NOT SHOWN","NO","False","DELETE_GENERATED","a6bb38249a7d92c2268383e96cad6837a22125b2039c2bda9745ae50d47e5280"
".pio\libdeps\esp32_035\TFT_eSPI\examples\ePaper\Floyd_Steinberg\EPD_Support.h",".h","4173","untracked","NO/NOT SHOWN","NO","NO","NO","YES/LIKELY","NO/NOT SHOWN","NO","False","DELETE_GENERATED","2ef2bfeb2671226c0250c73fa488b365df8ece55cf68984bf268878632fc1c16"
".pio\libdeps\esp32_035\TFT_eSPI\examples\ePaper\Floyd_Steinberg\Floyd_Steinberg.ino",".ino","7872","untracked","NO/NOT SHOWN","NO","NO","NO","YES/LIKELY","NO/NOT SHOWN","NO","False","DELETE_GENERATED","96ec67f8f91881ea11ad4d4a26555056039b8905b81befaa5b8c3e3c922dfb19"
".pio\libdeps\esp32_035\TFT_eSPI\examples\ePaper\Floyd_Steinberg\Floyd_Steinberg_BMP.ino",".ino","7541","untracked","NO/NOT SHOWN","NO","NO","NO","YES/LIKELY","NO/NOT SHOWN","NO","False","DELETE_GENERATED","66b3e46445ce2c228cce7b620ead912d1031f3c8bae25dc98d7d5ed081bf286e"
".pio\libdeps\esp32_035\TFT_eSPI\examples\ePaper\Floyd_Steinberg\SPIFFS.ino",".ino","2579","untracked","NO/NOT SHOWN","NO","NO","NO","YES/LIKELY","NO/NOT SHOWN","NO","False","DELETE_GENERATED","b7c872542c318b2f22492629a892b081c612c1da8bac69201bc1746121db0e7a"
".pio\libdeps\esp32_035\TFT_eSPI\examples\Generic\alphaBlend_Test\alphaBlend_Test.ino",".ino","6866","untracked","NO/NOT SHOWN","NO","NO","NO","YES/LIKELY","NO/NOT SHOWN","NO","False","DELETE_GENERATED","09d3ebc3cdae43c0b971b1d255b59df48df5fd35d7c7624f9f71fcfbb5243458"
".pio\libdeps\esp32_035\TFT_eSPI\examples\Generic\Animated_Eyes_1\Animated_Eyes_1.ino",".ino","5107","untracked","NO/NOT SHOWN","NO","NO","NO","YES/LIKELY","NO/NOT SHOWN","NO","False","DELETE_GENERATED","81e37744fabe541fb6ad682139807edd26f0bebcde43f244d90d8c0264291a4f"
".pio\libdeps\esp32_035\TFT_eSPI\examples\Generic\Animated_Eyes_1\config.h",".h","4806","untracked","NO/NOT SHOWN","NO","NO","NO","YES/LIKELY","NO/NOT SHOWN","NO","False","DELETE_GENERATED","2ec7012034340571fa08928bf74bd811d44fa606da8a2b65ef133061843c4b89"
".pio\libdeps\esp32_035\TFT_eSPI\examples\Generic\Animated_Eyes_1\data\catEye.h",".h","807496","untracked","NO/NOT SHOWN","NO","NO","NO","YES/LIKELY","NO/NOT SHOWN","YES (identical SHA-256 elsewhere)","False","DELETE_GENERATED","c71811ff45f6dd617f3d5c6f69f97fad1cc633fa99d01073109096cb3a2c0966"
".pio\libdeps\esp32_035\TFT_eSPI\examples\Generic\Animated_Eyes_1\data\defaultEye.h",".h","923004","untracked","NO/NOT SHOWN","NO","NO","NO","YES/LIKELY","NO/NOT SHOWN","YES (identical SHA-256 elsewhere)","False","DELETE_GENERATED","cb42af8efbd1807a1e7e9ff6c420691d4b6a4fc6d53941485a65bd18fa33dcc7"
".pio\libdeps\esp32_035\TFT_eSPI\examples\Generic\Animated_Eyes_1\data\doeEye.h",".h","1074664","untracked","NO/NOT SHOWN","NO","NO","NO","YES/LIKELY","NO/NOT SHOWN","YES (identical SHA-256 elsewhere)","False","DELETE_GENERATED","d118ad227f503b0be3e4375ab3d74d2e35695f2aa18304d7e756476012f43c84"
".pio\libdeps\esp32_035\TFT_eSPI\examples\Generic\Animated_Eyes_1\data\dragonEye.h",".h","1165264","untracked","NO/NOT SHOWN","NO","NO","NO","YES/LIKELY","NO/NOT SHOWN","YES (identical SHA-256 elsewhere)","False","DELETE_GENERATED","edeb5e642c5613f614b27e89bcbfd43ba4cfcd95da8161c64fa82cb7595dc5d8"
".pio\libdeps\esp32_035\TFT_eSPI\examples\Generic\Animated_Eyes_1\data\goatEye.h",".h","887446","untracked","NO/NOT SHOWN","NO","NO","NO","YES/LIKELY","NO/NOT SHOWN","YES (identical SHA-256 elsewhere)","False","DELETE_GENERATED","89cd2e2e8b8944952fa88622a53590fc5212349876131797ddd75c1593e23265"
".pio\libdeps\esp32_035\TFT_eSPI\examples\Generic\Animated_Eyes_1\data\logo.h",".h","6821","untracked","NO/NOT SHOWN","NO","NO","NO","YES/LIKELY","NO/NOT SHOWN","YES (identical SHA-256 elsewhere)","False","DELETE_GENERATED","2f793feec6c0a163dcb97ce5447d08856b75de7b4823658bd9243071023d49f7"
".pio\libdeps\esp32_035\TFT_eSPI\examples\Generic\Animated_Eyes_1\data\naugaEye.h",".h","522861","untracked","NO/NOT SHOWN","NO","NO","NO","YES/LIKELY","NO/NOT SHOWN","YES (identical SHA-256 elsewhere)","False","DELETE_GENERATED","e0a8cdbe4ec6ff029aa54641aead76ae04b5858641ca529ed33ef8cb827bd8b0"
".pio\libdeps\esp32_035\TFT_eSPI\examples\Generic\Animated_Eyes_1\data\newtEye.h",".h","922908","untracked","NO/NOT SHOWN","NO","NO","NO","YES/LIKELY","NO/NOT SHOWN","YES (identical SHA-256 elsewhere)","False","DELETE_GENERATED","83707f9834b8bfdaa4ccb832c329caf4ad6e621767f0e42e445094b419e532b7"
".pio\libdeps\esp32_035\TFT_eSPI\examples\Generic\Animated_Eyes_1\data\noScleraEye.h",".h","1165264","untracked","NO/NOT SHOWN","NO","NO","NO","YES/LIKELY","NO/NOT SHOWN","YES (identical SHA-256 elsewhere)","False","DELETE_GENERATED","cd0717b8cd7678fa21212b27b67c6251ad69b7d591697bc14867b6dde4f0aaea"
".pio\libdeps\esp32_035\TFT_eSPI\examples\Generic\Animated_Eyes_1\data\owlEye.h",".h","522874","untracked","NO/NOT SHOWN","NO","NO","NO","YES/LIKELY","NO/NOT SHOWN","YES (identical SHA-256 elsewhere)","False","DELETE_GENERATED","405a7117a8832366b1b977e4708c86358b6dd6509c16fcd643a987fd81d06b5a"
".pio\libdeps\esp32_035\TFT_eSPI\examples\Generic\Animated_Eyes_1\data\terminatorEye.h",".h","922860","untracked","NO/NOT SHOWN","NO","NO","NO","YES/LIKELY","NO/NOT SHOWN","YES (identical SHA-256 elsewhere)","False","DELETE_GENERATED","015664e72ab884b6fb30f2294c24f7dc58a82f3b9dc328ad3fd8a525e93a5364"
".pio\libdeps\esp32_035\TFT_eSPI\examples\Generic\Animated_Eyes_1\eye_functions.ino",".ino","18558","untracked","NO/NOT SHOWN","NO","NO","NO","YES/LIKELY","NO/NOT SHOWN","YES (identical SHA-256 elsewhere)","False","DELETE_GENERATED","c5da6917624b219f40b6dd53394c7d44efb1881f47fc00f9ea437ce3a5f806e7"
".pio\libdeps\esp32_035\TFT_eSPI\examples\Generic\Animated_Eyes_1\user.cpp",".cpp","2785","untracked","NO/NOT SHOWN","NO","NO","NO","YES/LIKELY","NO/NOT SHOWN","YES (identical SHA-256 elsewhere)","False","DELETE_GENERATED","139f8bdf459b36db6a15d34031818daa22fcfab65d010b355ed8d4e7404a439d"
".pio\libdeps\esp32_035\TFT_eSPI\examples\Generic\Animated_Eyes_1\user_bat.cpp",".cpp","3110","untracked","NO/NOT SHOWN","NO","NO","NO","YES/LIKELY","NO/NOT SHOWN","YES (identical SHA-256 elsewhere)","False","DELETE_GENERATED","456cd5c0ebbdcb146bce0eda5b45d07ab19a8eb8fcaa1ee614b9ecbb9139ddc3"
".pio\libdeps\esp32_035\TFT_eSPI\examples\Generic\Animated_Eyes_1\user_xmas.cpp",".cpp","2512","untracked","NO/NOT SHOWN","NO","NO","NO","YES/LIKELY","NO/NOT SHOWN","YES (identical SHA-256 elsewhere)","False","DELETE_GENERATED","d238c44f3421624fdbb953f04b6e9f44a5ad5dadaa42f719ca9c2da258a0eca7"
".pio\libdeps\esp32_035\TFT_eSPI\examples\Generic\Animated_Eyes_2\Animated_Eyes_2.ino",".ino","5379","untracked","NO/NOT SHOWN","NO","NO","NO","YES/LIKELY","NO/NOT SHOWN","NO","False","DELETE_GENERATED","529c5cbb105cd785f5d850df768bbb54d4db2631788f513228e4b38ecf3b39cd"
".pio\libdeps\esp32_035\TFT_eSPI\examples\Generic\Animated_Eyes_2\config.h",".h","4790","untracked","NO/NOT SHOWN","NO","NO","NO","YES/LIKELY","NO/NOT SHOWN","NO","False","DELETE_GENERATED","35caaa5091e92e6f0d4c7b70ff1ed5510cf28e3d207bcdde3029c15d0ae3a83d"
".pio\libdeps\esp32_035\TFT_eSPI\examples\Generic\Animated_Eyes_2\data\catEye.h",".h","807496","untracked","NO/NOT SHOWN","NO","NO","NO","YES/LIKELY","NO/NOT SHOWN","YES (identical SHA-256 elsewhere)","False","DELETE_GENERATED","c71811ff45f6dd617f3d5c6f69f97fad1cc633fa99d01073109096cb3a2c0966"
".pio\libdeps\esp32_035\TFT_eSPI\examples\Generic\Animated_Eyes_2\data\defaultEye.h",".h","923004","untracked","NO/NOT SHOWN","NO","NO","NO","YES/LIKELY","NO/NOT SHOWN","YES (identical SHA-256 elsewhere)","False","DELETE_GENERATED","cb42af8efbd1807a1e7e9ff6c420691d4b6a4fc6d53941485a65bd18fa33dcc7"
".pio\libdeps\esp32_035\TFT_eSPI\examples\Generic\Animated_Eyes_2\data\doeEye.h",".h","1074664","untracked","NO/NOT SHOWN","NO","NO","NO","YES/LIKELY","NO/NOT SHOWN","YES (identical SHA-256 elsewhere)","False","DELETE_GENERATED","d118ad227f503b0be3e4375ab3d74d2e35695f2aa18304d7e756476012f43c84"
".pio\libdeps\esp32_035\TFT_eSPI\examples\Generic\Animated_Eyes_2\data\dragonEye.h",".h","1165264","untracked","NO/NOT SHOWN","NO","NO","NO","YES/LIKELY","NO/NOT SHOWN","YES (identical SHA-256 elsewhere)","False","DELETE_GENERATED","edeb5e642c5613f614b27e89bcbfd43ba4cfcd95da8161c64fa82cb7595dc5d8"
".pio\libdeps\esp32_035\TFT_eSPI\examples\Generic\Animated_Eyes_2\data\goatEye.h",".h","887446","untracked","NO/NOT SHOWN","NO","NO","NO","YES/LIKELY","NO/NOT SHOWN","YES (identical SHA-256 elsewhere)","False","DELETE_GENERATED","89cd2e2e8b8944952fa88622a53590fc5212349876131797ddd75c1593e23265"
".pio\libdeps\esp32_035\TFT_eSPI\examples\Generic\Animated_Eyes_2\data\logo.h",".h","6821","untracked","NO/NOT SHOWN","NO","NO","NO","YES/LIKELY","NO/NOT SHOWN","YES (identical SHA-256 elsewhere)","False","DELETE_GENERATED","2f793feec6c0a163dcb97ce5447d08856b75de7b4823658bd9243071023d49f7"
".pio\libdeps\esp32_035\TFT_eSPI\examples\Generic\Animated_Eyes_2\data\naugaEye.h",".h","522861","untracked","NO/NOT SHOWN","NO","NO","NO","YES/LIKELY","NO/NOT SHOWN","YES (identical SHA-256 elsewhere)","False","DELETE_GENERATED","e0a8cdbe4ec6ff029aa54641aead76ae04b5858641ca529ed33ef8cb827bd8b0"
".pio\libdeps\esp32_035\TFT_eSPI\examples\Generic\Animated_Eyes_2\data\newtEye.h",".h","922908","untracked","NO/NOT SHOWN","NO","NO","NO","YES/LIKELY","NO/NOT SHOWN","YES (identical SHA-256 elsewhere)","False","DELETE_GENERATED","83707f9834b8bfdaa4ccb832c329caf4ad6e621767f0e42e445094b419e532b7"
".pio\libdeps\esp32_035\TFT_eSPI\examples\Generic\Animated_Eyes_2\data\noScleraEye.h",".h","1165264","untracked","NO/NOT SHOWN","NO","NO","NO","YES/LIKELY","NO/NOT SHOWN","YES (identical SHA-256 elsewhere)","False","DELETE_GENERATED","cd0717b8cd7678fa21212b27b67c6251ad69b7d591697bc14867b6dde4f0aaea"
".pio\libdeps\esp32_035\TFT_eSPI\examples\Generic\Animated_Eyes_2\data\owlEye.h",".h","522874","untracked","NO/NOT SHOWN","NO","NO","NO","YES/LIKELY","NO/NOT SHOWN","YES (identical SHA-256 elsewhere)","False","DELETE_GENERATED","405a7117a8832366b1b977e4708c86358b6dd6509c16fcd643a987fd81d06b5a"
".pio\libdeps\esp32_035\TFT_eSPI\examples\Generic\Animated_Eyes_2\data\terminatorEye.h",".h","922860","untracked","NO/NOT SHOWN","NO","NO","NO","YES/LIKELY","NO/NOT SHOWN","YES (identical SHA-256 elsewhere)","False","DELETE_GENERATED","015664e72ab884b6fb30f2294c24f7dc58a82f3b9dc328ad3fd8a525e93a5364"
".pio\libdeps\esp32_035\TFT_eSPI\examples\Generic\Animated_Eyes_2\eye_functions.ino",".ino","18558","untracked","NO/NOT SHOWN","NO","NO","NO","YES/LIKELY","NO/NOT SHOWN","YES (identical SHA-256 elsewhere)","False","DELETE_GENERATED","c5da6917624b219f40b6dd53394c7d44efb1881f47fc00f9ea437ce3a5f806e7"
".pio\libdeps\esp32_035\TFT_eSPI\examples\Generic\Animated_Eyes_2\user.cpp",".cpp","2785","untracked","NO/NOT SHOWN","NO","NO","NO","YES/LIKELY","NO/NOT SHOWN","YES (identical SHA-256 elsewhere)","False","DELETE_GENERATED","139f8bdf459b36db6a15d34031818daa22fcfab65d010b355ed8d4e7404a439d"
".pio\libdeps\esp32_035\TFT_eSPI\examples\Generic\Animated_Eyes_2\user_bat.cpp",".cpp","3110","untracked","NO/NOT SHOWN","NO","NO","NO","YES/LIKELY","NO/NOT SHOWN","YES (identical SHA-256 elsewhere)","False","DELETE_GENERATED","456cd5c0ebbdcb146bce0eda5b45d07ab19a8eb8fcaa1ee614b9ecbb9139ddc3"
".pio\libdeps\esp32_035\TFT_eSPI\examples\Generic\Animated_Eyes_2\user_xmas.cpp",".cpp","2512","untracked","NO/NOT SHOWN","NO","NO","NO","YES/LIKELY","NO/NOT SHOWN","YES (identical SHA-256 elsewhere)","False","DELETE_GENERATED","d238c44f3421624fdbb953f04b6e9f44a5ad5dadaa42f719ca9c2da258a0eca7"
".pio\libdeps\esp32_035\TFT_eSPI\examples\Generic\Animated_Eyes_2\wiring.ino",".ino","1402","untracked","NO/NOT SHOWN","NO","NO","NO","YES/LIKELY","NO/NOT SHOWN","NO","False","DELETE_GENERATED","cc5e17b2b80b911210462fa1d0ac1f88466f0f8b3e59ef97e55ebd2931d4ed16"
".pio\libdeps\esp32_035\TFT_eSPI\examples\Generic\drawXBitmap\drawXBitmap.ino",".ino","1818","untracked","NO/NOT SHOWN","NO","NO","NO","YES/LIKELY","NO/NOT SHOWN","NO","False","DELETE_GENERATED","90e194780feecf4ef998d72024cf9cd5a17f7cc8d0ca206abcca5b76b17987a8"
".pio\libdeps\esp32_035\TFT_eSPI\examples\Generic\drawXBitmap\xbm.h",".h","3012","untracked","NO/NOT SHOWN","NO","NO","NO","YES/LIKELY","NO/NOT SHOWN","NO","False","DELETE_GENERATED","13f2e647920ba05351506ceec54fec504c6dad7416f113a95ced197bd637dcb3"
".pio\libdeps\esp32_035\TFT_eSPI\examples\Generic\ESP32_SDcard_jpeg\ESP32_SDcard_jpeg.ino",".ino","9581","untracked","NO/NOT SHOWN","NO","NO","NO","YES/LIKELY","NO/NOT SHOWN","NO","False","DELETE_GENERATED","6b0617e8fd075e9c05b38edf1a2a8078999e103ffc2989f905bfe346353eb869"
".pio\libdeps\esp32_035\TFT_eSPI\examples\Generic\ESP8266_uncannyEyes\defaultEye.h",".h","723283","untracked","NO/NOT SHOWN","NO","NO","NO","YES/LIKELY","NO/NOT SHOWN","NO","False","DELETE_GENERATED","a93f937b54a84dba8581a00694d9e0b3395c5468165629a144e89fe7a02bf235"
".pio\libdeps\esp32_035\TFT_eSPI\examples\Generic\ESP8266_uncannyEyes\dragonEye.h",".h","965629","untracked","NO/NOT SHOWN","NO","NO","NO","YES/LIKELY","NO/NOT SHOWN","NO","False","DELETE_GENERATED","e15880d2347263814568b89fde54240d0a5d64628a44729d1efb379d3f842bd5"
".pio\libdeps\esp32_035\TFT_eSPI\examples\Generic\ESP8266_uncannyEyes\ESP8266_uncannyEyes.ino",".ino","19608","untracked","NO/NOT SHOWN","NO","NO","NO","YES/LIKELY","NO/NOT SHOWN","NO","False","DELETE_GENERATED","cba70bcfc69d9340119c06891e20866fdd995d65e9c5f2888b51a9709ada4a28"
".pio\libdeps\esp32_035\TFT_eSPI\examples\Generic\ESP8266_uncannyEyes\goatEye.h",".h","687911","untracked","NO/NOT SHOWN","NO","NO","NO","YES/LIKELY","NO/NOT SHOWN","NO","False","DELETE_GENERATED","d4b5b79d41b760c633f833b0ec6b36986ba4cca63515346e12e0714b1b42c7dc"
".pio\libdeps\esp32_035\TFT_eSPI\examples\Generic\ESP8266_uncannyEyes\noScleraEye.h",".h","965639","untracked","NO/NOT SHOWN","NO","NO","NO","YES/LIKELY","NO/NOT SHOWN","NO","False","DELETE_GENERATED","843dde08a503893d03640ba80286cd42b1ad73af3847e9ac35061dfc192c4498"
".pio\libdeps\esp32_035\TFT_eSPI\examples\Generic\ESP8266_uncannyEyes\screenshotToConsole.ino",".ino","7614","untracked","NO/NOT SHOWN","NO","NO","NO","YES/LIKELY","NO/NOT SHOWN","NO","False","DELETE_GENERATED","8c9132bb67478b5516b05f60898481870dcc1ce27c492a2ba5d092debb888db6"
".pio\libdeps\esp32_035\TFT_eSPI\examples\Generic\Gradient_Fill\Gradient_Fill.ino",".ino","1051","untracked","NO/NOT SHOWN","NO","NO","NO","YES/LIKELY","NO/NOT SHOWN","NO","False","DELETE_GENERATED","5d1253ed60dc1821bbcc7c75d5dd73a555d63abb22375f70a173cc4f20bb5ada"
".pio\libdeps\esp32_035\TFT_eSPI\examples\Generic\Julia_Set\Julia_Set.ino",".ino","2474","untracked","NO/NOT SHOWN","NO","NO","NO","YES/LIKELY","NO/NOT SHOWN","NO","False","DELETE_GENERATED","48e336d1cd13d42eee64762decac9b05c8909d0028baf6f8c6f7784c152512fa"
".pio\libdeps\esp32_035\TFT_eSPI\examples\Generic\Local_Custom_Fonts\Local_Custom_Fonts.ino",".ino","4380","untracked","NO/NOT SHOWN","NO","NO","NO","YES/LIKELY","NO/NOT SHOWN","NO","False","DELETE_GENERATED","f1e9f74bc7af6d6ea8326269004fb34863e9a9de691acaeae3674fb3faf2210d"
".pio\libdeps\esp32_035\TFT_eSPI\examples\Generic\Local_Custom_Fonts\MyFont.h",".h","243256","untracked","NO/NOT SHOWN","NO","NO","NO","YES/LIKELY","NO/NOT SHOWN","NO","False","DELETE_GENERATED","f9612fc70cd8c2bde47a0f738865adcf40735ff7428829f7a4a47aad39933396"
".pio\libdeps\esp32_035\TFT_eSPI\examples\Generic\On_Off_Button\On_Off_Button.ino",".ino","5378","untracked","NO/NOT SHOWN","NO","NO","NO","YES/LIKELY","NO/NOT SHOWN","NO","False","DELETE_GENERATED","f4ed52ff53cf1dd04b8e3f258e90b9972e005812b8fc5f8d421ff2e7926567b5"
".pio\libdeps\esp32_035\TFT_eSPI\examples\Generic\TFT_Button_Label_Datum\TFT_Button_Label_Datum.ino",".ino","5035","untracked","NO/NOT SHOWN","NO","NO","NO","YES/LIKELY","NO/NOT SHOWN","NO","False","DELETE_GENERATED","58818385f3065a53edc6dc84a25431cc07bf3da657e195ea8f7e0b784c1b830e"
".pio\libdeps\esp32_035\TFT_eSPI\examples\Generic\TFT_Flash_Bitmap\Alert.h",".h","8105","untracked","NO/NOT SHOWN","NO","NO","NO","YES/LIKELY","NO/NOT SHOWN","NO","False","DELETE_GENERATED","447c70a36a5d7ef76df6e091645fff3822686d0c20d9f5064d32b839dc56c28f"
".pio\libdeps\esp32_035\TFT_eSPI\examples\Generic\TFT_Flash_Bitmap\Close.h",".h","8106","untracked","NO/NOT SHOWN","NO","NO","NO","YES/LIKELY","NO/NOT SHOWN","NO","False","DELETE_GENERATED","b3b8dd8c8ef6c2f7f3bc9d284285a3b586072cd2ece16474c8386b501236b1e4"
".pio\libdeps\esp32_035\TFT_eSPI\examples\Generic\TFT_Flash_Bitmap\Info.h",".h","8102","untracked","NO/NOT SHOWN","NO","NO","NO","YES/LIKELY","NO/NOT SHOWN","NO","False","DELETE_GENERATED","ae01ab2175e6f725b219e200254cbade3d2f528fd07bc601b1fdc6a9708ce8e4"
".pio\libdeps\esp32_035\TFT_eSPI\examples\Generic\TFT_Flash_Bitmap\TFT_Flash_Bitmap.ino",".ino","2287","untracked","NO/NOT SHOWN","NO","NO","NO","YES/LIKELY","NO/NOT SHOWN","NO","False","DELETE_GENERATED","6ca5ba1a3b86538c9ae4e6bfd6d0379c1c98650e6c4e69bccfa9e75ed4765563"
".pio\libdeps\esp32_035\TFT_eSPI\examples\Generic\TFT_Screen_Capture\processing_sketch.ino",".ino","17336","untracked","NO/NOT SHOWN","NO","NO","NO","YES/LIKELY","POSSIBLE - REVIEW","NO","False","DELETE_GENERATED","15f36e2088d798ebe081269b5bd3ba9b8e02bf585076844737f0730450ee3b33"
".pio\libdeps\esp32_035\TFT_eSPI\examples\Generic\TFT_Screen_Capture\screenServer.ino",".ino","7869","untracked","NO/NOT SHOWN","NO","NO","NO","YES/LIKELY","POSSIBLE - REVIEW","NO","False","DELETE_GENERATED","b0713573f75fccbcb1c8b72efda169c6cf0338db01509cf5567d7a898729e429"
".pio\libdeps\esp32_035\TFT_eSPI\examples\Generic\TFT_Screen_Capture\TFT_Screen_Capture.ino",".ino","7212","untracked","NO/NOT SHOWN","NO","NO","NO","YES/LIKELY","POSSIBLE - REVIEW","NO","False","DELETE_GENERATED","bb8bb6badd6ffa5a772aeaa299b980bb47db984c69965b95eea0faac1cd06b9a"
".pio\libdeps\esp32_035\TFT_eSPI\examples\Generic\TFT_SPIFFS_BMP\BMP_functions.ino",".ino","2354","untracked","NO/NOT SHOWN","NO","NO","NO","YES/LIKELY","NO/NOT SHOWN","NO","False","DELETE_GENERATED","c88b863e637f09bb0cf9c78ef00ca7f06fcbd883b182f7cafd9ef2fc4eeba4ed"
".pio\libdeps\esp32_035\TFT_eSPI\examples\Generic\TFT_SPIFFS_BMP\data\parrot.bmp",".bmp","61496","untracked","NO/NOT SHOWN","NO","NO","NO","YES/LIKELY","NO/NOT SHOWN","NO","False","DELETE_GENERATED","5ef790f1a20ea457ce8df217af10816c9bec3fe0eda8b3f6ce081a765e189302"
".pio\libdeps\esp32_035\TFT_eSPI\examples\Generic\TFT_SPIFFS_BMP\TFT_SPIFFS_BMP.ino",".ino","2204","untracked","NO/NOT SHOWN","NO","NO","NO","YES/LIKELY","NO/NOT SHOWN","NO","False","DELETE_GENERATED","28880dac0169e53bc8c7f66e94b5fed706a4cc3bce8b811a5a8aa7620a6c554f"
".pio\libdeps\esp32_035\TFT_eSPI\examples\Generic\Touch_calibrate\Touch_calibrate.ino",".ino","2738","untracked","NO/NOT SHOWN","NO","NO","NO","YES/LIKELY","NO/NOT SHOWN","NO","False","DELETE_GENERATED","10cfab371f2b864be9ca1d3f219361ca82dbaf0697bdd2f6b81795a4eedee7e0"
".pio\libdeps\esp32_035\TFT_eSPI\examples\Generic\Viewport_Demo\Viewport_commands.ino",".ino","2440","untracked","NO/NOT SHOWN","NO","NO","NO","YES/LIKELY","NO/NOT SHOWN","NO","False","DELETE_GENERATED","d98e5dfe8b1fb17f27c81449f65eb74d67a38c1dbf1e02899cb9a18476439776"
".pio\libdeps\esp32_035\TFT_eSPI\examples\Generic\Viewport_Demo\Viewport_Demo.ino",".ino","3499","untracked","NO/NOT SHOWN","NO","NO","NO","YES/LIKELY","NO/NOT SHOWN","NO","False","DELETE_GENERATED","8a16cf31737ceceaff2e43b4353f163d7dd0fd7a5a89f25939478b14ff0e5ef2"
".pio\libdeps\esp32_035\TFT_eSPI\examples\Generic\Viewport_graphicstest\Viewport_graphicstest.ino",".ino","10846","untracked","NO/NOT SHOWN","NO","NO","NO","YES/LIKELY","NO/NOT SHOWN","NO","False","DELETE_GENERATED","aedc0168749f41ecfed74f50dc45a327b3ba5f1c38ac09b57fe6bab0ff13e796"
".pio\libdeps\esp32_035\TFT_eSPI\examples\GUI Widgets\Buttons\Button_demo\Button_demo.ino",".ino","5074","untracked","NO/NOT SHOWN","NO","NO","NO","YES/LIKELY","NO/NOT SHOWN","NO","False","DELETE_GENERATED","f5e2039f987da78177617d175084d0163dc78680898a599e3aeaf4f7423b6733"
".pio\libdeps\esp32_035\TFT_eSPI\examples\GUI Widgets\Buttons\Button_demo\Free_Fonts.h",".h","9056","untracked","NO/NOT SHOWN","NO","NO","NO","YES/LIKELY","NO/NOT SHOWN","YES (identical SHA-256 elsewhere)","False","DELETE_GENERATED","0be7444c5957e3c595b925131fb60e51b1a6686abf8f41e3e2162aac0cbbaa9d"
".pio\libdeps\esp32_035\TFT_eSPI\examples\GUI Widgets\Graphs\Graph_demo_1\Graph_demo_1.ino",".ino","2363","untracked","NO/NOT SHOWN","NO","NO","NO","YES/LIKELY","NO/NOT SHOWN","NO","False","DELETE_GENERATED","0eac648983f661eb34177126c6e8c31de8afe167438a431e877fbab6564fa1ce"
".pio\libdeps\esp32_035\TFT_eSPI\examples\GUI Widgets\Graphs\Graph_demo_2\Graph_demo_2.ino",".ino","3255","untracked","NO/NOT SHOWN","NO","NO","NO","YES/LIKELY","NO/NOT SHOWN","NO","False","DELETE_GENERATED","5af52ba27d0dfae522a2f46f43b1eb3a6c326b8fdb7a9ccb3f789aea8990cf92"
".pio\libdeps\esp32_035\TFT_eSPI\examples\GUI Widgets\Meters\Analogue_meters\Analogue_meters.ino",".ino","2980","untracked","NO/NOT SHOWN","NO","NO","NO","YES/LIKELY","NO/NOT SHOWN","NO","False","DELETE_GENERATED","1fae93aa4a0f68aa6e0838fc94206ad75da83af598434a6fed7a7ab531c4f09f"
".pio\libdeps\esp32_035\TFT_eSPI\examples\GUI Widgets\Sliders\Slider_demo\Free_Fonts.h",".h","9056","untracked","NO/NOT SHOWN","NO","NO","NO","YES/LIKELY","NO/NOT SHOWN","YES (identical SHA-256 elsewhere)","False","DELETE_GENERATED","0be7444c5957e3c595b925131fb60e51b1a6686abf8f41e3e2162aac0cbbaa9d"
".pio\libdeps\esp32_035\TFT_eSPI\examples\GUI Widgets\Sliders\Slider_demo\Slider_demo.ino",".ino","5940","untracked","NO/NOT SHOWN","NO","NO","NO","YES/LIKELY","NO/NOT SHOWN","NO","False","DELETE_GENERATED","a09cb193a2813f53473efd8ba1fd5b7c9088c13465282ff517ea25b2110db34e"
".pio\libdeps\esp32_035\TFT_eSPI\examples\PNG Images\Flash_PNG\Flash_PNG.ino",".ino","3062","untracked","NO/NOT SHOWN","NO","NO","NO","YES/LIKELY","NO/NOT SHOWN","NO","False","DELETE_GENERATED","4988bb80987afb97cd1c8c74271819aa5b324fb4492e830798c5e943650f9cde"
".pio\libdeps\esp32_035\TFT_eSPI\examples\PNG Images\Flash_PNG\panda.h",".h","1130838","untracked","NO/NOT SHOWN","NO","NO","NO","YES/LIKELY","NO/NOT SHOWN","NO","False","DELETE_GENERATED","cf1860e87792bb91b7f1757526201006b4849266306645e5385c1e0630079611"
".pio\libdeps\esp32_035\TFT_eSPI\examples\PNG Images\Flash_transparent_PNG\Flash_transparent_PNG.ino",".ino","3104","untracked","NO/NOT SHOWN","NO","NO","NO","YES/LIKELY","NO/NOT SHOWN","NO","False","DELETE_GENERATED","4b7f6d8eb16dbd4fd2885f12fbef37a2fd9ea537ec8d7d09ec4659cb589e2e7f"
".pio\libdeps\esp32_035\TFT_eSPI\examples\PNG Images\Flash_transparent_PNG\png_support.ino",".ino","912","untracked","NO/NOT SHOWN","NO","NO","NO","YES/LIKELY","NO/NOT SHOWN","NO","False","DELETE_GENERATED","be754f1dd421f47b4210bbdc8c56fc06eabeeda12c8b785fd820022b48beaa2e"
".pio\libdeps\esp32_035\TFT_eSPI\examples\PNG Images\Flash_transparent_PNG\SpongeBob.h",".h","133852","untracked","NO/NOT SHOWN","NO","NO","NO","YES/LIKELY","NO/NOT SHOWN","NO","False","DELETE_GENERATED","185bdb0bcc2aa840ad7bdebcecf5cbc76d0f6af31c1ecedd98d96152f9752d7c"
".pio\libdeps\esp32_035\TFT_eSPI\examples\PNG Images\LittleFS_PNG\LittleFS_PNG.ino",".ino","3787","untracked","NO/NOT SHOWN","NO","NO","NO","YES/LIKELY","NO/NOT SHOWN","NO","False","DELETE_GENERATED","ad2bc3ca4cd4d156f381d43fc6824f48a31e941e7eec1287331d3ac029f3a9ae"
".pio\libdeps\esp32_035\TFT_eSPI\examples\PNG Images\LittleFS_PNG\PNG_FS_Support.ino",".ino","740","untracked","NO/NOT SHOWN","NO","NO","NO","YES/LIKELY","NO/NOT SHOWN","YES (identical SHA-256 elsewhere)","False","DELETE_GENERATED","6e6a290e318a348665427b902a17eae73127cea8c5adff73696f1d72ee3b9224"
".pio\libdeps\esp32_035\TFT_eSPI\examples\PNG Images\LittleFS_PNG_DMA\LittleFS_PNG_DMA.ino",".ino","4155","untracked","NO/NOT SHOWN","NO","NO","NO","YES/LIKELY","NO/NOT SHOWN","NO","False","DELETE_GENERATED","dd8daa0640465bafcb9502e9275bd0b8c4b4cb56f44aa9c13e198cad814fec13"
".pio\libdeps\esp32_035\TFT_eSPI\examples\PNG Images\LittleFS_PNG_DMA\PNG_FS_Support.ino",".ino","740","untracked","NO/NOT SHOWN","NO","NO","NO","YES/LIKELY","NO/NOT SHOWN","YES (identical SHA-256 elsewhere)","False","DELETE_GENERATED","6e6a290e318a348665427b902a17eae73127cea8c5adff73696f1d72ee3b9224"
".pio\libdeps\esp32_035\TFT_eSPI\examples\Smooth Fonts\FLASH_Array\Font_Demo_1_Array\Font_Demo_1_Array.ino",".ino","5561","untracked","NO/NOT SHOWN","NO","NO","NO","YES/LIKELY","NO/NOT SHOWN","NO","False","DELETE_GENERATED","b7d162685b91c8330e7d8a0a81b44bf2d75d1b4bbc628b130e6bda42ff66268b"
".pio\libdeps\esp32_035\TFT_eSPI\examples\Smooth Fonts\FLASH_Array\Font_Demo_1_Array\Notes.ino",".ino","978","untracked","NO/NOT SHOWN","NO","NO","NO","YES/LIKELY","NO/NOT SHOWN","YES (identical SHA-256 elsewhere)","False","DELETE_GENERATED","1c910353e4b75de3a845360366a8049354d5f1e25ef339c59f1c9ff01dab36e7"
".pio\libdeps\esp32_035\TFT_eSPI\examples\Smooth Fonts\FLASH_Array\Font_Demo_1_Array\NotoSansBold15.h",".h","65732","untracked","NO/NOT SHOWN","NO","NO","NO","YES/LIKELY","POSSIBLE - REVIEW","YES (identical SHA-256 elsewhere)","False","DELETE_GENERATED","ba62c096fb592d05c813ebe5d99ff84a3baa527de60736c4bbbafe072af45fbf"
".pio\libdeps\esp32_035\TFT_eSPI\examples\Smooth Fonts\FLASH_Array\Font_Demo_1_Array\NotoSansBold36.h",".h","268239","untracked","NO/NOT SHOWN","NO","NO","NO","YES/LIKELY","POSSIBLE - REVIEW","YES (identical SHA-256 elsewhere)","False","DELETE_GENERATED","de76216faa0f071f2fe3870dac3a61cf08a4bffac6427ec5bd6cfee8a5d34dcd"
".pio\libdeps\esp32_035\TFT_eSPI\examples\Smooth Fonts\FLASH_Array\Font_Demo_2_Array\Font_Demo_2_Array.ino",".ino","6399","untracked","NO/NOT SHOWN","NO","NO","NO","YES/LIKELY","NO/NOT SHOWN","NO","False","DELETE_GENERATED","5bcb4b4ef58f8b6d1ef909e92c177a650a6a447529a3a660951fe3d08304b133"
".pio\libdeps\esp32_035\TFT_eSPI\examples\Smooth Fonts\FLASH_Array\Font_Demo_2_Array\Notes.ino",".ino","978","untracked","NO/NOT SHOWN","NO","NO","NO","YES/LIKELY","NO/NOT SHOWN","YES (identical SHA-256 elsewhere)","False","DELETE_GENERATED","1c910353e4b75de3a845360366a8049354d5f1e25ef339c59f1c9ff01dab36e7"
".pio\libdeps\esp32_035\TFT_eSPI\examples\Smooth Fonts\FLASH_Array\Font_Demo_2_Array\NotoSansBold15.h",".h","65732","untracked","NO/NOT SHOWN","NO","NO","NO","YES/LIKELY","POSSIBLE - REVIEW","YES (identical SHA-256 elsewhere)","False","DELETE_GENERATED","ba62c096fb592d05c813ebe5d99ff84a3baa527de60736c4bbbafe072af45fbf"
".pio\libdeps\esp32_035\TFT_eSPI\examples\Smooth Fonts\FLASH_Array\Font_Demo_2_Array\NotoSansBold36.h",".h","268239","untracked","NO/NOT SHOWN","NO","NO","NO","YES/LIKELY","POSSIBLE - REVIEW","YES (identical SHA-256 elsewhere)","False","DELETE_GENERATED","de76216faa0f071f2fe3870dac3a61cf08a4bffac6427ec5bd6cfee8a5d34dcd"
".pio\libdeps\esp32_035\TFT_eSPI\examples\Smooth Fonts\FLASH_Array\Font_Demo_3_Array\Font_Demo_3_Array.ino",".ino","7180","untracked","NO/NOT SHOWN","NO","NO","NO","YES/LIKELY","NO/NOT SHOWN","NO","False","DELETE_GENERATED","ed9acba4eda151f0cb08a5f4d47cbcf6b794aef1b5f675011a04c28403f0cc0a"
".pio\libdeps\esp32_035\TFT_eSPI\examples\Smooth Fonts\FLASH_Array\Font_Demo_3_Array\Notes.ino",".ino","1250","untracked","NO/NOT SHOWN","NO","NO","NO","YES/LIKELY","NO/NOT SHOWN","YES (identical SHA-256 elsewhere)","False","DELETE_GENERATED","0dde2563a4d7a95afb7aac1f462ff945f66ee272d2843b0adb6c3ca4931f5684"
".pio\libdeps\esp32_035\TFT_eSPI\examples\Smooth Fonts\FLASH_Array\Font_Demo_3_Array\NotoSansBold15.h",".h","65732","untracked","NO/NOT SHOWN","NO","NO","NO","YES/LIKELY","POSSIBLE - REVIEW","YES (identical SHA-256 elsewhere)","False","DELETE_GENERATED","ba62c096fb592d05c813ebe5d99ff84a3baa527de60736c4bbbafe072af45fbf"
".pio\libdeps\esp32_035\TFT_eSPI\examples\Smooth Fonts\FLASH_Array\Font_Demo_3_Array\NotoSansBold36.h",".h","268239","untracked","NO/NOT SHOWN","NO","NO","NO","YES/LIKELY","POSSIBLE - REVIEW","YES (identical SHA-256 elsewhere)","False","DELETE_GENERATED","de76216faa0f071f2fe3870dac3a61cf08a4bffac6427ec5bd6cfee8a5d34dcd"
".pio\libdeps\esp32_035\TFT_eSPI\examples\Smooth Fonts\FLASH_Array\Font_Demo_3_Array\NotoSansMonoSCB20.h",".h","93723","untracked","NO/NOT SHOWN","NO","NO","NO","YES/LIKELY","NO/NOT SHOWN","NO","False","DELETE_GENERATED","e622835b6ac26de5f5d009d48b9fc7fd2607b3cf7aafd501a47af90eefac610d"
".pio\libdeps\esp32_035\TFT_eSPI\examples\Smooth Fonts\FLASH_Array\Font_Demo_4_Array\Font_Demo_4_Array.ino",".ino","4590","untracked","NO/NOT SHOWN","NO","NO","NO","YES/LIKELY","NO/NOT SHOWN","NO","False","DELETE_GENERATED","76156a206e286b7fbea06558652c400161e6b893890d5cb7f5d441ed25e23f0a"
".pio\libdeps\esp32_035\TFT_eSPI\examples\Smooth Fonts\FLASH_Array\Font_Demo_4_Array\Notes.ino",".ino","978","untracked","NO/NOT SHOWN","NO","NO","NO","YES/LIKELY","NO/NOT SHOWN","YES (identical SHA-256 elsewhere)","False","DELETE_GENERATED","1c910353e4b75de3a845360366a8049354d5f1e25ef339c59f1c9ff01dab36e7"
".pio\libdeps\esp32_035\TFT_eSPI\examples\Smooth Fonts\FLASH_Array\Font_Demo_4_Array\NotoSansBold15.h",".h","65732","untracked","NO/NOT SHOWN","NO","NO","NO","YES/LIKELY","POSSIBLE - REVIEW","YES (identical SHA-256 elsewhere)","False","DELETE_GENERATED","ba62c096fb592d05c813ebe5d99ff84a3baa527de60736c4bbbafe072af45fbf"
".pio\libdeps\esp32_035\TFT_eSPI\examples\Smooth Fonts\FLASH_Array\Font_Demo_4_Array\NotoSansBold36.h",".h","268239","untracked","NO/NOT SHOWN","NO","NO","NO","YES/LIKELY","POSSIBLE - REVIEW","YES (identical SHA-256 elsewhere)","False","DELETE_GENERATED","de76216faa0f071f2fe3870dac3a61cf08a4bffac6427ec5bd6cfee8a5d34dcd"
".pio\libdeps\esp32_035\TFT_eSPI\examples\Smooth Fonts\FLASH_Array\Print_Smooth_Font\Final_Frontier_28.h",".h","153796","untracked","NO/NOT SHOWN","NO","NO","NO","YES/LIKELY","NO/NOT SHOWN","NO","False","DELETE_GENERATED","39030e215769b57092ce7ad70c0e221e1318a76427961e55bdd10618c095dc47"
".pio\libdeps\esp32_035\TFT_eSPI\examples\Smooth Fonts\FLASH_Array\Print_Smooth_Font\Print_Smooth_Font.ino",".ino","5406","untracked","NO/NOT SHOWN","NO","NO","NO","YES/LIKELY","NO/NOT SHOWN","NO","False","DELETE_GENERATED","0d8557a879ae98f39c139e26bd5d17aab058428164ad75c453c3b57c775221ae"
".pio\libdeps\esp32_035\TFT_eSPI\examples\Smooth Fonts\FLASH_Array\Smooth_font_gradient\NotoSansBold15.h",".h","65759","untracked","NO/NOT SHOWN","NO","NO","NO","YES/LIKELY","POSSIBLE - REVIEW","NO","False","DELETE_GENERATED","2d05f16045d1e0fbf44d6af1072775cc764345cfce3836a379653f0a8dc8ee90"
".pio\libdeps\esp32_035\TFT_eSPI\examples\Smooth Fonts\FLASH_Array\Smooth_font_gradient\NotoSansBold36.h",".h","268266","untracked","NO/NOT SHOWN","NO","NO","NO","YES/LIKELY","POSSIBLE - REVIEW","NO","False","DELETE_GENERATED","50fe510bd44a14e30bc1cf913e2c920d1f4e399f640d881aa5df14524ab31561"
".pio\libdeps\esp32_035\TFT_eSPI\examples\Smooth Fonts\FLASH_Array\Smooth_font_gradient\Smooth_font_gradient.ino",".ino","3297","untracked","NO/NOT SHOWN","NO","NO","NO","YES/LIKELY","NO/NOT SHOWN","NO","False","DELETE_GENERATED","16fec2fa3270be4ec3f1c3808f2e3b8f3f240d678281cf02ef2392cf110d5363"
".pio\libdeps\esp32_035\TFT_eSPI\examples\Smooth Fonts\FLASH_Array\Smooth_font_reading_TFT\NotoSansBold15.h",".h","65761","untracked","NO/NOT SHOWN","NO","NO","NO","YES/LIKELY","POSSIBLE - REVIEW","NO","False","DELETE_GENERATED","e24be1ef0759331dd24022f4117505c14f2089c2d20ec5b765925106210d1cad"
".pio\libdeps\esp32_035\TFT_eSPI\examples\Smooth Fonts\FLASH_Array\Smooth_font_reading_TFT\NotoSansBold36.h",".h","268268","untracked","NO/NOT SHOWN","NO","NO","NO","YES/LIKELY","POSSIBLE - REVIEW","NO","False","DELETE_GENERATED","f71f47f0331504709be3770ea549a369121759e2625fd8cc9db8495c5445e1f1"
".pio\libdeps\esp32_035\TFT_eSPI\examples\Smooth Fonts\FLASH_Array\Smooth_font_reading_TFT\Smooth_font_reading_TFT.ino",".ino","4006","untracked","NO/NOT SHOWN","NO","NO","NO","YES/LIKELY","NO/NOT SHOWN","NO","False","DELETE_GENERATED","2d031de5b1f2e5291a6f2993a1fb26f5bd451684c98fe2735c6b91c04f55dcc5"
".pio\libdeps\esp32_035\TFT_eSPI\examples\Smooth Fonts\FLASH_Array\Unicode_test\data\Final-Frontier-28.vlw",".vlw","25287","untracked","NO/NOT SHOWN","NO","NO","NO","YES/LIKELY","NO/NOT SHOWN","YES (identical SHA-256 elsewhere)","False","DELETE_GENERATED","c65e0accb72cc5287b8c55241a91c96de55e0d20a890b2008dd98632ad5060d3"
".pio\libdeps\esp32_035\TFT_eSPI\examples\Smooth Fonts\FLASH_Array\Unicode_test\data\Latin-Hiragana-24.vlw",".vlw","54478","untracked","NO/NOT SHOWN","NO","NO","NO","YES/LIKELY","NO/NOT SHOWN","YES (identical SHA-256 elsewhere)","False","DELETE_GENERATED","d5b88b62372c0dd76b4ef61074967018aaef39e93e11fac558d6044f2f3922aa"
".pio\libdeps\esp32_035\TFT_eSPI\examples\Smooth Fonts\FLASH_Array\Unicode_test\data\Unicode-Test-72.vlw",".vlw","36469","untracked","NO/NOT SHOWN","NO","NO","NO","YES/LIKELY","NO/NOT SHOWN","YES (identical SHA-256 elsewhere)","False","DELETE_GENERATED","f61769ae2e0d5c07c901599919144acef088fa83fe1f88b46d92ad853b0a930b"
".pio\libdeps\esp32_035\TFT_eSPI\examples\Smooth Fonts\FLASH_Array\Unicode_test\Final_Frontier_28.h",".h","153798","untracked","NO/NOT SHOWN","NO","NO","NO","YES/LIKELY","NO/NOT SHOWN","NO","False","DELETE_GENERATED","6caebff1d323989310390892d33e2a2d27f20e50eb7625e9d4f0f839a7e6b8e4"
".pio\libdeps\esp32_035\TFT_eSPI\examples\Smooth Fonts\FLASH_Array\Unicode_test\Latin_Hiragana_24.h",".h","330768","untracked","NO/NOT SHOWN","NO","NO","NO","YES/LIKELY","NO/NOT SHOWN","NO","False","DELETE_GENERATED","582aa4520f4c9578eba65dfbe99b3d6c150c4b84ab89e008bf278e11853cb164"
".pio\libdeps\esp32_035\TFT_eSPI\examples\Smooth Fonts\FLASH_Array\Unicode_test\Unicode_test.ino",".ino","4203","untracked","NO/NOT SHOWN","NO","NO","NO","YES/LIKELY","NO/NOT SHOWN","NO","False","DELETE_GENERATED","228a3c6518ce3062a7d35a976e6b4090104fed4ab63c1747b9111bd856dd94dd"
".pio\libdeps\esp32_035\TFT_eSPI\examples\Smooth Fonts\FLASH_Array\Unicode_test\Unicode_Test_72.h",".h","221587","untracked","NO/NOT SHOWN","NO","NO","NO","YES/LIKELY","NO/NOT SHOWN","NO","False","DELETE_GENERATED","1ec9b0f9f0951af10252ecb35dcfcdfef2b3d17f5a0710712c4574ec8fcaccda"
".pio\libdeps\esp32_035\TFT_eSPI\examples\Smooth Fonts\LittleFS\Font_Demo_1\data\NotoSansBold15.vlw",".vlw","10766","untracked","NO/NOT SHOWN","NO","NO","NO","YES/LIKELY","POSSIBLE - REVIEW","YES (identical SHA-256 elsewhere)","False","DELETE_GENERATED","6ebf531830cce68d53d1aac46397d8dd100adc202ed5bfe065f60fd92047046f"
".pio\libdeps\esp32_035\TFT_eSPI\examples\Smooth Fonts\LittleFS\Font_Demo_1\data\NotoSansBold36.vlw",".vlw","44169","untracked","NO/NOT SHOWN","NO","NO","NO","YES/LIKELY","POSSIBLE - REVIEW","YES (identical SHA-256 elsewhere)","False","DELETE_GENERATED","578fd91ce21516e7d27aab73a0a293aa402f46cb6db125e006e945e2a9a1e5ba"
".pio\libdeps\esp32_035\TFT_eSPI\examples\Smooth Fonts\LittleFS\Font_Demo_1\Font_Demo_1.ino",".ino","6223","untracked","NO/NOT SHOWN","NO","NO","NO","YES/LIKELY","NO/NOT SHOWN","NO","False","DELETE_GENERATED","ca0eeed1a435e8713efc9fdfab5cf313e40db75351b0bab87d26ea43ebd0670a"
".pio\libdeps\esp32_035\TFT_eSPI\examples\Smooth Fonts\LittleFS\Font_Demo_1\Notes.ino",".ino","978","untracked","NO/NOT SHOWN","NO","NO","NO","YES/LIKELY","NO/NOT SHOWN","YES (identical SHA-256 elsewhere)","False","DELETE_GENERATED","1c910353e4b75de3a845360366a8049354d5f1e25ef339c59f1c9ff01dab36e7"
".pio\libdeps\esp32_035\TFT_eSPI\examples\Smooth Fonts\LittleFS\Font_Demo_2\data\NotoSansBold15.vlw",".vlw","10766","untracked","NO/NOT SHOWN","NO","NO","NO","YES/LIKELY","POSSIBLE - REVIEW","YES (identical SHA-256 elsewhere)","False","DELETE_GENERATED","6ebf531830cce68d53d1aac46397d8dd100adc202ed5bfe065f60fd92047046f"
".pio\libdeps\esp32_035\TFT_eSPI\examples\Smooth Fonts\LittleFS\Font_Demo_2\data\NotoSansBold36.vlw",".vlw","44169","untracked","NO/NOT SHOWN","NO","NO","NO","YES/LIKELY","POSSIBLE - REVIEW","YES (identical SHA-256 elsewhere)","False","DELETE_GENERATED","578fd91ce21516e7d27aab73a0a293aa402f46cb6db125e006e945e2a9a1e5ba"
".pio\libdeps\esp32_035\TFT_eSPI\examples\Smooth Fonts\LittleFS\Font_Demo_2\Font_Demo_2.ino",".ino","7106","untracked","NO/NOT SHOWN","NO","NO","NO","YES/LIKELY","NO/NOT SHOWN","NO","False","DELETE_GENERATED","767b206497aa0ab8eaf030961b44816763623ba94512734f294c1095c3b07d16"
".pio\libdeps\esp32_035\TFT_eSPI\examples\Smooth Fonts\LittleFS\Font_Demo_2\Notes.ino",".ino","978","untracked","NO/NOT SHOWN","NO","NO","NO","YES/LIKELY","NO/NOT SHOWN","YES (identical SHA-256 elsewhere)","False","DELETE_GENERATED","1c910353e4b75de3a845360366a8049354d5f1e25ef339c59f1c9ff01dab36e7"
".pio\libdeps\esp32_035\TFT_eSPI\examples\Smooth Fonts\LittleFS\Font_Demo_3\data\NotoSansBold15.vlw",".vlw","10766","untracked","NO/NOT SHOWN","NO","NO","NO","YES/LIKELY","POSSIBLE - REVIEW","YES (identical SHA-256 elsewhere)","False","DELETE_GENERATED","6ebf531830cce68d53d1aac46397d8dd100adc202ed5bfe065f60fd92047046f"
".pio\libdeps\esp32_035\TFT_eSPI\examples\Smooth Fonts\LittleFS\Font_Demo_3\data\NotoSansBold36.vlw",".vlw","44169","untracked","NO/NOT SHOWN","NO","NO","NO","YES/LIKELY","POSSIBLE - REVIEW","YES (identical SHA-256 elsewhere)","False","DELETE_GENERATED","578fd91ce21516e7d27aab73a0a293aa402f46cb6db125e006e945e2a9a1e5ba"
".pio\libdeps\esp32_035\TFT_eSPI\examples\Smooth Fonts\LittleFS\Font_Demo_3\data\NotoSansMonoSCB20.vlw",".vlw","15382","untracked","NO/NOT SHOWN","NO","NO","NO","YES/LIKELY","NO/NOT SHOWN","YES (identical SHA-256 elsewhere)","False","DELETE_GENERATED","75b89cbebabca7c030b900c395c0155f02e3dc9bd68fa72e0a7a5f45e75de86e"
".pio\libdeps\esp32_035\TFT_eSPI\examples\Smooth Fonts\LittleFS\Font_Demo_3\Font_Demo_3.ino",".ino","7937","untracked","NO/NOT SHOWN","NO","NO","NO","YES/LIKELY","NO/NOT SHOWN","NO","False","DELETE_GENERATED","9c78172a2ede53f2ad3bcce5e77b88298ece893a62183201fee94cb755fdad56"
".pio\libdeps\esp32_035\TFT_eSPI\examples\Smooth Fonts\LittleFS\Font_Demo_3\Notes.ino",".ino","1250","untracked","NO/NOT SHOWN","NO","NO","NO","YES/LIKELY","NO/NOT SHOWN","YES (identical SHA-256 elsewhere)","False","DELETE_GENERATED","0dde2563a4d7a95afb7aac1f462ff945f66ee272d2843b0adb6c3ca4931f5684"
".pio\libdeps\esp32_035\TFT_eSPI\examples\Smooth Fonts\LittleFS\Font_Demo_4\data\NotoSansBold15.vlw",".vlw","10766","untracked","NO/NOT SHOWN","NO","NO","NO","YES/LIKELY","POSSIBLE - REVIEW","YES (identical SHA-256 elsewhere)","False","DELETE_GENERATED","6ebf531830cce68d53d1aac46397d8dd100adc202ed5bfe065f60fd92047046f"
".pio\libdeps\esp32_035\TFT_eSPI\examples\Smooth Fonts\LittleFS\Font_Demo_4\data\NotoSansBold36.vlw",".vlw","44169","untracked","NO/NOT SHOWN","NO","NO","NO","YES/LIKELY","POSSIBLE - REVIEW","YES (identical SHA-256 elsewhere)","False","DELETE_GENERATED","578fd91ce21516e7d27aab73a0a293aa402f46cb6db125e006e945e2a9a1e5ba"
".pio\libdeps\esp32_035\TFT_eSPI\examples\Smooth Fonts\LittleFS\Font_Demo_4\Font_Demo_4.ino",".ino","5342","untracked","NO/NOT SHOWN","NO","NO","NO","YES/LIKELY","NO/NOT SHOWN","NO","False","DELETE_GENERATED","1318243125f13e4ed5ea9edf01d4748b72abf6cfc02406b6d6d449aeb3738d2e"
".pio\libdeps\esp32_035\TFT_eSPI\examples\Smooth Fonts\LittleFS\Font_Demo_4\Notes.ino",".ino","978","untracked","NO/NOT SHOWN","NO","NO","NO","YES/LIKELY","NO/NOT SHOWN","YES (identical SHA-256 elsewhere)","False","DELETE_GENERATED","1c910353e4b75de3a845360366a8049354d5f1e25ef339c59f1c9ff01dab36e7"
".pio\libdeps\esp32_035\TFT_eSPI\examples\Smooth Fonts\LittleFS\Print_Smooth_Font\data\Final-Frontier-28.vlw",".vlw","25287","untracked","NO/NOT SHOWN","NO","NO","NO","YES/LIKELY","NO/NOT SHOWN","YES (identical SHA-256 elsewhere)","False","DELETE_GENERATED","c65e0accb72cc5287b8c55241a91c96de55e0d20a890b2008dd98632ad5060d3"
".pio\libdeps\esp32_035\TFT_eSPI\examples\Smooth Fonts\LittleFS\Print_Smooth_Font\Print_Smooth_Font.ino",".ino","4922","untracked","NO/NOT SHOWN","NO","NO","NO","YES/LIKELY","NO/NOT SHOWN","NO","False","DELETE_GENERATED","44ae8fb7c4075b9aa44f045b18f6972a4b508d6bb5c6d769aa1ea57993f2f475"
".pio\libdeps\esp32_035\TFT_eSPI\examples\Smooth Fonts\LittleFS\Smooth_font_gradient\data\NotoSansBold15.vlw",".vlw","10766","untracked","NO/NOT SHOWN","NO","NO","NO","YES/LIKELY","POSSIBLE - REVIEW","YES (identical SHA-256 elsewhere)","False","DELETE_GENERATED","6ebf531830cce68d53d1aac46397d8dd100adc202ed5bfe065f60fd92047046f"
".pio\libdeps\esp32_035\TFT_eSPI\examples\Smooth Fonts\LittleFS\Smooth_font_gradient\data\NotoSansBold36.vlw",".vlw","44169","untracked","NO/NOT SHOWN","NO","NO","NO","YES/LIKELY","POSSIBLE - REVIEW","YES (identical SHA-256 elsewhere)","False","DELETE_GENERATED","578fd91ce21516e7d27aab73a0a293aa402f46cb6db125e006e945e2a9a1e5ba"
".pio\libdeps\esp32_035\TFT_eSPI\examples\Smooth Fonts\LittleFS\Smooth_font_gradient\Smooth_font_gradient.ino",".ino","4187","untracked","NO/NOT SHOWN","NO","NO","NO","YES/LIKELY","NO/NOT SHOWN","NO","False","DELETE_GENERATED","1dd92add27cc72853d96dd7493a300eb3b59c2edaf5aa9e1665ea5cc5695e74f"
".pio\libdeps\esp32_035\TFT_eSPI\examples\Smooth Fonts\LittleFS\Smooth_font_reading_TFT\data\NotoSansBold15.vlw",".vlw","10766","untracked","NO/NOT SHOWN","NO","NO","NO","YES/LIKELY","POSSIBLE - REVIEW","YES (identical SHA-256 elsewhere)","False","DELETE_GENERATED","6ebf531830cce68d53d1aac46397d8dd100adc202ed5bfe065f60fd92047046f"
".pio\libdeps\esp32_035\TFT_eSPI\examples\Smooth Fonts\LittleFS\Smooth_font_reading_TFT\data\NotoSansBold36.vlw",".vlw","44169","untracked","NO/NOT SHOWN","NO","NO","NO","YES/LIKELY","POSSIBLE - REVIEW","YES (identical SHA-256 elsewhere)","False","DELETE_GENERATED","578fd91ce21516e7d27aab73a0a293aa402f46cb6db125e006e945e2a9a1e5ba"
".pio\libdeps\esp32_035\TFT_eSPI\examples\Smooth Fonts\LittleFS\Smooth_font_reading_TFT\Smooth_font_reading_TFT.ino",".ino","5018","untracked","NO/NOT SHOWN","NO","NO","NO","YES/LIKELY","NO/NOT SHOWN","NO","False","DELETE_GENERATED","9346b09386d4d4cbf809259ae7b26e2740755ccc3e1020dd629b738d4c42dfd5"
".pio\libdeps\esp32_035\TFT_eSPI\examples\Smooth Fonts\LittleFS\Unicode_test\data\Final-Frontier-28.vlw",".vlw","25287","untracked","NO/NOT SHOWN","NO","NO","NO","YES/LIKELY","NO/NOT SHOWN","YES (identical SHA-256 elsewhere)","False","DELETE_GENERATED","c65e0accb72cc5287b8c55241a91c96de55e0d20a890b2008dd98632ad5060d3"
".pio\libdeps\esp32_035\TFT_eSPI\examples\Smooth Fonts\LittleFS\Unicode_test\data\Latin-Hiragana-24.vlw",".vlw","54478","untracked","NO/NOT SHOWN","NO","NO","NO","YES/LIKELY","NO/NOT SHOWN","YES (identical SHA-256 elsewhere)","False","DELETE_GENERATED","d5b88b62372c0dd76b4ef61074967018aaef39e93e11fac558d6044f2f3922aa"
".pio\libdeps\esp32_035\TFT_eSPI\examples\Smooth Fonts\LittleFS\Unicode_test\data\Unicode-Test-72.vlw",".vlw","36469","untracked","NO/NOT SHOWN","NO","NO","NO","YES/LIKELY","NO/NOT SHOWN","YES (identical SHA-256 elsewhere)","False","DELETE_GENERATED","f61769ae2e0d5c07c901599919144acef088fa83fe1f88b46d92ad853b0a930b"
".pio\libdeps\esp32_035\TFT_eSPI\examples\Smooth Fonts\LittleFS\Unicode_test\LittleFS_functions.ino",".ino","1305","untracked","NO/NOT SHOWN","NO","NO","NO","YES/LIKELY","NO/NOT SHOWN","NO","False","DELETE_GENERATED","65ff7dd94edd3549685386e11e573aaf3fbb30a6cb8703b9900c66806d135637"
".pio\libdeps\esp32_035\TFT_eSPI\examples\Smooth Fonts\LittleFS\Unicode_test\Unicode_test.ino",".ino","4504","untracked","NO/NOT SHOWN","NO","NO","NO","YES/LIKELY","NO/NOT SHOWN","NO","False","DELETE_GENERATED","7bff94428ef57f1da4129cdf2edb08509c2a572f0bc1b61b81f9d884b980a722"
".pio\libdeps\esp32_035\TFT_eSPI\examples\Smooth Fonts\SD_Card\ESP32_Smooth_Font_SD\data\Final-Frontier-28.vlw",".vlw","25287","untracked","NO/NOT SHOWN","NO","NO","NO","YES/LIKELY","NO/NOT SHOWN","YES (identical SHA-256 elsewhere)","False","DELETE_GENERATED","c65e0accb72cc5287b8c55241a91c96de55e0d20a890b2008dd98632ad5060d3"
".pio\libdeps\esp32_035\TFT_eSPI\examples\Smooth Fonts\SD_Card\ESP32_Smooth_Font_SD\ESP32_Smooth_Font_SD.ino",".ino","5253","untracked","NO/NOT SHOWN","NO","NO","NO","YES/LIKELY","NO/NOT SHOWN","NO","False","DELETE_GENERATED","05df3f1ee034e026a879047a963db61b30352e445d447f344e2e70ef24e67738"
".pio\libdeps\esp32_035\TFT_eSPI\examples\Smooth Fonts\SPIFFS\Font_Demo_1\data\NotoSansBold15.vlw",".vlw","10766","untracked","NO/NOT SHOWN","NO","NO","NO","YES/LIKELY","POSSIBLE - REVIEW","YES (identical SHA-256 elsewhere)","False","DELETE_GENERATED","6ebf531830cce68d53d1aac46397d8dd100adc202ed5bfe065f60fd92047046f"
".pio\libdeps\esp32_035\TFT_eSPI\examples\Smooth Fonts\SPIFFS\Font_Demo_1\data\NotoSansBold36.vlw",".vlw","44169","untracked","NO/NOT SHOWN","NO","NO","NO","YES/LIKELY","POSSIBLE - REVIEW","YES (identical SHA-256 elsewhere)","False","DELETE_GENERATED","578fd91ce21516e7d27aab73a0a293aa402f46cb6db125e006e945e2a9a1e5ba"
".pio\libdeps\esp32_035\TFT_eSPI\examples\Smooth Fonts\SPIFFS\Font_Demo_1\Font_Demo_1.ino",".ino","6292","untracked","NO/NOT SHOWN","NO","NO","NO","YES/LIKELY","NO/NOT SHOWN","NO","False","DELETE_GENERATED","c923d1d0a8cd9783ac529824c97e30720ddf4bc4f4fa924edc9424064b4dea57"
".pio\libdeps\esp32_035\TFT_eSPI\examples\Smooth Fonts\SPIFFS\Font_Demo_1\Notes.ino",".ino","978","untracked","NO/NOT SHOWN","NO","NO","NO","YES/LIKELY","NO/NOT SHOWN","YES (identical SHA-256 elsewhere)","False","DELETE_GENERATED","1c910353e4b75de3a845360366a8049354d5f1e25ef339c59f1c9ff01dab36e7"
".pio\libdeps\esp32_035\TFT_eSPI\examples\Smooth Fonts\SPIFFS\Font_Demo_2\data\NotoSansBold15.vlw",".vlw","10766","untracked","NO/NOT SHOWN","NO","NO","NO","YES/LIKELY","POSSIBLE - REVIEW","YES (identical SHA-256 elsewhere)","False","DELETE_GENERATED","6ebf531830cce68d53d1aac46397d8dd100adc202ed5bfe065f60fd92047046f"
".pio\libdeps\esp32_035\TFT_eSPI\examples\Smooth Fonts\SPIFFS\Font_Demo_2\data\NotoSansBold36.vlw",".vlw","44169","untracked","NO/NOT SHOWN","NO","NO","NO","YES/LIKELY","POSSIBLE - REVIEW","YES (identical SHA-256 elsewhere)","False","DELETE_GENERATED","578fd91ce21516e7d27aab73a0a293aa402f46cb6db125e006e945e2a9a1e5ba"
".pio\libdeps\esp32_035\TFT_eSPI\examples\Smooth Fonts\SPIFFS\Font_Demo_2\Font_Demo_2.ino",".ino","7165","untracked","NO/NOT SHOWN","NO","NO","NO","YES/LIKELY","NO/NOT SHOWN","NO","False","DELETE_GENERATED","01f06bc7d725ed1cd705d5a1e2e8a0493865b956ae335ce602ed429176a822e5"
".pio\libdeps\esp32_035\TFT_eSPI\examples\Smooth Fonts\SPIFFS\Font_Demo_2\Notes.ino",".ino","978","untracked","NO/NOT SHOWN","NO","NO","NO","YES/LIKELY","NO/NOT SHOWN","YES (identical SHA-256 elsewhere)","False","DELETE_GENERATED","1c910353e4b75de3a845360366a8049354d5f1e25ef339c59f1c9ff01dab36e7"
".pio\libdeps\esp32_035\TFT_eSPI\examples\Smooth Fonts\SPIFFS\Font_Demo_3\data\NotoSansBold15.vlw",".vlw","10766","untracked","NO/NOT SHOWN","NO","NO","NO","YES/LIKELY","POSSIBLE - REVIEW","YES (identical SHA-256 elsewhere)","False","DELETE_GENERATED","6ebf531830cce68d53d1aac46397d8dd100adc202ed5bfe065f60fd92047046f"
".pio\libdeps\esp32_035\TFT_eSPI\examples\Smooth Fonts\SPIFFS\Font_Demo_3\data\NotoSansBold36.vlw",".vlw","44169","untracked","NO/NOT SHOWN","NO","NO","NO","YES/LIKELY","POSSIBLE - REVIEW","YES (identical SHA-256 elsewhere)","False","DELETE_GENERATED","578fd91ce21516e7d27aab73a0a293aa402f46cb6db125e006e945e2a9a1e5ba"
".pio\libdeps\esp32_035\TFT_eSPI\examples\Smooth Fonts\SPIFFS\Font_Demo_3\data\NotoSansMonoSCB20.vlw",".vlw","15382","untracked","NO/NOT SHOWN","NO","NO","NO","YES/LIKELY","NO/NOT SHOWN","YES (identical SHA-256 elsewhere)","False","DELETE_GENERATED","75b89cbebabca7c030b900c395c0155f02e3dc9bd68fa72e0a7a5f45e75de86e"
".pio\libdeps\esp32_035\TFT_eSPI\examples\Smooth Fonts\SPIFFS\Font_Demo_3\Font_Demo_3.ino",".ino","7994","untracked","NO/NOT SHOWN","NO","NO","NO","YES/LIKELY","NO/NOT SHOWN","NO","False","DELETE_GENERATED","b6867af9d1d0a6c098295f05e06d8efe328b4f760c2fafc19bc5a13f3708d330"
".pio\libdeps\esp32_035\TFT_eSPI\examples\Smooth Fonts\SPIFFS\Font_Demo_3\Notes.ino",".ino","1250","untracked","NO/NOT SHOWN","NO","NO","NO","YES/LIKELY","NO/NOT SHOWN","YES (identical SHA-256 elsewhere)","False","DELETE_GENERATED","0dde2563a4d7a95afb7aac1f462ff945f66ee272d2843b0adb6c3ca4931f5684"
".pio\libdeps\esp32_035\TFT_eSPI\examples\Smooth Fonts\SPIFFS\Font_Demo_4\data\NotoSansBold15.vlw",".vlw","10766","untracked","NO/NOT SHOWN","NO","NO","NO","YES/LIKELY","POSSIBLE - REVIEW","YES (identical SHA-256 elsewhere)","False","DELETE_GENERATED","6ebf531830cce68d53d1aac46397d8dd100adc202ed5bfe065f60fd92047046f"
".pio\libdeps\esp32_035\TFT_eSPI\examples\Smooth Fonts\SPIFFS\Font_Demo_4\data\NotoSansBold36.vlw",".vlw","44169","untracked","NO/NOT SHOWN","NO","NO","NO","YES/LIKELY","POSSIBLE - REVIEW","YES (identical SHA-256 elsewhere)","False","DELETE_GENERATED","578fd91ce21516e7d27aab73a0a293aa402f46cb6db125e006e945e2a9a1e5ba"
".pio\libdeps\esp32_035\TFT_eSPI\examples\Smooth Fonts\SPIFFS\Font_Demo_4\Font_Demo_4.ino",".ino","5357","untracked","NO/NOT SHOWN","NO","NO","NO","YES/LIKELY","NO/NOT SHOWN","NO","False","DELETE_GENERATED","5b66913925fc7e711c97eff6333deb42435514b125c867f501f45ee5b1e8a4e1"
".pio\libdeps\esp32_035\TFT_eSPI\examples\Smooth Fonts\SPIFFS\Font_Demo_4\Notes.ino",".ino","978","untracked","NO/NOT SHOWN","NO","NO","NO","YES/LIKELY","NO/NOT SHOWN","YES (identical SHA-256 elsewhere)","False","DELETE_GENERATED","1c910353e4b75de3a845360366a8049354d5f1e25ef339c59f1c9ff01dab36e7"
".pio\libdeps\esp32_035\TFT_eSPI\examples\Smooth Fonts\SPIFFS\Print_Smooth_Font\data\Final-Frontier-28.vlw",".vlw","25287","untracked","NO/NOT SHOWN","NO","NO","NO","YES/LIKELY","NO/NOT SHOWN","YES (identical SHA-256 elsewhere)","False","DELETE_GENERATED","c65e0accb72cc5287b8c55241a91c96de55e0d20a890b2008dd98632ad5060d3"
".pio\libdeps\esp32_035\TFT_eSPI\examples\Smooth Fonts\SPIFFS\Print_Smooth_Font\Print_Smooth_Font.ino",".ino","6070","untracked","NO/NOT SHOWN","NO","NO","NO","YES/LIKELY","NO/NOT SHOWN","NO","False","DELETE_GENERATED","1ed61b603340c3b4c859f4daef456a6c0763b42150626acbf5216cd571f8efe6"
".pio\libdeps\esp32_035\TFT_eSPI\examples\Smooth Fonts\SPIFFS\Smooth_font_gradient\data\NotoSansBold15.vlw",".vlw","10766","untracked","NO/NOT SHOWN","NO","NO","NO","YES/LIKELY","POSSIBLE - REVIEW","YES (identical SHA-256 elsewhere)","False","DELETE_GENERATED","6ebf531830cce68d53d1aac46397d8dd100adc202ed5bfe065f60fd92047046f"
".pio\libdeps\esp32_035\TFT_eSPI\examples\Smooth Fonts\SPIFFS\Smooth_font_gradient\data\NotoSansBold36.vlw",".vlw","44169","untracked","NO/NOT SHOWN","NO","NO","NO","YES/LIKELY","POSSIBLE - REVIEW","YES (identical SHA-256 elsewhere)","False","DELETE_GENERATED","578fd91ce21516e7d27aab73a0a293aa402f46cb6db125e006e945e2a9a1e5ba"
".pio\libdeps\esp32_035\TFT_eSPI\examples\Smooth Fonts\SPIFFS\Smooth_font_gradient\Smooth_font_gradient.ino",".ino","4255","untracked","NO/NOT SHOWN","NO","NO","NO","YES/LIKELY","NO/NOT SHOWN","NO","False","DELETE_GENERATED","409d86f3f5419ca8226f5c5beddc8aae2d348080d58c01f9cb2e94b5e64a6929"
".pio\libdeps\esp32_035\TFT_eSPI\examples\Smooth Fonts\SPIFFS\Smooth_font_reading_TFT\data\NotoSansBold15.vlw",".vlw","10766","untracked","NO/NOT SHOWN","NO","NO","NO","YES/LIKELY","POSSIBLE - REVIEW","YES (identical SHA-256 elsewhere)","False","DELETE_GENERATED","6ebf531830cce68d53d1aac46397d8dd100adc202ed5bfe065f60fd92047046f"
".pio\libdeps\esp32_035\TFT_eSPI\examples\Smooth Fonts\SPIFFS\Smooth_font_reading_TFT\data\NotoSansBold36.vlw",".vlw","44169","untracked","NO/NOT SHOWN","NO","NO","NO","YES/LIKELY","POSSIBLE - REVIEW","YES (identical SHA-256 elsewhere)","False","DELETE_GENERATED","578fd91ce21516e7d27aab73a0a293aa402f46cb6db125e006e945e2a9a1e5ba"
".pio\libdeps\esp32_035\TFT_eSPI\examples\Smooth Fonts\SPIFFS\Smooth_font_reading_TFT\Smooth_font_reading_TFT.ino",".ino","5034","untracked","NO/NOT SHOWN","NO","NO","NO","YES/LIKELY","NO/NOT SHOWN","NO","False","DELETE_GENERATED","6befeb8827a6a3aa75a328a8c5eb74892509833a90d98228ac39217ed9499e8c"
".pio\libdeps\esp32_035\TFT_eSPI\examples\Smooth Fonts\SPIFFS\Unicode_test\data\Final-Frontier-28.vlw",".vlw","25287","untracked","NO/NOT SHOWN","NO","NO","NO","YES/LIKELY","NO/NOT SHOWN","YES (identical SHA-256 elsewhere)","False","DELETE_GENERATED","c65e0accb72cc5287b8c55241a91c96de55e0d20a890b2008dd98632ad5060d3"
".pio\libdeps\esp32_035\TFT_eSPI\examples\Smooth Fonts\SPIFFS\Unicode_test\data\Latin-Hiragana-24.vlw",".vlw","54478","untracked","NO/NOT SHOWN","NO","NO","NO","YES/LIKELY","NO/NOT SHOWN","YES (identical SHA-256 elsewhere)","False","DELETE_GENERATED","d5b88b62372c0dd76b4ef61074967018aaef39e93e11fac558d6044f2f3922aa"
".pio\libdeps\esp32_035\TFT_eSPI\examples\Smooth Fonts\SPIFFS\Unicode_test\data\Unicode-Test-72.vlw",".vlw","36469","untracked","NO/NOT SHOWN","NO","NO","NO","YES/LIKELY","NO/NOT SHOWN","YES (identical SHA-256 elsewhere)","False","DELETE_GENERATED","f61769ae2e0d5c07c901599919144acef088fa83fe1f88b46d92ad853b0a930b"
".pio\libdeps\esp32_035\TFT_eSPI\examples\Smooth Fonts\SPIFFS\Unicode_test\SPIFFS_functions.ino",".ino","2444","untracked","NO/NOT SHOWN","NO","NO","NO","YES/LIKELY","NO/NOT SHOWN","NO","False","DELETE_GENERATED","9341267af86eba4002e8baa7cdb7560c832d7f9607be82c2f440428f8c7249c3"
".pio\libdeps\esp32_035\TFT_eSPI\examples\Smooth Fonts\SPIFFS\Unicode_test\Unicode_test.ino",".ino","4275","untracked","NO/NOT SHOWN","NO","NO","NO","YES/LIKELY","NO/NOT SHOWN","NO","False","DELETE_GENERATED","24fed69feb130a07112af66857d948d3acd7e0d75757b674e3701538409049ea"
".pio\libdeps\esp32_035\TFT_eSPI\examples\Smooth Graphics\Anti-aliased_Clock\Anti-aliased_Clock.ino",".ino","5751","untracked","NO/NOT SHOWN","NO","NO","NO","YES/LIKELY","NO/NOT SHOWN","NO","False","DELETE_GENERATED","07b154949a471e98b6d5db680d7f0e7026b7148ff6fc1db9ccbe52111382c25c"
".pio\libdeps\esp32_035\TFT_eSPI\examples\Smooth Graphics\Anti-aliased_Clock\NotoSansBold15.h",".h","65776","untracked","NO/NOT SHOWN","NO","NO","NO","YES/LIKELY","POSSIBLE - REVIEW","NO","False","DELETE_GENERATED","9ac644e5d7bfd6c81e020fce232fceb189dc9895a8a0ceea8c76c25a4060324f"
".pio\libdeps\esp32_035\TFT_eSPI\examples\Smooth Graphics\Anti-aliased_Clock\NTP_Time.h",".h","12550","untracked","NO/NOT SHOWN","NO","NO","NO","YES/LIKELY","NO/NOT SHOWN","NO","False","DELETE_GENERATED","2e068f7752801e9ba8f575b0b08c5fb3dfa459a4b69ae1c44956f712b97afb86"
".pio\libdeps\esp32_035\TFT_eSPI\examples\Smooth Graphics\Arc_meter_demo\Arc_meter_demo.ino",".ino","7177","untracked","NO/NOT SHOWN","NO","NO","NO","YES/LIKELY","NO/NOT SHOWN","NO","False","DELETE_GENERATED","5fc0698dd4b7b176467fe23cb9e025772430864659140fda42b4983022dc62c6"
".pio\libdeps\esp32_035\TFT_eSPI\examples\Smooth Graphics\Arc_meter_demo\NotoSans_Bold.h",".h","71999","untracked","NO/NOT SHOWN","NO","NO","NO","YES/LIKELY","POSSIBLE - REVIEW","NO","False","DELETE_GENERATED","18b23bc62ec7a603fe84adb5bdffa73ce8ae533310bb023956b2cbac760fd28e"
".pio\libdeps\esp32_035\TFT_eSPI\examples\Smooth Graphics\Colour_Wheel\Colour_Wheel.ino",".ino","1777","untracked","NO/NOT SHOWN","NO","NO","NO","YES/LIKELY","NO/NOT SHOWN","NO","False","DELETE_GENERATED","31c3c18af254391154ed88d3b8111fce0b25c3004353fef034b1bcd8c88b86ba"
".pio\libdeps\esp32_035\TFT_eSPI\examples\Smooth Graphics\Draw_Arc\Draw_Arc.ino",".ino","2078","untracked","NO/NOT SHOWN","NO","NO","NO","YES/LIKELY","NO/NOT SHOWN","NO","False","DELETE_GENERATED","736434f50007d089701e1020222b1633fa89a4bffba90af79793ec1910f09c29"
".pio\libdeps\esp32_035\TFT_eSPI\examples\Smooth Graphics\Draw_Smooth_Circles\Draw_Smooth_Circles.ino",".ino","2710","untracked","NO/NOT SHOWN","NO","NO","NO","YES/LIKELY","NO/NOT SHOWN","NO","False","DELETE_GENERATED","5bd3e1c1571305fd37e6b46b4e133d92283423b2d2855f044f971a3e59940565"
".pio\libdeps\esp32_035\TFT_eSPI\examples\Smooth Graphics\Smooth_Arc\Smooth_Arc.ino",".ino","1775","untracked","NO/NOT SHOWN","NO","NO","NO","YES/LIKELY","NO/NOT SHOWN","NO","False","DELETE_GENERATED","d8a71dff0b9942367e0d3b8b2236c4ff0d3494164f2ee2e9eecc67bfd0bd9aca"
".pio\libdeps\esp32_035\TFT_eSPI\examples\Smooth Graphics\Smooth_Graphics_Demo\Smooth_Graphics_Demo.ino",".ino","5356","untracked","NO/NOT SHOWN","NO","NO","NO","YES/LIKELY","NO/NOT SHOWN","NO","False","DELETE_GENERATED","ac02a5e1c6b1fa24bd6952ab74a692135b4b883c7e589220c9e47a6a1e765ab7"
".pio\libdeps\esp32_035\TFT_eSPI\examples\Smooth Graphics\Smooth_Rounded_Rectangles\Smooth_Rounded_Rectangles.ino",".ino","1398","untracked","NO/NOT SHOWN","NO","NO","NO","YES/LIKELY","NO/NOT SHOWN","NO","False","DELETE_GENERATED","6a2bb48592844626e2a9b561b8bff629bbefc5c30a46fa730a083ba6d32c007d"
".pio\libdeps\esp32_035\TFT_eSPI\examples\Sprite\Animated_dial\Animated_dial.ino",".ino","7794","untracked","NO/NOT SHOWN","NO","NO","NO","YES/LIKELY","NO/NOT SHOWN","NO","False","DELETE_GENERATED","a77d4598a7418e44a68b18be108cc358a1a3818436f0f5e88e631bd862cb4662"
".pio\libdeps\esp32_035\TFT_eSPI\examples\Sprite\Animated_dial\dial.h",".h","110147","untracked","NO/NOT SHOWN","NO","NO","NO","YES/LIKELY","NO/NOT SHOWN","NO","False","DELETE_GENERATED","dfc88d0de33a81cbbfada692ef1b0a90427f0fd31c17ffc3fed6d4653e1b7117"
".pio\libdeps\esp32_035\TFT_eSPI\examples\Sprite\Animated_dial\NotoSansBold36.h",".h","35226","untracked","NO/NOT SHOWN","NO","NO","NO","YES/LIKELY","POSSIBLE - REVIEW","NO","False","DELETE_GENERATED","7e99afbba31edf8becb03aae9be2feb79dff1cd9ab1e59c4fd295523f08358f1"
".pio\libdeps\esp32_035\TFT_eSPI\examples\Sprite\One_bit_Sprite_Demo\One_bit_Sprite_Demo.ino",".ino","3905","untracked","NO/NOT SHOWN","NO","NO","NO","YES/LIKELY","NO/NOT SHOWN","NO","False","DELETE_GENERATED","d3c097373d86957184976f1b51931a5e0d8e0e02eb291f38fe12dbc0a5b35aeb"
".pio\libdeps\esp32_035\TFT_eSPI\examples\Sprite\One_bit_Yin_Yang\One_bit_Yin_Yang.ino",".ino","3209","untracked","NO/NOT SHOWN","NO","NO","NO","YES/LIKELY","NO/NOT SHOWN","NO","False","DELETE_GENERATED","275e5cfefef6290458d2eb170f6a5b3104bdd917d8ccaa78825a0fbeb7802346"
".pio\libdeps\esp32_035\TFT_eSPI\examples\Sprite\Orrery\astronomy.c",".c","345283","untracked","NO/NOT SHOWN","NO","NO","NO","YES/LIKELY","NO/NOT SHOWN","NO","False","DELETE_GENERATED","e3cb01c880c83d8fa76bdf1cbaf9a64f870fb68981d976fa6f2398b6dfe415ed"
".pio\libdeps\esp32_035\TFT_eSPI\examples\Sprite\Orrery\astronomy.h",".h","44760","untracked","NO/NOT SHOWN","NO","NO","NO","YES/LIKELY","NO/NOT SHOWN","NO","False","DELETE_GENERATED","bb349bf447902d54bcb76f12db624e34297a2027cc1613a41c0e2e0250ad8e3c"
".pio\libdeps\esp32_035\TFT_eSPI\examples\Sprite\Orrery\Orrery.ino",".ino","4688","untracked","NO/NOT SHOWN","NO","NO","NO","YES/LIKELY","NO/NOT SHOWN","NO","False","DELETE_GENERATED","4fd508d780a18d056b1c8fb18c3fdbeb860913eb6e284fdca5f0f5138830ae7a"
".pio\libdeps\esp32_035\TFT_eSPI\examples\Sprite\Rotated_Sprite_1\Rotated_Sprite_1.ino",".ino","6128","untracked","NO/NOT SHOWN","NO","NO","NO","YES/LIKELY","NO/NOT SHOWN","NO","False","DELETE_GENERATED","1ac4eab77cd8bc3300cdef08a63b308025b4ad61bd59b85533cd28a5835e56b5"
".pio\libdeps\esp32_035\TFT_eSPI\examples\Sprite\Rotated_Sprite_2\Rotated_Sprite_2.ino",".ino","7619","untracked","NO/NOT SHOWN","NO","NO","NO","YES/LIKELY","NO/NOT SHOWN","NO","False","DELETE_GENERATED","3da9721584d7217ed98f46b82a34424d830edaac548c2c64d0ca15d785f7145d"
".pio\libdeps\esp32_035\TFT_eSPI\examples\Sprite\Rotated_Sprite_3\Rotated_Sprite_3.ino",".ino","4936","untracked","NO/NOT SHOWN","NO","NO","NO","YES/LIKELY","NO/NOT SHOWN","NO","False","DELETE_GENERATED","55527ebdb9b2d630d6fcf4ace2341484832844119024e4c5adb2af80bad6d866"
".pio\libdeps\esp32_035\TFT_eSPI\examples\Sprite\Sprite_draw\Sprite_draw.ino",".ino","4159","untracked","NO/NOT SHOWN","NO","NO","NO","YES/LIKELY","NO/NOT SHOWN","NO","False","DELETE_GENERATED","b866b7f7fd8a8a1fc01a16b2bd1a23559f0e468de4ab33db4ad7821bada05071"
".pio\libdeps\esp32_035\TFT_eSPI\examples\Sprite\Sprite_draw_4bit\Sprite_draw_4bit.ino",".ino","5760","untracked","NO/NOT SHOWN","NO","NO","NO","YES/LIKELY","NO/NOT SHOWN","NO","False","DELETE_GENERATED","7031bee21648f6b4909ed9dd227c10dc622f58d180a8265bbbba1de8b400a571"
".pio\libdeps\esp32_035\TFT_eSPI\examples\Sprite\Sprite_image_4bit\sample_images.h",".h","151","untracked","NO/NOT SHOWN","NO","NO","NO","YES/LIKELY","NO/NOT SHOWN","NO","False","DELETE_GENERATED","dec6fb89faeaf1cd34bb0c6dbe41dc67e418cf881cf98f1b63fa3e4a680e68b4"
".pio\libdeps\esp32_035\TFT_eSPI\examples\Sprite\Sprite_image_4bit\Sprite_image_4bit.ino",".ino","3448","untracked","NO/NOT SHOWN","NO","NO","NO","YES/LIKELY","NO/NOT SHOWN","NO","False","DELETE_GENERATED","dc13203824728a376d2e83d710505ceae54ce584049235222280a8e07f928816"
".pio\libdeps\esp32_035\TFT_eSPI\examples\Sprite\Sprite_image_4bit\starImage.cpp",".cpp","78337","untracked","NO/NOT SHOWN","NO","NO","NO","YES/LIKELY","NO/NOT SHOWN","NO","False","DELETE_GENERATED","a87cc3577459be19a42a47b5071c2e7f0232e15a62910ec044c13fe1aabe2780"
".pio\libdeps\esp32_035\TFT_eSPI\examples\Sprite\Sprite_RLE_Font_test\Sprite_RLE_Font_test.ino",".ino","5554","untracked","NO/NOT SHOWN","NO","NO","NO","YES/LIKELY","NO/NOT SHOWN","NO","False","DELETE_GENERATED","d255ec8e614ba6698089b9b866d1a9b801d94add3a0dce51e82534da5dd4cf3b"
".pio\libdeps\esp32_035\TFT_eSPI\examples\Sprite\Sprite_scroll\Sprite_scroll.ino",".ino","4478","untracked","NO/NOT SHOWN","NO","NO","NO","YES/LIKELY","NO/NOT SHOWN","NO","False","DELETE_GENERATED","dd519eff2d6e804627d71864448b21d64dab548e2b43aa85ce1695a3bcb202d1"
".pio\libdeps\esp32_035\TFT_eSPI\examples\Sprite\Sprite_scroll_16bit\Sprite_scroll_16bit.ino",".ino","6117","untracked","NO/NOT SHOWN","NO","NO","NO","YES/LIKELY","NO/NOT SHOWN","NO","False","DELETE_GENERATED","1af842ec013ba3578a9c2814b6ec44466a6179d054c58633958054febc335582"
".pio\libdeps\esp32_035\TFT_eSPI\examples\Sprite\Sprite_scroll_1bit\Sprite_scroll_1bit.ino",".ino","4899","untracked","NO/NOT SHOWN","NO","NO","NO","YES/LIKELY","NO/NOT SHOWN","NO","False","DELETE_GENERATED","cc04989463a6dfe28760595efef89ed3237ab3d521b62a96695a9e175dc4baaa"
".pio\libdeps\esp32_035\TFT_eSPI\examples\Sprite\Sprite_scroll_4bit\Sprite_scroll_4bit.ino",".ino","5083","untracked","NO/NOT SHOWN","NO","NO","NO","YES/LIKELY","NO/NOT SHOWN","NO","False","DELETE_GENERATED","ed6e3e5ad584ad136be383e70eae62f1fa92505510c1f189e08a7c64625ffedd"
".pio\libdeps\esp32_035\TFT_eSPI\examples\Sprite\Sprite_scroll_8bit\Sprite_scroll_8bit.ino",".ino","6474","untracked","NO/NOT SHOWN","NO","NO","NO","YES/LIKELY","NO/NOT SHOWN","NO","False","DELETE_GENERATED","61698d9e18d890f6784d9cd303f6ecbc368ad5bf7b435348e0b1becc43591ee5"
".pio\libdeps\esp32_035\TFT_eSPI\examples\Sprite\Sprite_scroll_wrap_1bit\Sprite_scroll_wrap_1bit.ino",".ino","5071","untracked","NO/NOT SHOWN","NO","NO","NO","YES/LIKELY","NO/NOT SHOWN","NO","False","DELETE_GENERATED","ee45b1a677c0bde64dc343476950285193d928c69fe51997fd2b77e9659ec90c"
".pio\libdeps\esp32_035\TFT_eSPI\examples\Sprite\Sprite_TFT_Rainbow\Sprite_TFT_Rainbow.ino",".ino","3986","untracked","NO/NOT SHOWN","NO","NO","NO","YES/LIKELY","NO/NOT SHOWN","NO","False","DELETE_GENERATED","1666129862732922ca652bf9fd9eb161a87aab115bca64f7ec56d95b1b2fc740"
".pio\libdeps\esp32_035\TFT_eSPI\examples\Sprite\Transparent_Sprite_Demo\Transparent_Sprite_Demo.ino",".ino","4568","untracked","NO/NOT SHOWN","NO","NO","NO","YES/LIKELY","NO/NOT SHOWN","NO","False","DELETE_GENERATED","8cd8b9faa885feeb6b13d51c9d3b85e8f6f5f6712a72ba97c5b5558dbddd59b8"
".pio\libdeps\esp32_035\TFT_eSPI\examples\Sprite\Transparent_Sprite_Demo_4bit\Transparent_Sprite_Demo_4bit.ino",".ino","5079","untracked","NO/NOT SHOWN","NO","NO","NO","YES/LIKELY","NO/NOT SHOWN","NO","False","DELETE_GENERATED","80acc844e5b46af509ed4ef2dfd482c04664d5ae483fb1f12bf7ae423f5a4bfc"
".pio\libdeps\esp32_035\TFT_eSPI\examples\Test and diagnostics\Colour_Test\Colour_Test.ino",".ino","3506","untracked","NO/NOT SHOWN","NO","NO","NO","YES/LIKELY","POSSIBLE - REVIEW","NO","False","DELETE_GENERATED","a390c8e938d7ec120a6d419ed767f76ed8380a53fd1dbaaf3b3ea854118d8cdb"
".pio\libdeps\esp32_035\TFT_eSPI\examples\Test and diagnostics\Read_User_Setup\Read_User_Setup.ino",".ino","8453","untracked","NO/NOT SHOWN","NO","NO","NO","YES/LIKELY","POSSIBLE - REVIEW","NO","False","DELETE_GENERATED","877d22e7d8e3b7490337c7e356d329a6dfb62ae466d759cfcdce7ada4b6db51e"
".pio\libdeps\esp32_035\TFT_eSPI\examples\Test and diagnostics\Test_Touch_Controller\Test_Touch_Controller.ino",".ino","1335","untracked","NO/NOT SHOWN","NO","NO","NO","YES/LIKELY","POSSIBLE - REVIEW","NO","False","DELETE_GENERATED","0a6444a524c42442a5a9d84439fab6bfcdee0d417b510e7d11b35a8bccaf016a"
".pio\libdeps\esp32_035\TFT_eSPI\examples\Test and diagnostics\TFT_ReadWrite_Test\TFT_ReadWrite_Test.ino",".ino","705","untracked","NO/NOT SHOWN","NO","NO","NO","YES/LIKELY","POSSIBLE - REVIEW","NO","False","DELETE_GENERATED","81a191ee8fea2fb5cdab934b41ecc54b516be5d3c9708bd7de1cfe8439b5b5cd"
".pio\libdeps\esp32_035\TFT_eSPI\Extensions\Button.cpp",".cpp","3183","untracked","NO/NOT SHOWN","NO","NO","NO","YES/LIKELY","NO/NOT SHOWN","NO","False","DELETE_GENERATED","06d8e24d9c512ffe7ef061008b0b87e4d638187aa95962f1d6e7fee0a290f626"
".pio\libdeps\esp32_035\TFT_eSPI\Extensions\Button.h",".h","1807","untracked","NO/NOT SHOWN","NO","NO","NO","YES/LIKELY","NO/NOT SHOWN","NO","False","DELETE_GENERATED","0b6b4b651014bcdc261e0cbf2402feb818f627c78dce4638978499b33938cba5"
".pio\libdeps\esp32_035\TFT_eSPI\Extensions\Smooth_font.cpp",".cpp","19890","untracked","NO/NOT SHOWN","NO","NO","NO","YES/LIKELY","NO/NOT SHOWN","NO","False","DELETE_GENERATED","853d27a95883a96b3706baaf630b31e5a0744baced00295abce4b922df3e1dd7"
".pio\libdeps\esp32_035\TFT_eSPI\Extensions\Smooth_font.h",".h","2192","untracked","NO/NOT SHOWN","NO","NO","NO","YES/LIKELY","NO/NOT SHOWN","NO","False","DELETE_GENERATED","49bd9918b6a4cada7a2e8d9d37143ff59761d57d66b4d829b01a2ed6405b5c0c"
".pio\libdeps\esp32_035\TFT_eSPI\Extensions\Sprite.cpp",".cpp","81078","untracked","NO/NOT SHOWN","NO","NO","NO","YES/LIKELY","NO/NOT SHOWN","NO","False","DELETE_GENERATED","b9da957d4aa95f2ed65c605efb3ce2969c0b35eda41c76f999b17775731b4bff"
".pio\libdeps\esp32_035\TFT_eSPI\Extensions\Sprite.h",".h","9556","untracked","NO/NOT SHOWN","NO","NO","NO","YES/LIKELY","NO/NOT SHOWN","NO","False","DELETE_GENERATED","ca5a993ead724d8ee255bf6ccea1894cca48d42efadfa5c7922150a276cc8e8f"
".pio\libdeps\esp32_035\TFT_eSPI\Extensions\Touch.cpp",".cpp","13298","untracked","NO/NOT SHOWN","NO","NO","NO","YES/LIKELY","NO/NOT SHOWN","NO","False","DELETE_GENERATED","143a7a38f9451d0d3ab4a0aed37a8b4c890edceb135419f6bbc8ed45d4283291"
".pio\libdeps\esp32_035\TFT_eSPI\Extensions\Touch.h",".h","2498","untracked","NO/NOT SHOWN","NO","NO","NO","YES/LIKELY","NO/NOT SHOWN","NO","False","DELETE_GENERATED","72ab7fdad3f4f1961a47366aa0a1634a4392267451eea4c3b8265dfa7cc112b8"
".pio\libdeps\esp32_035\TFT_eSPI\Fonts\Custom\Orbitron_Light_24.h",".h","18494","untracked","NO/NOT SHOWN","NO","NO","NO","YES/LIKELY","NO/NOT SHOWN","NO","False","DELETE_GENERATED","c45ab81a5e5e6a458ef508c366e34d558cf1f1a67632c391275e29401df3f939"
".pio\libdeps\esp32_035\TFT_eSPI\Fonts\Custom\Orbitron_Light_32.h",".h","28904","untracked","NO/NOT SHOWN","NO","NO","NO","YES/LIKELY","NO/NOT SHOWN","NO","False","DELETE_GENERATED","c30af4f0c06bc7841230e692c5df206646bb03af2f5cbc5aa3619734b636aa4a"
".pio\libdeps\esp32_035\TFT_eSPI\Fonts\Custom\Roboto_Thin_24.h",".h","15234","untracked","NO/NOT SHOWN","NO","NO","NO","YES/LIKELY","NO/NOT SHOWN","NO","False","DELETE_GENERATED","bf9e12ee57bb992928b0e029259a1d6dd291244f17b046ba57b4e32250d307f3"
".pio\libdeps\esp32_035\TFT_eSPI\Fonts\Custom\Satisfy_24.h",".h","18924","untracked","NO/NOT SHOWN","NO","NO","NO","YES/LIKELY","NO/NOT SHOWN","NO","False","DELETE_GENERATED","35f44c438df9a6c397c6dd11f6b82384c4b9eaf8aa0952ff31393800a7bda5af"
".pio\libdeps\esp32_035\TFT_eSPI\Fonts\Custom\Yellowtail_32.h",".h","29324","untracked","NO/NOT SHOWN","NO","NO","NO","YES/LIKELY","NO/NOT SHOWN","NO","False","DELETE_GENERATED","f063da110e14df4baf9b02aad30385d9512ec5d3b8a07c64fd7a334e87ed14d6"
".pio\libdeps\esp32_035\TFT_eSPI\Fonts\Font16.c",".c","29181","untracked","NO/NOT SHOWN","NO","NO","NO","YES/LIKELY","NO/NOT SHOWN","NO","False","DELETE_GENERATED","27f47a9506aa1cc25bb3acf8b50a6458d567babcbcc53ff6d34a6aae6ed85e0c"
".pio\libdeps\esp32_035\TFT_eSPI\Fonts\Font16.h",".h","239","untracked","NO/NOT SHOWN","NO","NO","NO","YES/LIKELY","NO/NOT SHOWN","NO","False","DELETE_GENERATED","bb6c40ee31c365f16ac1265c563f075c409a8d6c021789b58fd16ef4b6e7bb14"
".pio\libdeps\esp32_035\TFT_eSPI\Fonts\Font32rle.c",".c","35799","untracked","NO/NOT SHOWN","NO","NO","NO","YES/LIKELY","NO/NOT SHOWN","NO","False","DELETE_GENERATED","bb3af50de4aa4cc4d37b04f28bae6e99c0102d1eed9c881145cf024eff677910"
".pio\libdeps\esp32_035\TFT_eSPI\Fonts\Font32rle.h",".h","242","untracked","NO/NOT SHOWN","NO","NO","NO","YES/LIKELY","NO/NOT SHOWN","NO","False","DELETE_GENERATED","ef7c116521e481d8f68030d85a3865ec9a6d05f8d499dbfe716fa68c5b69f3ee"
".pio\libdeps\esp32_035\TFT_eSPI\Fonts\Font64rle.c",".c","12405","untracked","NO/NOT SHOWN","NO","NO","NO","YES/LIKELY","NO/NOT SHOWN","NO","False","DELETE_GENERATED","4d4cf64b9fb64fec41c3c16098425e83c9cf4cebff9d8294d6a6d9242f07645a"
".pio\libdeps\esp32_035\TFT_eSPI\Fonts\Font64rle.h",".h","242","untracked","NO/NOT SHOWN","NO","NO","NO","YES/LIKELY","NO/NOT SHOWN","NO","False","DELETE_GENERATED","90c79dd168453264979ef8887af3f9d43dda7770fd1b8e28322bc3461fb42b72"
".pio\libdeps\esp32_035\TFT_eSPI\Fonts\Font72rle.c",".c","16111","untracked","NO/NOT SHOWN","NO","NO","NO","YES/LIKELY","NO/NOT SHOWN","NO","False","DELETE_GENERATED","4359ff3196801943fd5793fe725b44658ddd54efaf516ac81643840711867b59"
".pio\libdeps\esp32_035\TFT_eSPI\Fonts\Font72rle.h",".h","242","untracked","NO/NOT SHOWN","NO","NO","NO","YES/LIKELY","NO/NOT SHOWN","NO","False","DELETE_GENERATED","e3ef2df08650f3e2ba1ad00e11ee1d3679827cbafea69e5aa014b8f82896f2a7"
".pio\libdeps\esp32_035\TFT_eSPI\Fonts\Font72x53rle.c",".c","16041","untracked","NO/NOT SHOWN","NO","NO","NO","YES/LIKELY","NO/NOT SHOWN","NO","False","DELETE_GENERATED","f767423cf87518c30a390b3059c302ffe6b8d1001f8b2626ecbe3276cc143794"
".pio\libdeps\esp32_035\TFT_eSPI\Fonts\Font72x53rle.h",".h","245","untracked","NO/NOT SHOWN","NO","NO","NO","YES/LIKELY","NO/NOT SHOWN","NO","False","DELETE_GENERATED","2e567d5c90c00a809026981c41f563e033f66bc19619bc966dfbddbc22b087ed"
".pio\libdeps\esp32_035\TFT_eSPI\Fonts\Font7srle.c",".c","11087","untracked","NO/NOT SHOWN","NO","NO","NO","YES/LIKELY","NO/NOT SHOWN","NO","False","DELETE_GENERATED","40f14289417859f67ff0e6eecbcdea2a6d15230c8d74dd4bd827b98323031eea"
".pio\libdeps\esp32_035\TFT_eSPI\Fonts\Font7srle.h",".h","242","untracked","NO/NOT SHOWN","NO","NO","NO","YES/LIKELY","NO/NOT SHOWN","NO","False","DELETE_GENERATED","adaa3af4db90c5add4628a07b8b8bc573c0b31433b9dff1c2fc92c8757bcb49a"
".pio\libdeps\esp32_035\TFT_eSPI\Fonts\GFXFF\FreeMono12pt7b.h",".h","14395","untracked","NO/NOT SHOWN","NO","NO","NO","YES/LIKELY","NO/NOT SHOWN","NO","False","DELETE_GENERATED","cafc2786015e2cdcf6fc6f6847fa7fadeb89f24fa342b733c7c77a7682301155"
".pio\libdeps\esp32_035\TFT_eSPI\Fonts\GFXFF\FreeMono18pt7b.h",".h","24441","untracked","NO/NOT SHOWN","NO","NO","NO","YES/LIKELY","NO/NOT SHOWN","NO","False","DELETE_GENERATED","dba6ebd28493f6d77d2164cc2802df16fed1df40ff3cdc41428c0bd6e58f4382"
".pio\libdeps\esp32_035\TFT_eSPI\Fonts\GFXFF\FreeMono24pt7b.h",".h","40283","untracked","NO/NOT SHOWN","NO","NO","NO","YES/LIKELY","NO/NOT SHOWN","NO","False","DELETE_GENERATED","839ddd4c2be473154cb82d8e59b0b55317724f9087fb487d9206e48b0a205169"
".pio\libdeps\esp32_035\TFT_eSPI\Fonts\GFXFF\FreeMono9pt7b.h",".h","10592","untracked","NO/NOT SHOWN","NO","NO","NO","YES/LIKELY","NO/NOT SHOWN","NO","False","DELETE_GENERATED","a99faea6fc28743e6274865eb9ddda06729d0e1d61e049efcf066802dcfc4f19"
".pio\libdeps\esp32_035\TFT_eSPI\Fonts\GFXFF\FreeMonoBold12pt7b.h",".h","16081","untracked","NO/NOT SHOWN","NO","NO","NO","YES/LIKELY","POSSIBLE - REVIEW","NO","False","DELETE_GENERATED","53aa555d523a600d1ec8e9db340dfb03b0ca518502ec6cfb3033788d79b8bfc8"
".pio\libdeps\esp32_035\TFT_eSPI\Fonts\GFXFF\FreeMonoBold18pt7b.h",".h","28925","untracked","NO/NOT SHOWN","NO","NO","NO","YES/LIKELY","POSSIBLE - REVIEW","NO","False","DELETE_GENERATED","23e469ff72b1249f911ef68755f476b49a31d288bf37c12697b7d5fb3e39a31f"
".pio\libdeps\esp32_035\TFT_eSPI\Fonts\GFXFF\FreeMonoBold24pt7b.h",".h","47327","untracked","NO/NOT SHOWN","NO","NO","NO","YES/LIKELY","POSSIBLE - REVIEW","NO","False","DELETE_GENERATED","12259b9479856b8e54183f436d36d6e139d1e564dd0d76ff1fda1ab479f0582f"
".pio\libdeps\esp32_035\TFT_eSPI\Fonts\GFXFF\FreeMonoBold9pt7b.h",".h","11574","untracked","NO/NOT SHOWN","NO","NO","NO","YES/LIKELY","POSSIBLE - REVIEW","NO","False","DELETE_GENERATED","9aee9cce7c2416e1b1c9669185226ac7c33e3813c4353f6bdadf26f87727d61a"
".pio\libdeps\esp32_035\TFT_eSPI\Fonts\GFXFF\FreeMonoBoldOblique12pt7b.h",".h","17570","untracked","NO/NOT SHOWN","NO","NO","NO","YES/LIKELY","POSSIBLE - REVIEW","NO","False","DELETE_GENERATED","08daf9cbf9740bc2e65493158dd91ad7a7423d13c415a7805aec13dd24c29190"
".pio\libdeps\esp32_035\TFT_eSPI\Fonts\GFXFF\FreeMonoBoldOblique18pt7b.h",".h","31692","untracked","NO/NOT SHOWN","NO","NO","NO","YES/LIKELY","POSSIBLE - REVIEW","NO","False","DELETE_GENERATED","61bfe16e7b9f59a9261b9dd23b354a837530deac46f87a84fddecf58fa790cca"
".pio\libdeps\esp32_035\TFT_eSPI\Fonts\GFXFF\FreeMonoBoldOblique24pt7b.h",".h","52530","untracked","NO/NOT SHOWN","NO","NO","NO","YES/LIKELY","POSSIBLE - REVIEW","NO","False","DELETE_GENERATED","bb559dc9cb192937b2a9913ad20ca2064b07ff20f5cc29b612e9f6084a0af25e"
".pio\libdeps\esp32_035\TFT_eSPI\Fonts\GFXFF\FreeMonoBoldOblique9pt7b.h",".h","12639","untracked","NO/NOT SHOWN","NO","NO","NO","YES/LIKELY","POSSIBLE - REVIEW","NO","False","DELETE_GENERATED","30da5ea0779b286d466a6470dfedd317428f627e338f3a1fc865d009f070a0dd"
".pio\libdeps\esp32_035\TFT_eSPI\Fonts\GFXFF\FreeMonoOblique12pt7b.h",".h","15954","untracked","NO/NOT SHOWN","NO","NO","NO","YES/LIKELY","NO/NOT SHOWN","NO","False","DELETE_GENERATED","89c88aa32556708837dc4a2619de3a6498107226e6141416e775dace800eaaa6"
".pio\libdeps\esp32_035\TFT_eSPI\Fonts\GFXFF\FreeMonoOblique18pt7b.h",".h","27096","untracked","NO/NOT SHOWN","NO","NO","NO","YES/LIKELY","NO/NOT SHOWN","NO","False","DELETE_GENERATED","7ba43ee37b293d21937121cabca8c6589477e90c36ddc372ffd07b1106c2e861"
".pio\libdeps\esp32_035\TFT_eSPI\Fonts\GFXFF\FreeMonoOblique24pt7b.h",".h","45214","untracked","NO/NOT SHOWN","NO","NO","NO","YES/LIKELY","NO/NOT SHOWN","NO","False","DELETE_GENERATED","b908bb1f719864173515e2fd377d3135871e56a51f58f66211fc81066057fbd6"
".pio\libdeps\esp32_035\TFT_eSPI\Fonts\GFXFF\FreeMonoOblique9pt7b.h",".h","11477","untracked","NO/NOT SHOWN","NO","NO","NO","YES/LIKELY","NO/NOT SHOWN","NO","False","DELETE_GENERATED","5c149706d5afad5a7172728610d44e00927c85eacf0208f070cdf30de32eb2cc"
".pio\libdeps\esp32_035\TFT_eSPI\Fonts\GFXFF\FreeSans12pt7b.h",".h","17535","untracked","NO/NOT SHOWN","NO","NO","NO","YES/LIKELY","NO/NOT SHOWN","NO","False","DELETE_GENERATED","18e5bf0d3706776714ab14cbc63fbe14e9ce6175af1877c59e8445f8bd906120"
".pio\libdeps\esp32_035\TFT_eSPI\Fonts\GFXFF\FreeSans18pt7b.h",".h","31039","untracked","NO/NOT SHOWN","NO","NO","NO","YES/LIKELY","NO/NOT SHOWN","NO","False","DELETE_GENERATED","4d5dee62cfae56ded2b1cf17501e231dbb28fd2c3e5d67daaa88135e94f612ac"
".pio\libdeps\esp32_035\TFT_eSPI\Fonts\GFXFF\FreeSans24pt7b.h",".h","51419","untracked","NO/NOT SHOWN","NO","NO","NO","YES/LIKELY","NO/NOT SHOWN","NO","False","DELETE_GENERATED","4162814ffe26ac40be001ac1608ed8b8d7ba408864fb38a7e4ae94c59a753be6"
".pio\libdeps\esp32_035\TFT_eSPI\Fonts\GFXFF\FreeSans9pt7b.h",".h","12478","untracked","NO/NOT SHOWN","NO","NO","NO","YES/LIKELY","NO/NOT SHOWN","NO","False","DELETE_GENERATED","3547eea784906fb21070e92ede3bf97afc6614f26a9aabd6d0f0ad1749662969"
".pio\libdeps\esp32_035\TFT_eSPI\Fonts\GFXFF\FreeSansBold12pt7b.h",".h","18893","untracked","NO/NOT SHOWN","NO","NO","NO","YES/LIKELY","POSSIBLE - REVIEW","NO","False","DELETE_GENERATED","584ef1f600d8f8ae8b1e0c0726af1b0eedcff5978a0a8e0b7f48d5bed3f2c38f"
".pio\libdeps\esp32_035\TFT_eSPI\Fonts\GFXFF\FreeSansBold18pt7b.h",".h","33181","untracked","NO/NOT SHOWN","NO","NO","NO","YES/LIKELY","POSSIBLE - REVIEW","NO","False","DELETE_GENERATED","9ad6e251f11ccf6d541cad814b60386825bfd7e1afa10e1adec75af56ef8bc8d"
".pio\libdeps\esp32_035\TFT_eSPI\Fonts\GFXFF\FreeSansBold24pt7b.h",".h","55627","untracked","NO/NOT SHOWN","NO","NO","NO","YES/LIKELY","POSSIBLE - REVIEW","NO","False","DELETE_GENERATED","c0f001bf462d9677b152852ce32b359227d6556bc34b114c0142662816fc36f7"
".pio\libdeps\esp32_035\TFT_eSPI\Fonts\GFXFF\FreeSansBold9pt7b.h",".h","12992","untracked","NO/NOT SHOWN","NO","NO","NO","YES/LIKELY","POSSIBLE - REVIEW","NO","False","DELETE_GENERATED","cc48bca687b3ff0508ace9dfb439e03943672c3c3306586885251cff2cf7a3f4"
".pio\libdeps\esp32_035\TFT_eSPI\Fonts\GFXFF\FreeSansBoldOblique12pt7b.h",".h","21080","untracked","NO/NOT SHOWN","NO","NO","NO","YES/LIKELY","POSSIBLE - REVIEW","NO","False","DELETE_GENERATED","e1d09ee173e5c02459a8c2ebcc57c18a824202541241972aded2bf7f812e36c6"
".pio\libdeps\esp32_035\TFT_eSPI\Fonts\GFXFF\FreeSansBoldOblique18pt7b.h",".h","37952","untracked","NO/NOT SHOWN","NO","NO","NO","YES/LIKELY","POSSIBLE - REVIEW","NO","False","DELETE_GENERATED","bca6342f7abf9cf5a4ff135fb591af329d0c5de7d7aede406f171bca2dc45d40"
".pio\libdeps\esp32_035\TFT_eSPI\Fonts\GFXFF\FreeSansBoldOblique24pt7b.h",".h","63705","untracked","NO/NOT SHOWN","NO","NO","NO","YES/LIKELY","POSSIBLE - REVIEW","NO","False","DELETE_GENERATED","341af6d70b65fb9485c00a106a3118a4c3b478c2d7f2f23e6dc039afc012abae"
".pio\libdeps\esp32_035\TFT_eSPI\Fonts\GFXFF\FreeSansBoldOblique9pt7b.h",".h","14469","untracked","NO/NOT SHOWN","NO","NO","NO","YES/LIKELY","POSSIBLE - REVIEW","NO","False","DELETE_GENERATED","bd3094a6a07e681c1f29af0a5d18371d88354fc18621f242d211eb0c6bcce10a"
".pio\libdeps\esp32_035\TFT_eSPI\Fonts\GFXFF\FreeSansOblique12pt7b.h",".h","19992","untracked","NO/NOT SHOWN","NO","NO","NO","YES/LIKELY","NO/NOT SHOWN","NO","False","DELETE_GENERATED","9817cf194a03238275f52c46493b9ea0cbd40fb1e140e137bdd04b2c38b64cc3"
".pio\libdeps\esp32_035\TFT_eSPI\Fonts\GFXFF\FreeSansOblique18pt7b.h",".h","35958","untracked","NO/NOT SHOWN","NO","NO","NO","YES/LIKELY","NO/NOT SHOWN","NO","False","DELETE_GENERATED","66f6c858e2a41db874d976559e971aa1fd243ce67497627d032a4a21eada680b"
".pio\libdeps\esp32_035\TFT_eSPI\Fonts\GFXFF\FreeSansOblique24pt7b.h",".h","59762","untracked","NO/NOT SHOWN","NO","NO","NO","YES/LIKELY","NO/NOT SHOWN","NO","False","DELETE_GENERATED","461e27356553f05be1dd20873833314764d2bceb673495c96b8c62f666745945"
".pio\libdeps\esp32_035\TFT_eSPI\Fonts\GFXFF\FreeSansOblique9pt7b.h",".h","13865","untracked","NO/NOT SHOWN","NO","NO","NO","YES/LIKELY","NO/NOT SHOWN","NO","False","DELETE_GENERATED","428a13f7c5fd2b8a28cd6484d1f4d3fe8996304116aed14899fea65f416c054d"
".pio\libdeps\esp32_035\TFT_eSPI\Fonts\GFXFF\FreeSerif12pt7b.h",".h","16738","untracked","NO/NOT SHOWN","NO","NO","NO","YES/LIKELY","NO/NOT SHOWN","NO","False","DELETE_GENERATED","a5b9d521f6caf0d66b72cdf8d7d0dc24e88cf5eac534c125efa88e18206d6278"
".pio\libdeps\esp32_035\TFT_eSPI\Fonts\GFXFF\FreeSerif18pt7b.h",".h","29360","untracked","NO/NOT SHOWN","NO","NO","NO","YES/LIKELY","NO/NOT SHOWN","NO","False","DELETE_GENERATED","e40674814569e6e8ace652241a28153f4a0545b2be263a202470742bf15e8250"
".pio\libdeps\esp32_035\TFT_eSPI\Fonts\GFXFF\FreeSerif24pt7b.h",".h","48626","untracked","NO/NOT SHOWN","NO","NO","NO","YES/LIKELY","NO/NOT SHOWN","NO","False","DELETE_GENERATED","f0fba3f8e0a60117e42b70788426e388baa1f66bca0f18e5722c456b4f17fe91"
".pio\libdeps\esp32_035\TFT_eSPI\Fonts\GFXFF\FreeSerif9pt7b.h",".h","12051","untracked","NO/NOT SHOWN","NO","NO","NO","YES/LIKELY","NO/NOT SHOWN","NO","False","DELETE_GENERATED","9c793b10d814981a8bafb8d44bdcbd0276f157917efaeed39bd02993048d895b"
".pio\libdeps\esp32_035\TFT_eSPI\Fonts\GFXFF\FreeSerifBold12pt7b.h",".h","17694","untracked","NO/NOT SHOWN","NO","NO","NO","YES/LIKELY","POSSIBLE - REVIEW","NO","False","DELETE_GENERATED","f88e3eb07c91ff64254063639aab9ecabb6e5e4da9038b93277f3d22ee6b05f6"
".pio\libdeps\esp32_035\TFT_eSPI\Fonts\GFXFF\FreeSerifBold18pt7b.h",".h","31768","untracked","NO/NOT SHOWN","NO","NO","NO","YES/LIKELY","POSSIBLE - REVIEW","NO","False","DELETE_GENERATED","f1e12e09c8707570dd62852c7e4fff9b3a248b53180bc9b06e6d24ec1bd62d43"
".pio\libdeps\esp32_035\TFT_eSPI\Fonts\GFXFF\FreeSerifBold24pt7b.h",".h","53806","untracked","NO/NOT SHOWN","NO","NO","NO","YES/LIKELY","POSSIBLE - REVIEW","NO","False","DELETE_GENERATED","2243a6e1bfc30d9cdcb77bd3a6bc11284db055dd28a3ae1dc3e58e62a1563d40"
".pio\libdeps\esp32_035\TFT_eSPI\Fonts\GFXFF\FreeSerifBold9pt7b.h",".h","12577","untracked","NO/NOT SHOWN","NO","NO","NO","YES/LIKELY","POSSIBLE - REVIEW","NO","False","DELETE_GENERATED","c94063a5e0d496c7322500d8e8ef3351483e50497a1dfa7dc5ac32fa203a4469"
".pio\libdeps\esp32_035\TFT_eSPI\Fonts\GFXFF\FreeSerifBoldItalic12pt7b.h",".h","19248","untracked","NO/NOT SHOWN","NO","NO","NO","YES/LIKELY","POSSIBLE - REVIEW","NO","False","DELETE_GENERATED","072553e5b212e7b6870055db14c6f5e028d350277d9c5efa241a92151fdb92cf"
".pio\libdeps\esp32_035\TFT_eSPI\Fonts\GFXFF\FreeSerifBoldItalic18pt7b.h",".h","34664","untracked","NO/NOT SHOWN","NO","NO","NO","YES/LIKELY","POSSIBLE - REVIEW","NO","False","DELETE_GENERATED","7f2f35c41d7d4baeef002d422a74dd9b4771cb4cdc265391debe3f4e99ba6612"
".pio\libdeps\esp32_035\TFT_eSPI\Fonts\GFXFF\FreeSerifBoldItalic24pt7b.h",".h","56292","untracked","NO/NOT SHOWN","NO","NO","NO","YES/LIKELY","POSSIBLE - REVIEW","NO","False","DELETE_GENERATED","146b89f544b1c81f0b88dd3fe1255a29b80c843f3a4a0edbf9a98a13693bd108"
".pio\libdeps\esp32_035\TFT_eSPI\Fonts\GFXFF\FreeSerifBoldItalic9pt7b.h",".h","13521","untracked","NO/NOT SHOWN","NO","NO","NO","YES/LIKELY","POSSIBLE - REVIEW","NO","False","DELETE_GENERATED","f48b95e218f28c6b94c5658a705f6048a093bf31373bee98f6a2320c4d56cfb5"
".pio\libdeps\esp32_035\TFT_eSPI\Fonts\GFXFF\FreeSerifItalic12pt7b.h",".h","17662","untracked","NO/NOT SHOWN","NO","NO","NO","YES/LIKELY","NO/NOT SHOWN","NO","False","DELETE_GENERATED","59d93e17b5880ea4f53c33e0bbd41d9bd5e193c15b551d5773333df6d42a4bc6"
".pio\libdeps\esp32_035\TFT_eSPI\Fonts\GFXFF\FreeSerifItalic18pt7b.h",".h","30914","untracked","NO/NOT SHOWN","NO","NO","NO","YES/LIKELY","NO/NOT SHOWN","NO","False","DELETE_GENERATED","8d52e8449adc9f19124f3ddc1daf56530149b35b2b10adb73c22ad14109fed92"
".pio\libdeps\esp32_035\TFT_eSPI\Fonts\GFXFF\FreeSerifItalic24pt7b.h",".h","52164","untracked","NO/NOT SHOWN","NO","NO","NO","YES/LIKELY","NO/NOT SHOWN","NO","False","DELETE_GENERATED","7516f72716057841b71224c78a5cbefdefbbcf7626db2455730411e5387be0c6"
".pio\libdeps\esp32_035\TFT_eSPI\Fonts\GFXFF\FreeSerifItalic9pt7b.h",".h","12593","untracked","NO/NOT SHOWN","NO","NO","NO","YES/LIKELY","NO/NOT SHOWN","NO","False","DELETE_GENERATED","4967bb4a9e420b7904cc06c03fe1fcf2336a4e187d7d5895e6e38d9672bbd55f"
".pio\libdeps\esp32_035\TFT_eSPI\Fonts\GFXFF\gfxfont.h",".h","4272","untracked","NO/NOT SHOWN","NO","NO","NO","YES/LIKELY","NO/NOT SHOWN","NO","False","DELETE_GENERATED","1dca6e2048eac1f647c6aa504d472fe317583db7db8ca16f61399de5dec0e200"
".pio\libdeps\esp32_035\TFT_eSPI\Fonts\GFXFF\license.txt",".txt","1626","untracked","NO/NOT SHOWN","NO","NO","NO","YES/LIKELY","NO/NOT SHOWN","NO","False","DELETE_GENERATED","88fbd81b248caadf3167ba4b8ed394dcd95bd09e553ecf0d3088c733cb6033de"
".pio\libdeps\esp32_035\TFT_eSPI\Fonts\GFXFF\print.txt",".txt","1628","untracked","NO/NOT SHOWN","NO","NO","NO","YES/LIKELY","NO/NOT SHOWN","NO","False","DELETE_GENERATED","3e1f68f88a34d3f1d60fa092697c6022e38716934dc3237b914a888a9f45d3b0"
".pio\libdeps\esp32_035\TFT_eSPI\Fonts\GFXFF\TomThumb.h",".h","24111","untracked","NO/NOT SHOWN","NO","NO","NO","YES/LIKELY","NO/NOT SHOWN","NO","False","DELETE_GENERATED","a887f5cabf1510c33c484aed79f3716ef690b38992bc0b6c2fce84d570f49af9"
".pio\libdeps\esp32_035\TFT_eSPI\Fonts\glcdfont.c",".c","8180","untracked","NO/NOT SHOWN","NO","NO","NO","YES/LIKELY","NO/NOT SHOWN","NO","False","DELETE_GENERATED","bde369bf045a11a092f06d6073d44039c72515d8bc83353a87b8b8032e450d7c"
".pio\libdeps\esp32_035\TFT_eSPI\Fonts\TrueType\Not_yet_supported.txt",".txt","66","untracked","NO/NOT SHOWN","NO","NO","NO","YES/LIKELY","NO/NOT SHOWN","NO","False","DELETE_GENERATED","959bfd6f890053a81216bf067bdf969777380717a9e684d6cf6fc1bc6b223c8d"
".pio\libdeps\esp32_035\TFT_eSPI\Kconfig","[no extension]","12868","untracked","NO/NOT SHOWN","NO","NO","NO","YES/LIKELY","NO/NOT SHOWN","NO","False","DELETE_GENERATED","a89b23baf6e7008bdca3fdcf2e0bbc2467857858710060a38d10b5ece08a006b"
".pio\libdeps\esp32_035\TFT_eSPI\keywords.txt",".txt","3751","untracked","NO/NOT SHOWN","NO","NO","NO","YES/LIKELY","NO/NOT SHOWN","NO","False","DELETE_GENERATED","60c3dfe1d2661c841e49a6e34dfecabc8c9d21ac711aa5de23361363cc3243bd"
".pio\libdeps\esp32_035\TFT_eSPI\library.json",".json","848","untracked","NO/NOT SHOWN","NO","NO","NO","YES/LIKELY","NO/NOT SHOWN","NO","False","DELETE_GENERATED","15308ca95e4d98ec7f841858fcea02fd252e208f549c4a349d1e236f11582ffa"
".pio\libdeps\esp32_035\TFT_eSPI\library.properties",".properties","388","untracked","NO/NOT SHOWN","NO","NO","NO","YES/LIKELY","NO/NOT SHOWN","NO","False","DELETE_GENERATED","d29e02a280cd4bc0bfb5db928e6b2aaffcaa1ca9397fdc9e016c33501a7c2cd1"
".pio\libdeps\esp32_035\TFT_eSPI\license.txt",".txt","6243","untracked","NO/NOT SHOWN","NO","NO","NO","YES/LIKELY","NO/NOT SHOWN","NO","False","DELETE_GENERATED","f79bffc86315004815e4e7f11a23e757de0f25793022e6020938e2db1a495a9d"
".pio\libdeps\esp32_035\TFT_eSPI\Processors\pio_16bit_parallel.pio.h",".h","2227","untracked","NO/NOT SHOWN","NO","NO","NO","YES/LIKELY","NO/NOT SHOWN","NO","False","DELETE_GENERATED","26fc3438313c8f530fac33bb8abd7f11f3cbf0c1709146b67a949010409e6cfc"
".pio\libdeps\esp32_035\TFT_eSPI\Processors\pio_8bit_parallel.pio.h",".h","2607","untracked","NO/NOT SHOWN","NO","NO","NO","YES/LIKELY","NO/NOT SHOWN","NO","False","DELETE_GENERATED","d2a7fd3d2d02fbd490a24f7cc9bd5ba5f627be945624aaedc901b1c609ac7de8"
".pio\libdeps\esp32_035\TFT_eSPI\Processors\pio_8bit_parallel_18bpp.pio.h",".h","2768","untracked","NO/NOT SHOWN","NO","NO","NO","YES/LIKELY","NO/NOT SHOWN","NO","False","DELETE_GENERATED","52ce1b0d483692b1d77192d04e4d33f7900653a16b266b667d2f352eeb9fca02"
".pio\libdeps\esp32_035\TFT_eSPI\Processors\pio_SPI.pio.h",".h","2824","untracked","NO/NOT SHOWN","NO","NO","NO","YES/LIKELY","NO/NOT SHOWN","NO","False","DELETE_GENERATED","43082373e7313318af540d3c3ee686bb66f6616f2121ac0120f9dbdf17d86845"
".pio\libdeps\esp32_035\TFT_eSPI\Processors\pio_SPI_18bit.pio.h",".h","2824","untracked","NO/NOT SHOWN","NO","NO","NO","YES/LIKELY","NO/NOT SHOWN","NO","False","DELETE_GENERATED","2928f695b3f1bc5012054d29cb22d3fccc931adb48072affa849101c2a016886"
".pio\libdeps\esp32_035\TFT_eSPI\Processors\TFT_eSPI_ESP32.c",".c","30731","untracked","NO/NOT SHOWN","NO","NO","NO","YES/LIKELY","NO/NOT SHOWN","NO","False","DELETE_GENERATED","2a46d7ec88bef56bfd74d17bd027e5393a1bfb41193ad29d4593b2c8c63ed162"
".pio\libdeps\esp32_035\TFT_eSPI\Processors\TFT_eSPI_ESP32.h",".h","22140","untracked","NO/NOT SHOWN","NO","NO","NO","YES/LIKELY","NO/NOT SHOWN","NO","False","DELETE_GENERATED","813dda3c0560b9142d4f22fa0696fe4878ee31aadba75ad973dacbf0aa938af1"
".pio\libdeps\esp32_035\TFT_eSPI\Processors\TFT_eSPI_ESP32_C3.c",".c","30981","untracked","NO/NOT SHOWN","NO","NO","NO","YES/LIKELY","NO/NOT SHOWN","NO","False","DELETE_GENERATED","74ef22a2448b96e5e8ce6b6ba68c645fe379db6a29adb8ee627b7e8c447c889a"
".pio\libdeps\esp32_035\TFT_eSPI\Processors\TFT_eSPI_ESP32_C3.h",".h","22998","untracked","NO/NOT SHOWN","NO","NO","NO","YES/LIKELY","NO/NOT SHOWN","NO","False","DELETE_GENERATED","1b4649df875f3a80595752458189102776d01bc3d53a592bc2e198bf678ab785"
".pio\libdeps\esp32_035\TFT_eSPI\Processors\TFT_eSPI_ESP32_S3.c",".c","32983","untracked","NO/NOT SHOWN","NO","NO","NO","YES/LIKELY","NO/NOT SHOWN","NO","False","DELETE_GENERATED","0e3aebf5a226a246d310294531f803d144ef7533f5f4047c92d6d4a69332423c"
".pio\libdeps\esp32_035\TFT_eSPI\Processors\TFT_eSPI_ESP32_S3.h",".h","23568","untracked","NO/NOT SHOWN","NO","NO","NO","YES/LIKELY","NO/NOT SHOWN","NO","False","DELETE_GENERATED","9db8713e0a969af82c77034b0380f764cf4b1da7cd09c19fc7eac31db304e2b1"
".pio\libdeps\esp32_035\TFT_eSPI\Processors\TFT_eSPI_ESP8266.c",".c","13308","untracked","NO/NOT SHOWN","NO","NO","NO","YES/LIKELY","NO/NOT SHOWN","NO","False","DELETE_GENERATED","b63fdcc6ce8c5a14111540e2a0604e0d8e239e2a144b2195e98341b9e7c7db7f"
".pio\libdeps\esp32_035\TFT_eSPI\Processors\TFT_eSPI_ESP8266.h",".h","8665","untracked","NO/NOT SHOWN","NO","NO","NO","YES/LIKELY","NO/NOT SHOWN","NO","False","DELETE_GENERATED","9be22e983a8bc4b772c0d532d000d3d18483d47352b10e935236878be03f8ec8"
".pio\libdeps\esp32_035\TFT_eSPI\Processors\TFT_eSPI_Generic.c",".c","10434","untracked","NO/NOT SHOWN","NO","NO","NO","YES/LIKELY","NO/NOT SHOWN","NO","False","DELETE_GENERATED","8de8094f136a68f084004a9767a412f6294bf321b7e09b4d3229f12a2dc78d33"
".pio\libdeps\esp32_035\TFT_eSPI\Processors\TFT_eSPI_Generic.h",".h","7461","untracked","NO/NOT SHOWN","NO","NO","NO","YES/LIKELY","NO/NOT SHOWN","NO","False","DELETE_GENERATED","ea5158b61260a65aa52af5e5e9a15e6a265eeb39d2c4c35ea30f666c72fa940d"
".pio\libdeps\esp32_035\TFT_eSPI\Processors\TFT_eSPI_RP2040.c",".c","25195","untracked","NO/NOT SHOWN","NO","NO","NO","YES/LIKELY","NO/NOT SHOWN","NO","False","DELETE_GENERATED","a40b9b4e8f2b27ab2dca105a886f4ad25fa315dfd48205807a4fee2d889e54cf"
".pio\libdeps\esp32_035\TFT_eSPI\Processors\TFT_eSPI_RP2040.h",".h","21377","untracked","NO/NOT SHOWN","NO","NO","NO","YES/LIKELY","NO/NOT SHOWN","NO","False","DELETE_GENERATED","97192aa0c8ed4c48a8a847da0315e5e709cf7b7cc9670149de18c52e2ef4d4a2"
".pio\libdeps\esp32_035\TFT_eSPI\Processors\TFT_eSPI_STM32.c",".c","28677","untracked","NO/NOT SHOWN","NO","NO","NO","YES/LIKELY","NO/NOT SHOWN","NO","False","DELETE_GENERATED","c3316a1b9625e05e19cba53ddab30bb46dd26083a3be3fea2a2dfa5b2e58d32f"
".pio\libdeps\esp32_035\TFT_eSPI\Processors\TFT_eSPI_STM32.h",".h","51786","untracked","NO/NOT SHOWN","NO","NO","NO","YES/LIKELY","NO/NOT SHOWN","NO","False","DELETE_GENERATED","b95a55a6f3f16e97c5e3e0203cea9bc5319dcd09f4806a74d589c888d2cbb31f"
".pio\libdeps\esp32_035\TFT_eSPI\README.md",".md","20427","untracked","NO/NOT SHOWN","NO","NO","NO","YES/LIKELY","NO/NOT SHOWN","NO","False","DELETE_GENERATED","5c68e9caa06831ea02ce1acf1408d77bb248cc0a49412ab9495be2ec303bd128"
".pio\libdeps\esp32_035\TFT_eSPI\README.txt",".txt","421","untracked","NO/NOT SHOWN","NO","NO","NO","YES/LIKELY","NO/NOT SHOWN","NO","False","DELETE_GENERATED","367ae3b69821b39bef45fcf216a0159fea26fe2890f2c99bff82bdc10239d2d5"
".pio\libdeps\esp32_035\TFT_eSPI\TFT_config.h",".h","9704","untracked","NO/NOT SHOWN","NO","NO","NO","YES/LIKELY","NO/NOT SHOWN","NO","False","DELETE_GENERATED","5a351798a81710856f6c7d12f8249965a88e40e4113608c98da4c524fe4d88ab"
".pio\libdeps\esp32_035\TFT_eSPI\TFT_Drivers\EPD_Defines.h",".h","527","untracked","NO/NOT SHOWN","NO","NO","NO","YES/LIKELY","NO/NOT SHOWN","NO","False","DELETE_GENERATED","5616c512237f521b3b19c454adcd4e77f4747e29b26345d2dac4f9c6d6635178"
".pio\libdeps\esp32_035\TFT_eSPI\TFT_Drivers\GC9A01_Defines.h",".h","921","untracked","NO/NOT SHOWN","NO","NO","NO","YES/LIKELY","NO/NOT SHOWN","NO","False","DELETE_GENERATED","59ab38c8c0c30c990bc0b8e98c82c041a23567af67328007b198b3de59a2839a"
".pio\libdeps\esp32_035\TFT_eSPI\TFT_Drivers\GC9A01_Init.h",".h","3748","untracked","NO/NOT SHOWN","NO","NO","NO","YES/LIKELY","NO/NOT SHOWN","NO","False","DELETE_GENERATED","572b80226b01a22dcdb7b2a2ef340a3671724ab4a44c1a957ad315f537edbb89"
".pio\libdeps\esp32_035\TFT_eSPI\TFT_Drivers\GC9A01_Rotation.h",".h","1247","untracked","NO/NOT SHOWN","NO","NO","NO","YES/LIKELY","NO/NOT SHOWN","NO","False","DELETE_GENERATED","d0b2f6d1c26c8344e03fcd62b7b39a3c244df0da54ffb88bc7f53abdd8f1c3d2"
".pio\libdeps\esp32_035\TFT_eSPI\TFT_Drivers\HX8357B_Defines.h",".h","1162","untracked","NO/NOT SHOWN","NO","NO","NO","YES/LIKELY","NO/NOT SHOWN","YES (identical SHA-256 elsewhere)","False","DELETE_GENERATED","7b02ed8a6c8ec3dfd097962f484a2bc623f88c4cdc6a39ad7c793cd19a797a21"
".pio\libdeps\esp32_035\TFT_eSPI\TFT_Drivers\HX8357B_Init.h",".h","1394","untracked","NO/NOT SHOWN","NO","NO","NO","YES/LIKELY","NO/NOT SHOWN","NO","False","DELETE_GENERATED","a754ebf6cc7bd40c2b654e535fc86d8fead65ca04ba97823f2e8ca63a8e662fa"
".pio\libdeps\esp32_035\TFT_eSPI\TFT_Drivers\HX8357B_Rotation.h",".h","1421","untracked","NO/NOT SHOWN","NO","NO","NO","YES/LIKELY","NO/NOT SHOWN","YES (identical SHA-256 elsewhere)","False","DELETE_GENERATED","814eee3a5200cbd31a8be673fb826d2fc7d122e8495a93d7591b1a4bde1f1316"
".pio\libdeps\esp32_035\TFT_eSPI\TFT_Drivers\HX8357C_Defines.h",".h","1162","untracked","NO/NOT SHOWN","NO","NO","NO","YES/LIKELY","NO/NOT SHOWN","YES (identical SHA-256 elsewhere)","False","DELETE_GENERATED","7b02ed8a6c8ec3dfd097962f484a2bc623f88c4cdc6a39ad7c793cd19a797a21"
".pio\libdeps\esp32_035\TFT_eSPI\TFT_Drivers\HX8357C_Init.h",".h","2553","untracked","NO/NOT SHOWN","NO","NO","NO","YES/LIKELY","NO/NOT SHOWN","NO","False","DELETE_GENERATED","1ea471016143f91daa1afbd61259abf721f7796ef13f7b446c78d5adf11f316b"
".pio\libdeps\esp32_035\TFT_eSPI\TFT_Drivers\HX8357C_Rotation.h",".h","1421","untracked","NO/NOT SHOWN","NO","NO","NO","YES/LIKELY","NO/NOT SHOWN","YES (identical SHA-256 elsewhere)","False","DELETE_GENERATED","814eee3a5200cbd31a8be673fb826d2fc7d122e8495a93d7591b1a4bde1f1316"
".pio\libdeps\esp32_035\TFT_eSPI\TFT_Drivers\HX8357D_Defines.h",".h","2079","untracked","NO/NOT SHOWN","NO","NO","NO","YES/LIKELY","NO/NOT SHOWN","NO","False","DELETE_GENERATED","48a6c2c0faa45b0aff602822559e1ae952b8fc3fe78aea117cafb45cb086efca"
".pio\libdeps\esp32_035\TFT_eSPI\TFT_Drivers\HX8357D_Init.h",".h","2813","untracked","NO/NOT SHOWN","NO","NO","NO","YES/LIKELY","NO/NOT SHOWN","NO","False","DELETE_GENERATED","7fa8543a9df81861b6e137e0e0f3802e53da89e78a7306d74db61e7f29f3885a"
".pio\libdeps\esp32_035\TFT_eSPI\TFT_Drivers\HX8357D_Rotation.h",".h","796","untracked","NO/NOT SHOWN","NO","NO","NO","YES/LIKELY","NO/NOT SHOWN","NO","False","DELETE_GENERATED","2d4f5340ddcd3dce600b8b4a4fa771fa6185d699438d213afc2c412e817e372e"
".pio\libdeps\esp32_035\TFT_eSPI\TFT_Drivers\ILI9163_Defines.h",".h","2204","untracked","NO/NOT SHOWN","NO","NO","NO","YES/LIKELY","NO/NOT SHOWN","NO","False","DELETE_GENERATED","da498a18d51b5f78ffe51c97b75d082191532c6a38a620f209baded7d4cc51c9"
".pio\libdeps\esp32_035\TFT_eSPI\TFT_Drivers\ILI9163_Init.h",".h","1490","untracked","NO/NOT SHOWN","NO","NO","NO","YES/LIKELY","NO/NOT SHOWN","NO","False","DELETE_GENERATED","af98f552391fc429617197e5179212d6bbf8e8f39bddee26f76841baf3c674f7"
".pio\libdeps\esp32_035\TFT_eSPI\TFT_Drivers\ILI9163_Rotation.h",".h","1002","untracked","NO/NOT SHOWN","NO","NO","NO","YES/LIKELY","NO/NOT SHOWN","NO","False","DELETE_GENERATED","b47f42e609cb649f8ad261b308795f580de04ea8e130de770c5352a1e4e9e1ad"
".pio\libdeps\esp32_035\TFT_eSPI\TFT_Drivers\ILI9225_Defines.h",".h","3783","untracked","NO/NOT SHOWN","NO","NO","NO","YES/LIKELY","NO/NOT SHOWN","NO","False","DELETE_GENERATED","a22313a81bb78189083a8569f3a74c1ae22f57eadcabf07028269f185207e216"
".pio\libdeps\esp32_035\TFT_eSPI\TFT_Drivers\ILI9225_Init.h",".h","3214","untracked","NO/NOT SHOWN","NO","NO","NO","YES/LIKELY","NO/NOT SHOWN","NO","False","DELETE_GENERATED","12bffd70e12621af7e41d1b186ed477b6ba4b761aae58eec1e9fa51e01f93061"
".pio\libdeps\esp32_035\TFT_eSPI\TFT_Drivers\ILI9225_Rotation.h",".h","1214","untracked","NO/NOT SHOWN","NO","NO","NO","YES/LIKELY","NO/NOT SHOWN","NO","False","DELETE_GENERATED","f900690759d725c34d537b4684dd793f6bc393e1d39b8f4e8ab1e0885968105f"
".pio\libdeps\esp32_035\TFT_eSPI\TFT_Drivers\ILI9341_Defines.h",".h","4230","untracked","NO/NOT SHOWN","NO","NO","NO","YES/LIKELY","NO/NOT SHOWN","NO","False","DELETE_GENERATED","1553ba16aed964dd344f2176519cd31773c85f1642a26e3a76b6782058a785e6"
".pio\libdeps\esp32_035\TFT_eSPI\TFT_Drivers\ILI9341_Init.h",".h","4898","untracked","NO/NOT SHOWN","NO","NO","NO","YES/LIKELY","NO/NOT SHOWN","NO","False","DELETE_GENERATED","bab700ac6b5de0490613ae280fac5e2c07b811404733e69b20b4777ff98ff1eb"
".pio\libdeps\esp32_035\TFT_eSPI\TFT_Drivers\ILI9341_Rotation.h",".h","2067","untracked","NO/NOT SHOWN","NO","NO","NO","YES/LIKELY","NO/NOT SHOWN","NO","False","DELETE_GENERATED","170009c8447e6dbe824a2cb72a0170c6acf8ee35c5243addefe71d2408b3e613"
".pio\libdeps\esp32_035\TFT_eSPI\TFT_Drivers\ILI9481_Defines.h",".h","952","untracked","NO/NOT SHOWN","NO","NO","NO","YES/LIKELY","NO/NOT SHOWN","YES (identical SHA-256 elsewhere)","False","DELETE_GENERATED","6bcd3c8db020c29a3fbd9bd161453912f9436cdaff418a949f5b2e32bad7ebbc"
".pio\libdeps\esp32_035\TFT_eSPI\TFT_Drivers\ILI9481_Init.h",".h","16716","untracked","NO/NOT SHOWN","NO","NO","NO","YES/LIKELY","NO/NOT SHOWN","NO","False","DELETE_GENERATED","6162b21a7c46bac50b3572ed3bbda868178aeb96c6ec4b4adbaf40446a72309d"
".pio\libdeps\esp32_035\TFT_eSPI\TFT_Drivers\ILI9481_Rotation.h",".h","751","untracked","NO/NOT SHOWN","NO","NO","NO","YES/LIKELY","NO/NOT SHOWN","NO","False","DELETE_GENERATED","9a7fda7979b41d57345f44800f2945ce53a8f1a66d743b19e473b3b4914cd98a"
".pio\libdeps\esp32_035\TFT_eSPI\TFT_Drivers\ILI9486_Defines.h",".h","2320","untracked","NO/NOT SHOWN","NO","NO","NO","YES/LIKELY","NO/NOT SHOWN","NO","False","DELETE_GENERATED","026170382ddaa290e375ae2ec4287de653638904adcc926a79dd1bb11b4d8e91"
".pio\libdeps\esp32_035\TFT_eSPI\TFT_Drivers\ILI9486_Init.h",".h","2377","untracked","NO/NOT SHOWN","NO","NO","NO","YES/LIKELY","NO/NOT SHOWN","NO","False","DELETE_GENERATED","136246927c9a5fcb7da647b5fe0a06141912cfb8fdfe9cdf65dee90d90c8d7df"
".pio\libdeps\esp32_035\TFT_eSPI\TFT_Drivers\ILI9486_Rotation.h",".h","1358","untracked","NO/NOT SHOWN","NO","NO","NO","YES/LIKELY","NO/NOT SHOWN","NO","False","DELETE_GENERATED","2c99004628b30d588ffb06cbff05b878762e54ffeceee389cd40e491c1d63fab"
".pio\libdeps\esp32_035\TFT_eSPI\TFT_Drivers\ILI9488_Defines.h",".h","952","untracked","NO/NOT SHOWN","NO","NO","NO","YES/LIKELY","NO/NOT SHOWN","YES (identical SHA-256 elsewhere)","False","DELETE_GENERATED","6bcd3c8db020c29a3fbd9bd161453912f9436cdaff418a949f5b2e32bad7ebbc"
".pio\libdeps\esp32_035\TFT_eSPI\TFT_Drivers\ILI9488_Init.h",".h","2272","untracked","NO/NOT SHOWN","NO","NO","NO","YES/LIKELY","NO/NOT SHOWN","NO","False","DELETE_GENERATED","c8e61a1820a258ccc45f68d9ba036838769c02c3c212a34675dcf3365f29190d"
".pio\libdeps\esp32_035\TFT_eSPI\TFT_Drivers\ILI9488_Rotation.h",".h","751","untracked","NO/NOT SHOWN","NO","NO","NO","YES/LIKELY","NO/NOT SHOWN","NO","False","DELETE_GENERATED","fd26e139d39da3a54461e8107efb1ef5cbbf415089fa1f4c104f7efd4c307412"
".pio\libdeps\esp32_035\TFT_eSPI\TFT_Drivers\R61581_Defines.h",".h","952","untracked","NO/NOT SHOWN","NO","NO","NO","YES/LIKELY","NO/NOT SHOWN","YES (identical SHA-256 elsewhere)","False","DELETE_GENERATED","6bcd3c8db020c29a3fbd9bd161453912f9436cdaff418a949f5b2e32bad7ebbc"
".pio\libdeps\esp32_035\TFT_eSPI\TFT_Drivers\R61581_Init.h",".h","1465","untracked","NO/NOT SHOWN","NO","NO","NO","YES/LIKELY","NO/NOT SHOWN","NO","False","DELETE_GENERATED","54b42f9d18c49c3307a6e48cff903018b7ccf8ef44c2d6b1366e94453557e154"
".pio\libdeps\esp32_035\TFT_eSPI\TFT_Drivers\R61581_Rotation.h",".h","750","untracked","NO/NOT SHOWN","NO","NO","NO","YES/LIKELY","NO/NOT SHOWN","NO","False","DELETE_GENERATED","a77501cbe3ca2117710b92caace0f860cd9f42632c1b070a5fd2775521599323"
".pio\libdeps\esp32_035\TFT_eSPI\TFT_Drivers\RM68120_Defines.h",".h","1303","untracked","NO/NOT SHOWN","NO","NO","NO","YES/LIKELY","NO/NOT SHOWN","NO","False","DELETE_GENERATED","3235d30caf5c444b2fe836fb25c274235816a4f6062f40a72a3eefaf388e2c71"
".pio\libdeps\esp32_035\TFT_eSPI\TFT_Drivers\RM68120_Init.h",".h","7556","untracked","NO/NOT SHOWN","NO","NO","NO","YES/LIKELY","NO/NOT SHOWN","NO","False","DELETE_GENERATED","d34dfceebcc0e33e025e9052c9e6856a5680cb4d553421797051592b2714e0d6"
".pio\libdeps\esp32_035\TFT_eSPI\TFT_Drivers\RM68120_Rotation.h",".h","766","untracked","NO/NOT SHOWN","NO","NO","NO","YES/LIKELY","NO/NOT SHOWN","NO","False","DELETE_GENERATED","bec2cd3d2a0ede2982ebdfcd14bf08e467836a5991bf5e57c1cfe9d114d7e155"
".pio\libdeps\esp32_035\TFT_eSPI\TFT_Drivers\RM68140_Defines.h",".h","952","untracked","NO/NOT SHOWN","NO","NO","NO","YES/LIKELY","NO/NOT SHOWN","YES (identical SHA-256 elsewhere)","False","DELETE_GENERATED","6bcd3c8db020c29a3fbd9bd161453912f9436cdaff418a949f5b2e32bad7ebbc"
".pio\libdeps\esp32_035\TFT_eSPI\TFT_Drivers\RM68140_Init.h",".h","1422","untracked","NO/NOT SHOWN","NO","NO","NO","YES/LIKELY","NO/NOT SHOWN","NO","False","DELETE_GENERATED","53ec1e7c98df24bff353d637f2fac530f9d678fbcc55ce376c521c203923feaf"
".pio\libdeps\esp32_035\TFT_eSPI\TFT_Drivers\RM68140_Rotation.h",".h","1053","untracked","NO/NOT SHOWN","NO","NO","NO","YES/LIKELY","NO/NOT SHOWN","NO","False","DELETE_GENERATED","40b6de39cc37db155036a2aa53e3d4e7ea640a68a03640a8166e63fe163be6db"
".pio\libdeps\esp32_035\TFT_eSPI\TFT_Drivers\S6D02A1_Defines.h",".h","2073","untracked","NO/NOT SHOWN","NO","NO","NO","YES/LIKELY","NO/NOT SHOWN","NO","False","DELETE_GENERATED","c8accf702dc8254a5eb732f4489f9c4c64af4c56145b78f1264b3dc953134496"
".pio\libdeps\esp32_035\TFT_eSPI\TFT_Drivers\S6D02A1_Init.h",".h","2607","untracked","NO/NOT SHOWN","NO","NO","NO","YES/LIKELY","NO/NOT SHOWN","NO","False","DELETE_GENERATED","c7dd5ba1ce05f4cf6d1e9833337a4ed4f97642759d93a1653d3d2b0f4357846d"
".pio\libdeps\esp32_035\TFT_eSPI\TFT_Drivers\S6D02A1_Rotation.h",".h","692","untracked","NO/NOT SHOWN","NO","NO","NO","YES/LIKELY","NO/NOT SHOWN","NO","False","DELETE_GENERATED","a9d2a40def91d565d1fc45b24b8e7ea19881fa84bdd8684d5b691121130137cf"
".pio\libdeps\esp32_035\TFT_eSPI\TFT_Drivers\SSD1351_Defines.h",".h","528","untracked","NO/NOT SHOWN","NO","NO","NO","YES/LIKELY","NO/NOT SHOWN","NO","False","DELETE_GENERATED","c12b538a2a4dab520a914cb045f23e3d8b8595d5482f58851a33b0d7122f0879"
".pio\libdeps\esp32_035\TFT_eSPI\TFT_Drivers\SSD1351_Init.h",".h","901","untracked","NO/NOT SHOWN","NO","NO","NO","YES/LIKELY","NO/NOT SHOWN","NO","False","DELETE_GENERATED","7bc64ee8ccaa8cb95bdc93538277f347d1a330518ac0f110e439be2f09f4967c"
".pio\libdeps\esp32_035\TFT_eSPI\TFT_Drivers\SSD1351_Rotation.h",".h","751","untracked","NO/NOT SHOWN","NO","NO","NO","YES/LIKELY","NO/NOT SHOWN","NO","False","DELETE_GENERATED","9efe71a383e29423498ba3b96ce0923fad12cc823b1c2197d46266885b8d472f"
".pio\libdeps\esp32_035\TFT_eSPI\TFT_Drivers\SSD1963_Defines.h",".h","1471","untracked","NO/NOT SHOWN","NO","NO","NO","YES/LIKELY","NO/NOT SHOWN","NO","False","DELETE_GENERATED","1e8028defa4a1a94a318fa03aa17ef58284819f3a97706eace7798e69a377e5a"
".pio\libdeps\esp32_035\TFT_eSPI\TFT_Drivers\SSD1963_Init.h",".h","9025","untracked","NO/NOT SHOWN","NO","NO","NO","YES/LIKELY","NO/NOT SHOWN","NO","False","DELETE_GENERATED","c6f25e87c7207f4034a3853d10d057dcf3b0168adf340313fd3041adabfd54f3"
".pio\libdeps\esp32_035\TFT_eSPI\TFT_Drivers\SSD1963_Rotation.h",".h","711","untracked","NO/NOT SHOWN","NO","NO","NO","YES/LIKELY","NO/NOT SHOWN","NO","False","DELETE_GENERATED","63369bcd12ce481dc85e03c680c3cde0d3109a6f7f266d13aa42d79ccabcb1ac"
".pio\libdeps\esp32_035\TFT_eSPI\TFT_Drivers\ST7735_Defines.h",".h","5407","untracked","NO/NOT SHOWN","NO","NO","NO","YES/LIKELY","NO/NOT SHOWN","NO","False","DELETE_GENERATED","c989c8ff87be90f638995f33b8f73ec459d18b4bd742161a97826e143eb3fd35"
".pio\libdeps\esp32_035\TFT_eSPI\TFT_Drivers\ST7735_Init.h",".h","9619","untracked","NO/NOT SHOWN","NO","NO","NO","YES/LIKELY","NO/NOT SHOWN","NO","False","DELETE_GENERATED","dbf455a703d92594c8207af41f96f781bbe50ade03a9a10fdb0b8ef00bbf269e"
".pio\libdeps\esp32_035\TFT_eSPI\TFT_Drivers\ST7735_Rotation.h",".h","4634","untracked","NO/NOT SHOWN","NO","NO","NO","YES/LIKELY","NO/NOT SHOWN","NO","False","DELETE_GENERATED","26510a8f38048182a0ef44aed852d9ef53ffc6aa3bf61c90872cb6d4311d02d4"
".pio\libdeps\esp32_035\TFT_eSPI\TFT_Drivers\ST7789_2_Defines.h",".h","5784","untracked","NO/NOT SHOWN","NO","NO","NO","YES/LIKELY","NO/NOT SHOWN","NO","False","DELETE_GENERATED","0315a1cef6806344dc657f358a74b73818ce6c0ea16959bbc1948d8940acf795"
".pio\libdeps\esp32_035\TFT_eSPI\TFT_Drivers\ST7789_2_Init.h",".h","520","untracked","NO/NOT SHOWN","NO","NO","NO","YES/LIKELY","NO/NOT SHOWN","NO","False","DELETE_GENERATED","c5b89dd30f5541c415808bab301b5429147f826e32b217159e6e2873dd3052d3"
".pio\libdeps\esp32_035\TFT_eSPI\TFT_Drivers\ST7789_2_Rotation.h",".h","2722","untracked","NO/NOT SHOWN","NO","NO","NO","YES/LIKELY","NO/NOT SHOWN","YES (identical SHA-256 elsewhere)","False","DELETE_GENERATED","39d257e5a4ca9dadd3fd238692115587263206997ba7e4209907f9d973f7fb5f"
".pio\libdeps\esp32_035\TFT_eSPI\TFT_Drivers\ST7789_Defines.h",".h","5712","untracked","NO/NOT SHOWN","NO","NO","NO","YES/LIKELY","NO/NOT SHOWN","NO","False","DELETE_GENERATED","464bccf0a1faffe6f95567f02b7fd8fcd92e43f3ccd03a6356fa2eaf6edfdca8"
".pio\libdeps\esp32_035\TFT_eSPI\TFT_Drivers\ST7789_Init.h",".h","5499","untracked","NO/NOT SHOWN","NO","NO","NO","YES/LIKELY","NO/NOT SHOWN","NO","False","DELETE_GENERATED","e21cae2ac84285dc0e77648eca67ca753f41f7da3c271594ede750b725136c10"
".pio\libdeps\esp32_035\TFT_eSPI\TFT_Drivers\ST7789_Rotation.h",".h","2722","untracked","NO/NOT SHOWN","NO","NO","NO","YES/LIKELY","NO/NOT SHOWN","YES (identical SHA-256 elsewhere)","False","DELETE_GENERATED","39d257e5a4ca9dadd3fd238692115587263206997ba7e4209907f9d973f7fb5f"
".pio\libdeps\esp32_035\TFT_eSPI\TFT_Drivers\ST7796_Defines.h",".h","2370","untracked","NO/NOT SHOWN","NO","NO","NO","YES/LIKELY","NO/NOT SHOWN","NO","False","DELETE_GENERATED","e592cd1b9c4b440d9e5980fd90fd51690b0af7e0030090867f5a644be7561846"
".pio\libdeps\esp32_035\TFT_eSPI\TFT_Drivers\ST7796_Init.h",".h","3184","untracked","NO/NOT SHOWN","NO","NO","NO","YES/LIKELY","NO/NOT SHOWN","NO","False","DELETE_GENERATED","7d9e858a3d99e5d85cfebc85362365a572c2c7e893920ca0b861e72c00759d59"
".pio\libdeps\esp32_035\TFT_eSPI\TFT_Drivers\ST7796_Rotation.h",".h","1854","untracked","NO/NOT SHOWN","NO","NO","NO","YES/LIKELY","NO/NOT SHOWN","NO","False","DELETE_GENERATED","8e582c55de898b7f2f37b1111b01c7d8003944e38961c4569c6aa832ffaedb1f"
".pio\libdeps\esp32_035\TFT_eSPI\TFT_eSPI.cpp",".cpp","195853","untracked","NO/NOT SHOWN","NO","NO","NO","YES/LIKELY","NO/NOT SHOWN","NO","False","DELETE_GENERATED","a0b1e1a46835df5cb72be21f75fa587f4a68f263b1cb466ec7760b44248a50ae"
".pio\libdeps\esp32_035\TFT_eSPI\TFT_eSPI.h",".h","47498","untracked","NO/NOT SHOWN","NO","NO","NO","YES/LIKELY","NO/NOT SHOWN","NO","False","DELETE_GENERATED","85cf10228cc49a6e4c3e5d3d3aa12c07ad01d7bb275ea95de9475e09bd17a7c8"
".pio\libdeps\esp32_035\TFT_eSPI\Tools\bmp2array4bit\bmp2array4bit.py",".py","8335","untracked","NO/NOT SHOWN","NO","NO","NO","YES/LIKELY","NO/NOT SHOWN","NO","False","DELETE_GENERATED","cd828edcff06f4026e2ec03dbaca72792c070b3c919eb3ec75d8fe9a2abe4a6c"
".pio\libdeps\esp32_035\TFT_eSPI\Tools\bmp2array4bit\README.md",".md","1292","untracked","NO/NOT SHOWN","NO","NO","NO","YES/LIKELY","NO/NOT SHOWN","NO","False","DELETE_GENERATED","d3d27172368fcf7cd6a6d0097a31cf619494abb933e908338405db22c3d9803d"
".pio\libdeps\esp32_035\TFT_eSPI\Tools\bmp2array4bit\star.bmp",".bmp","12986","untracked","NO/NOT SHOWN","NO","NO","NO","YES/LIKELY","NO/NOT SHOWN","NO","False","DELETE_GENERATED","b71bc8364267bd442614f3ac4da0e2aa0eb2f6d2842c560ab1f02a68f6d3ef38"
".pio\libdeps\esp32_035\TFT_eSPI\Tools\Create_Smooth_Font\Create_font\Create_font.pde",".pde","25801","untracked","NO/NOT SHOWN","NO","NO","NO","YES/LIKELY","NO/NOT SHOWN","NO","False","DELETE_GENERATED","f4cf45ca16760bfff846882dfdc6f23ed03263384d1b161ae76edeabca125e3b"
".pio\libdeps\esp32_035\TFT_eSPI\Tools\Create_Smooth_Font\Create_font\data\Final-Frontier.ttf",".ttf","19800","untracked","NO/NOT SHOWN","NO","NO","NO","YES/LIKELY","NO/NOT SHOWN","NO","False","DELETE_GENERATED","98f3da859f7cc3d71fbcd91f1b12adf389e1ee2a33b66fa413be31be255a4929"
".pio\libdeps\esp32_035\TFT_eSPI\Tools\Create_Smooth_Font\Create_font\FontFiles\Final-Frontier28.h",".h","152106","untracked","NO/NOT SHOWN","NO","NO","NO","YES/LIKELY","NO/NOT SHOWN","NO","False","DELETE_GENERATED","314659cdff37c858e354d31e855e4bf54be07d03bb4ef40714933d433a951d44"
".pio\libdeps\esp32_035\TFT_eSPI\Tools\Screenshot_client\Screenshot_client.pde",".pde","17047","untracked","NO/NOT SHOWN","NO","NO","NO","YES/LIKELY","NO/NOT SHOWN","NO","False","DELETE_GENERATED","5b355aaf7638b616a15c5165558e4efbba60470b24e82407a3a3033924c0afd2"
".pio\libdeps\esp32_035\TFT_eSPI\User_Setup.h",".h","18621","untracked","NO/NOT SHOWN","NO","NO","NO","YES/LIKELY","NO/NOT SHOWN","NO","False","DELETE_GENERATED","b69810c241c6dd0d54071f0207e210fd37fcbbbb5f80a6102d4b8d847359f39d"
".pio\libdeps\esp32_035\TFT_eSPI\User_Setup_Select.h",".h","17548","untracked","NO/NOT SHOWN","NO","NO","NO","YES/LIKELY","NO/NOT SHOWN","NO","False","DELETE_GENERATED","577c7e19e2b356a219558d43099a66d7969dd9120933343b16bbafafdafd707f"
".pio\libdeps\esp32_035\TFT_eSPI\User_Setups\Setup0_Sprite.h",".h","1512","untracked","NO/NOT SHOWN","NO","NO","NO","YES/LIKELY","NO/NOT SHOWN","NO","False","DELETE_GENERATED","65e9cde105366e6a4079239faa1f73a300f5252c08f9d1c7245310a60fe0a24a"
".pio\libdeps\esp32_035\TFT_eSPI\User_Setups\Setup1_ILI9341.h",".h","1369","untracked","NO/NOT SHOWN","NO","NO","NO","YES/LIKELY","NO/NOT SHOWN","NO","False","DELETE_GENERATED","128d583ca10e99005e61d2b8b02374cb23d01209c4dd5d51086e346768b4daff"
".pio\libdeps\esp32_035\TFT_eSPI\User_Setups\Setup10_RPi_touch_ILI9486.h",".h","1513","untracked","NO/NOT SHOWN","NO","NO","NO","YES/LIKELY","NO/NOT SHOWN","NO","False","DELETE_GENERATED","86fc4cdf5c14e9d3e7eb1d806c6b5bbe3ce9fa02943c7c7e010c279ca5274f46"
".pio\libdeps\esp32_035\TFT_eSPI\User_Setups\Setup100_RP2040_ILI9488_parallel.h",".h","2578","untracked","NO/NOT SHOWN","NO","NO","NO","YES/LIKELY","NO/NOT SHOWN","NO","False","DELETE_GENERATED","c3715860a95036ea019ec3e070d7b6ad194b8a01ad3f2c6dd6dee66ec6312077"
".pio\libdeps\esp32_035\TFT_eSPI\User_Setups\Setup101_RP2040_ILI9481_parallel.h",".h","2578","untracked","NO/NOT SHOWN","NO","NO","NO","YES/LIKELY","NO/NOT SHOWN","NO","False","DELETE_GENERATED","3e0682486211d5c36e7ea37190eef56d17d33a6f8875891b99faf9aa5783df14"
".pio\libdeps\esp32_035\TFT_eSPI\User_Setups\Setup102_RP2040_ILI9341_parallel.h",".h","2578","untracked","NO/NOT SHOWN","NO","NO","NO","YES/LIKELY","NO/NOT SHOWN","NO","False","DELETE_GENERATED","58d963c87df5c81fff1a96ed3f5951f0689a1a723e721bf7192c609b1010ef7b"
".pio\libdeps\esp32_035\TFT_eSPI\User_Setups\Setup103_RP2040_ILI9486_parallel.h",".h","2578","untracked","NO/NOT SHOWN","NO","NO","NO","YES/LIKELY","NO/NOT SHOWN","NO","False","DELETE_GENERATED","15fcbe17b823a77712610f6f1c741267ea98a945dbb4c442aa8d762e772432e1"
".pio\libdeps\esp32_035\TFT_eSPI\User_Setups\Setup104_RP2040_ST7796_parallel.h",".h","2577","untracked","NO/NOT SHOWN","NO","NO","NO","YES/LIKELY","NO/NOT SHOWN","NO","False","DELETE_GENERATED","6df20d83591b2ce87001886f29b91a060d60a18c4e8a620cf56ef5aada7aae76"
".pio\libdeps\esp32_035\TFT_eSPI\User_Setups\Setup105_RP2040_ST7796_16bit_parallel.h",".h","2651","untracked","NO/NOT SHOWN","NO","NO","NO","YES/LIKELY","NO/NOT SHOWN","NO","False","DELETE_GENERATED","b188b267fe750d91c53d613ad40b94e218520d8f4f64ae254f56e95194ba3e8b"
".pio\libdeps\esp32_035\TFT_eSPI\User_Setups\Setup106_RP2040_ILI9481_16bit_parallel.h",".h","3869","untracked","NO/NOT SHOWN","NO","NO","NO","YES/LIKELY","NO/NOT SHOWN","NO","False","DELETE_GENERATED","05d25fb84c526c59f03e6c9b390b33ee3ac519123aee3ae6b577259615dafd5e"
".pio\libdeps\esp32_035\TFT_eSPI\User_Setups\Setup107_RP2040_ILI9341_16bit_parallel.h",".h","2934","untracked","NO/NOT SHOWN","NO","NO","NO","YES/LIKELY","NO/NOT SHOWN","NO","False","DELETE_GENERATED","dad9dab080d0979cfdcc570a1be46828ad763a34a56efd1631d3ada1bc0ae179"
".pio\libdeps\esp32_035\TFT_eSPI\User_Setups\Setup108_RP2040_ST7735.h",".h","2128","untracked","NO/NOT SHOWN","NO","NO","NO","YES/LIKELY","NO/NOT SHOWN","NO","False","DELETE_GENERATED","4083bb0a8c3c41070094b0698fc90d86e72e0dec71fb85b2a52b0d3e947b4083"
".pio\libdeps\esp32_035\TFT_eSPI\User_Setups\Setup11_RPi_touch_ILI9486.h",".h","1399","untracked","NO/NOT SHOWN","NO","NO","NO","YES/LIKELY","NO/NOT SHOWN","NO","False","DELETE_GENERATED","cdbb0bdb4cd04e32451624f4d9ad63fc5d233df57b1052f40174d425e33ce11f"
".pio\libdeps\esp32_035\TFT_eSPI\User_Setups\Setup12_M5Stack_Basic_Core.h",".h","1304","untracked","NO/NOT SHOWN","NO","NO","NO","YES/LIKELY","NO/NOT SHOWN","NO","False","DELETE_GENERATED","3fcc24c08c75aa305469c20b7e0f99248e56d2d09fe1eaa859176018f1451600"
".pio\libdeps\esp32_035\TFT_eSPI\User_Setups\Setup13_ILI9481_Parallel.h",".h","1466","untracked","NO/NOT SHOWN","NO","NO","NO","YES/LIKELY","NO/NOT SHOWN","NO","False","DELETE_GENERATED","2d2c5dbf52eb03f3eec836e290cec5e60d41c722f8bdc5cf150870a814cf64c6"
".pio\libdeps\esp32_035\TFT_eSPI\User_Setups\Setup135_ST7789.h",".h","2202","untracked","NO/NOT SHOWN","NO","NO","NO","YES/LIKELY","NO/NOT SHOWN","NO","False","DELETE_GENERATED","32ed67c65f8eb18291bdb0d886ec82461c8f15284e53ea82c076044dbc56b6a8"
".pio\libdeps\esp32_035\TFT_eSPI\User_Setups\Setup136_LilyGo_TTV.h",".h","1366","untracked","NO/NOT SHOWN","NO","NO","NO","YES/LIKELY","NO/NOT SHOWN","NO","False","DELETE_GENERATED","c00cee3b8826a89ce8f8cad42ca6f5de7ccb36657566c9fe2261ad5a02648d8e"
".pio\libdeps\esp32_035\TFT_eSPI\User_Setups\Setup137_LilyGo_TDisplay_RP2040.h",".h","1515","untracked","NO/NOT SHOWN","NO","NO","NO","YES/LIKELY","NO/NOT SHOWN","NO","False","DELETE_GENERATED","5edbb4d86c98c7fd22cf2c523a099922cb7355d514f52ff04788d7a21164cf35"
".pio\libdeps\esp32_035\TFT_eSPI\User_Setups\Setup138_Pico_Explorer_Base_RP2040_ST7789.h",".h","1455","untracked","NO/NOT SHOWN","NO","NO","NO","YES/LIKELY","NO/NOT SHOWN","NO","False","DELETE_GENERATED","eb180e582b32e562aaac34db801efc493ce7624a22fe352e578ce33ace126cdb"
".pio\libdeps\esp32_035\TFT_eSPI\User_Setups\Setup14_ILI9341_Parallel.h",".h","1476","untracked","NO/NOT SHOWN","NO","NO","NO","YES/LIKELY","NO/NOT SHOWN","NO","False","DELETE_GENERATED","fcbc64c6094362e7fb8009724ae61310ae37dae56864e4c7c444806f59fe5bc5"
".pio\libdeps\esp32_035\TFT_eSPI\User_Setups\Setup15_HX8357D.h",".h","1649","untracked","NO/NOT SHOWN","NO","NO","NO","YES/LIKELY","NO/NOT SHOWN","NO","False","DELETE_GENERATED","d80c3dea043f093b914438be882fbb42b3ffca3e1b91871340b86b23be13c12b"
".pio\libdeps\esp32_035\TFT_eSPI\User_Setups\Setup16_ILI9488_Parallel.h",".h","1441","untracked","NO/NOT SHOWN","NO","NO","NO","YES/LIKELY","NO/NOT SHOWN","NO","False","DELETE_GENERATED","5448155d9804862489b3f4f88a575c50e4ad53f13e539cf8ed9fb744391fae70"
".pio\libdeps\esp32_035\TFT_eSPI\User_Setups\Setup17_ePaper.h",".h","899","untracked","NO/NOT SHOWN","NO","NO","NO","YES/LIKELY","NO/NOT SHOWN","NO","False","DELETE_GENERATED","f0f8dd9a0f2f6f39ce5689a459abee8a3395043454d73ad3ddbafa9ca3278828"
".pio\libdeps\esp32_035\TFT_eSPI\User_Setups\Setup18_ST7789.h",".h","2001","untracked","NO/NOT SHOWN","NO","NO","NO","YES/LIKELY","NO/NOT SHOWN","NO","False","DELETE_GENERATED","a4bb7aac397d467496fd5a7b6b535374d3e04eb8e4f668553e0535dcccc144b7"
".pio\libdeps\esp32_035\TFT_eSPI\User_Setups\Setup19_RM68140_Parallel.h",".h","1462","untracked","NO/NOT SHOWN","NO","NO","NO","YES/LIKELY","NO/NOT SHOWN","NO","False","DELETE_GENERATED","5e01fe16d6707485ac2a21741edeb01c688f3f675eed73e566016d8627f44612"
".pio\libdeps\esp32_035\TFT_eSPI\User_Setups\Setup2_ST7735.h",".h","1929","untracked","NO/NOT SHOWN","NO","NO","NO","YES/LIKELY","NO/NOT SHOWN","NO","False","DELETE_GENERATED","6aed23d952c7830ec322ae5c73bc2f10dd925a3f0114b26d68cf393111dbe5bc"
".pio\libdeps\esp32_035\TFT_eSPI\User_Setups\Setup20_ILI9488.h",".h","1422","untracked","NO/NOT SHOWN","NO","NO","NO","YES/LIKELY","NO/NOT SHOWN","NO","False","DELETE_GENERATED","d5acb0dbb83868fc0f0159cf1a03ff77e55932ef2828602511d803f2d1e2f4be"
".pio\libdeps\esp32_035\TFT_eSPI\User_Setups\Setup200_GC9A01.h",".h","1436","untracked","NO/NOT SHOWN","NO","NO","NO","YES/LIKELY","NO/NOT SHOWN","NO","False","DELETE_GENERATED","10b1ff3b4b2a1fb5f677b4f48f15c8e89c7589a54feedca0c371ca9a5cdfaf98"
".pio\libdeps\esp32_035\TFT_eSPI\User_Setups\Setup201_WT32_SC01.h",".h","1909","untracked","NO/NOT SHOWN","NO","NO","NO","YES/LIKELY","NO/NOT SHOWN","NO","False","DELETE_GENERATED","d0ecae874ad5891e3d995446699745f12eea0031ea1fd6dd82cc124d619bbae5"
".pio\libdeps\esp32_035\TFT_eSPI\User_Setups\Setup202_SSD1351_128.h",".h","2570","untracked","NO/NOT SHOWN","NO","NO","NO","YES/LIKELY","NO/NOT SHOWN","NO","False","DELETE_GENERATED","122c624184a9e544bd0a334910e479bfb72b81ed421db1ff792f7d0fb1b99df1"
".pio\libdeps\esp32_035\TFT_eSPI\User_Setups\Setup203_ST7789.h",".h","2202","untracked","NO/NOT SHOWN","NO","NO","NO","YES/LIKELY","NO/NOT SHOWN","NO","False","DELETE_GENERATED","7d5ff85ebc41bea6436e083dc7fb0d832454db99bd5febc2702eaca532f08d71"
".pio\libdeps\esp32_035\TFT_eSPI\User_Setups\Setup204_ESP32_TouchDown.h",".h","621","untracked","NO/NOT SHOWN","NO","NO","NO","YES/LIKELY","NO/NOT SHOWN","NO","False","DELETE_GENERATED","9a7e885e486a89ada40641dc96d6098149581c78069a1fffd0f8fdf99f483b37"
".pio\libdeps\esp32_035\TFT_eSPI\User_Setups\Setup205_ESP32_TouchDown_S3.h",".h","635","untracked","NO/NOT SHOWN","NO","NO","NO","YES/LIKELY","NO/NOT SHOWN","NO","False","DELETE_GENERATED","b14e20f154e8913dd8edc22ccb5a052fe950262bfd0840a33be59dfe947c901c"
".pio\libdeps\esp32_035\TFT_eSPI\User_Setups\Setup206_LilyGo_T_Display_S3.h",".h","884","untracked","NO/NOT SHOWN","NO","NO","NO","YES/LIKELY","NO/NOT SHOWN","NO","False","DELETE_GENERATED","d83cce766500967e0f2d263e992d90881867df422cd2b064f6b4c1212f11b0e8"
".pio\libdeps\esp32_035\TFT_eSPI\User_Setups\Setup207_LilyGo_T_HMI.h",".h","2034","untracked","NO/NOT SHOWN","NO","NO","NO","YES/LIKELY","NO/NOT SHOWN","NO","False","DELETE_GENERATED","ad56cf348de2695b099ee3f506bf660c78da83fbeebeeb99de5c2372befd06f4"
".pio\libdeps\esp32_035\TFT_eSPI\User_Setups\Setup209_LilyGo_T_Dongle_S3.h",".h","1990","untracked","NO/NOT SHOWN","NO","NO","NO","YES/LIKELY","NO/NOT SHOWN","NO","False","DELETE_GENERATED","31f01e2387b814b7f855de42152e85ca16b7b8afdcbf36b151a2d1a9afdb5f1d"
".pio\libdeps\esp32_035\TFT_eSPI\User_Setups\Setup21_ILI9488.h",".h","1436","untracked","NO/NOT SHOWN","NO","NO","NO","YES/LIKELY","NO/NOT SHOWN","NO","False","DELETE_GENERATED","ff0493e75d8b8326f88de3bfa6bc0133709c18691be37038e2c6ede15285d8be"
".pio\libdeps\esp32_035\TFT_eSPI\User_Setups\Setup210_LilyGo_T_Embed_S3.h",".h","1678","untracked","NO/NOT SHOWN","NO","NO","NO","YES/LIKELY","NO/NOT SHOWN","NO","False","DELETE_GENERATED","eaa047989e4c60a608ea528b34390c2010a69ee8e784ede6cc1b7012150830a1"
".pio\libdeps\esp32_035\TFT_eSPI\User_Setups\Setup211_LilyGo_T_QT_Pro_S3.h",".h","1700","untracked","NO/NOT SHOWN","NO","NO","NO","YES/LIKELY","NO/NOT SHOWN","NO","False","DELETE_GENERATED","ea47adbce4115c60b3ae2eb020593df2de0d6acfcc327289614ef2ced0c310d5"
".pio\libdeps\esp32_035\TFT_eSPI\User_Setups\Setup212_LilyGo_T_PicoPro.h",".h","1611","untracked","NO/NOT SHOWN","NO","NO","NO","YES/LIKELY","NO/NOT SHOWN","NO","False","DELETE_GENERATED","9f0ee962ecfe6b837258db8aa7b951ef269e8152171d30d9d96a56f4777653eb"
".pio\libdeps\esp32_035\TFT_eSPI\User_Setups\Setup213_LilyGo_T_Beam_Shield.h",".h","1473","untracked","NO/NOT SHOWN","NO","NO","NO","YES/LIKELY","NO/NOT SHOWN","NO","False","DELETE_GENERATED","0e503857c6e1dfe9464070b123f456b37ec0e0b53516b7a49a16c4995af0cc6c"
".pio\libdeps\esp32_035\TFT_eSPI\User_Setups\Setup22_TTGO_T4.h",".h","811","untracked","NO/NOT SHOWN","NO","NO","NO","YES/LIKELY","NO/NOT SHOWN","NO","False","DELETE_GENERATED","13763ac6391f11ee3c7f713ea34ffac4d8bbe393dd21b530df231d8e991a5900"
".pio\libdeps\esp32_035\TFT_eSPI\User_Setups\Setup22_TTGO_T4_v1.3.h",".h","732","untracked","NO/NOT SHOWN","NO","NO","NO","YES/LIKELY","NO/NOT SHOWN","NO","False","DELETE_GENERATED","d940b2a13fb7478b2a9f5993c2e48da3409edc8bdd3eb975ccf3c726339c203f"
".pio\libdeps\esp32_035\TFT_eSPI\User_Setups\Setup23_TTGO_TM.h",".h","1095","untracked","NO/NOT SHOWN","NO","NO","NO","YES/LIKELY","NO/NOT SHOWN","NO","False","DELETE_GENERATED","57440e93249c4d14d8fdb7334052681fe75a747f67c15e52ff8aa0f53597109b"
".pio\libdeps\esp32_035\TFT_eSPI\User_Setups\Setup24_ST7789.h",".h","2135","untracked","NO/NOT SHOWN","NO","NO","NO","YES/LIKELY","NO/NOT SHOWN","NO","False","DELETE_GENERATED","a50a38c266441a79a5ec0434f3ddb78e76978305633af521d2b72a905e2908c7"
".pio\libdeps\esp32_035\TFT_eSPI\User_Setups\Setup25_TTGO_T_Display.h",".h","919","untracked","NO/NOT SHOWN","NO","NO","NO","YES/LIKELY","NO/NOT SHOWN","NO","False","DELETE_GENERATED","2034db063109fc081fe7ad90190f0ef3691f3922e6a5e0d0cda93fda825daec0"
".pio\libdeps\esp32_035\TFT_eSPI\User_Setups\Setup250_ESP32_S3_Box_Lite.h",".h","567","untracked","NO/NOT SHOWN","NO","NO","NO","YES/LIKELY","NO/NOT SHOWN","NO","False","DELETE_GENERATED","83cc5f14d9da8dc41cbfeb4c5a4b750dac66b30893c9b715548054b4ba2ceba1"
".pio\libdeps\esp32_035\TFT_eSPI\User_Setups\Setup251_ESP32_S3_Box.h",".h","1256","untracked","NO/NOT SHOWN","NO","NO","NO","YES/LIKELY","NO/NOT SHOWN","NO","False","DELETE_GENERATED","b218ac9ff8669c1bda8f0d6221d57809450c33f1cbc54e54fa2bdb74390624ab"
".pio\libdeps\esp32_035\TFT_eSPI\User_Setups\Setup26_TTGO_T_Wristband.h",".h","1742","untracked","NO/NOT SHOWN","NO","NO","NO","YES/LIKELY","NO/NOT SHOWN","NO","False","DELETE_GENERATED","4878319fdb81f6f95f680ad1b5499e14c9410b5f884c37e5761bad419d6966c1"
".pio\libdeps\esp32_035\TFT_eSPI\User_Setups\Setup27_RPi_ST7796_ESP32.h",".h","4529","untracked","NO/NOT SHOWN","NO","NO","NO","YES/LIKELY","NO/NOT SHOWN","NO","False","DELETE_GENERATED","b22820b17c0c56e9a4a245195924b30867ae5f8c4ca39bb5b92158eb00bf48de"
".pio\libdeps\esp32_035\TFT_eSPI\User_Setups\Setup28_RPi_ST7796_ESP8266.h",".h","4844","untracked","NO/NOT SHOWN","NO","NO","NO","YES/LIKELY","NO/NOT SHOWN","NO","False","DELETE_GENERATED","80e8903ec3268529a54b36c5e7956d3208d46951ac9823434efc0aff9d0e6a66"
".pio\libdeps\esp32_035\TFT_eSPI\User_Setups\Setup29_ILI9341_STM32.h",".h","3821","untracked","NO/NOT SHOWN","NO","NO","NO","YES/LIKELY","NO/NOT SHOWN","NO","False","DELETE_GENERATED","eb3d7bc150c23873746fd27797c73169ab686aac1099bfdd63d48d5911610fce"
".pio\libdeps\esp32_035\TFT_eSPI\User_Setups\Setup29b_ILI9341_STM32.h",".h","5667","untracked","NO/NOT SHOWN","NO","NO","NO","YES/LIKELY","NO/NOT SHOWN","NO","False","DELETE_GENERATED","70723a236d27201ff853673bc8975362095353362de618330ee3feaab8a5738c"
".pio\libdeps\esp32_035\TFT_eSPI\User_Setups\Setup3_ILI9163.h",".h","1581","untracked","NO/NOT SHOWN","NO","NO","NO","YES/LIKELY","NO/NOT SHOWN","NO","False","DELETE_GENERATED","072046355669cda8510f14e9cd625a6408692481bf6cfd619e437384a8b73371"
".pio\libdeps\esp32_035\TFT_eSPI\User_Setups\Setup30_ILI9341_Parallel_STM32.h",".h","2108","untracked","NO/NOT SHOWN","NO","NO","NO","YES/LIKELY","NO/NOT SHOWN","NO","False","DELETE_GENERATED","0873e61cb05ee50f2b0ef500d86fdfbe83477d5d03a3a469bcce43dc6de66658"
".pio\libdeps\esp32_035\TFT_eSPI\User_Setups\Setup301_BW16_ST7735.h",".h","1819","untracked","NO/NOT SHOWN","NO","NO","NO","YES/LIKELY","NO/NOT SHOWN","NO","False","DELETE_GENERATED","d4f8402b7c511650275e22e0f009ad464bd142a629fd693ed210077156e25c1c"
".pio\libdeps\esp32_035\TFT_eSPI\User_Setups\Setup302_Waveshare_ESP32S3_GC9A01.h",".h","1310","untracked","NO/NOT SHOWN","NO","NO","NO","YES/LIKELY","NO/NOT SHOWN","NO","False","DELETE_GENERATED","cd43979d237a826fe1dee4477d5b61026b4226e87af67be2c8578cd460b8d643"
".pio\libdeps\esp32_035\TFT_eSPI\User_Setups\Setup31_ST7796_Parallel_STM32.h",".h","2113","untracked","NO/NOT SHOWN","NO","NO","NO","YES/LIKELY","NO/NOT SHOWN","NO","False","DELETE_GENERATED","334dd7bdc85b8948ba95e98dc13282f02263dcdf6f68a53860eeea107adc8eb4"
".pio\libdeps\esp32_035\TFT_eSPI\User_Setups\Setup32_ILI9341_STM32F103.h",".h","3196","untracked","NO/NOT SHOWN","NO","NO","NO","YES/LIKELY","NO/NOT SHOWN","NO","False","DELETE_GENERATED","01a0cc37afcfbfaa3efb49a919d883a698e965979e81fcd707e4c0e35d66e4dd"
".pio\libdeps\esp32_035\TFT_eSPI\User_Setups\Setup33_RPi_ILI9486_STM32.h",".h","3237","untracked","NO/NOT SHOWN","NO","NO","NO","YES/LIKELY","NO/NOT SHOWN","NO","False","DELETE_GENERATED","bbf76931512f5631f0b75bd7ce3a6d89b79b0c3b034a9165e875eb936e5dfd0b"
".pio\libdeps\esp32_035\TFT_eSPI\User_Setups\Setup34_ILI9481_Parallel_STM32.h",".h","2106","untracked","NO/NOT SHOWN","NO","NO","NO","YES/LIKELY","NO/NOT SHOWN","NO","False","DELETE_GENERATED","2b1cc4b216adbadbf127e32debd4162a4d1331dbfcdf76bdebbb1519480ad3d7"
".pio\libdeps\esp32_035\TFT_eSPI\User_Setups\Setup35_ILI9341_STM32_Port_Bus.h",".h","2522","untracked","NO/NOT SHOWN","NO","NO","NO","YES/LIKELY","NO/NOT SHOWN","NO","False","DELETE_GENERATED","68762c5abd3351054f67eeeffa655dc0a05477a31b325bf090171c9555cdc8d7"
".pio\libdeps\esp32_035\TFT_eSPI\User_Setups\Setup36_RPi_touch_ST7796.h",".h","1334","untracked","NO/NOT SHOWN","NO","NO","NO","YES/LIKELY","NO/NOT SHOWN","NO","False","DELETE_GENERATED","3e490d15482605b8fbaa4486a1ad3bb7e48b06e14302fae50e2526a14eca90c5"
".pio\libdeps\esp32_035\TFT_eSPI\User_Setups\Setup4_S6D02A1.h",".h","1533","untracked","NO/NOT SHOWN","NO","NO","NO","YES/LIKELY","NO/NOT SHOWN","NO","False","DELETE_GENERATED","6158c4678722fe8a1829d28f010d7b1560d1b2fb4b8640708964b279494df3f6"
".pio\libdeps\esp32_035\TFT_eSPI\User_Setups\Setup42_ILI9341_ESP32.h",".h","1584","untracked","NO/NOT SHOWN","NO","NO","NO","YES/LIKELY","NO/NOT SHOWN","NO","False","DELETE_GENERATED","6afa62b3501d71b37a028d642344bd85b87ca01a2468d1f87fedb0cd77d68876"
".pio\libdeps\esp32_035\TFT_eSPI\User_Setups\Setup43_ST7735.h",".h","2261","untracked","NO/NOT SHOWN","NO","NO","NO","YES/LIKELY","NO/NOT SHOWN","NO","False","DELETE_GENERATED","33f1a6b8b416e6998f55c37f33ebcf4873fc51c777d8b9e4c99f8da9bc4ee991"
".pio\libdeps\esp32_035\TFT_eSPI\User_Setups\Setup44_TTGO_CameraPlus.h",".h","1312","untracked","NO/NOT SHOWN","NO","NO","NO","YES/LIKELY","NO/NOT SHOWN","NO","False","DELETE_GENERATED","515e57f3922e865bdfcbd157b2d942d1d4046cf677abeb9ecb7b5275fc918646"
".pio\libdeps\esp32_035\TFT_eSPI\User_Setups\Setup45_TTGO_T_Watch.h",".h","1289","untracked","NO/NOT SHOWN","NO","NO","NO","YES/LIKELY","NO/NOT SHOWN","NO","False","DELETE_GENERATED","723d44b0ab06437f2de9324e6377edb6254f791507a2bd1dc0f313aa526edd3f"
".pio\libdeps\esp32_035\TFT_eSPI\User_Setups\Setup46_GC9A01_ESP32.h",".h","1309","untracked","NO/NOT SHOWN","NO","NO","NO","YES/LIKELY","NO/NOT SHOWN","NO","False","DELETE_GENERATED","592dc4d463b66529dace801c8e22ee43e4846cc2594e202b9c441e71d8daf46e"
".pio\libdeps\esp32_035\TFT_eSPI\User_Setups\Setup47_ST7735.h",".h","2051","untracked","NO/NOT SHOWN","NO","NO","NO","YES/LIKELY","NO/NOT SHOWN","NO","False","DELETE_GENERATED","e15adc6685bc867d1f7811f97f8b5df703d43ff2abca0887e8531920065f7ed4"
".pio\libdeps\esp32_035\TFT_eSPI\User_Setups\Setup5_RPi_ILI9486.h",".h","1377","untracked","NO/NOT SHOWN","NO","NO","NO","YES/LIKELY","NO/NOT SHOWN","NO","False","DELETE_GENERATED","acdd671827f2cb2cc7c174022cb94c55a7c132a38192b392a476d9f465a9b943"
".pio\libdeps\esp32_035\TFT_eSPI\User_Setups\Setup50_SSD1963_Parallel.h",".h","4348","untracked","NO/NOT SHOWN","NO","NO","NO","YES/LIKELY","NO/NOT SHOWN","NO","False","DELETE_GENERATED","794017030c4861ecdadac9059eeddeb4dab86758906e7983f8612a8208c70830"
".pio\libdeps\esp32_035\TFT_eSPI\User_Setups\Setup51_LilyPi_ILI9481.h",".h","1367","untracked","NO/NOT SHOWN","NO","NO","NO","YES/LIKELY","NO/NOT SHOWN","NO","False","DELETE_GENERATED","90e6302d6361a9cb072d37fa58969dad8cfda126ec6e12fe8128923ed5039b6d"
".pio\libdeps\esp32_035\TFT_eSPI\User_Setups\Setup52_LilyPi_ST7796.h",".h","1385","untracked","NO/NOT SHOWN","NO","NO","NO","YES/LIKELY","NO/NOT SHOWN","NO","False","DELETE_GENERATED","076893fce75b4979614d9b6eb33c19c04292c6133e7fa3fb5a796016c1887d34"
".pio\libdeps\esp32_035\TFT_eSPI\User_Setups\Setup6_RPi_Wr_ILI9486.h",".h","1455","untracked","NO/NOT SHOWN","NO","NO","NO","YES/LIKELY","NO/NOT SHOWN","NO","False","DELETE_GENERATED","b87aab407f3c31f9eced9380f5cf1537a8223152bc396ba993e2f6d145d78900"
".pio\libdeps\esp32_035\TFT_eSPI\User_Setups\Setup60_RP2040_ILI9341.h",".h","9081","untracked","NO/NOT SHOWN","NO","NO","NO","YES/LIKELY","NO/NOT SHOWN","NO","False","DELETE_GENERATED","fdf0a115d0939799df9c6dfa46b343ce2773084ac5832f2c9f798f126de908f2"
".pio\libdeps\esp32_035\TFT_eSPI\User_Setups\Setup60_RP2040_RPI_MHS.h",".h","1467","untracked","NO/NOT SHOWN","NO","NO","NO","YES/LIKELY","NO/NOT SHOWN","NO","False","DELETE_GENERATED","5bae828d507ff27d4aead1bdb70913ba947bb761f5698b3e6236e85f3ad9e9b1"
".pio\libdeps\esp32_035\TFT_eSPI\User_Setups\Setup61_RP2040_ILI9341_PIO_SPI.h",".h","2090","untracked","NO/NOT SHOWN","NO","NO","NO","YES/LIKELY","NO/NOT SHOWN","NO","False","DELETE_GENERATED","9de67c8d5160c8407db1bb1398c436d8eea88d0452726940dae03e51ab0b7e9f"
".pio\libdeps\esp32_035\TFT_eSPI\User_Setups\Setup62_RP2040_Nano_Connect_ILI9341.h",".h","9634","untracked","NO/NOT SHOWN","NO","NO","NO","YES/LIKELY","NO/NOT SHOWN","NO","False","DELETE_GENERATED","e44ff4075a00feb1f0a9d99d3092a779f658070b098c31b093c1e8eda950710b"
".pio\libdeps\esp32_035\TFT_eSPI\User_Setups\Setup66_Seeed_XIAO_Round.h",".h","1442","untracked","NO/NOT SHOWN","NO","NO","NO","YES/LIKELY","NO/NOT SHOWN","NO","False","DELETE_GENERATED","b1077f5a22aad3c5bf83c91e0e31a8d616e3128d2ecd647a2ca1cf1a5dc5db79"
".pio\libdeps\esp32_035\TFT_eSPI\User_Setups\Setup7_ST7735_128x128.h",".h","1923","untracked","NO/NOT SHOWN","NO","NO","NO","YES/LIKELY","NO/NOT SHOWN","NO","False","DELETE_GENERATED","68ca579825309a5b0747a8d293e4416c21d7bdbe5f25e724bcfa3aaff0fee977"
".pio\libdeps\esp32_035\TFT_eSPI\User_Setups\Setup70_ESP32_S2_ILI9341.h",".h","948","untracked","NO/NOT SHOWN","NO","NO","NO","YES/LIKELY","NO/NOT SHOWN","NO","False","DELETE_GENERATED","61a1b397d05f30dea320d0bb7a46e43e147143fef7d9ef42347e948bff4c7983"
".pio\libdeps\esp32_035\TFT_eSPI\User_Setups\Setup70b_ESP32_S3_ILI9341.h",".h","1075","untracked","NO/NOT SHOWN","NO","NO","NO","YES/LIKELY","NO/NOT SHOWN","NO","False","DELETE_GENERATED","eb252edcb78ed33bb6a57c6f584988d54ff0d61a706c5e127867e9ac3f700a55"
".pio\libdeps\esp32_035\TFT_eSPI\User_Setups\Setup70c_ESP32_C3_ILI9341.h",".h","1033","untracked","NO/NOT SHOWN","NO","NO","NO","YES/LIKELY","NO/NOT SHOWN","NO","False","DELETE_GENERATED","280de3f5a2532b824343971f968434eb13bcefdf89ec52a0d478b7400b4365de"
".pio\libdeps\esp32_035\TFT_eSPI\User_Setups\Setup70d_ILI9488_S3_Parallel.h",".h","834","untracked","NO/NOT SHOWN","NO","NO","NO","YES/LIKELY","NO/NOT SHOWN","NO","False","DELETE_GENERATED","e5767b5cd7f7aaf81d4b2b962d64e8a2679be8a2188ead7747ec472ff3822999"
".pio\libdeps\esp32_035\TFT_eSPI\User_Setups\Setup70f_ESP32_S2_ST7735.h",".h","1018","untracked","NO/NOT SHOWN","NO","NO","NO","YES/LIKELY","NO/NOT SHOWN","NO","False","DELETE_GENERATED","2fd5b6e626b926c32df532695ff19c1f71a1094ed59b73d38f41df511f3ca2bb"
".pio\libdeps\esp32_035\TFT_eSPI\User_Setups\Setup70h_ESP32_S3_GC9A01.h",".h","839","untracked","NO/NOT SHOWN","NO","NO","NO","YES/LIKELY","NO/NOT SHOWN","NO","False","DELETE_GENERATED","227302ee078ef517188def1fb1e553c360f47ddf35dec295acb3014f1741b679"
".pio\libdeps\esp32_035\TFT_eSPI\User_Setups\Setup71_ESP32_S2_ST7789.h",".h","646","untracked","NO/NOT SHOWN","NO","NO","NO","YES/LIKELY","NO/NOT SHOWN","NO","False","DELETE_GENERATED","5d9382ca3c062f3ea0ff0ac29f79860068a5f234d733969332bc185ce2ca4343"
".pio\libdeps\esp32_035\TFT_eSPI\User_Setups\Setup72_ESP32_ST7789_172x320.h",".h","1589","untracked","NO/NOT SHOWN","NO","NO","NO","YES/LIKELY","NO/NOT SHOWN","NO","False","DELETE_GENERATED","4fefefc02a18cb1763b430082becb42c7c6b92cd6f81453dbb3dae7240a3cf63"
".pio\libdeps\esp32_035\TFT_eSPI\User_Setups\Setup8_ILI9163_128x128.h",".h","1585","untracked","NO/NOT SHOWN","NO","NO","NO","YES/LIKELY","NO/NOT SHOWN","NO","False","DELETE_GENERATED","18a08cf9d2268a68d740e38abab80c2924b21f31df097e9938e6636432044207"
".pio\libdeps\esp32_035\TFT_eSPI\User_Setups\Setup9_ST7735_Overlap.h",".h","2425","untracked","NO/NOT SHOWN","NO","NO","NO","YES/LIKELY","NO/NOT SHOWN","NO","False","DELETE_GENERATED","c8779d6ae6884b773ca3cfea35efbc666a67f2adf9ca0418bdd6da30977e84a2"
".pio\libdeps\esp32_035\TFT_eSPI\User_Setups\SetupX_Template.h",".h","16929","untracked","NO/NOT SHOWN","NO","NO","NO","YES/LIKELY","POSSIBLE - REVIEW","NO","False","DELETE_GENERATED","3b49fe469ca10c17e73a045748170fb39274a13976f678acb39825487bf803d9"
".pio\libdeps\esp32_035\TFT_eSPI\User_Setups\User_Custom_Fonts.h",".h","1741","untracked","NO/NOT SHOWN","NO","NO","NO","YES/LIKELY","NO/NOT SHOWN","NO","False","DELETE_GENERATED","774a210029d5731abb5504c9e40bc11a074214e085422056af035938e1ca2f88"
".pio\localization-before.h",".h","54411","untracked","NO/NOT SHOWN","NO","NO","NO","YES/LIKELY","NO/NOT SHOWN","NO","False","DELETE_GENERATED","30678d6ad2cdad1d7b906bb8c8fc8f9c07fe04a9db50535ac72d62c703b8d286"
".pio\localization-critical-hashes.json",".json","1890","untracked","NO/NOT SHOWN","NO","NO","NO","YES/LIKELY","NO/NOT SHOWN","NO","False","DELETE_GENERATED","b021f0d4058c8091cd28ed45b9cf98f638af8e013967d2156081fbe1b0571611"
".pio\localization-server-after.h",".h","26877","untracked","NO/NOT SHOWN","NO","NO","NO","YES/LIKELY","NO/NOT SHOWN","NO","False","DELETE_GENERATED","da235b22293bed1c89db1dd9d3d27ecfe65607605132ecc9c9a4e374dba23b16"
".pio\master-plan-review.txt",".txt","65374","untracked","NO/NOT SHOWN","NO","NO","NO","YES/LIKELY","NO/NOT SHOWN","NO","False","DELETE_GENERATED","0f21f3003133e4ad56dda7795606888e7848d80795c0171ee64849f578de1331"
".pio\phase11_ui.js",".js","28640","untracked","NO/NOT SHOWN","NO","NO","NO","YES/LIKELY","NO/NOT SHOWN","NO","False","DELETE_GENERATED","81814cae121ba833082375ae848599f9d69be512a8ff739a838c1061c5bc6eb5"
".pio\phase11_ui.patch",".patch","17779","untracked","NO/NOT SHOWN","NO","NO","NO","YES/LIKELY","POSSIBLE - REVIEW","NO","False","DELETE_GENERATED","39fc9ae31a79e65cff434a2311bcc57a325f246c511fbba6da75188b0ef670c2"
".pio\phase11_ui_candidate.h",".h","92974","untracked","NO/NOT SHOWN","NO","NO","NO","YES/LIKELY","NO/NOT SHOWN","NO","False","DELETE_GENERATED","97b8aca4bf2eef0509b4f7309fcc2944ac4be45b09c9394e29eaa33b9d0a61b0"
".pio\phase12_cloud_ui.js",".js","33418","untracked","NO/NOT SHOWN","NO","NO","NO","YES/LIKELY","NO/NOT SHOWN","NO","False","DELETE_GENERATED","a1e1dc73d5e249cff56333842a0588a94b897e1fe9358132f1f27390bb6fcaa7"
".pio\phase8-final-utf8-audit.txt",".txt","7506","untracked","NO/NOT SHOWN","NO","NO","NO","YES/LIKELY","NO/NOT SHOWN","YES (identical SHA-256 elsewhere)","False","DELETE_GENERATED","1d69788e2eafcd3007146cda546d68f52f131b867568daccddc96ae01d808dda"
".pio\phase8-utf8-audit.txt",".txt","7506","untracked","NO/NOT SHOWN","NO","NO","NO","YES/LIKELY","NO/NOT SHOWN","YES (identical SHA-256 elsewhere)","False","DELETE_GENERATED","1d69788e2eafcd3007146cda546d68f52f131b867568daccddc96ae01d808dda"
".pio\phone2_preview.py",".py","3300","untracked","NO/NOT SHOWN","NO","NO","NO","YES/LIKELY","NO/NOT SHOWN","NO","False","DELETE_GENERATED","996cedd443b4c9d9131bc6d67a0501bd953eb3a817e62cfdff3f2c850dc4cfa0"
".pio\preserve_setup.py",".py","381","untracked","NO/NOT SHOWN","NO","NO","NO","YES/LIKELY","NO/NOT SHOWN","NO","False","DELETE_GENERATED","6b67224f5305c968242db16760088b12a63c80a159e14c344de1302c7f94adfa"
".pio\record_phone2_pass.py",".py","3094","untracked","NO/NOT SHOWN","NO","NO","NO","YES/LIKELY","NO/NOT SHOWN","NO","False","DELETE_GENERATED","49c707212555ac17093b238e2215ba98aac15e3f75d3d58f0e1bb6e7963d2f2c"
".pio\report_evidence.py",".py","2392","untracked","NO/NOT SHOWN","NO","NO","NO","YES/LIKELY","NO/NOT SHOWN","NO","False","DELETE_GENERATED","cf82b1a796606b994e495b96d96aaa1ecf75cce1ddee6718ada7149898e998b6"
".pio\reproduce_enroll_event.py",".py","1698","untracked","NO/NOT SHOWN","NO","NO","NO","YES/LIKELY","NO/NOT SHOWN","NO","False","DELETE_GENERATED","b51047fe09cc2f7bb407af092bc9289fb97d93b1b3977740e97a8b63d3e17435"
".pio\review_ui.py",".py","2787","untracked","NO/NOT SHOWN","NO","NO","NO","YES/LIKELY","NO/NOT SHOWN","NO","False","DELETE_GENERATED","9818b936c4caff91dad3b7a3cd944e1215355a9cc69afc03ea054f20792cf089"
".pio\serial_observe.py",".py","267","untracked","NO/NOT SHOWN","NO","NO","NO","YES/LIKELY","NO/NOT SHOWN","NO","False","DELETE_GENERATED","018d0440e33a488bd969397f35fd42db9d602765a9a74da8620c7431aef70bed"
".pio\update_asset_test.py",".py","204","untracked","NO/NOT SHOWN","NO","NO","NO","YES/LIKELY","NO/NOT SHOWN","NO","False","DELETE_GENERATED","b2821c96b72440eb611553507179f0e101f41e434c6fe23128f9e1ac0ab056f2"
".pio\update_identity.py",".py","6899","untracked","NO/NOT SHOWN","NO","NO","NO","YES/LIKELY","NO/NOT SHOWN","NO","False","DELETE_GENERATED","f154ae6e25b148f41703ba6df307592ac5c4eaa54025ba74aedd81005e0c29c2"
"docs\architecture\ASTRA_LINE_HEAP_ROOT_CAUSE_2026-09-28.md",".md","36399","untracked","NO/NOT SHOWN","NO","NO","YES","NO/NOT SHOWN","POSSIBLE - REVIEW","NO","False","ARCHIVE_DOCUMENTATION","e8fd31fd5ce2c74610fc43cd50fa49228067e8c0812f552ff9ad79234d1f79eb"
"docs\architecture\ASTRA_SYSTEM_UNDERSTANDING_2026-09-28.md",".md","41338","untracked","NO/NOT SHOWN","NO","NO","YES","NO/NOT SHOWN","NO/NOT SHOWN","NO","False","ARCHIVE_DOCUMENTATION","b2dbdcb70348db4b7adb1ef65e2c98d040612cfda6933f18a1e1507884dcdd60"
"docs\DATABASE_SCHEMA.md",".md","3217","tracked","NO/NOT SHOWN","NO","NO","YES","NO/NOT SHOWN","NO/NOT SHOWN","NO","False","ARCHIVE_DOCUMENTATION","5f0a4a77717676631f7bd9b77c0ece966ecfe53ca94401a3625880b21600a7ea"
"docs\design\GOOGLE_SHEETS_ARCHITECTURE.md",".md","56017","tracked","NO/NOT SHOWN","NO","NO","YES","NO/NOT SHOWN","NO/NOT SHOWN","NO","False","ARCHIVE_DOCUMENTATION","4c68b0fb3ad5621a2668d776ca97dc884a93210ac4250a83a2565c1707f96e42"
"docs\design\GOOGLE_SHEETS_FREE_ONLY_ARCHITECTURE.md",".md","57104","tracked","NO/NOT SHOWN","NO","NO","YES","NO/NOT SHOWN","NO/NOT SHOWN","NO","False","ARCHIVE_DOCUMENTATION","aec35afc300610838ed38fff5768fee375155573d74f738467dee122a6e0d81d"
"docs\design\GOOGLE_SHEETS_ONE_CLICK_ARCHITECTURE.md",".md","11610","tracked","NO/NOT SHOWN","NO","NO","YES","NO/NOT SHOWN","NO/NOT SHOWN","NO","False","ARCHIVE_DOCUMENTATION","82094b2c4f1d1cd105bfe33d98da4ba9883e580cfbaa47c826eb5cb705db24bb"
"docs\design\LINE_ONLY_OWNER_PROVISIONING_ARCHITECTURE.md",".md","27473","tracked","NO/NOT SHOWN","NO","NO","YES","NO/NOT SHOWN","NO/NOT SHOWN","NO","False","ARCHIVE_DOCUMENTATION","dec5ad5cea527a1a30bd19261c2d06f116fc20c15c0e4df950cbd438918dcc6a"
"docs\design\LINE_SECURITY_NOTIFICATIONS_ARCHITECTURE.md",".md","44202","tracked","NO/NOT SHOWN","NO","NO","YES","NO/NOT SHOWN","NO/NOT SHOWN","NO","False","ARCHIVE_DOCUMENTATION","55db6aa589a09ff264e5ef081bb46fb8653a84bf4fa1daefe2b7ab9df6768a43"
"docs\design\LOCAL_CANONICAL_FALLBACK.md",".md","2812","tracked","NO/NOT SHOWN","NO","NO","YES","NO/NOT SHOWN","NO/NOT SHOWN","NO","False","ARCHIVE_DOCUMENTATION","14583231c4ba0c61066c63ae7723262621dc07c44e68d7879e7aeabb672d07c3"
"docs\HARDWARE_BASELINE.md",".md","4524","tracked","NO/NOT SHOWN","NO","NO","YES","NO/NOT SHOWN","NO/NOT SHOWN","NO","False","ARCHIVE_DOCUMENTATION","1f8f5f7ea40b03c48f2f795133ab81029aa3cd9afca3ae0108643f09867e25ea"
"docs\phase_reports\ADMIN_MENU_FIX_REPORT.md",".md","5469","tracked","NO/NOT SHOWN","NO","NO","YES","NO/NOT SHOWN","NO/NOT SHOWN","NO","False","ARCHIVE_DOCUMENTATION","a7e4f8a146764cad1f5a96136b82a64ac8cd1e889b110eb9211de4e9fbd65c76"
"docs\phase_reports\ADMIN_PIN_REPORT.md",".md","5516","tracked","NO/NOT SHOWN","NO","NO","YES","NO/NOT SHOWN","NO/NOT SHOWN","NO","False","ARCHIVE_DOCUMENTATION","a0ff3cc80294f2648e5b7007da18bb099edaafbbbf1f01759f82c3102b07d6c7"
"docs\phase_reports\CANONICAL_OWNER_ORIGIN_REPORT.md",".md","8887","tracked","NO/NOT SHOWN","NO","NO","YES","NO/NOT SHOWN","NO/NOT SHOWN","NO","False","ARCHIVE_DOCUMENTATION","92f2d0686a99be548e73fdc4491e0110531138274fd75fa073de232531f5defd"
"docs\phase_reports\CANONICAL_RECURRENCE_INVESTIGATION.md",".md","12876","tracked","NO/NOT SHOWN","NO","NO","YES","NO/NOT SHOWN","NO/NOT SHOWN","NO","False","ARCHIVE_DOCUMENTATION","d0d61517cf1ff7627360ef6554eabdc8953906280565f2ff6e910840a19c7824"
"docs\phase_reports\DEFECT_FIX_03_04_05_06_07_08_09_REPORT.md",".md","15076","tracked","NO/NOT SHOWN","NO","NO","YES","NO/NOT SHOWN","NO/NOT SHOWN","NO","False","ARCHIVE_DOCUMENTATION","c7f668e48e47afd68299cecfeab6a6879136d962f92547ba5985316497e179b6"
"docs\phase_reports\ENROLLMENT_EXPIRY_FIX.md",".md","2217","tracked","NO/NOT SHOWN","NO","NO","YES","NO/NOT SHOWN","NO/NOT SHOWN","NO","False","ARCHIVE_DOCUMENTATION","c0c28c0b67dd93e3ba475fd2750fe08aacb3b0d5618533ccd243d14253b09ed0"
"docs\phase_reports\ENROLLMENT_QR_DISPLAY_FIX.md",".md","2003","tracked","NO/NOT SHOWN","NO","NO","YES","NO/NOT SHOWN","NO/NOT SHOWN","NO","False","ARCHIVE_DOCUMENTATION","e749082f731b221bf5a427bb07ad2fae9f8fbc64d14cbfa4ea324a6a52e54299"
"docs\phase_reports\evidence\admin_menu_fix\boot.txt",".txt","1608","tracked","NO/NOT SHOWN","NO","NO","YES","NO/NOT SHOWN","NO/NOT SHOWN","NO","False","ARCHIVE_RAW_EVIDENCE","9cfeb36d1beee9f3dace60fa85f2519d7ba87715421b1c83920fabd679d28977"
"docs\phase_reports\evidence\admin_menu_fix\build.json",".json","222","tracked","NO/NOT SHOWN","NO","NO","YES","NO/NOT SHOWN","NO/NOT SHOWN","NO","False","ARCHIVE_RAW_EVIDENCE","e1adbb445ca93859c59ae3e64dc9d1797a356c5326a5d5c5d111b2488e932d5d"
"docs\phase_reports\evidence\admin_menu_fix\flash-verify.txt",".txt","831","tracked","NO/NOT SHOWN","NO","NO","YES","NO/NOT SHOWN","NO/NOT SHOWN","NO","False","ARCHIVE_RAW_EVIDENCE","1ddaf9d4f93a43842965af916dcc98cb6cad1f2b3206c4215bab0c565f245e2a"
"docs\phase_reports\evidence\admin_pin\boot-auth.txt",".txt","1832","tracked","NO/NOT SHOWN","NO","NO","YES","NO/NOT SHOWN","NO/NOT SHOWN","NO","False","ARCHIVE_RAW_EVIDENCE","9c9f86b4eb3d2ca2c7016b201d416e66d859a973b3cdc829a134545830ce552a"
"docs\phase_reports\evidence\admin_pin\build.json",".json","263","tracked","NO/NOT SHOWN","NO","NO","YES","NO/NOT SHOWN","NO/NOT SHOWN","NO","False","ARCHIVE_RAW_EVIDENCE","259ca63e42e93cdd424e15b12b4c3140c27b0f190eecf754b537a1cddc50dec4"
"docs\phase_reports\evidence\admin_pin\http.json",".json","122","tracked","NO/NOT SHOWN","NO","NO","YES","NO/NOT SHOWN","NO/NOT SHOWN","NO","False","ARCHIVE_RAW_EVIDENCE","d2b9ec2bf74fd9ff1a5f46435c4524dfa364e81692c953e7d4442f9841afe77e"
"docs\phase_reports\evidence\c5_c6_deployment\command-results.txt",".txt","3821","untracked","NO/NOT SHOWN","NO","NO","YES","NO/NOT SHOWN","NO/NOT SHOWN","NO","False","ARCHIVE_RAW_EVIDENCE","4cd16d4f8431aee0844cc2948f66dd2d0aff86d3ddf4a82d7e9a5b8b4372780a"
"docs\phase_reports\evidence\c5_c6_deployment\deployment.json",".json","4190","untracked","NO/NOT SHOWN","NO","NO","YES","NO/NOT SHOWN","NO/NOT SHOWN","NO","False","ARCHIVE_RAW_EVIDENCE","4f479a99cf9e074dd768d1ec0c823d07314325635d2b224380585bca48e6b2ad"
"docs\phase_reports\evidence\c5_c6_deployment\live-otadata.bin",".bin","8192","untracked","NO/NOT SHOWN","NO","NO","YES","NO/NOT SHOWN","NO/NOT SHOWN","YES (identical SHA-256 elsewhere)","False","ARCHIVE_RAW_EVIDENCE","f94c5d786a7a8fab06ac5d10e33bf37711a6697636dc037559ea19cc410a17f0"
"docs\phase_reports\evidence\c5_c6_deployment\live-partition.bin",".bin","3072","untracked","NO/NOT SHOWN","NO","NO","YES","NO/NOT SHOWN","NO/NOT SHOWN","YES (identical SHA-256 elsewhere)","False","ARCHIVE_RAW_EVIDENCE","148b959cbff1c38aa8e1d5c0ba9d612c54997b945e56a63f41223eef650653a1"
"docs\phase_reports\evidence\c5_c6_deployment\postflash-extended-diagnostic.json",".json","2073","untracked","NO/NOT SHOWN","NO","NO","YES","NO/NOT SHOWN","POSSIBLE - REVIEW","NO","False","ARCHIVE_RAW_EVIDENCE","37d0226f3bd94026aaaf9956ef708dc021ba65484dd0edf468b6a0818e4a9c5c"
"docs\phase_reports\evidence\c5_c6_deployment\state-comparison.json",".json","3155","untracked","NO/NOT SHOWN","NO","NO","YES","NO/NOT SHOWN","NO/NOT SHOWN","NO","False","ARCHIVE_RAW_EVIDENCE","f2dbee137b8ed0bd5f4ee69ab3bc0794211914fff7317a883e6dc8effad24e26"
"docs\phase_reports\evidence\canonical_recurrence\access-shell-after-boot.json",".json","805","tracked","NO/NOT SHOWN","NO","NO","YES","NO/NOT SHOWN","NO/NOT SHOWN","NO","False","ARCHIVE_RAW_EVIDENCE","35fd0e509164269c82d1c005cf63288d27523a72d1dbe822c2bde1bfd61dcbbf"
"docs\phase_reports\evidence\canonical_recurrence\current-runtime.txt",".txt","1466","tracked","NO/NOT SHOWN","NO","NO","YES","NO/NOT SHOWN","NO/NOT SHOWN","NO","False","ARCHIVE_RAW_EVIDENCE","4675d3da8d893ff4ba11db36484e2051b2aeba3947eda632cc80ccb5b372f2cc"
"docs\phase_reports\evidence\canonical_recurrence\final-runtime.txt",".txt","1389","tracked","NO/NOT SHOWN","NO","NO","YES","NO/NOT SHOWN","NO/NOT SHOWN","NO","False","ARCHIVE_RAW_EVIDENCE","6deb4d9c5461769a8df63a0cd7b5697bc6cbacc45b97af6e7c986d8018428660"
"docs\phase_reports\evidence\canonical_recurrence\lan-after-normal-boot.json",".json","9673","tracked","NO/NOT SHOWN","NO","NO","YES","NO/NOT SHOWN","NO/NOT SHOWN","NO","False","ARCHIVE_RAW_EVIDENCE","5b2a8bfaa28afdc16501a7b4bdaa79c5c7f4d629a53bdbb62246f663624ba963"
"docs\phase_reports\evidence\canonical_recurrence\lan-before.json",".json","9623","tracked","NO/NOT SHOWN","NO","NO","YES","NO/NOT SHOWN","NO/NOT SHOWN","NO","False","ARCHIVE_RAW_EVIDENCE","7393a366f767166bbcc450cdc513da026cc4988d3330a6f82c21d433abe32a2c"
"docs\phase_reports\evidence\canonical_recurrence\lan-environment.json",".json","2902","untracked","NO/NOT SHOWN","NO","NO","YES","NO/NOT SHOWN","NO/NOT SHOWN","NO","False","ARCHIVE_RAW_EVIDENCE","b61b5b6bd21aec556ce09a3b560c30d5caa4720af70b79510d5cf12e0c7007e4"
"docs\phase_reports\evidence\canonical_recurrence\mdns-matrix-python312.json",".json","8301","untracked","NO/NOT SHOWN","NO","NO","YES","NO/NOT SHOWN","POSSIBLE - REVIEW","NO","False","ARCHIVE_RAW_EVIDENCE","3b1bbcdf93600d716ae926e2cdacd0586d2e52d263c00fe1bd11f9d561766f81"
"docs\phase_reports\evidence\canonical_recurrence\mdns-matrix-python314.json",".json","8301","untracked","NO/NOT SHOWN","NO","NO","YES","NO/NOT SHOWN","POSSIBLE - REVIEW","NO","False","ARCHIVE_RAW_EVIDENCE","c4efbac3311af88856d642ef44da23ab2ebb67e42b18935e22747be536b6230e"
"docs\phase_reports\evidence\canonical_recurrence\normal-boot.txt",".txt","2354","tracked","NO/NOT SHOWN","NO","NO","YES","NO/NOT SHOWN","NO/NOT SHOWN","NO","False","ARCHIVE_RAW_EVIDENCE","39130b13acd994b59f1f514891e8f50bd63c6dc1c4419539bddf863a72af54a4"
"docs\phase_reports\evidence\canonical_recurrence\routes-after-boot.json",".json","1186","tracked","NO/NOT SHOWN","NO","NO","YES","NO/NOT SHOWN","NO/NOT SHOWN","NO","False","ARCHIVE_RAW_EVIDENCE","e976855b2700a7abaa5566e1d3dbe5049c98567848bbc76815aeb6f9232be96f"
"docs\phase_reports\evidence\canonical-current-diag.txt",".txt","1391","tracked","NO/NOT SHOWN","NO","NO","YES","NO/NOT SHOWN","NO/NOT SHOWN","NO","False","ARCHIVE_RAW_EVIDENCE","f9c7a25934822630b478ea4e80f1d7b14e98f2ecead0ef41ab11e90ae5016566"
"docs\phase_reports\evidence\canonical-pre-diag.txt",".txt","1389","tracked","NO/NOT SHOWN","NO","NO","YES","NO/NOT SHOWN","NO/NOT SHOWN","NO","False","ARCHIVE_RAW_EVIDENCE","4305ce34154a4ecf647699a2be5ef38e0f19f0d636fc8037ef0845ce6f3a12ba"
"docs\phase_reports\evidence\defect_fix_03_09\baseline.txt",".txt","1479","tracked","NO/NOT SHOWN","NO","NO","YES","NO/NOT SHOWN","NO/NOT SHOWN","NO","False","ARCHIVE_RAW_EVIDENCE","50f1407a415b0248910a2d50d52f15a05e30f73b15798341b66d27cef8dc569a"
"docs\phase_reports\evidence\defect_fix_03_09\baseline-config.json",".json","292","tracked","NO/NOT SHOWN","NO","NO","YES","NO/NOT SHOWN","NO/NOT SHOWN","NO","False","ARCHIVE_RAW_EVIDENCE","e9b15cef010d7f6301c30657313d63bb162ff44abd3fa59cea5501d85d7af2da"
"docs\phase_reports\evidence\defect_fix_03_09\build.txt",".txt","9988","tracked","NO/NOT SHOWN","NO","NO","YES","NO/NOT SHOWN","NO/NOT SHOWN","NO","False","ARCHIVE_RAW_EVIDENCE","763fabb331b25fb66112f94e7b9de60ded857f9ed0e020e72ca677552808ad59"
"docs\phase_reports\evidence\defect_fix_03_09\build-resources.json",".json","1057","tracked","NO/NOT SHOWN","NO","NO","YES","NO/NOT SHOWN","NO/NOT SHOWN","NO","False","ARCHIVE_RAW_EVIDENCE","e68220c93429a78e5d19ea2128a2744c1df886cdadda42322db83aa9e54100c0"
"docs\phase_reports\evidence\defect_fix_03_09\canonical-live.json",".json","234","tracked","NO/NOT SHOWN","NO","NO","YES","NO/NOT SHOWN","NO/NOT SHOWN","NO","False","ARCHIVE_RAW_EVIDENCE","f302b88cb2c1de9a8e065ce4a29c8b9bf65bb496412b19832fe309052af54339"
"docs\phase_reports\evidence\defect_fix_03_09\changed-files.txt",".txt","3248","tracked","NO/NOT SHOWN","NO","NO","YES","NO/NOT SHOWN","NO/NOT SHOWN","NO","False","ARCHIVE_RAW_EVIDENCE","6d5c8dddd973d19050e9c9c8f1286eec437d4e9b44d5ea3d555b313a7290849d"
"docs\phase_reports\evidence\defect_fix_03_09\final-live.txt",".txt","2856","tracked","NO/NOT SHOWN","NO","NO","YES","NO/NOT SHOWN","NO/NOT SHOWN","NO","False","ARCHIVE_RAW_EVIDENCE","638e76f4e9d285e7c280a5a7394a5d63ccd4c7c5bccb6966f4d53fb02728db6c"
"docs\phase_reports\evidence\defect_fix_03_09\flash.txt",".txt","4604","tracked","NO/NOT SHOWN","NO","NO","YES","NO/NOT SHOWN","NO/NOT SHOWN","NO","False","ARCHIVE_RAW_EVIDENCE","074deb848eaaa0944697a47314eb8b1593b558773d3aa0053dfed3f960be0d8f"
"docs\phase_reports\evidence\defect_fix_03_09\host-regression.json",".json","2710","tracked","NO/NOT SHOWN","NO","NO","YES","NO/NOT SHOWN","NO/NOT SHOWN","NO","False","ARCHIVE_RAW_EVIDENCE","23b2d06c760aee27664b9127203c59f01783864b6edcdf738a8d3aaf7b1f8092"
"docs\phase_reports\evidence\defect_fix_03_09\host-regression.txt",".txt","10979","tracked","NO/NOT SHOWN","NO","NO","YES","NO/NOT SHOWN","NO/NOT SHOWN","NO","False","ARCHIVE_RAW_EVIDENCE","2ec8402b7e585c5d954fcd43db9abe25f73558d522f53b38aa9e017fdfd332d3"
"docs\phase_reports\evidence\defect_fix_03_09\live-event-validation.json",".json","120","tracked","NO/NOT SHOWN","NO","NO","YES","NO/NOT SHOWN","NO/NOT SHOWN","NO","False","ARCHIVE_RAW_EVIDENCE","318368838986d91ae722b1381967367be19657b2f3a31dd71b251c7d9fa7e47b"
"docs\phase_reports\evidence\defect_fix_03_09\live-http.json",".json","3105","tracked","NO/NOT SHOWN","NO","NO","YES","NO/NOT SHOWN","NO/NOT SHOWN","NO","False","ARCHIVE_RAW_EVIDENCE","64d3e6ca72e028d92a341563d9d0ca137e76bf0a59288f528912491921475185"
"docs\phase_reports\evidence\defect_fix_03_09\persistence-after-http.json",".json","905","tracked","NO/NOT SHOWN","NO","NO","YES","NO/NOT SHOWN","NO/NOT SHOWN","YES (identical SHA-256 elsewhere)","False","ARCHIVE_RAW_EVIDENCE","6c0691902bb02181097b10b07ae24e2ddab780d482fce264a35772fecad087e1"
"docs\phase_reports\evidence\defect_fix_03_09\persistence-comparison.json",".json","905","tracked","NO/NOT SHOWN","NO","NO","YES","NO/NOT SHOWN","NO/NOT SHOWN","YES (identical SHA-256 elsewhere)","False","ARCHIVE_RAW_EVIDENCE","6c0691902bb02181097b10b07ae24e2ddab780d482fce264a35772fecad087e1"
"docs\phase_reports\evidence\defect_fix_03_09\post-flash-boot.txt",".txt","3471","tracked","NO/NOT SHOWN","NO","NO","YES","NO/NOT SHOWN","NO/NOT SHOWN","NO","False","ARCHIVE_RAW_EVIDENCE","8f980fdfb3076cf05307c5e3b7d02754a176264a83381e836a1ccdba28bcb111"
"docs\phase_reports\evidence\defect_fix_03_09\post-http-live.txt",".txt","2947","tracked","NO/NOT SHOWN","NO","NO","YES","NO/NOT SHOWN","NO/NOT SHOWN","NO","False","ARCHIVE_RAW_EVIDENCE","ee53628038f8b8e4a295ade4f695e2a2d556f4e75a41551bb2d6fdbd7e8c0838"
"docs\phase_reports\evidence\defect_fix_03_09\PRE_FLASH_REVIEW.md",".md","3364","tracked","NO/NOT SHOWN","NO","NO","YES","NO/NOT SHOWN","NO/NOT SHOWN","NO","False","ARCHIVE_RAW_EVIDENCE","43ad93515c5e39c903e6c3c0fe1359148ca5de0382dd234ce77c5ec9a873bbe1"
"docs\phase_reports\evidence\defect_fix_03_09\pre-flash-live.txt",".txt","779","tracked","NO/NOT SHOWN","NO","NO","YES","NO/NOT SHOWN","NO/NOT SHOWN","NO","False","ARCHIVE_RAW_EVIDENCE","757898c5ba534cf4d0c32b4b9a0a531117222fae2626c8bed065bd4ef9e7e97b"
"docs\phase_reports\evidence\defect_fix_03_09\repository-baseline.json",".json","715","tracked","NO/NOT SHOWN","NO","NO","YES","NO/NOT SHOWN","NO/NOT SHOWN","NO","False","ARCHIVE_RAW_EVIDENCE","b37a6de7adf4f78c8230179e852a5ea4827c6e900567644dc1b3618fbc99b30d"
"docs\phase_reports\evidence\final_from_zero\after-phone2.txt",".txt","254","untracked","NO/NOT SHOWN","NO","NO","YES","NO/NOT SHOWN","NO/NOT SHOWN","NO","False","ARCHIVE_RAW_EVIDENCE","5575f5f5045d766e65211b4028eed65edd5f36468a863c8c763770f79ad010ab"
"docs\phase_reports\evidence\final_from_zero\post-reset-auth.txt",".txt","130","tracked","NO/NOT SHOWN","NO","NO","YES","NO/NOT SHOWN","NO/NOT SHOWN","NO","False","ARCHIVE_RAW_EVIDENCE","08009bf0f684c2015100ea1aa9b575467663c492ddc0ba1dd6a1a4989f52a2ae"
"docs\phase_reports\evidence\final_from_zero\post-reset-normal-boot.txt",".txt","1158","tracked","NO/NOT SHOWN","NO","NO","YES","NO/NOT SHOWN","NO/NOT SHOWN","NO","False","ARCHIVE_RAW_EVIDENCE","21143b177a381cf4dd206d4571b0d84d4d089622a6681b9bdf5474884aaed3fd"
"docs\phase_reports\evidence\final_from_zero\pre-reset-boot.txt",".txt","1654","tracked","NO/NOT SHOWN","NO","NO","YES","NO/NOT SHOWN","NO/NOT SHOWN","NO","False","ARCHIVE_RAW_EVIDENCE","69575bc9cbbe642bd5ea92913521c6c83428b8181c30aa7043e03c254adeb45a"
"docs\phase_reports\evidence\google_complete\backend-oauth-build.txt",".txt","155","tracked","NO/NOT SHOWN","NO","NO","YES","NO/NOT SHOWN","NO/NOT SHOWN","NO","False","ARCHIVE_RAW_EVIDENCE","c7c40a77297c26c2f6c780893d9e9163c5b7f31cc722a76cab6089e414653b8f"
"docs\phase_reports\evidence\google_complete\backend-production-final.txt",".txt","1491","tracked","NO/NOT SHOWN","NO","NO","YES","NO/NOT SHOWN","NO/NOT SHOWN","NO","False","ARCHIVE_RAW_EVIDENCE","4a5e01ddaa4441725fdf5a75f9f9119cfc2e325fc5b94815da9b4141414ba055"
"docs\phase_reports\evidence\google_complete\backend-production-tests.txt",".txt","799","tracked","NO/NOT SHOWN","NO","NO","YES","NO/NOT SHOWN","NO/NOT SHOWN","NO","False","ARCHIVE_RAW_EVIDENCE","4057867723d64f010b68e4171e5167459461fb9b53ff180e50e2eca0de25eea4"
"docs\phase_reports\evidence\google_complete\backend-regression.txt",".txt","7184","tracked","NO/NOT SHOWN","NO","NO","YES","NO/NOT SHOWN","NO/NOT SHOWN","NO","False","ARCHIVE_RAW_EVIDENCE","31b545b377ecc7d547156164edfd08924354bb53fa9b600727475e79604efb60"
"docs\phase_reports\evidence\google_complete\backend-regression-82-checkpoint.txt",".txt","8546","tracked","NO/NOT SHOWN","NO","NO","YES","NO/NOT SHOWN","NO/NOT SHOWN","NO","False","ARCHIVE_RAW_EVIDENCE","a76aa973f9a4f98be223053f72b23949b111b3e56c73339ff03762ea1a2c156a"
"docs\phase_reports\evidence\google_complete\backend-regression-final.txt",".txt","8615","tracked","NO/NOT SHOWN","NO","NO","YES","NO/NOT SHOWN","NO/NOT SHOWN","NO","False","ARCHIVE_RAW_EVIDENCE","061b10a1d76d9021cf9efbeeeb54d81c2532ff0560ee26d53c8be985b92bd7e1"
"docs\phase_reports\evidence\google_complete\backend-soak.json",".json","11429","tracked","NO/NOT SHOWN","NO","NO","YES","NO/NOT SHOWN","NO/NOT SHOWN","NO","False","ARCHIVE_RAW_EVIDENCE","5f99acc4bcb20537a0eeecd14f2b6a760c9154062f00538e0494a3f072e2a4ba"
"docs\phase_reports\evidence\google_complete\backend-soak-console.txt",".txt","2","tracked","NO/NOT SHOWN","NO","NO","YES","NO/NOT SHOWN","NO/NOT SHOWN","NO","False","ARCHIVE_RAW_EVIDENCE","7eb70257593da06f682a3ddda54a9d260d4fc514f645237f5ca74b08f8da61a6"
"docs\phase_reports\evidence\google_complete\baseline.txt",".txt","2377","tracked","NO/NOT SHOWN","NO","NO","YES","NO/NOT SHOWN","NO/NOT SHOWN","NO","False","ARCHIVE_RAW_EVIDENCE","46258c1f9d0fee8e0b03c35653dad94df48475c17f93f3d11b1cea4f2f5f10e5"
"docs\phase_reports\evidence\google_complete\baseline-metadata.json",".json","607","tracked","NO/NOT SHOWN","NO","NO","YES","NO/NOT SHOWN","NO/NOT SHOWN","NO","False","ARCHIVE_RAW_EVIDENCE","eb6ada9ace2b7c54d09db4e8b212b408803886de28f9fffd98f48efad3b09351"
"docs\phase_reports\evidence\google_complete\board-soak.json",".json","35632","tracked","NO/NOT SHOWN","NO","NO","YES","NO/NOT SHOWN","NO/NOT SHOWN","NO","False","ARCHIVE_RAW_EVIDENCE","eab804c01a2ef4fac62311fda6b3d1c264e02dc511d0dbf41e2ef9933193195b"
"docs\phase_reports\evidence\google_complete\board-soak-summary.json",".json","431","tracked","NO/NOT SHOWN","NO","NO","YES","NO/NOT SHOWN","NO/NOT SHOWN","NO","False","ARCHIVE_RAW_EVIDENCE","46540a0eef6b35a64e4bb51b416ec85e64b649f44d1f712b2d3327aee4044415"
"docs\phase_reports\evidence\google_complete\build-attempt1.txt",".txt","10215","tracked","NO/NOT SHOWN","NO","NO","YES","NO/NOT SHOWN","POSSIBLE - REVIEW","NO","False","ARCHIVE_RAW_EVIDENCE","c4a50a6add009dc5db6430a97ca9103969187cba979829d96ef4bc75acfc5f68"
"docs\phase_reports\evidence\google_complete\build-cloud-enabled-final.txt",".txt","2626","tracked","NO/NOT SHOWN","NO","NO","YES","NO/NOT SHOWN","NO/NOT SHOWN","NO","False","ARCHIVE_RAW_EVIDENCE","52d69b71b770e4a65f8b2fb61eccccc70c85dc9d348e9d61ab8f908691bdca36"
"docs\phase_reports\evidence\google_complete\build-configured-resource.txt",".txt","10169","tracked","NO/NOT SHOWN","NO","NO","YES","NO/NOT SHOWN","NO/NOT SHOWN","NO","False","ARCHIVE_RAW_EVIDENCE","17297e899529485d4fa7964a59d96aff037aeabce97c39eb73ff106a17bf81cd"
"docs\phase_reports\evidence\google_complete\build-final.txt",".txt","2152","tracked","NO/NOT SHOWN","NO","NO","YES","NO/NOT SHOWN","NO/NOT SHOWN","NO","False","ARCHIVE_RAW_EVIDENCE","24c22583139c874080928518cdc6f79e9e98317318fecc2517cbdd620542dfc5"
"docs\phase_reports\evidence\google_complete\events-final.txt",".txt","1483","tracked","NO/NOT SHOWN","NO","NO","YES","NO/NOT SHOWN","NO/NOT SHOWN","NO","False","ARCHIVE_RAW_EVIDENCE","67ac2ead9b6b4d3dca53270af681c17ca6b9039e23a9ccf3d821a72f41754e2c"
"docs\phase_reports\evidence\google_complete\final-health.json",".json","572","tracked","NO/NOT SHOWN","NO","NO","YES","NO/NOT SHOWN","NO/NOT SHOWN","NO","False","ARCHIVE_RAW_EVIDENCE","f43afdbecbda5df1d972ca46218c44a86436f50d3b80bb3886842fa1093ff56e"
"docs\phase_reports\evidence\google_complete\final-persistence.json",".json","290","tracked","NO/NOT SHOWN","NO","NO","YES","NO/NOT SHOWN","NO/NOT SHOWN","NO","False","ARCHIVE_RAW_EVIDENCE","86ff44de82129c1ebd25a61587be2757e38cee4d86f852758ccb6e95d26e38de"
"docs\phase_reports\evidence\google_complete\final-reboot.txt",".txt","4749","tracked","NO/NOT SHOWN","NO","NO","YES","NO/NOT SHOWN","NO/NOT SHOWN","NO","False","ARCHIVE_RAW_EVIDENCE","6b276d051cdde6acd77d9cd13f08bc32c107787971693f65a64ab91f807622b0"
"docs\phase_reports\evidence\google_complete\host-regression.json",".json","3519","tracked","NO/NOT SHOWN","NO","NO","YES","NO/NOT SHOWN","NO/NOT SHOWN","NO","False","ARCHIVE_RAW_EVIDENCE","70d05564a0db6ee745e113039fd7391ca735221ec8d239d4b630a08557049e84"
"docs\phase_reports\evidence\google_complete\host-regression.txt",".txt","14620","tracked","NO/NOT SHOWN","NO","NO","YES","NO/NOT SHOWN","NO/NOT SHOWN","NO","False","ARCHIVE_RAW_EVIDENCE","5335586b14460379c50a29100980cd9dc75b5d315edb78cb864189a4133f8a21"
"docs\phase_reports\evidence\google_complete\implementation-commit.txt",".txt","42","tracked","NO/NOT SHOWN","NO","NO","YES","NO/NOT SHOWN","NO/NOT SHOWN","NO","False","ARCHIVE_RAW_EVIDENCE","fa610e9f0123f46733b84fd5556c913ac63cfa2cdc598d3b975e49cb19443152"
"docs\phase_reports\evidence\google_complete\live-http.json",".json","2801","tracked","NO/NOT SHOWN","NO","NO","YES","NO/NOT SHOWN","NO/NOT SHOWN","NO","False","ARCHIVE_RAW_EVIDENCE","d0c83a50ba6c22fb104f32914481c02ba961437d55d98855aba22ac133e7697f"
"docs\phase_reports\evidence\google_complete\live-http-first-expectation.json",".json","2280","tracked","NO/NOT SHOWN","NO","NO","YES","NO/NOT SHOWN","NO/NOT SHOWN","NO","False","ARCHIVE_RAW_EVIDENCE","be48d6fb8979691a4ad6dfc3e7375e2be3c35058866d41e40591a48aff5f2355"
"docs\phase_reports\evidence\google_complete\live-http-observation.json",".json","25834","tracked","NO/NOT SHOWN","NO","NO","YES","NO/NOT SHOWN","NO/NOT SHOWN","NO","False","ARCHIVE_RAW_EVIDENCE","e59325da0a07d10c53d471da0308cc61296e59d21ff751dd73c95c0d52b519c0"
"docs\phase_reports\evidence\google_complete\mdns.json",".json","376","tracked","NO/NOT SHOWN","NO","NO","YES","NO/NOT SHOWN","NO/NOT SHOWN","NO","False","ARCHIVE_RAW_EVIDENCE","751e5f429928fe66328fab209c98b9542159c4d32c81a8796de9bb8346c6911f"
"docs\phase_reports\evidence\google_complete\persistence-comparison.json",".json","267","tracked","NO/NOT SHOWN","NO","NO","YES","NO/NOT SHOWN","NO/NOT SHOWN","NO","False","ARCHIVE_RAW_EVIDENCE","e653a2ded989641eaf1b36a86293e3c73ddff6b3f907ffd746202fbb671696ee"
"docs\phase_reports\evidence\google_complete\postflash.txt",".txt","4784","tracked","NO/NOT SHOWN","NO","NO","YES","NO/NOT SHOWN","NO/NOT SHOWN","NO","False","ARCHIVE_RAW_EVIDENCE","cc0d8d19fa5b46e662527eca5ed9e6be1a500b240feaa37ef68ee3673ac15d36"
"docs\phase_reports\evidence\google_complete\preflash.txt",".txt","2377","tracked","NO/NOT SHOWN","NO","NO","YES","NO/NOT SHOWN","NO/NOT SHOWN","NO","False","ARCHIVE_RAW_EVIDENCE","1b04acd8038702bd38e6e19d7ae3e2799eaeb6c78b87cbaa8c8f9c33e54801be"
"docs\phase_reports\evidence\google_complete\sol-review.md",".md","2697","tracked","NO/NOT SHOWN","NO","NO","YES","NO/NOT SHOWN","NO/NOT SHOWN","NO","False","ARCHIVE_RAW_EVIDENCE","bd0a74336f52f6a6338cf4728d71316cef27674b9222a590a4491d44a0517ef8"
"docs\phase_reports\evidence\google_complete\starting-status.txt",".txt","213","tracked","NO/NOT SHOWN","NO","NO","YES","NO/NOT SHOWN","NO/NOT SHOWN","NO","False","ARCHIVE_RAW_EVIDENCE","2db8c4b1dab5d9920bbd8af0662430bd7d9c5eb453312364944d1dd29d27a6c1"
"docs\phase_reports\evidence\google_complete\upload.txt",".txt","4803","tracked","NO/NOT SHOWN","NO","NO","YES","NO/NOT SHOWN","NO/NOT SHOWN","NO","False","ARCHIVE_RAW_EVIDENCE","00bf59e1757f9040f7d0d02e2eee422d702d6e95bb63d3838f4f3e37d20a7e5f"
"docs\phase_reports\evidence\google_free_f1\budget.json",".json","8329","tracked","NO/NOT SHOWN","NO","NO","YES","NO/NOT SHOWN","NO/NOT SHOWN","NO","False","ARCHIVE_RAW_EVIDENCE","b7e3311d0e664a9abbd7f72a2ea50cf5724c8fdb2d84a9ecee41a4e12ff31283"
"docs\phase_reports\evidence\google_free_f1\budget-regression.tap",".tap","726","tracked","NO/NOT SHOWN","NO","NO","YES","NO/NOT SHOWN","NO/NOT SHOWN","NO","False","ARCHIVE_RAW_EVIDENCE","afff3753e57a433fbad9f178a55ffa50adccaf23489d2b4e83b8ab928f630282"
"docs\phase_reports\evidence\google_free_f1\final-regression.tap",".tap","12312","tracked","NO/NOT SHOWN","NO","NO","YES","NO/NOT SHOWN","NO/NOT SHOWN","NO","False","ARCHIVE_RAW_EVIDENCE","144a9dbecdab90ae3ef498a80b812bffcb94710002fb56f2ddff027c4e993d45"
"docs\phase_reports\evidence\google_free_f1\mechanism-budget.json",".json","4883","tracked","NO/NOT SHOWN","NO","NO","YES","NO/NOT SHOWN","NO/NOT SHOWN","NO","False","ARCHIVE_RAW_EVIDENCE","8adfcbb76e9ea173d931d33865493a5a70b237fda5b6a782421502005763f616"
"docs\phase_reports\evidence\google_h1\build.txt",".txt","4438","untracked","NO/NOT SHOWN","NO","NO","YES","NO/NOT SHOWN","NO/NOT SHOWN","NO","False","ARCHIVE_RAW_EVIDENCE","4f3781e972c99422849df920afcc0b1ebc7d94f79058581616e25be54147deba"
"docs\phase_reports\evidence\google_h1\build-summary.json",".json","3193","untracked","NO/NOT SHOWN","NO","NO","YES","NO/NOT SHOWN","NO/NOT SHOWN","NO","False","ARCHIVE_RAW_EVIDENCE","565bb2cd382879ea35daf92d16e9b2a9dec47a4b198748947da10ac8efaacc5f"
"docs\phase_reports\evidence\google_h1\cloud-monitor.txt",".txt","10371","untracked","NO/NOT SHOWN","NO","NO","YES","NO/NOT SHOWN","NO/NOT SHOWN","NO","False","ARCHIVE_RAW_EVIDENCE","5f8c9fbdf7fb010b176d3dd2a033713e5c80350592dd8c870d8ab92d74e2c3a8"
"docs\phase_reports\evidence\google_h1\flash.txt",".txt","2496","untracked","NO/NOT SHOWN","NO","NO","YES","NO/NOT SHOWN","NO/NOT SHOWN","NO","False","ARCHIVE_RAW_EVIDENCE","788d5c2010ea3c1e9663fde3215ef7df7e31f5fc44d8c97618e5fa47dad67583"
"docs\phase_reports\evidence\google_h1\host-tests.txt",".txt","6457","untracked","NO/NOT SHOWN","NO","NO","YES","NO/NOT SHOWN","NO/NOT SHOWN","NO","False","ARCHIVE_RAW_EVIDENCE","b972c7f3de66b81b6dc1821701742951607c2ede6b405fe6557ef8bafe6a9f37"
"docs\phase_reports\evidence\google_h1\lan-context.txt",".txt","933","untracked","NO/NOT SHOWN","NO","NO","YES","NO/NOT SHOWN","NO/NOT SHOWN","NO","False","ARCHIVE_RAW_EVIDENCE","16f2bbffee0ef033b197f9716b58ca08dd8a8894795006ba08b1d98d303074b9"
"docs\phase_reports\evidence\google_h1\lan-soak.txt",".txt","2862","untracked","NO/NOT SHOWN","NO","NO","YES","NO/NOT SHOWN","NO/NOT SHOWN","NO","False","ARCHIVE_RAW_EVIDENCE","0c0b281dc875f423ade8a19d581678874854af522c85f118f67294ee4d72a007"
"docs\phase_reports\evidence\google_h1\mdns-initial-probe.txt",".txt","1412","untracked","NO/NOT SHOWN","NO","NO","YES","NO/NOT SHOWN","POSSIBLE - REVIEW","NO","False","ARCHIVE_RAW_EVIDENCE","c5b14884c209cbd4b1f72a44835f0f9fb95982a6c986ffd05cac93128f589858"
"docs\phase_reports\evidence\google_h1\mdns-wire.txt",".txt","853","untracked","NO/NOT SHOWN","NO","NO","YES","NO/NOT SHOWN","NO/NOT SHOWN","NO","False","ARCHIVE_RAW_EVIDENCE","4d314bbff5e3a73ebf163e128e2a771cbc215866cb62720139ca43ff067e04f4"
"docs\phase_reports\evidence\google_h1\mdns-wire-4s.txt",".txt","812","untracked","NO/NOT SHOWN","NO","NO","YES","NO/NOT SHOWN","NO/NOT SHOWN","NO","False","ARCHIVE_RAW_EVIDENCE","fe6cb1cfe25c8d5404af8a8c305e2d0e49e7267438fd22a04e3ceed73a42e58f"
"docs\phase_reports\evidence\google_h1\mdns-wire-5353.txt",".txt","997","untracked","NO/NOT SHOWN","NO","NO","YES","NO/NOT SHOWN","NO/NOT SHOWN","NO","False","ARCHIVE_RAW_EVIDENCE","fb2bed2cb35c88764a4d8c28e19eb7c6455385ad1a7dd9eb6de8400128019500"
"docs\phase_reports\evidence\google_h1\mdns-wire-txid0.txt",".txt","1910","untracked","NO/NOT SHOWN","NO","NO","YES","NO/NOT SHOWN","NO/NOT SHOWN","NO","False","ARCHIVE_RAW_EVIDENCE","4ff48eb7896772f56f9a95e370980f4201a0671d959de58c9282872992ddf3d4"
"docs\phase_reports\evidence\google_h1\partition-live.bin",".bin","3072","untracked","NO/NOT SHOWN","NO","NO","YES","NO/NOT SHOWN","NO/NOT SHOWN","YES (identical SHA-256 elsewhere)","False","ARCHIVE_RAW_EVIDENCE","148b959cbff1c38aa8e1d5c0ba9d612c54997b945e56a63f41223eef650653a1"
"docs\phase_reports\evidence\google_h1\persistence-comparison.json",".json","905","untracked","NO/NOT SHOWN","NO","NO","YES","NO/NOT SHOWN","NO/NOT SHOWN","YES (identical SHA-256 elsewhere)","False","ARCHIVE_RAW_EVIDENCE","6c0691902bb02181097b10b07ae24e2ddab780d482fce264a35772fecad087e1"
"docs\phase_reports\evidence\google_h1\post-flash-boot.txt",".txt","1858","untracked","NO/NOT SHOWN","NO","NO","YES","NO/NOT SHOWN","NO/NOT SHOWN","NO","False","ARCHIVE_RAW_EVIDENCE","03221c4913029d6ed795ca1f524b998a0f340f794a1f0d835b8018df03cb91fa"
"docs\phase_reports\evidence\google_h1\pre-flash.txt",".txt","1471","untracked","NO/NOT SHOWN","NO","NO","YES","NO/NOT SHOWN","NO/NOT SHOWN","NO","False","ARCHIVE_RAW_EVIDENCE","8c6e2aad1c8e8a1314e0de6f1d66ff2fc66218b913fa5ac632870509164b8350"
"docs\phase_reports\evidence\google_h1\sol-release-review.md",".md","2799","untracked","NO/NOT SHOWN","NO","NO","YES","NO/NOT SHOWN","NO/NOT SHOWN","NO","False","ARCHIVE_RAW_EVIDENCE","9a8972fbfd0a05b4af476ab78d46fda09b88c6436cd30246fac2d3a26c9a1485"
"docs\phase_reports\evidence\google_one_click\build-default.txt",".txt","4456","tracked","NO/NOT SHOWN","NO","NO","YES","NO/NOT SHOWN","NO/NOT SHOWN","NO","False","ARCHIVE_RAW_EVIDENCE","1e6616e965ec577289496e640c2d384ce0b0a34e4f2979604e0a285cab5a7ec0"
"docs\phase_reports\evidence\google_one_click\build-resource.txt",".txt","2367","tracked","NO/NOT SHOWN","NO","NO","YES","NO/NOT SHOWN","NO/NOT SHOWN","NO","False","ARCHIVE_RAW_EVIDENCE","4c7c5f3495ffbe68df79915c7041bf67f96d09fc25ed27372b208d50a04063a9"
"docs\phase_reports\evidence\google_one_click\cleanup.json",".json","5775","tracked","NO/NOT SHOWN","NO","NO","YES","NO/NOT SHOWN","NO/NOT SHOWN","NO","False","ARCHIVE_RAW_EVIDENCE","eb47f3761c6b1aa9b167c84229f58f74a63905c43a248c825c7b10a05ef4349d"
"docs\phase_reports\evidence\google_one_click\final-gap-management-connected.png",".png","52468","tracked","NO/NOT SHOWN","NO","NO","YES","NO/NOT SHOWN","NO/NOT SHOWN","NO","False","ARCHIVE_RAW_EVIDENCE","4aa38f821781af1726f23377b88ce8a14d21149c906f05544e429f12b0396d83"
"docs\phase_reports\evidence\google_one_click\final-gap-recovered-single-row.png",".png","51515","tracked","NO/NOT SHOWN","NO","NO","YES","NO/NOT SHOWN","NO/NOT SHOWN","NO","False","ARCHIVE_RAW_EVIDENCE","e313bedce26a5c30f3d91fa62d1f924b8f2c38d8c6583ed7bad28fed70c6cc1c"
"docs\phase_reports\evidence\google_one_click\final-gap-recovery-receipt.txt",".txt","942","tracked","NO/NOT SHOWN","NO","NO","YES","NO/NOT SHOWN","NO/NOT SHOWN","NO","False","ARCHIVE_RAW_EVIDENCE","928752d6b48b7e00fe2c1044fc08fff9331e85d848ec02f071f0f53110d9275c"
"docs\phase_reports\evidence\google_one_click\local-regression.json",".json","4590","tracked","NO/NOT SHOWN","NO","NO","YES","NO/NOT SHOWN","NO/NOT SHOWN","NO","False","ARCHIVE_RAW_EVIDENCE","3e01688d43746af10ea211d4257a70bccf5c98a085a46e8f3093b5e4fc89d38b"
"docs\phase_reports\evidence\google_one_click\publisher-setup-20260927.md",".md","4221","tracked","NO/NOT SHOWN","NO","NO","YES","NO/NOT SHOWN","NO/NOT SHOWN","NO","False","ARCHIVE_RAW_EVIDENCE","e9b08ffc2da70505e07bee4caeb10fd6e9806d77f6f8be1543f8ece6aa793c4d"
"docs\phase_reports\evidence\google_one_click\receiver-host.txt",".txt","3702","tracked","NO/NOT SHOWN","NO","NO","YES","NO/NOT SHOWN","NO/NOT SHOWN","NO","False","ARCHIVE_RAW_EVIDENCE","4990ff3970edadf7e817f17183c8050daad50f3eb7166dd2824dbf158867397b"
"docs\phase_reports\evidence\google_one_click\sol-external-checks.json",".json","3153","tracked","NO/NOT SHOWN","NO","NO","YES","NO/NOT SHOWN","NO/NOT SHOWN","NO","False","ARCHIVE_RAW_EVIDENCE","ed4a19cdb764859f6e4b0f5f7153565cbff402bebaf18aac29e22713d868b2de"
"docs\phase_reports\evidence\google_phase_01\summary.json",".json","691","tracked","NO/NOT SHOWN","NO","NO","YES","NO/NOT SHOWN","NO/NOT SHOWN","NO","False","ARCHIVE_RAW_EVIDENCE","616be00eb3eabcd9bed6b771563992b7a70194ea52e044e084ea73f9d1eb11f5"
"docs\phase_reports\evidence\google_phase_01\tests.txt",".txt","7163","tracked","NO/NOT SHOWN","NO","NO","YES","NO/NOT SHOWN","NO/NOT SHOWN","NO","False","ARCHIVE_RAW_EVIDENCE","be0d64f67d86a881d7c20f0698ecc637726d670dd5b43e801c5beb6fa7174844"
"docs\phase_reports\evidence\google_removal\build-audit.json",".json","307","tracked","NO/NOT SHOWN","NO","NO","YES","NO/NOT SHOWN","NO/NOT SHOWN","NO","False","ARCHIVE_RAW_EVIDENCE","7e481b38c89544489d6d1a4c2c78c74355bf420ebd52d9557f3699677a8d0d4f"
"docs\phase_reports\evidence\google_removal\legacy-harness-baseline.json",".json","162","tracked","NO/NOT SHOWN","NO","NO","YES","NO/NOT SHOWN","NO/NOT SHOWN","NO","False","ARCHIVE_RAW_EVIDENCE","0fef22ec5c5c556ef0ab7ed3644b40774446ac84d52c81cb6fb9fb9ded5ef89b"
"docs\phase_reports\evidence\google_removal\management-browser.json",".json","552","tracked","NO/NOT SHOWN","NO","NO","YES","NO/NOT SHOWN","NO/NOT SHOWN","NO","False","ARCHIVE_RAW_EVIDENCE","6aa9481809f323c3f5b74d696cd0ba91d2dd4009dc4dcc6b6076bbaf3c581c86"
"docs\phase_reports\evidence\google_removal\protected-source.json",".json","3273","tracked","NO/NOT SHOWN","NO","NO","YES","NO/NOT SHOWN","NO/NOT SHOWN","NO","False","ARCHIVE_RAW_EVIDENCE","8d4a7780fe38815100c0c7adb116d6c162bd2260b9d16d13b3774b1a69094815"
"docs\phase_reports\evidence\google_removal\regression.json",".json","2710","tracked","NO/NOT SHOWN","NO","NO","YES","NO/NOT SHOWN","NO/NOT SHOWN","NO","False","ARCHIVE_RAW_EVIDENCE","08d213f08bad5b3bc1acb9bf5f2bc17fd0d5897528968b2fa743bf56d133e525"
"docs\phase_reports\evidence\google_removal\regression.txt",".txt","11839","tracked","NO/NOT SHOWN","NO","NO","YES","NO/NOT SHOWN","NO/NOT SHOWN","NO","False","ARCHIVE_RAW_EVIDENCE","e0d30371e31af7a10b80a2c0f4486e0573e559218eecaae3200012251c1d17a2"
"docs\phase_reports\evidence\google_removal\source-audit.json",".json","19697","tracked","NO/NOT SHOWN","NO","NO","YES","NO/NOT SHOWN","NO/NOT SHOWN","NO","False","ARCHIVE_RAW_EVIDENCE","f7c74f1dbf87c649345215e7b8f1a9751796931dd199eef8b3bfc0e137f2866b"
"docs\phase_reports\evidence\google_removal\worker-platformio-build.txt",".txt","1612","tracked","NO/NOT SHOWN","NO","NO","YES","NO/NOT SHOWN","NO/NOT SHOWN","NO","False","ARCHIVE_RAW_EVIDENCE","069f69837ad04bf4531c80128ec300df36ee875fdcb610ad3f2efa6414f66fde"
"docs\phase_reports\evidence\heap_diagnostic_2026_09_28\build_review.txt",".txt","1851","untracked","NO/NOT SHOWN","NO","NO","YES","NO/NOT SHOWN","POSSIBLE - REVIEW","NO","False","ARCHIVE_RAW_EVIDENCE","b8df3174cfe18aea2d1d9d079d457d7fca77bb2fdff20f5e52388e2d24d9adfa"
"docs\phase_reports\evidence\heap_diagnostic_2026_09_28\diagnostic_firmware.bin",".bin","1242352","untracked","NO/NOT SHOWN","NO","NO","YES","NO/NOT SHOWN","POSSIBLE - REVIEW","NO","False","ARCHIVE_RAW_EVIDENCE","06971003d545542d1f9975f62104319ebafc9d3560d6be97cf2c2ab0e7f259f9"
"docs\phase_reports\evidence\heap_diagnostic_2026_09_28\diagnostic_source.patch",".patch","13223","untracked","NO/NOT SHOWN","NO","NO","YES","NO/NOT SHOWN","POSSIBLE - REVIEW","NO","False","ARCHIVE_RAW_EVIDENCE","9886d6519d52fe5701e23efa9d9886c6e86a1a02a1b0665c7dc5fef0ce66a4fc"
"docs\phase_reports\evidence\heap_diagnostic_2026_09_28\flash_verify_summary.txt",".txt","5368","untracked","NO/NOT SHOWN","NO","NO","YES","NO/NOT SHOWN","POSSIBLE - REVIEW","NO","False","ARCHIVE_RAW_EVIDENCE","a41b65a550a44f5b143853ee2e438ce057a311ab8e5952894e8a40748ad995f8"
"docs\phase_reports\evidence\heap_diagnostic_2026_09_28\production_firmware_before_diag.bin",".bin","1238752","untracked","NO/NOT SHOWN","NO","NO","YES","NO/NOT SHOWN","POSSIBLE - REVIEW","NO","False","ARCHIVE_RAW_EVIDENCE","084227e2e77994ae21b773e253c209b8ba49b897354b3969a5f76f328cb06be9"
"docs\phase_reports\evidence\heap_diagnostic_2026_09_28\production_restore_capture.txt",".txt","830","untracked","NO/NOT SHOWN","NO","NO","YES","NO/NOT SHOWN","POSSIBLE - REVIEW","NO","False","ARCHIVE_RAW_EVIDENCE","f39ff7a630900fee396a775e00926942e315ce5fa6eb164f5916d780959190b5"
"docs\phase_reports\evidence\heap_diagnostic_2026_09_28\production_restore_later_status.txt",".txt","252","untracked","NO/NOT SHOWN","NO","NO","YES","NO/NOT SHOWN","POSSIBLE - REVIEW","NO","False","ARCHIVE_RAW_EVIDENCE","532728f3dd9c6c476ed7b6589e5fe6c02b1129ae7fe446c37eabf91447228266"
"docs\phase_reports\evidence\heap_diagnostic_2026_09_28\serial_diag_capture.txt",".txt","6838","untracked","NO/NOT SHOWN","NO","NO","YES","NO/NOT SHOWN","POSSIBLE - REVIEW","NO","False","ARCHIVE_RAW_EVIDENCE","3b7c604b780715aaedea2e3c0e58a92460eda0adda22c88a2787cd845462c749"
"docs\phase_reports\evidence\heap_diagnostic_2026_09_28\serial_diag_capture_corrective.txt",".txt","8106","untracked","NO/NOT SHOWN","NO","NO","YES","NO/NOT SHOWN","POSSIBLE - REVIEW","NO","False","ARCHIVE_RAW_EVIDENCE","1635bc1851863a44aaf26e509fe534ea94f86ed99972a25056c120b58dcd72ec"
"docs\phase_reports\evidence\heap_diagnostic_2026_09_28\source\HeapDiagnostics.cpp",".cpp","7272","untracked","NO/NOT SHOWN","NO","NO","YES","NO/NOT SHOWN","POSSIBLE - REVIEW","NO","False","ARCHIVE_RAW_EVIDENCE","f5eea637e16dcb700900060449d795c335c7b88bae38a2fa2cd0c3c7a181aec9"
"docs\phase_reports\evidence\heap_diagnostic_2026_09_28\source\HeapDiagnostics.h",".h","391","untracked","NO/NOT SHOWN","NO","NO","YES","NO/NOT SHOWN","POSSIBLE - REVIEW","NO","False","ARCHIVE_RAW_EVIDENCE","5d331af81d362533476699231da1792a7b119bae39dafffb7f97bdb1eda95174"
"docs\phase_reports\evidence\heap_diagnostic_orphan\HeapTrace.cpp",".cpp","3576","untracked","NO/NOT SHOWN","NO","NO","YES","NO/NOT SHOWN","POSSIBLE - REVIEW","NO","False","ARCHIVE_RAW_EVIDENCE","ca5214336a6a0d7f7eb382af793e24d44f2927f0d981f6f56a31dacd9399e634"
"docs\phase_reports\evidence\heap_diagnostic_orphan\HeapTrace.h",".h","530","untracked","NO/NOT SHOWN","NO","NO","YES","NO/NOT SHOWN","POSSIBLE - REVIEW","NO","False","ARCHIVE_RAW_EVIDENCE","f4e1381971540b68ff0e051094a87d8d23d6ce8535a2de0ff3d962d4c133b4b5"
"docs\phase_reports\evidence\heap_minimal_bisection_2026_09_28\capture_closeout_system_only.py",".py","2655","untracked","NO/NOT SHOWN","NO","NO","YES","NO/NOT SHOWN","POSSIBLE - REVIEW","NO","False","ARCHIVE_RAW_EVIDENCE","c54ef3237635217fa70e4f37e1b5953d14e2dc1afea59cb973a798474c9dcc8c"
"docs\phase_reports\evidence\heap_minimal_bisection_2026_09_28\capture_current_provenance.py",".py","3625","untracked","NO/NOT SHOWN","NO","NO","YES","NO/NOT SHOWN","POSSIBLE - REVIEW","NO","False","ARCHIVE_RAW_EVIDENCE","28420ca5afe6282589ad47f85f8e93730e1c434a200432393e9426bac69358e8"
"docs\phase_reports\evidence\heap_minimal_bisection_2026_09_28\capture_minimal_probe.py",".py","5172","untracked","NO/NOT SHOWN","NO","NO","YES","NO/NOT SHOWN","POSSIBLE - REVIEW","NO","False","ARCHIVE_RAW_EVIDENCE","81912b606a7b3dd6b4df833ec16db0f109277e983cbbe9f36c9c3a016c78e39c"
"docs\phase_reports\evidence\heap_minimal_bisection_2026_09_28\capture_production_late_status.py",".py","3287","untracked","NO/NOT SHOWN","NO","NO","YES","NO/NOT SHOWN","POSSIBLE - REVIEW","NO","False","ARCHIVE_RAW_EVIDENCE","6ce8583bfa4088ca69038073b2d22764b61a94dc061be660e3a0916f5535f1c2"
"docs\phase_reports\evidence\heap_minimal_bisection_2026_09_28\capture_production_restore.py",".py","5655","untracked","NO/NOT SHOWN","NO","NO","YES","NO/NOT SHOWN","POSSIBLE - REVIEW","NO","False","ARCHIVE_RAW_EVIDENCE","639dd978b17d88c256ed6e5000e8cbbe3abb9b9abe33e8bd6a62b69b4af100d9"
"docs\phase_reports\evidence\heap_minimal_bisection_2026_09_28\closeout_latest_diagsystem.txt",".txt","925","untracked","NO/NOT SHOWN","NO","NO","YES","NO/NOT SHOWN","POSSIBLE - REVIEW","NO","False","ARCHIVE_RAW_EVIDENCE","266b9de552fcfbde9667ae9e53d4bf2950936ebc4e4125b48ee9473be624c0f1"
"docs\phase_reports\evidence\heap_minimal_bisection_2026_09_28\current_provenance_capture.txt",".txt","985","untracked","NO/NOT SHOWN","NO","NO","YES","NO/NOT SHOWN","POSSIBLE - REVIEW","NO","False","ARCHIVE_RAW_EVIDENCE","63998e0698f8ba05b4982765cb4d383b8213cc3f3bcd9d9be4b50baa9e65264e"
"docs\phase_reports\evidence\heap_minimal_bisection_2026_09_28\diagnostic_flash_verify_commands.txt",".txt","2927","untracked","NO/NOT SHOWN","NO","NO","YES","NO/NOT SHOWN","POSSIBLE - REVIEW","NO","False","ARCHIVE_RAW_EVIDENCE","c5395ddd4b45254afa335d65009b63125c9cb6004ec7348fc3f0e3b952f60afc"
"docs\phase_reports\evidence\heap_minimal_bisection_2026_09_28\diagnostic_minimal_firmware.bin",".bin","1239904","untracked","NO/NOT SHOWN","NO","NO","YES","NO/NOT SHOWN","POSSIBLE - REVIEW","YES (identical SHA-256 elsewhere)","False","ARCHIVE_RAW_EVIDENCE","3dcd3bcbd249377712f83e74a2133de94400f55f15ab8073b3a10636a940104d"
"docs\phase_reports\evidence\heap_minimal_bisection_2026_09_28\diagnostic_minimal_map_sections.txt",".txt","94","untracked","NO/NOT SHOWN","NO","NO","YES","NO/NOT SHOWN","POSSIBLE - REVIEW","NO","False","ARCHIVE_RAW_EVIDENCE","3557a36f5e7db60dd925b8b5931f6230111ccbf6247a799ca1a0fcad95235c8a"
"docs\phase_reports\evidence\heap_minimal_bisection_2026_09_28\diagnostic_minimal_source.patch",".patch","1884","untracked","NO/NOT SHOWN","NO","NO","YES","NO/NOT SHOWN","POSSIBLE - REVIEW","NO","False","ARCHIVE_RAW_EVIDENCE","085b2127c882ae579247342e51d642e10d789fb3df8cf3e7f1811e324e7333ac"
"docs\phase_reports\evidence\heap_minimal_bisection_2026_09_28\final_release_live_status.txt",".txt","726","untracked","NO/NOT SHOWN","NO","NO","YES","NO/NOT SHOWN","POSSIBLE - REVIEW","NO","False","ARCHIVE_RAW_EVIDENCE","ebe79b8b062bf667a0ffa1cccd57f255f06e70e71103d9616e4e65dd70c0c7b5"
"docs\phase_reports\evidence\heap_minimal_bisection_2026_09_28\minimal_stable_idle_capture.txt",".txt","1196","untracked","NO/NOT SHOWN","NO","NO","YES","NO/NOT SHOWN","POSSIBLE - REVIEW","NO","False","ARCHIVE_RAW_EVIDENCE","7d7697ee366865bb1ed0cd344889571ef027993d5421d11d4f9f0a9af2c43078"
"docs\phase_reports\evidence\heap_minimal_bisection_2026_09_28\production_restore_commands.txt",".txt","2953","untracked","NO/NOT SHOWN","NO","NO","YES","NO/NOT SHOWN","POSSIBLE - REVIEW","NO","False","ARCHIVE_RAW_EVIDENCE","a7138d6250c5ca42e9ad78a12d62b903578fb5069121fe59e0a34bf6bc9cc3ac"
"docs\phase_reports\evidence\heap_minimal_bisection_2026_09_28\production_restore_late_status.txt",".txt","960","untracked","NO/NOT SHOWN","NO","NO","YES","NO/NOT SHOWN","POSSIBLE - REVIEW","NO","False","ARCHIVE_RAW_EVIDENCE","dee76c99a11b108baf8d74dcf464198fe05de3a5713090d54b551a90e9b2c5d4"
"docs\phase_reports\evidence\heap_minimal_bisection_2026_09_28\production_restore_live_capture.txt",".txt","1294","untracked","NO/NOT SHOWN","NO","NO","YES","NO/NOT SHOWN","POSSIBLE - REVIEW","NO","False","ARCHIVE_RAW_EVIDENCE","8b27e5a45ec5b4e8ec3d88d9258048702d8cf1042a2a92e329c3bd4ce3763a02"
"docs\phase_reports\evidence\heap_minimal_bisection_2026_09_28\production_restore_summary.txt",".txt","1221","untracked","NO/NOT SHOWN","NO","NO","YES","NO/NOT SHOWN","POSSIBLE - REVIEW","NO","False","ARCHIVE_RAW_EVIDENCE","c0d1741d3cceb17335d9d0c7e4b1de6673ac2111b2e0fcb071dde36791893b6a"
"docs\phase_reports\evidence\line_friend_page\live-assets.json",".json","102","tracked","NO/NOT SHOWN","NO","NO","YES","NO/NOT SHOWN","NO/NOT SHOWN","NO","False","ARCHIVE_RAW_EVIDENCE","1eda355ec0b054acb3407d90b5713e558990a7dbdcf852ff53cbf99bb9996c1b"
"docs\phase_reports\evidence\line_friend_page\management-browser.json",".json","667","tracked","NO/NOT SHOWN","NO","NO","YES","NO/NOT SHOWN","NO/NOT SHOWN","NO","False","ARCHIVE_RAW_EVIDENCE","8433746e52a7159988b17934a2fcc7d1341d15b11ecae805a1a6dbf2ef6bae90"
"docs\phase_reports\evidence\line_friend_page\mobile-friend-page.png",".png","27894","tracked","NO/NOT SHOWN","NO","NO","YES","NO/NOT SHOWN","NO/NOT SHOWN","NO","False","ARCHIVE_RAW_EVIDENCE","b3bda329edcb15c31a2e6002794338c2a49845c56adb2858c30188fa02df6f9f"
"docs\phase_reports\evidence\line_friend_page\nvs-preservation.json",".json","683","tracked","NO/NOT SHOWN","NO","NO","YES","NO/NOT SHOWN","NO/NOT SHOWN","YES (identical SHA-256 elsewhere)","False","ARCHIVE_RAW_EVIDENCE","0ea5229e6fcb5607850a2ff8fed0935380ece6470daff040c5db41a53b204ca1"
"docs\phase_reports\evidence\line_friend_page\post-flash.txt",".txt","671","tracked","NO/NOT SHOWN","NO","NO","YES","NO/NOT SHOWN","NO/NOT SHOWN","NO","False","ARCHIVE_RAW_EVIDENCE","ffb0ae55287860060f199bc2843282144840b5f838fece9081ba5e84cfe7593e"
"docs\phase_reports\evidence\line_friend_page\pre-flash.txt",".txt","707","tracked","NO/NOT SHOWN","NO","NO","YES","NO/NOT SHOWN","NO/NOT SHOWN","NO","False","ARCHIVE_RAW_EVIDENCE","4cc909afa21a9bcd28f53b1106f5870114f76d254d2f9988751a23ddc1bfd82c"
"docs\phase_reports\evidence\line_heap_2026_09_28\health_get_ap_transition.json",".json","3495","untracked","NO/NOT SHOWN","NO","NO","YES","NO/NOT SHOWN","POSSIBLE - REVIEW","NO","False","ARCHIVE_RAW_EVIDENCE","3b8c96303bd08e32841640b4e3cba54974beee50a5bf72b1d3624dd303b92437"
"docs\phase_reports\evidence\line_heap_2026_09_28\health_get_ap_transition_direct_sta.json",".json","3619","untracked","NO/NOT SHOWN","NO","NO","YES","NO/NOT SHOWN","POSSIBLE - REVIEW","NO","False","ARCHIVE_RAW_EVIDENCE","c4ee252bea501fff59cf9fd7474a355e38e3bfdb51dfef602e80aeffc362c867"
"docs\phase_reports\evidence\line_heap_2026_09_28\idle_samples.json",".json","12300","untracked","NO/NOT SHOWN","NO","NO","YES","NO/NOT SHOWN","POSSIBLE - REVIEW","NO","False","ARCHIVE_RAW_EVIDENCE","e9dcc78e491abc5ee7482091a849f166ae87c66c2fa44c02674811934dc39a78"
"docs\phase_reports\evidence\line_heap_2026_09_28\page_gets_and_post_idle_samples.json",".json","19596","untracked","NO/NOT SHOWN","NO","NO","YES","NO/NOT SHOWN","POSSIBLE - REVIEW","NO","False","ARCHIVE_RAW_EVIDENCE","48baf7028bd04d294ed8325227e0d784b3f10146917d9ae5d19a9ced5bcf13ca"
"docs\phase_reports\evidence\line_heap_2026_09_28\PASSIVE_HEAP_BASELINE_2026-09-28.md",".md","3787","untracked","NO/NOT SHOWN","NO","NO","YES","NO/NOT SHOWN","POSSIBLE - REVIEW","NO","False","ARCHIVE_RAW_EVIDENCE","0765da03150a287fd8e9c35da0c997fc121c4fc2c70ddca3c252671a606b307c"
"docs\phase_reports\evidence\line_v1\build.txt",".txt","2168","tracked","NO/NOT SHOWN","NO","NO","YES","NO/NOT SHOWN","NO/NOT SHOWN","NO","False","ARCHIVE_RAW_EVIDENCE","94dbb5431a1f9ed2942bd74dc025f65953293259328243fcde6f81044d89877e"
"docs\phase_reports\evidence\line_v1\final-state.txt",".txt","1000","tracked","NO/NOT SHOWN","NO","NO","YES","NO/NOT SHOWN","NO/NOT SHOWN","NO","False","ARCHIVE_RAW_EVIDENCE","4ea987d7f4fa300855a5d7a8f978bc3c33e400f68f9fa5b45fc34e8c8f20c918"
"docs\phase_reports\evidence\line_v1\flash.txt",".txt","4579","tracked","NO/NOT SHOWN","NO","NO","YES","NO/NOT SHOWN","NO/NOT SHOWN","NO","False","ARCHIVE_RAW_EVIDENCE","90d8a14acfa045a280c063b14130bab41fad9017e58d28840de92a64cc1ed4a2"
"docs\phase_reports\evidence\line_v1\line-host-tests.txt",".txt","1013","tracked","NO/NOT SHOWN","NO","NO","YES","NO/NOT SHOWN","NO/NOT SHOWN","NO","False","ARCHIVE_RAW_EVIDENCE","4120b7db7773a7d12964b400688a369b344beba2e6b1c3aa62ff9f77a3cdfb9a"
"docs\phase_reports\evidence\line_v1\live-http.json",".json","475","tracked","NO/NOT SHOWN","NO","NO","YES","NO/NOT SHOWN","NO/NOT SHOWN","NO","False","ARCHIVE_RAW_EVIDENCE","8e0ac84344edf0f20e11e3d44c70a4dd76403bb3bfba3d3de51472b5ba2de202"
"docs\phase_reports\evidence\line_v1\management-browser.json",".json","524","tracked","NO/NOT SHOWN","NO","NO","YES","NO/NOT SHOWN","NO/NOT SHOWN","NO","False","ARCHIVE_RAW_EVIDENCE","3493f4bb96883917aa219d9ef865f551c8529f5a375c09307770d51277732207"
"docs\phase_reports\evidence\line_v1\nvs-preservation.json",".json","587","tracked","NO/NOT SHOWN","NO","NO","YES","NO/NOT SHOWN","NO/NOT SHOWN","YES (identical SHA-256 elsewhere)","False","ARCHIVE_RAW_EVIDENCE","83fad7aee68796938a401d7c4b80e4f037a20141285dfcc3cfa194edc1962a33"
"docs\phase_reports\evidence\line_v1\nvs-read.txt",".txt","992","tracked","NO/NOT SHOWN","NO","NO","YES","NO/NOT SHOWN","NO/NOT SHOWN","NO","False","ARCHIVE_RAW_EVIDENCE","a80ab2f2f8c9b0c8a4f4387f2aac9d79c4fd2c26961bde982542aa01acd2e685"
"docs\phase_reports\evidence\line_v1\otadata-live.bin",".bin","8192","untracked","NO/NOT SHOWN","NO","NO","YES","NO/NOT SHOWN","NO/NOT SHOWN","YES (identical SHA-256 elsewhere)","False","ARCHIVE_RAW_EVIDENCE","f94c5d786a7a8fab06ac5d10e33bf37711a6697636dc037559ea19cc410a17f0"
"docs\phase_reports\evidence\line_v1\partition-live.bin",".bin","4096","untracked","NO/NOT SHOWN","NO","NO","YES","NO/NOT SHOWN","NO/NOT SHOWN","YES (identical SHA-256 elsewhere)","False","ARCHIVE_RAW_EVIDENCE","f3134b747fef242287f33aa0be8a5008958132e0c7611f5bc5bb917c02c9e397"
"docs\phase_reports\evidence\line_v1\post-flash.txt",".txt","1832","tracked","NO/NOT SHOWN","NO","NO","YES","NO/NOT SHOWN","NO/NOT SHOWN","NO","False","ARCHIVE_RAW_EVIDENCE","56c85e805cd6d7885dd25000c1a4d94b52968e8d701e9e5d8cde7e35d7b46ea2"
"docs\phase_reports\evidence\line_v1\pre-flash.txt",".txt","909","tracked","NO/NOT SHOWN","NO","NO","YES","NO/NOT SHOWN","NO/NOT SHOWN","NO","False","ARCHIVE_RAW_EVIDENCE","5a3560ac93add1ca2093fc40d7afd40d56f88de0fcddd3899b5a6da090b3b601"
"docs\phase_reports\evidence\line_v1\regression.json",".json","1167","tracked","NO/NOT SHOWN","NO","NO","YES","NO/NOT SHOWN","NO/NOT SHOWN","NO","False","ARCHIVE_RAW_EVIDENCE","3a0045f15b47fe3992c38c5650e6aa51fb441bb1e727ddd63c7c5c52d7fa879f"
"docs\phase_reports\evidence\line_v1\regression.txt",".txt","5794","tracked","NO/NOT SHOWN","NO","NO","YES","NO/NOT SHOWN","NO/NOT SHOWN","NO","False","ARCHIVE_RAW_EVIDENCE","1f0cf9851e9a6cd038026588965419dac9862605ef2d7da40a40c3b40ce9150d"
"docs\phase_reports\evidence\line_v1\source-review.json",".json","434","tracked","NO/NOT SHOWN","NO","NO","YES","NO/NOT SHOWN","NO/NOT SHOWN","NO","False","ARCHIVE_RAW_EVIDENCE","32769aad7885361b1a113febd0cd48d2b4beed8ebcd6b5052d186ba4fa818a3e"
"docs\phase_reports\evidence\line_v1\tls-root.json",".json","267","tracked","NO/NOT SHOWN","NO","NO","YES","NO/NOT SHOWN","NO/NOT SHOWN","NO","False","ARCHIVE_RAW_EVIDENCE","bcd2c672dff17a980b72324463772e3f853b3c47bdf5a464c75761bcb48f9379"
"docs\phase_reports\evidence\line_v2\build.txt",".txt","2161","tracked","NO/NOT SHOWN","NO","NO","YES","NO/NOT SHOWN","NO/NOT SHOWN","NO","False","ARCHIVE_RAW_EVIDENCE","fbc9822767cfb27d7a72854977d4b36657e93e98333ac3b777f94bc5f02e1c60"
"docs\phase_reports\evidence\line_v2\core-tests.txt",".txt","1013","tracked","NO/NOT SHOWN","NO","NO","YES","NO/NOT SHOWN","NO/NOT SHOWN","NO","False","ARCHIVE_RAW_EVIDENCE","faeddcf725523b1662c6835032fc4c60bdb003f85eba956f3b0236fca16cbd36"
"docs\phase_reports\evidence\line_v2\final-state.txt",".txt","500","tracked","NO/NOT SHOWN","NO","NO","YES","NO/NOT SHOWN","NO/NOT SHOWN","NO","False","ARCHIVE_RAW_EVIDENCE","700fac3a3ade4a2489af18b86063dee7a6744d8b02a19f772ae454f79dacced5"
"docs\phase_reports\evidence\line_v2\flash.txt",".txt","4581","tracked","NO/NOT SHOWN","NO","NO","YES","NO/NOT SHOWN","NO/NOT SHOWN","NO","False","ARCHIVE_RAW_EVIDENCE","8a6668959c59f43b3edc7273ad88029c6fc4f32b33861c2d5bf74b4a8fb92efd"
"docs\phase_reports\evidence\line_v2\live-http.json",".json","574","tracked","NO/NOT SHOWN","NO","NO","YES","NO/NOT SHOWN","NO/NOT SHOWN","NO","False","ARCHIVE_RAW_EVIDENCE","4c58644b17387f6c9c4e63ab651a56523b1e50b8a41186c03ab49654d6f18f6b"
"docs\phase_reports\evidence\line_v2\management-browser.json",".json","596","tracked","NO/NOT SHOWN","NO","NO","YES","NO/NOT SHOWN","NO/NOT SHOWN","NO","False","ARCHIVE_RAW_EVIDENCE","80eedb96ce89d9a99d83c72950c3fcc489da9e05cd69bbfb06d7ab9f2bfdffb4"
"docs\phase_reports\evidence\line_v2\nvs-preservation.json",".json","587","tracked","NO/NOT SHOWN","NO","NO","YES","NO/NOT SHOWN","NO/NOT SHOWN","YES (identical SHA-256 elsewhere)","False","ARCHIVE_RAW_EVIDENCE","83fad7aee68796938a401d7c4b80e4f037a20141285dfcc3cfa194edc1962a33"
"docs\phase_reports\evidence\line_v2\nvs-read-after.txt",".txt","989","tracked","NO/NOT SHOWN","NO","NO","YES","NO/NOT SHOWN","NO/NOT SHOWN","NO","False","ARCHIVE_RAW_EVIDENCE","ba6b30f0580831e8f1b03f13f1fdecf907c55761b76744d319d5427d6f6d6754"
"docs\phase_reports\evidence\line_v2\nvs-read-before.txt",".txt","997","tracked","NO/NOT SHOWN","NO","NO","YES","NO/NOT SHOWN","NO/NOT SHOWN","NO","False","ARCHIVE_RAW_EVIDENCE","8644961ef405c7859098584b18fb6acb55ca4ddc65e01b870a9f52c9f028e0eb"
"docs\phase_reports\evidence\line_v2\post-flash.txt",".txt","1853","tracked","NO/NOT SHOWN","NO","NO","YES","NO/NOT SHOWN","NO/NOT SHOWN","NO","False","ARCHIVE_RAW_EVIDENCE","80fe1b5177b838fbf4f981c13b5df8e70c8d384324fe3769f5b0d8097a0302ec"
"docs\phase_reports\evidence\line_v2\pre-flash.txt",".txt","752","tracked","NO/NOT SHOWN","NO","NO","YES","NO/NOT SHOWN","NO/NOT SHOWN","NO","False","ARCHIVE_RAW_EVIDENCE","ae7fa195a7f05cf4aeac946b2bafc7bc32d0305db7a9ebeae3eeb01f5cbd019b"
"docs\phase_reports\evidence\line_v2\regression.json",".json","1066","tracked","NO/NOT SHOWN","NO","NO","YES","NO/NOT SHOWN","NO/NOT SHOWN","NO","False","ARCHIVE_RAW_EVIDENCE","3e7c9cc0804fb039bede76cba09ff9a88c95c807f8938b32f05fbae7a428687c"
"docs\phase_reports\evidence\line_v2\regression.txt",".txt","5231","tracked","NO/NOT SHOWN","NO","NO","YES","NO/NOT SHOWN","NO/NOT SHOWN","NO","False","ARCHIVE_RAW_EVIDENCE","ac9fdc2b85c6764764939587a54e920512c8c06340c212251b713f5c7fd7e3db"
"docs\phase_reports\evidence\line_v2\source-review.json",".json","300","tracked","NO/NOT SHOWN","NO","NO","YES","NO/NOT SHOWN","NO/NOT SHOWN","NO","False","ARCHIVE_RAW_EVIDENCE","8cd9faa498066fb6306b9f3105b35d18877b44282ff43cadf12f88ca3b6b3406"
"docs\phase_reports\evidence\line_v2_physical\admin-preview.png",".png","6125","tracked","NO/NOT SHOWN","NO","NO","YES","NO/NOT SHOWN","NO/NOT SHOWN","NO","False","ARCHIVE_RAW_EVIDENCE","46e45617930ec4d9830df3400aa99432cc625eff01b031400d0a3b047b71de56"
"docs\phase_reports\evidence\line_v2_physical\build.txt",".txt","2516","tracked","NO/NOT SHOWN","NO","NO","YES","NO/NOT SHOWN","NO/NOT SHOWN","NO","False","ARCHIVE_RAW_EVIDENCE","6916612f5f9a0d2b3803e67283ba5299df3b00a0ead1f0c253c2d1478cc12fc9"
"docs\phase_reports\evidence\line_v2_physical\core-tests.txt",".txt","1025","tracked","NO/NOT SHOWN","NO","NO","YES","NO/NOT SHOWN","NO/NOT SHOWN","NO","False","ARCHIVE_RAW_EVIDENCE","21c1bc3f172e88f62bed77e55d275dca2fc64ad9489474d1b1497332942d1ee7"
"docs\phase_reports\evidence\line_v2_physical\deployment.json",".json","273","tracked","NO/NOT SHOWN","NO","NO","YES","NO/NOT SHOWN","NO/NOT SHOWN","NO","False","ARCHIVE_RAW_EVIDENCE","cbb32466fa59aff5e29b4028f60818cae3044404a4c2f56372d4d18ac64eef70"
"docs\phase_reports\evidence\line_v2_physical\final-locked.txt",".txt","550","tracked","NO/NOT SHOWN","NO","NO","YES","NO/NOT SHOWN","NO/NOT SHOWN","NO","False","ARCHIVE_RAW_EVIDENCE","36c1facf70de1cbf824ccfa2e44cbe9cccf08d6b09399ffdcce1bdfc71a6963e"
"docs\phase_reports\evidence\line_v2_physical\host-tests.txt",".txt","1307","tracked","NO/NOT SHOWN","NO","NO","YES","NO/NOT SHOWN","NO/NOT SHOWN","NO","False","ARCHIVE_RAW_EVIDENCE","964875b6ac49bfe2d7e987eedab650e0b92cfa87a7333db9f990ecdaa56461a8"
"docs\phase_reports\evidence\line_v2_physical\line-tls-stack-fix.txt",".txt","803","tracked","NO/NOT SHOWN","NO","NO","YES","NO/NOT SHOWN","NO/NOT SHOWN","NO","False","ARCHIVE_RAW_EVIDENCE","c417e632cdfb12e0f985118d0e807677c36383b334499eaf3caf7333afb211df"
"docs\phase_reports\evidence\line_v2_physical\live-http.json",".json","574","tracked","NO/NOT SHOWN","NO","NO","YES","NO/NOT SHOWN","NO/NOT SHOWN","NO","False","ARCHIVE_RAW_EVIDENCE","765ab8bd2a8045af94e46e6eb9599f2f512cf2fe0684102372c823dccaa9bfd9"
"docs\phase_reports\evidence\line_v2_physical\local-session-check.json",".json","669","tracked","NO/NOT SHOWN","NO","NO","YES","NO/NOT SHOWN","NO/NOT SHOWN","NO","False","ARCHIVE_RAW_EVIDENCE","dc0495ea8c010dc7308ca1d44c13027fe9c278ba36f314809ef2abaa3b2694bd"
"docs\phase_reports\evidence\line_v2_physical\management-browser.json",".json","588","tracked","NO/NOT SHOWN","NO","NO","YES","NO/NOT SHOWN","NO/NOT SHOWN","NO","False","ARCHIVE_RAW_EVIDENCE","efa844c2c6ecec3fde06ee3b875f01c620d3c1da092b56ac9bb98b8251981b21"
"docs\phase_reports\evidence\line_v2_physical\nvs-preservation.json",".json","587","tracked","NO/NOT SHOWN","NO","NO","YES","NO/NOT SHOWN","NO/NOT SHOWN","YES (identical SHA-256 elsewhere)","False","ARCHIVE_RAW_EVIDENCE","83fad7aee68796938a401d7c4b80e4f037a20141285dfcc3cfa194edc1962a33"
"docs\phase_reports\evidence\line_v2_physical\nvs-read-before.txt",".txt","1024","tracked","NO/NOT SHOWN","NO","NO","YES","NO/NOT SHOWN","NO/NOT SHOWN","NO","False","ARCHIVE_RAW_EVIDENCE","1fe69288206bf5f2671cbb7f113945111f865c471d1107089c7f4d081caa62dc"
"docs\phase_reports\evidence\line_v2_physical\post-flash.txt",".txt","1895","tracked","NO/NOT SHOWN","NO","NO","YES","NO/NOT SHOWN","NO/NOT SHOWN","NO","False","ARCHIVE_RAW_EVIDENCE","66d72520a6579127a688720f9bb1a33feafef04d76191e49a41aa16af08a8eeb"
"docs\phase_reports\evidence\line_v2_physical\pre-flash.txt",".txt","754","tracked","NO/NOT SHOWN","NO","NO","YES","NO/NOT SHOWN","NO/NOT SHOWN","NO","False","ARCHIVE_RAW_EVIDENCE","dc65590fd26543592d58d2ef4ef3b3529dcbe483ffe04471440b2f8c14547677"
"docs\phase_reports\evidence\line_v2_physical\preservation-regression.json",".json","480","tracked","NO/NOT SHOWN","NO","NO","YES","NO/NOT SHOWN","NO/NOT SHOWN","NO","False","ARCHIVE_RAW_EVIDENCE","2459d0e570806a9ce3b24dec9b473c14bfd44b3f9f52327435f5024f2182396a"
"docs\phase_reports\evidence\line_v2_physical\preservation-regression.txt",".txt","1620","tracked","NO/NOT SHOWN","NO","NO","YES","NO/NOT SHOWN","NO/NOT SHOWN","NO","False","ARCHIVE_RAW_EVIDENCE","22cf97aad9568b9a19995246f9103406b36e43d0d25a9a15fbc4f90dc8a64b79"
"docs\phase_reports\evidence\line_v2_physical\real-line-provisioning.txt",".txt","2702","tracked","NO/NOT SHOWN","NO","NO","YES","NO/NOT SHOWN","NO/NOT SHOWN","NO","False","ARCHIVE_RAW_EVIDENCE","84e400b2f28932a6e9e2caca7a082ba69e31e8181b8e5b301a19b5aa1f15cb2a"
"docs\phase_reports\evidence\line_v2_physical\real-line-test.txt",".txt","1098","tracked","NO/NOT SHOWN","NO","NO","YES","NO/NOT SHOWN","NO/NOT SHOWN","NO","False","ARCHIVE_RAW_EVIDENCE","7183c3011e6de93f949779cde87ea7aaf2d75372154caa4c75f6cff408eed860"
"docs\phase_reports\evidence\line_v2_physical\usb-tests.txt",".txt","702","tracked","NO/NOT SHOWN","NO","NO","YES","NO/NOT SHOWN","NO/NOT SHOWN","NO","False","ARCHIVE_RAW_EVIDENCE","f765e85571feb8d016151df5b9264a72a7531b39e5c1dfbdfa89a5f256383a97"
"docs\phase_reports\evidence\line_web_admin\live-http.json",".json","196","tracked","NO/NOT SHOWN","NO","NO","YES","NO/NOT SHOWN","NO/NOT SHOWN","NO","False","ARCHIVE_RAW_EVIDENCE","f2adc9ff1c113637aff20187df8262db0c837b50a140c4f250878143e8c496ec"
"docs\phase_reports\evidence\line_web_admin\management-browser.json",".json","766","tracked","NO/NOT SHOWN","NO","NO","YES","NO/NOT SHOWN","NO/NOT SHOWN","NO","False","ARCHIVE_RAW_EVIDENCE","8fef7e99456aa73727603bc4c79d11885d771e34f197827bf7f194c5962897af"
"docs\phase_reports\evidence\line_web_admin\mobile-friend-page.png",".png","29046","tracked","NO/NOT SHOWN","NO","NO","YES","NO/NOT SHOWN","NO/NOT SHOWN","NO","False","ARCHIVE_RAW_EVIDENCE","6cb3756e30224f839a2754a54aa6705d0b1413aaf87e603cf502d2fd09c7d2b0"
"docs\phase_reports\evidence\line_web_admin\nvs-preservation.json",".json","683","tracked","NO/NOT SHOWN","NO","NO","YES","NO/NOT SHOWN","NO/NOT SHOWN","YES (identical SHA-256 elsewhere)","False","ARCHIVE_RAW_EVIDENCE","0ea5229e6fcb5607850a2ff8fed0935380ece6470daff040c5db41a53b204ca1"
"docs\phase_reports\evidence\line_web_admin\post-auth.txt",".txt","253","tracked","NO/NOT SHOWN","NO","NO","YES","NO/NOT SHOWN","NO/NOT SHOWN","NO","False","ARCHIVE_RAW_EVIDENCE","260906d64897902dadbf1b2137bc6a8b2ae0ea183bff9dbb4d2901332dc3997f"
"docs\phase_reports\evidence\line_web_admin\post-flash.txt",".txt","901","tracked","NO/NOT SHOWN","NO","NO","YES","NO/NOT SHOWN","NO/NOT SHOWN","NO","False","ARCHIVE_RAW_EVIDENCE","52598b3c9f3519d42035b34fd2643fd5d61ea44453ee4cd414246f3094c3cfdd"
"docs\phase_reports\evidence\line_web_admin\pre-flash.txt",".txt","671","tracked","NO/NOT SHOWN","NO","NO","YES","NO/NOT SHOWN","NO/NOT SHOWN","NO","False","ARCHIVE_RAW_EVIDENCE","29bb6dcf14d1c65e45425dacacad16bf509ad0d9fdbe6528e239459c491abad0"
"docs\phase_reports\evidence\local_fallback\attempt1-dns-after.json",".json","245","tracked","NO/NOT SHOWN","NO","NO","YES","NO/NOT SHOWN","POSSIBLE - REVIEW","NO","False","ARCHIVE_RAW_EVIDENCE","fd6de411962899c848069758632ed88f3a98780259e195f76b8b4917641debc2"
"docs\phase_reports\evidence\local_fallback\attempt1-lan-health-after.json",".json","563","tracked","NO/NOT SHOWN","NO","NO","YES","NO/NOT SHOWN","POSSIBLE - REVIEW","NO","False","ARCHIVE_RAW_EVIDENCE","6e00cdaf73f23da7cd706a78d8fddd56dc8a847899db239a36a3f35a7c8a90e2"
"docs\phase_reports\evidence\local_fallback\attempt1-post-flash.txt",".txt","925","tracked","NO/NOT SHOWN","NO","NO","YES","NO/NOT SHOWN","POSSIBLE - REVIEW","NO","False","ARCHIVE_RAW_EVIDENCE","1805e5f9d0217e75d6553b45d68d45b5f88e1e8097bf183593bf7da7134360b6"
"docs\phase_reports\evidence\local_fallback\attempt1-post-soak.txt",".txt","671","tracked","NO/NOT SHOWN","NO","NO","YES","NO/NOT SHOWN","POSSIBLE - REVIEW","NO","False","ARCHIVE_RAW_EVIDENCE","ceeceb94499ee0db5a94c9f72d828e617adc198162839c381297c64c453b04a1"
"docs\phase_reports\evidence\local_fallback\build.json",".json","185","tracked","NO/NOT SHOWN","NO","NO","YES","NO/NOT SHOWN","NO/NOT SHOWN","NO","False","ARCHIVE_RAW_EVIDENCE","ece5d0d5ccef4e3e8f9121fe84213b145d1670e206f7d989562e15ece1d2f8b0"
"docs\phase_reports\evidence\local_fallback\dns-after.json",".json","415","tracked","NO/NOT SHOWN","NO","NO","YES","NO/NOT SHOWN","NO/NOT SHOWN","NO","False","ARCHIVE_RAW_EVIDENCE","4127f49bc497bc9d9ece445e40a13b216d20b7259c27969952ed987dd87d9bd7"
"docs\phase_reports\evidence\local_fallback\lan-health-after.json",".json","404","tracked","NO/NOT SHOWN","NO","NO","YES","NO/NOT SHOWN","NO/NOT SHOWN","NO","False","ARCHIVE_RAW_EVIDENCE","9834779b301d227d67765c66ff0a13c42b7d0e0bd386277889c37d0b4e9ffb80"
"docs\phase_reports\evidence\local_fallback\lan-health-before.json",".json","31","tracked","NO/NOT SHOWN","NO","NO","YES","NO/NOT SHOWN","NO/NOT SHOWN","NO","False","ARCHIVE_RAW_EVIDENCE","68142e979e3b0860ec827998cd075ac20e34dedccef97843d7293de327158133"
"docs\phase_reports\evidence\local_fallback\lan-health-stable.json",".json","403","tracked","NO/NOT SHOWN","NO","NO","YES","NO/NOT SHOWN","NO/NOT SHOWN","NO","False","ARCHIVE_RAW_EVIDENCE","e652de26147ecf1f4d1e6958d574bc0f27c1fff289f2175af2c2d9334b886deb"
"docs\phase_reports\evidence\local_fallback\layout-preview.png",".png","15927","tracked","NO/NOT SHOWN","NO","NO","YES","NO/NOT SHOWN","NO/NOT SHOWN","NO","False","ARCHIVE_RAW_EVIDENCE","e133ac716025677cb1ce2479d2b16292738bae2c2460c657f556437a1db039d9"
"docs\phase_reports\evidence\local_fallback\mobile-origin.json",".json","316","tracked","NO/NOT SHOWN","NO","NO","YES","NO/NOT SHOWN","NO/NOT SHOWN","NO","False","ARCHIVE_RAW_EVIDENCE","d0a00a7162a5fe456e5dfc76dfc131c84e7bcfa6fd5979535f91a191ee808f01"
"docs\phase_reports\evidence\local_fallback\nvs-preservation.json",".json","683","tracked","NO/NOT SHOWN","NO","NO","YES","NO/NOT SHOWN","NO/NOT SHOWN","YES (identical SHA-256 elsewhere)","False","ARCHIVE_RAW_EVIDENCE","0ea5229e6fcb5607850a2ff8fed0935380ece6470daff040c5db41a53b204ca1"
"docs\phase_reports\evidence\local_fallback\post-flash.txt",".txt","925","tracked","NO/NOT SHOWN","NO","NO","YES","NO/NOT SHOWN","NO/NOT SHOWN","NO","False","ARCHIVE_RAW_EVIDENCE","055b2467233227e1c61c5f48244187e8e5c2a11867efa096ca7183ecdc5ddb11"
"docs\phase_reports\evidence\local_fallback\post-reboot-system.txt",".txt","671","tracked","NO/NOT SHOWN","NO","NO","YES","NO/NOT SHOWN","NO/NOT SHOWN","NO","False","ARCHIVE_RAW_EVIDENCE","484231d72d4b8c40e084623d60c1054dc2ef4c7cd11e2ac1decab807913a5e8d"
"docs\phase_reports\evidence\local_fallback\pre-flash.txt",".txt","803","tracked","NO/NOT SHOWN","NO","NO","YES","NO/NOT SHOWN","NO/NOT SHOWN","NO","False","ARCHIVE_RAW_EVIDENCE","1de214b036b4138c4502496e64ed2e84d4399e07edcb65d84ce8a769b3ab79c1"
"docs\phase_reports\evidence\management_trim\after.txt",".txt","1462","tracked","NO/NOT SHOWN","NO","NO","YES","NO/NOT SHOWN","NO/NOT SHOWN","NO","False","ARCHIVE_RAW_EVIDENCE","095452464a229ae6716e49fe88b5ca6f0b6dac1e2a6bb0e9cf5fa394cd5b5505"
"docs\phase_reports\evidence\management_trim\before.txt",".txt","191","tracked","NO/NOT SHOWN","NO","NO","YES","NO/NOT SHOWN","NO/NOT SHOWN","NO","False","ARCHIVE_RAW_EVIDENCE","dffeedec458eda5d2cd9521362a4e42f714de6a5d70857e5a3e1dbdf91d415a5"
"docs\phase_reports\evidence\management_trim\build.json",".json","194","tracked","NO/NOT SHOWN","NO","NO","YES","NO/NOT SHOWN","NO/NOT SHOWN","NO","False","ARCHIVE_RAW_EVIDENCE","283bc482710db38f05b2db7c4b9e51b9e5f2f95b451df97f51e603b80d04c8f7"
"docs\phase_reports\evidence\phase13\baseline-auth.txt",".txt","384","tracked","NO/NOT SHOWN","NO","NO","YES","NO/NOT SHOWN","NO/NOT SHOWN","NO","False","ARCHIVE_RAW_EVIDENCE","d901c66fe11f57be98274830f317d3d9432e88a3a9a01bbe26f9935dd7dc84f6"
"docs\phase_reports\evidence\phase13\build-manifest.json",".json","266","tracked","NO/NOT SHOWN","NO","NO","YES","NO/NOT SHOWN","NO/NOT SHOWN","NO","False","ARCHIVE_RAW_EVIDENCE","24536ed4c444e32fe316eded341c35d18d625b2942136a340d2f53976e0d0526"
"docs\phase_reports\evidence\phase13\com6-flash.txt",".txt","5265","tracked","NO/NOT SHOWN","NO","NO","YES","NO/NOT SHOWN","NO/NOT SHOWN","NO","False","ARCHIVE_RAW_EVIDENCE","f41945a1b85bbf5645c7ece809bd3eff325bbecadb690b2a0c3be2eabe5a2240"
"docs\phase_reports\evidence\phase13\final-boot-crypto-auth.txt",".txt","2539","tracked","NO/NOT SHOWN","NO","NO","YES","NO/NOT SHOWN","NO/NOT SHOWN","NO","False","ARCHIVE_RAW_EVIDENCE","0d5de89da25f9140193c2a94c4470c046c2bd58d0d94b8925f8081476a260dc7"
"docs\phase_reports\evidence\phase13\final-build.txt",".txt","2271","tracked","NO/NOT SHOWN","NO","NO","YES","NO/NOT SHOWN","NO/NOT SHOWN","NO","False","ARCHIVE_RAW_EVIDENCE","6994e6faeb3ebcd6d8698220ef8036d1b3ab3faf2f8c9169980e92b05fdc7f89"
"docs\phase_reports\evidence\phase13\final-com6-flash.txt",".txt","5264","tracked","NO/NOT SHOWN","NO","NO","YES","NO/NOT SHOWN","NO/NOT SHOWN","NO","False","ARCHIVE_RAW_EVIDENCE","a7860367dd5ece7b11cac678a3f1606a0baa68d4d81ecf94ae0ef9cea719e5bd"
"docs\phase_reports\evidence\phase13\first-boot.txt",".txt","1767","tracked","NO/NOT SHOWN","NO","NO","YES","NO/NOT SHOWN","NO/NOT SHOWN","NO","False","ARCHIVE_RAW_EVIDENCE","9988a6f25d671fc0008e8f4cb67305d2d01131b0d0229218c3aea7faf81c2d8f"
"docs\phase_reports\evidence\phase13\full-build.txt",".txt","10583","tracked","NO/NOT SHOWN","NO","NO","YES","NO/NOT SHOWN","NO/NOT SHOWN","NO","False","ARCHIVE_RAW_EVIDENCE","4aa6facb4751d95e7477a32fe121ec6199e82891255bb55f0bf456f71353f8c6"
"docs\phase_reports\evidence\phase13\live-http-negative.txt",".txt","63","tracked","NO/NOT SHOWN","NO","NO","YES","NO/NOT SHOWN","NO/NOT SHOWN","NO","False","ARCHIVE_RAW_EVIDENCE","1fb909d87edd4ff87a8e8afee22463ada48a223880dd73e653613a9946a48c71"
"docs\phase_reports\evidence\phase13\post-http-auth.txt",".txt","384","tracked","NO/NOT SHOWN","NO","NO","YES","NO/NOT SHOWN","NO/NOT SHOWN","NO","False","ARCHIVE_RAW_EVIDENCE","cd2b7daba4bc44f40bea3277e7e25a569c36274e0bd4ae01575d98a6f4158b65"
"docs\phase_reports\evidence\phase13\production-otadata.bin",".bin","8192","tracked","NO/NOT SHOWN","NO","NO","YES","NO/NOT SHOWN","NO/NOT SHOWN","YES (identical SHA-256 elsewhere)","False","ARCHIVE_RAW_EVIDENCE","f94c5d786a7a8fab06ac5d10e33bf37711a6697636dc037559ea19cc410a17f0"
"docs\phase_reports\evidence\phase13\production-partitions.bin",".bin","4096","tracked","NO/NOT SHOWN","NO","NO","YES","NO/NOT SHOWN","NO/NOT SHOWN","YES (identical SHA-256 elsewhere)","False","ARCHIVE_RAW_EVIDENCE","f3134b747fef242287f33aa0be8a5008958132e0c7611f5bc5bb917c02c9e397"
"docs\phase_reports\evidence\phase13\windows-health.json",".json","197","tracked","NO/NOT SHOWN","NO","NO","YES","NO/NOT SHOWN","NO/NOT SHOWN","NO","False","ARCHIVE_RAW_EVIDENCE","b0b845667c165f5d433606b132de2fb22359e2330c3b7518f987b0bf9722952a"
"docs\phase_reports\evidence\product_cleanup\after-boot.txt",".txt","1654","tracked","NO/NOT SHOWN","NO","NO","YES","NO/NOT SHOWN","NO/NOT SHOWN","NO","False","ARCHIVE_RAW_EVIDENCE","ac6aca3f75c62e4b794751c35d70c47bf5df113987e49e272ea1d2a3df5abc6f"
"docs\phase_reports\evidence\product_cleanup\before-boot.txt",".txt","1832","tracked","NO/NOT SHOWN","NO","NO","YES","NO/NOT SHOWN","NO/NOT SHOWN","NO","False","ARCHIVE_RAW_EVIDENCE","992ccea19d1e84150cb2710c36bdbfe357f7500df62bb6891ba08698160e54e5"
"docs\phase_reports\evidence\product_cleanup\build.json",".json","285","tracked","NO/NOT SHOWN","NO","NO","YES","NO/NOT SHOWN","NO/NOT SHOWN","NO","False","ARCHIVE_RAW_EVIDENCE","d59caaf3433144126f079bbaea46e2e1d79210a0f0f7d13ae88933e296200361"
"docs\phase_reports\evidence\product_cleanup\http.json",".json","1911","tracked","NO/NOT SHOWN","NO","NO","YES","NO/NOT SHOWN","NO/NOT SHOWN","NO","False","ARCHIVE_RAW_EVIDENCE","422fec442cb0d40f9ae3539a993e6b44c6619b41bd09037cd0368062b3f7da8a"
"docs\phase_reports\evidence\setup_simplification\boot.txt",".txt","1158","tracked","NO/NOT SHOWN","NO","NO","YES","NO/NOT SHOWN","NO/NOT SHOWN","NO","False","ARCHIVE_RAW_EVIDENCE","fdfba119f2392ce6010422d41fd2f4b5f24604d499904c575eab25224f0483fd"
"docs\phase_reports\evidence\setup_simplification\build.json",".json","194","tracked","NO/NOT SHOWN","NO","NO","YES","NO/NOT SHOWN","NO/NOT SHOWN","NO","False","ARCHIVE_RAW_EVIDENCE","6ee2f6af75952732771ce17e444cbeb000fb3ec51910801156151a4dd3be55ac"
"docs\phase_reports\evidence\stale_enrollment\after.txt",".txt","1462","tracked","NO/NOT SHOWN","NO","NO","YES","NO/NOT SHOWN","NO/NOT SHOWN","NO","False","ARCHIVE_RAW_EVIDENCE","7afc3e090b4051ade7e89a8ca7ec908a92adca58faa72cdbca9b3e72a4d396e3"
"docs\phase_reports\evidence\stale_enrollment\before.txt",".txt","192","tracked","NO/NOT SHOWN","NO","NO","YES","NO/NOT SHOWN","NO/NOT SHOWN","NO","False","ARCHIVE_RAW_EVIDENCE","a5a541915b480da1bccbc8ddd6d39a7469c3a1ba4d7250732b9390515a85e0c1"
"docs\phase_reports\evidence\stale_enrollment\build.json",".json","194","tracked","NO/NOT SHOWN","NO","NO","YES","NO/NOT SHOWN","NO/NOT SHOWN","NO","False","ARCHIVE_RAW_EVIDENCE","b6e808cf06190b84fd878493c5a12b5b9ce603c481ed1d7565585a8f9da9cc92"
"docs\phase_reports\evidence\stale_enrollment\http.json",".json","122","tracked","NO/NOT SHOWN","NO","NO","YES","NO/NOT SHOWN","NO/NOT SHOWN","NO","False","ARCHIVE_RAW_EVIDENCE","3f60ee56323ca26b194ae741f594b76bda7b6832540488e5ad42694daa1b030c"
"docs\phase_reports\FINAL_FROM_ZERO_ACCEPTANCE_PLAN.md",".md","7691","tracked","NO/NOT SHOWN","NO","NO","YES","NO/NOT SHOWN","NO/NOT SHOWN","NO","False","ARCHIVE_DOCUMENTATION","8f7a22d9a49045ee0d51d0b5b135d4cfa940e72969063dd8c21aedcb84183248"
"docs\phase_reports\FINAL_FROM_ZERO_REPORT.md",".md","5418","tracked","NO/NOT SHOWN","NO","NO","YES","NO/NOT SHOWN","NO/NOT SHOWN","NO","False","ARCHIVE_DOCUMENTATION","3b48fec2b153f4598202d927cc000ba2e69a0f5d762802a84bd1da3edb4933c8"
"docs\phase_reports\FINAL_SMARTLOCK_ACCEPTANCE_2026-09-28.md",".md","5650","untracked","NO/NOT SHOWN","NO","NO","YES","NO/NOT SHOWN","NO/NOT SHOWN","NO","False","ARCHIVE_DOCUMENTATION","8cdd9dede6d33bc7066bc4914010d79e3c33afad3e95f9f604813bb4379fe78a"
"docs\phase_reports\GOOGLE_FREE_PHASE_F1_D1_WORKER_REPORT.md",".md","21191","tracked","NO/NOT SHOWN","NO","NO","YES","NO/NOT SHOWN","NO/NOT SHOWN","NO","False","ARCHIVE_DOCUMENTATION","5dd0d9fce81aa93c24ad5b00e41a1efbcf13a2843405f354fb8bff72b64ec3c0"
"docs\phase_reports\GOOGLE_PHASE_01_PROTOCOL_BACKEND_REPORT.md",".md","13762","tracked","NO/NOT SHOWN","NO","NO","YES","NO/NOT SHOWN","NO/NOT SHOWN","NO","False","ARCHIVE_DOCUMENTATION","fd38401c46cce03fface9a97efae75ec32be22698f5b2d8a50df3494f63e9511"
"docs\phase_reports\GOOGLE_SHEETS_ARCHIVE_CHECKPOINT.md",".md","989","tracked","NO/NOT SHOWN","NO","NO","YES","NO/NOT SHOWN","NO/NOT SHOWN","NO","False","ARCHIVE_DOCUMENTATION","bd822c2f5833eaa6e31aadfc28a2e49445dfb3b3167fe3e9c654620d8434c652"
"docs\phase_reports\GOOGLE_SHEETS_ARCHIVE_INDEX.md",".md","1266","tracked","NO/NOT SHOWN","NO","NO","YES","NO/NOT SHOWN","NO/NOT SHOWN","NO","False","ARCHIVE_DOCUMENTATION","624dc2df9381258fb05a4aa880d9a81db77849b5f1c1fb077ffea7e0927584e8"
"docs\phase_reports\GOOGLE_SHEETS_COMPLETE_IMPLEMENTATION_REPORT.md",".md","19373","tracked","NO/NOT SHOWN","NO","NO","YES","NO/NOT SHOWN","NO/NOT SHOWN","NO","False","ARCHIVE_DOCUMENTATION","62375cc05a96c9002762b0b2f374cb9f3604f6733e96b688e7736d06033adf17"
"docs\phase_reports\GOOGLE_SHEETS_FINAL_GOOGLE_ACCEPTANCE_REPORT.md",".md","14737","tracked","NO/NOT SHOWN","NO","NO","YES","NO/NOT SHOWN","NO/NOT SHOWN","NO","False","ARCHIVE_DOCUMENTATION","3c27f4de2fbfcd7b8f5a560ebddedb48956444091bd2487ec8d22f3cc770e10a"
"docs\phase_reports\GOOGLE_SHEETS_HARDWARE_DEPLOYMENT_REPORT.md",".md","8321","untracked","NO/NOT SHOWN","NO","NO","YES","NO/NOT SHOWN","NO/NOT SHOWN","NO","False","ARCHIVE_DOCUMENTATION","ea4f5812dae42e107317692b77e749510e1a18acaf458209a73f61d1dd0262c2"
"docs\phase_reports\GOOGLE_SHEETS_ONE_CLICK_SIMPLIFICATION_REPORT.md",".md","12294","tracked","NO/NOT SHOWN","NO","NO","YES","NO/NOT SHOWN","NO/NOT SHOWN","NO","False","ARCHIVE_DOCUMENTATION","0687eb3ff1773643161ec105c855fac9fd68591ec1c36bed37c6f93c78b8efa8"
"docs\phase_reports\GOOGLE_SHEETS_REMOVAL_REPORT.md",".md","6318","tracked","NO/NOT SHOWN","NO","NO","YES","NO/NOT SHOWN","NO/NOT SHOWN","NO","False","ARCHIVE_DOCUMENTATION","31ebc17cc131384c512ec5892cbd428e04e5378ef934fb515bbe5540f6499ce1"
"docs\phase_reports\H1_CANONICAL_HOST_DIAGNOSIS.md",".md","4419","untracked","NO/NOT SHOWN","NO","NO","YES","NO/NOT SHOWN","NO/NOT SHOWN","NO","False","ARCHIVE_DOCUMENTATION","38d496c0d05006a1d081771bab72babb8f4c5d51d775206973205f3a313245ab"
"docs\phase_reports\LAN_PHONE2_CHECKPOINT.md",".md","9941","tracked","NO/NOT SHOWN","NO","NO","YES","NO/NOT SHOWN","NO/NOT SHOWN","NO","False","ARCHIVE_DOCUMENTATION","6f72f3ce6a1d370ba49e769770d7c3b784fe4d5e7faa6f84775c5950f1bec54b"
"docs\phase_reports\LINE_FRIEND_PAGE_REPORT.md",".md","1818","tracked","NO/NOT SHOWN","NO","NO","YES","NO/NOT SHOWN","NO/NOT SHOWN","NO","False","ARCHIVE_DOCUMENTATION","7b4995b536a92d0e50f123ba9ae6352d5507f9556d68c653102db52511225c76"
"docs\phase_reports\LINE_NOTIFICATIONS_IMPLEMENTATION_REPORT.md",".md","5879","tracked","NO/NOT SHOWN","NO","NO","YES","NO/NOT SHOWN","NO/NOT SHOWN","NO","False","ARCHIVE_DOCUMENTATION","ec76acf163115f601031274c2358df1c641b9eedd1eb81ece983f168f46da713"
"docs\phase_reports\LINE_OWNER_PROVISIONING_V2_COMPLETE_REPORT.md",".md","12331","tracked","NO/NOT SHOWN","NO","NO","YES","NO/NOT SHOWN","NO/NOT SHOWN","NO","False","ARCHIVE_DOCUMENTATION","2c7b9c23a6a8426d8a94cbe9ccf37359a3fb3253de70fa31c4ac2b652ecceeb4"
"docs\phase_reports\LINE_WEB_ADMIN_DELIVERY_REPORT.md",".md","5261","tracked","NO/NOT SHOWN","NO","NO","YES","NO/NOT SHOWN","NO/NOT SHOWN","NO","False","ARCHIVE_DOCUMENTATION","a80b019c004584bbe2d3488e034e0ceec06a2036e650b2152064a5da66759b11"
"docs\phase_reports\LOCAL_CANONICAL_FALLBACK_REPORT.md",".md","4351","tracked","NO/NOT SHOWN","NO","NO","YES","NO/NOT SHOWN","NO/NOT SHOWN","NO","False","ARCHIVE_DOCUMENTATION","a3e89f578107d0a365630a0094d5d48a54d09e0c4fe8a50c7d619e1b1a93c399"
"docs\phase_reports\MANAGEMENT_RESET_HOLD_FIX.md",".md","2632","tracked","NO/NOT SHOWN","NO","NO","YES","NO/NOT SHOWN","POSSIBLE - REVIEW","NO","False","ARCHIVE_DOCUMENTATION","7d8e4f085ce46da91dd002cbf2e9f000f6aa34353012d0befd613ec43f02ec28"
"docs\phase_reports\MANAGEMENT_TRIM_REPORT.md",".md","2408","tracked","NO/NOT SHOWN","NO","NO","YES","NO/NOT SHOWN","NO/NOT SHOWN","NO","False","ARCHIVE_DOCUMENTATION","e7ff6b83b06b08665c37eea88c39b58781b495c30735e553f1ab8e72ed78619f"
"docs\phase_reports\PHASE_00_REPORT.md",".md","3155","tracked","NO/NOT SHOWN","NO","NO","YES","NO/NOT SHOWN","NO/NOT SHOWN","NO","False","ARCHIVE_DOCUMENTATION","57e83a939e7574aac67e423831f3e25908f0f69dc34950ec6d51086ffeacec29"
"docs\phase_reports\PHASE_01_REPORT.md",".md","4997","tracked","NO/NOT SHOWN","NO","NO","YES","NO/NOT SHOWN","NO/NOT SHOWN","NO","False","ARCHIVE_DOCUMENTATION","a396d4ac1d743a919edccf65244e20fb5fa6cf33156d376400a46011cf54deda"
"docs\phase_reports\PHASE_02_REPORT.md",".md","4065","tracked","NO/NOT SHOWN","NO","NO","YES","NO/NOT SHOWN","NO/NOT SHOWN","NO","False","ARCHIVE_DOCUMENTATION","41481658ccfd1ba05071b02e818630740f0ef2363007ca2f721c181efff690f6"
"docs\phase_reports\PHASE_03_REPORT.md",".md","2383","tracked","NO/NOT SHOWN","NO","NO","YES","NO/NOT SHOWN","NO/NOT SHOWN","NO","False","ARCHIVE_DOCUMENTATION","74574d4fab697b78338f3ded89c11480b23c4bab2ee1759cf908fa25ca7129a5"
"docs\phase_reports\PHASE_04_REPORT.md",".md","2409","tracked","NO/NOT SHOWN","NO","NO","YES","NO/NOT SHOWN","NO/NOT SHOWN","NO","False","ARCHIVE_DOCUMENTATION","c73db43c00cdfad980053348d297132afd15bb0518e7266575fb7a98656bc0c8"
"docs\phase_reports\PHASE_05_REPORT.md",".md","3772","tracked","NO/NOT SHOWN","NO","NO","YES","NO/NOT SHOWN","NO/NOT SHOWN","NO","False","ARCHIVE_DOCUMENTATION","e80f188a15dd2d50602f33b9bbb57386a46bfae473f1e3aa1042574a823dbf48"
"docs\phase_reports\PHASE_06_REPORT.md",".md","2613","tracked","NO/NOT SHOWN","NO","NO","YES","NO/NOT SHOWN","NO/NOT SHOWN","NO","False","ARCHIVE_DOCUMENTATION","813f035a396fb1408d6e24f554409810e453c34f0b1bca0c26439e44c2b79d66"
"docs\phase_reports\PHASE_06A_REPORT.md",".md","3236","tracked","NO/NOT SHOWN","NO","NO","YES","NO/NOT SHOWN","NO/NOT SHOWN","NO","False","ARCHIVE_DOCUMENTATION","93a2704884f79e0e05c42837144482d24c3e59aa965a62bfce30f96da7e4d92b"
"docs\phase_reports\PHASE_07_HANDOFF_CURRENT_REPORT_TH.md",".md","16320","tracked","NO/NOT SHOWN","NO","NO","YES","NO/NOT SHOWN","NO/NOT SHOWN","NO","False","ARCHIVE_DOCUMENTATION","e2a948e9fd8dc4c9cbb2d56166d5993ed59804c404816f4022a230279c7a4502"
"docs\phase_reports\PHASE_07_OWNER_ACCESS_REPORT.md",".md","5629","tracked","NO/NOT SHOWN","NO","NO","YES","NO/NOT SHOWN","NO/NOT SHOWN","NO","False","ARCHIVE_DOCUMENTATION","b1a160f84a3d45b733eebbe02813feadfc83c4652943e38fb0cdeacacf1b5cc5"
"docs\phase_reports\PHASE_08_REPORT.md",".md","6745","tracked","NO/NOT SHOWN","NO","NO","YES","NO/NOT SHOWN","NO/NOT SHOWN","NO","False","ARCHIVE_DOCUMENTATION","3b78e7846207ca9c2cccaed0387f6caccb1df64d61b432388f9bafc6b2a4d6ae"
"docs\phase_reports\PHASE_09_REPORT.md",".md","12151","tracked","NO/NOT SHOWN","NO","NO","YES","NO/NOT SHOWN","NO/NOT SHOWN","NO","False","ARCHIVE_DOCUMENTATION","3f3470600c76e76ccbb55704d9eb9f324e344ce2b642a63c0e8731b103353e40"
"docs\phase_reports\PHASE_10_REPORT.md",".md","4436","tracked","NO/NOT SHOWN","NO","NO","YES","NO/NOT SHOWN","NO/NOT SHOWN","NO","False","ARCHIVE_DOCUMENTATION","52a0bc86b868840103bbff7cb363de84294dfc04a732d3ae457a08db086646c0"
"docs\phase_reports\PHASE_11_REPORT.md",".md","4355","tracked","NO/NOT SHOWN","NO","NO","YES","NO/NOT SHOWN","NO/NOT SHOWN","NO","False","ARCHIVE_DOCUMENTATION","5b0ade8e159d7004ef20f3cae841a60ffe0b36d730e1f2bc30fcb50dcc5c1d30"
"docs\phase_reports\PHASE_12_REPORT.md",".md","9910","tracked","NO/NOT SHOWN","NO","NO","YES","NO/NOT SHOWN","NO/NOT SHOWN","NO","False","ARCHIVE_DOCUMENTATION","a87f7c99dbc1cb913b0c56f50b5560ecbd3f94fa424a476a6a6803410c5d862a"
"docs\phase_reports\PHASE_13_REPORT.md",".md","13989","tracked","NO/NOT SHOWN","NO","NO","YES","NO/NOT SHOWN","NO/NOT SHOWN","NO","False","ARCHIVE_DOCUMENTATION","d627aeb7a6d46f330e1513d9d97fead794c256fc88a3737bd9d7e919b968f163"
"docs\phase_reports\PHASE_14_REGRESSION_CHECKLIST.md",".md","8631","tracked","NO/NOT SHOWN","NO","NO","YES","NO/NOT SHOWN","NO/NOT SHOWN","NO","False","ARCHIVE_DOCUMENTATION","ff2074e9ac515bc453a8a8f30020d9d1a8566f309db3183ae0b1ad5ae8938d1f"
"docs\phase_reports\PHASE_14_REPORT.md",".md","2727","tracked","NO/NOT SHOWN","NO","NO","YES","NO/NOT SHOWN","NO/NOT SHOWN","NO","False","ARCHIVE_DOCUMENTATION","2ecd8b5ffd594d03ec3d27b62873f02dd40e1a0c4ac6d9e1c5b200dae4a037e0"
"docs\phase_reports\PRODUCT_CLEANUP_REPORT.md",".md","5456","tracked","NO/NOT SHOWN","NO","NO","YES","NO/NOT SHOWN","NO/NOT SHOWN","NO","False","ARCHIVE_DOCUMENTATION","4c089dc523509d72b4b6fdedf5509a1f880e022acf017acea2579db53d195e24"
"docs\phase_reports\SETUP_SIMPLIFICATION_REPORT.md",".md","4129","tracked","NO/NOT SHOWN","NO","NO","YES","NO/NOT SHOWN","NO/NOT SHOWN","NO","False","ARCHIVE_DOCUMENTATION","efb6fbf1a91a73e928b997b41f8f4c369ade87fde3b7025e910aee9beca82882"
"docs\phase_reports\SINGLE_IDENTITY_MIGRATION_REPORT.md",".md","13390","tracked","NO/NOT SHOWN","NO","NO","YES","NO/NOT SHOWN","NO/NOT SHOWN","NO","False","ARCHIVE_DOCUMENTATION","c22f52f206345da26882f14cba680003aa56cae239aa70e639f267e49605c974"
"docs\phase_reports\SOL_C5_C6_DEPLOYMENT_ACCEPTANCE_2026-09-28.md",".md","7631","untracked","NO/NOT SHOWN","NO","NO","YES","NO/NOT SHOWN","NO/NOT SHOWN","NO","False","ARCHIVE_DOCUMENTATION","7970a0a915c2439a3955322b62fd155b2db421b847087695704cffe2f327187a"
"docs\phase_reports\SOL_LINE_HEAP_DELIVERY_FIX_2026-09-28.md",".md","4316","untracked","NO/NOT SHOWN","NO","NO","YES","NO/NOT SHOWN","POSSIBLE - REVIEW","NO","False","ARCHIVE_DOCUMENTATION","2eae946e0a7864c35b878e95dd7debd8c9c22f7cf2088d5000a644bb0623481d"
"docs\phase_reports\SOL_LINE_HEAP_MINIMAL_BISECTION_2026-09-28.md",".md","6238","untracked","NO/NOT SHOWN","NO","NO","YES","NO/NOT SHOWN","POSSIBLE - REVIEW","NO","False","ARCHIVE_DOCUMENTATION","fa0a14c77e6a38b6dbbde4f16c971d06798f04cfd622f6bee668cb42e378e3f6"
"docs\phase_reports\SOL_LINE_HEAP_REGION_DIAGNOSTIC_2026-09-28.md",".md","8885","untracked","NO/NOT SHOWN","NO","NO","YES","NO/NOT SHOWN","POSSIBLE - REVIEW","NO","False","ARCHIVE_DOCUMENTATION","6ae03c852cfdab7a1fc9be16709c0cf253b2c0f8608cc91edfe1c4eb33f4645a"
"docs\phase_reports\SOL_POST_ASTRA_REVIEW_2026-09-28.md",".md","12884","untracked","NO/NOT SHOWN","NO","NO","YES","NO/NOT SHOWN","NO/NOT SHOWN","NO","False","ARCHIVE_DOCUMENTATION","2d757b6669bdf63a37fccf12625c77d1efe52c9177ab508c22a9cf033e68481c"
"docs\phase_reports\SOL_PRODUCTION_HEAP_REPRODUCTION_2026-09-28.md",".md","5885","untracked","NO/NOT SHOWN","NO","NO","YES","NO/NOT SHOWN","POSSIBLE - REVIEW","NO","False","ARCHIVE_DOCUMENTATION","043789ab2a277304ee23b70d3c9fcd772615db8ce0c768925de926478d9e7ebe"
"docs\phase_reports\STALE_ENROLLMENT_REPORT.md",".md","4307","tracked","NO/NOT SHOWN","NO","NO","YES","NO/NOT SHOWN","NO/NOT SHOWN","NO","False","ARCHIVE_DOCUMENTATION","a2f20557c5f9af6d447a93967a1e0f79855b9072bb9fd91331cfe2bb6dd06082"
"docs\phase_reports\THAI_WEB_LOCALIZATION_REPORT.md",".md","5169","tracked","NO/NOT SHOWN","NO","NO","YES","NO/NOT SHOWN","NO/NOT SHOWN","NO","False","ARCHIVE_DOCUMENTATION","ce69c2bf0d1a4516e59b84db9e67c26248c64072f77f098c031649c6d3055710"
"docs\phase_reports\TOUCH_UI_FACTORY_RESET_REPORT.md",".md","3542","tracked","NO/NOT SHOWN","NO","NO","YES","NO/NOT SHOWN","NO/NOT SHOWN","NO","False","ARCHIVE_DOCUMENTATION","ed741cab354cde4f06d880f31e4ec167d2dcd6bcfc53e6c9d1ca3a9e67b2dff1"
"docs\PRODUCT_SCOPE.md",".md","2332","tracked","NO/NOT SHOWN","NO","NO","YES","NO/NOT SHOWN","NO/NOT SHOWN","NO","False","ARCHIVE_DOCUMENTATION","f14cb2eb8311fdd8f2cba2d3fa62b384551859bdef394ea7c41f1de1de8fa8af"
"lib\SmartLockWebServer\library.json",".json","147","tracked","YES","YES (directory/default config)","YES (production tree)","NO","NO/NOT SHOWN","NO/NOT SHOWN","NO","False","KEEP_RUNTIME","05136da73046c4d30815b3c0e471f559c728d9e6fa2e2cbf3522d3af5361473b"
"lib\SmartLockWebServer\README.md",".md","877","tracked","YES","YES (directory/default config)","YES (production tree)","NO","NO/NOT SHOWN","NO/NOT SHOWN","NO","False","KEEP_RUNTIME","61d1eee63fef5d9fba09a25ba392e40f6b6daddbf23c52037f5d0a9103074a61"
"lib\SmartLockWebServer\src\detail\mimetable.cpp",".cpp","1078","tracked","YES","YES (directory/default config)","YES (production tree)","NO","NO/NOT SHOWN","NO/NOT SHOWN","NO","False","KEEP_RUNTIME","a582bca58c1f491237318a3d8009d837012d0e447bbf0131e79d295933686f3a"
"lib\SmartLockWebServer\src\detail\mimetable.h",".h","436","tracked","YES","YES (directory/default config)","YES (production tree)","NO","NO/NOT SHOWN","NO/NOT SHOWN","NO","False","KEEP_RUNTIME","a74ec2d934db5530d1417f5cfa0e651b84ad399be716249dbb9d42d0a6741d90"
"lib\SmartLockWebServer\src\detail\RequestDeadline.h",".h","1716","tracked","YES","YES (directory/default config)","YES (production tree)","NO","NO/NOT SHOWN","NO/NOT SHOWN","NO","False","KEEP_RUNTIME","7912990225600b451a7a0fe69160b1224472a9fd170ef7f5259f04f5d6dbe08d"
"lib\SmartLockWebServer\src\detail\RequestHandler.h",".h","1187","tracked","YES","YES (directory/default config)","YES (production tree)","NO","NO/NOT SHOWN","NO/NOT SHOWN","NO","False","KEEP_RUNTIME","db5fb8bf6562be8ae33a34eb59398fbebbc65b36feb53db9eecea78d23bb7e38"
"lib\SmartLockWebServer\src\detail\RequestHandlersImpl.h",".h","4833","tracked","YES","YES (directory/default config)","YES (production tree)","NO","NO/NOT SHOWN","NO/NOT SHOWN","NO","False","KEEP_RUNTIME","a01869a2f5cc6054516b6d8f8b66495d1a1342b0d52b1d17c26c440715f80228"
"lib\SmartLockWebServer\src\HTTP_Method.h",".h","186","tracked","YES","YES (directory/default config)","YES (production tree)","NO","NO/NOT SHOWN","NO/NOT SHOWN","NO","False","KEEP_RUNTIME","ddca4d02e7b3159267f862b47e48667494958f253616b3d9fd0f2c1590cc0bf3"
"lib\SmartLockWebServer\src\Parsing.cpp",".cpp","19524","tracked","YES","YES (directory/default config)","YES (production tree)","NO","NO/NOT SHOWN","NO/NOT SHOWN","NO","False","KEEP_RUNTIME","236f982544972408af2e2ae5da4a593d2fcbe729863fb43af9d4401d035bfe4c"
"lib\SmartLockWebServer\src\Uri.h",".h","706","tracked","YES","YES (directory/default config)","YES (production tree)","NO","NO/NOT SHOWN","NO/NOT SHOWN","NO","False","KEEP_RUNTIME","faeb1751114a21b46360f02f48f6e52e74bc1b26a44b7524595be29e71143611"
"lib\SmartLockWebServer\src\uri\UriBraces.h",".h","2314","tracked","YES","YES (directory/default config)","YES (production tree)","NO","NO/NOT SHOWN","NO/NOT SHOWN","NO","False","KEEP_RUNTIME","914f89b978c43ac9fdff76da604851f14d5d51d7ccc50db109183ec1b3997c23"
"lib\SmartLockWebServer\src\uri\UriGlob.h",".h","565","tracked","YES","YES (directory/default config)","YES (production tree)","NO","NO/NOT SHOWN","NO/NOT SHOWN","NO","False","KEEP_RUNTIME","841c0e3e34ed30b1fb0e4f666c1c5da82c262bde3fbdf49cef9b824f1a92ac27"
"lib\SmartLockWebServer\src\uri\UriRegex.h",".h","1373","tracked","YES","YES (directory/default config)","YES (production tree)","NO","NO/NOT SHOWN","NO/NOT SHOWN","NO","False","KEEP_RUNTIME","cadaf4934dc150d43545f9b22f98b936cd4fa5e6b89e280e2abe9ca42113c867"
"lib\SmartLockWebServer\src\WebServer.cpp",".cpp","22531","tracked","YES","YES (directory/default config)","YES (production tree)","NO","NO/NOT SHOWN","NO/NOT SHOWN","NO","False","KEEP_RUNTIME","357bb0714443b1bcaa7d80bdf2d02b098e4cf9a47667b37df222b4d6894a9d27"
"lib\SmartLockWebServer\src\WebServer.h",".h","9250","tracked","YES","YES (directory/default config)","YES (production tree)","NO","NO/NOT SHOWN","NO/NOT SHOWN","NO","False","KEEP_RUNTIME","27464e81f258e3af33c1ec87a1df0ffebe8754a9968b250400625f1427446d21"
"monitor_once.py",".py","372","tracked","NO/NOT SHOWN","NO","NO","NO","NO/NOT SHOWN","NO/NOT SHOWN","NO","False","REVIEW_REQUIRED","4b8f69109544cac2a7f19d8b34b230ce0bb7d875464d75105744950b318c405a"
"platformio.ini",".ini","561","tracked","YES","YES (directory/default config)","NO","NO","NO/NOT SHOWN","NO/NOT SHOWN","NO","False","KEEP_RUNTIME","a08ee1ccbff93d4af497a0f8fce59a02edbc6d0c6b426925383674b283020dee"
"README.md",".md","3081","tracked","NO/NOT SHOWN","NO","NO","YES","NO/NOT SHOWN","NO/NOT SHOWN","NO","False","ARCHIVE_DOCUMENTATION","ceca14bd28a886680c968a847377d75933f43e7f7c6950d342d473c0d1f1f75a"
"reset_tool\.pio\build\project.checksum",".checksum","40","untracked","NO/NOT SHOWN","NO","NO","NO","YES/LIKELY","NO/NOT SHOWN","NO","False","DELETE_GENERATED","17d9675d35957ed8e69a1d1122dc2acaf2e74f7ea48a5f6adcf972c26b2008cf"
"reset_tool\.pio\build\reset\.sconsign314.dblite",".dblite","1616439","untracked","NO/NOT SHOWN","NO","NO","NO","YES/LIKELY","NO/NOT SHOWN","NO","False","DELETE_GENERATED","313c8f93cfa438e463205610eca0ef41828a2a80946dcfcbb5bab4b46baa0e0f"
"reset_tool\.pio\build\reset\bootloader.bin",".bin","17536","untracked","NO/NOT SHOWN","NO","NO","NO","YES/LIKELY","NO/NOT SHOWN","YES (identical SHA-256 elsewhere)","False","DELETE_GENERATED","3d234a7471f67b013686dabd4dee7c1fa915c9928463616a94bc9297acf1abf8"
"reset_tool\.pio\build\reset\firmware.bin",".bin","797600","untracked","NO/NOT SHOWN","NO","NO","NO","YES/LIKELY","NO/NOT SHOWN","NO","False","DELETE_GENERATED","d0f3548d04d43608062828c3c573a185f710e6e04129349bbfaf998372fb5651"
"reset_tool\.pio\build\reset\firmware.elf",".elf","11905316","untracked","NO/NOT SHOWN","NO","NO","NO","YES/LIKELY","NO/NOT SHOWN","NO","False","DELETE_GENERATED","0f0a7d4e68e9c1ca09f6e5408e51f90607ab795f7678fa94667960aa69785b23"
"reset_tool\.pio\build\reset\firmware.map",".map","11995567","untracked","NO/NOT SHOWN","NO","NO","NO","YES/LIKELY","NO/NOT SHOWN","NO","False","DELETE_GENERATED","559bb3d50930ac24b3f6b46bc19f9c3b61c4a5c08285b715d7a3c847fc244e19"
"reset_tool\.pio\build\reset\FrameworkArduino\base64.cpp.d",".d","20037","untracked","NO/NOT SHOWN","NO","NO","NO","YES/LIKELY","NO/NOT SHOWN","NO","False","DELETE_GENERATED","afa5c20c788ee86c5c956f3c53bffabfd1e73da3c6219558b45ceb8260647d47"
"reset_tool\.pio\build\reset\FrameworkArduino\base64.cpp.o",".o","90676","untracked","NO/NOT SHOWN","NO","NO","NO","YES/LIKELY","NO/NOT SHOWN","NO","False","DELETE_GENERATED","00c8378301bf41b584f024d39c3b34f912e264adb7e529907dabc928ed58e071"
"reset_tool\.pio\build\reset\FrameworkArduino\cbuf.cpp.d",".d","279","untracked","NO/NOT SHOWN","NO","NO","NO","YES/LIKELY","NO/NOT SHOWN","NO","False","DELETE_GENERATED","e610f8ded522a1e7d2986561c64a01c0f03c3b99857c30e7830da09c16a98143"
"reset_tool\.pio\build\reset\FrameworkArduino\cbuf.cpp.o",".o","40504","untracked","NO/NOT SHOWN","NO","NO","NO","YES/LIKELY","NO/NOT SHOWN","NO","False","DELETE_GENERATED","9706e7f5fa740da248ffd23549b238d272c3d5d14c33f718f906cced3169a3ae"
"reset_tool\.pio\build\reset\FrameworkArduino\Esp.cpp.d",".d","21206","untracked","NO/NOT SHOWN","NO","NO","NO","YES/LIKELY","NO/NOT SHOWN","NO","False","DELETE_GENERATED","d50d213eb6b48721041802abb1a126b2ad4537aa3daaff7bf41e040a5a5e147b"
"reset_tool\.pio\build\reset\FrameworkArduino\Esp.cpp.o",".o","170516","untracked","NO/NOT SHOWN","NO","NO","NO","YES/LIKELY","NO/NOT SHOWN","NO","False","DELETE_GENERATED","341a1447b5c17096768d4aaa5ac24179dcdac76dfef189e805f6cac0ddb68a2a"
"reset_tool\.pio\build\reset\FrameworkArduino\esp32-hal-adc.c.d",".d","16524","untracked","NO/NOT SHOWN","NO","NO","NO","YES/LIKELY","NO/NOT SHOWN","NO","False","DELETE_GENERATED","c04499d77a22b13185647df53f0f8504b80d7fb04572eecf309ecbd9352b6fa4"
"reset_tool\.pio\build\reset\FrameworkArduino\esp32-hal-adc.c.o",".o","57720","untracked","NO/NOT SHOWN","NO","NO","NO","YES/LIKELY","NO/NOT SHOWN","NO","False","DELETE_GENERATED","3d746fd788b38f5027d16292c2765ec505686477133fa078c7f6f8e24252d73f"
"reset_tool\.pio\build\reset\FrameworkArduino\esp32-hal-bt.c.d",".d","16089","untracked","NO/NOT SHOWN","NO","NO","NO","YES/LIKELY","NO/NOT SHOWN","NO","False","DELETE_GENERATED","faac4a9744979b270a270cf420284ba7b681670d49b6ed33d1d1f8071199ada0"
"reset_tool\.pio\build\reset\FrameworkArduino\esp32-hal-bt.c.o",".o","33192","untracked","NO/NOT SHOWN","NO","NO","NO","YES/LIKELY","NO/NOT SHOWN","NO","False","DELETE_GENERATED","4daba58c8c08a54a1f0a3658555ceb7b6c3c98eacff274a8ec99b938721f0752"
"reset_tool\.pio\build\reset\FrameworkArduino\esp32-hal-cpu.c.d",".d","18612","untracked","NO/NOT SHOWN","NO","NO","NO","YES/LIKELY","NO/NOT SHOWN","NO","False","DELETE_GENERATED","4141230bd1e4cde56f9778a6ba6e7b031d3c419956287bd87fff86b59486e6b8"
"reset_tool\.pio\build\reset\FrameworkArduino\esp32-hal-cpu.c.o",".o","86400","untracked","NO/NOT SHOWN","NO","NO","NO","YES/LIKELY","NO/NOT SHOWN","NO","False","DELETE_GENERATED","070c69c528f334ccf33cc4964100a8da1afa0dbbc12a4689025dc881c36cbbcf"
"reset_tool\.pio\build\reset\FrameworkArduino\esp32-hal-dac.c.d",".d","16217","untracked","NO/NOT SHOWN","NO","NO","NO","YES/LIKELY","NO/NOT SHOWN","NO","False","DELETE_GENERATED","45588ffb9088c3918def9adf547fbe5ae8f6026fcf7d0625ea9c54983d50fa4d"
"reset_tool\.pio\build\reset\FrameworkArduino\esp32-hal-dac.c.o",".o","24820","untracked","NO/NOT SHOWN","NO","NO","NO","YES/LIKELY","NO/NOT SHOWN","NO","False","DELETE_GENERATED","7ca52b28de8c9d869b044459c396d539dee48780a882793d58c012cfaecb9037"
"reset_tool\.pio\build\reset\FrameworkArduino\esp32-hal-gpio.c.d",".d","18406","untracked","NO/NOT SHOWN","NO","NO","NO","YES/LIKELY","NO/NOT SHOWN","NO","False","DELETE_GENERATED","1835f3521ed84db6f786bb849ea340aa12f74e7f861e92925b41090d32073ed4"
"reset_tool\.pio\build\reset\FrameworkArduino\esp32-hal-gpio.c.o",".o","87184","untracked","NO/NOT SHOWN","NO","NO","NO","YES/LIKELY","NO/NOT SHOWN","NO","False","DELETE_GENERATED","716edf93cf9f07c817dcdf2fe68a4812a7ee969deb95aaaa4005e9f73b6cf145"
"reset_tool\.pio\build\reset\FrameworkArduino\esp32-hal-i2c.c.d",".d","17131","untracked","NO/NOT SHOWN","NO","NO","NO","YES/LIKELY","NO/NOT SHOWN","NO","False","DELETE_GENERATED","0f5c613c75940708bb9dc13dd0ee4af1337ee4c2764f3992cc9b10e2616162a4"
"reset_tool\.pio\build\reset\FrameworkArduino\esp32-hal-i2c.c.o",".o","71652","untracked","NO/NOT SHOWN","NO","NO","NO","YES/LIKELY","NO/NOT SHOWN","NO","False","DELETE_GENERATED","f6621014f845f624de9d9d2c246335c56a829742cf155f905af175b004f0892d"
"reset_tool\.pio\build\reset\FrameworkArduino\esp32-hal-i2c-slave.c.d",".d","14259","untracked","NO/NOT SHOWN","NO","NO","NO","YES/LIKELY","NO/NOT SHOWN","NO","False","DELETE_GENERATED","cbf3b28fad4b3cd2332be027bc8352092fae7f22ba4e6e207b092b53f5ecc5d0"
"reset_tool\.pio\build\reset\FrameworkArduino\esp32-hal-i2c-slave.c.o",".o","120980","untracked","NO/NOT SHOWN","NO","NO","NO","YES/LIKELY","NO/NOT SHOWN","NO","False","DELETE_GENERATED","e70e40dcff230d08b99f672d48c5a06ef39337b5cf944fcccd578e23ca05cc0e"
"reset_tool\.pio\build\reset\FrameworkArduino\esp32-hal-ledc.c.d",".d","16222","untracked","NO/NOT SHOWN","NO","NO","NO","YES/LIKELY","NO/NOT SHOWN","NO","False","DELETE_GENERATED","cbb642a5058055b19ca242a7fe8da8a80dbeeb3120f88f896cc417528ee984d3"
"reset_tool\.pio\build\reset\FrameworkArduino\esp32-hal-ledc.c.o",".o","62448","untracked","NO/NOT SHOWN","NO","NO","NO","YES/LIKELY","NO/NOT SHOWN","NO","False","DELETE_GENERATED","61be0a31d1fb8cb4042168c80c3811da5ed80c5cbfb0577a78df9ce43da4d952"
"reset_tool\.pio\build\reset\FrameworkArduino\esp32-hal-matrix.c.d",".d","15770","untracked","NO/NOT SHOWN","NO","NO","NO","YES/LIKELY","POSSIBLE - REVIEW","NO","False","DELETE_GENERATED","16f3f30b1c3cbca27ed702ad8e72e49c77af2930297b4e475a1962c17f44f6bc"
"reset_tool\.pio\build\reset\FrameworkArduino\esp32-hal-matrix.c.o",".o","25796","untracked","NO/NOT SHOWN","NO","NO","NO","YES/LIKELY","POSSIBLE - REVIEW","NO","False","DELETE_GENERATED","0591d052c1ee3c68e7919644ff75b4b98d6c3e9181c6ee231a10fdbcda818cd1"
"reset_tool\.pio\build\reset\FrameworkArduino\esp32-hal-misc.c.d",".d","20573","untracked","NO/NOT SHOWN","NO","NO","NO","YES/LIKELY","NO/NOT SHOWN","NO","False","DELETE_GENERATED","46384e189cf3224f16d14f289aa7ea3a3e0cb97a2edce10d173a70108c14ba9f"
"reset_tool\.pio\build\reset\FrameworkArduino\esp32-hal-misc.c.o",".o","100972","untracked","NO/NOT SHOWN","NO","NO","NO","YES/LIKELY","NO/NOT SHOWN","NO","False","DELETE_GENERATED","2941f741399101e9b90a5817899ebdaf7282454104d246109ce747d9ff0caf13"
"reset_tool\.pio\build\reset\FrameworkArduino\esp32-hal-psram.c.d",".d","15614","untracked","NO/NOT SHOWN","NO","NO","NO","YES/LIKELY","NO/NOT SHOWN","NO","False","DELETE_GENERATED","1c364b67327b3eeb8d53379851ee4e946ed44ea412a3fb09ed301cef6d7042ac"
"reset_tool\.pio\build\reset\FrameworkArduino\esp32-hal-psram.c.o",".o","24676","untracked","NO/NOT SHOWN","NO","NO","NO","YES/LIKELY","NO/NOT SHOWN","NO","False","DELETE_GENERATED","f148f7ed435ea429b6b9e7673c407ee9c42f8247d34428fe3a8e735ca269b3d2"
"reset_tool\.pio\build\reset\FrameworkArduino\esp32-hal-rgb-led.c.d",".d","15618","untracked","NO/NOT SHOWN","NO","NO","NO","YES/LIKELY","NO/NOT SHOWN","NO","False","DELETE_GENERATED","338eb72878e5cf10d444573ff8d257196d2ad586448491f2e14d65196958a8f6"
"reset_tool\.pio\build\reset\FrameworkArduino\esp32-hal-rgb-led.c.o",".o","28964","untracked","NO/NOT SHOWN","NO","NO","NO","YES/LIKELY","NO/NOT SHOWN","NO","False","DELETE_GENERATED","ca468e84d9b08fdb761d3641a53732f1d3930f538efeb238e220d69a9b342d92"
"reset_tool\.pio\build\reset\FrameworkArduino\esp32-hal-rmt.c.d",".d","16220","untracked","NO/NOT SHOWN","NO","NO","NO","YES/LIKELY","NO/NOT SHOWN","NO","False","DELETE_GENERATED","0f11c99ffff0bc8fbd24340509ceff22e794c2502c3d84a65db24515d04fb25f"
"reset_tool\.pio\build\reset\FrameworkArduino\esp32-hal-rmt.c.o",".o","96768","untracked","NO/NOT SHOWN","NO","NO","NO","YES/LIKELY","NO/NOT SHOWN","NO","False","DELETE_GENERATED","9897ed918a3b0633ccaba77dfff838a1c2febe7582e7909f59ce276ebb3e95fa"
"reset_tool\.pio\build\reset\FrameworkArduino\esp32-hal-sigmadelta.c.d",".d","16405","untracked","NO/NOT SHOWN","NO","NO","NO","YES/LIKELY","NO/NOT SHOWN","NO","False","DELETE_GENERATED","23f9ed1de69c71e359181079699f3d8342d5e4d772cd6f8e56e02a94f54d513a"
"reset_tool\.pio\build\reset\FrameworkArduino\esp32-hal-sigmadelta.c.o",".o","33332","untracked","NO/NOT SHOWN","NO","NO","NO","YES/LIKELY","NO/NOT SHOWN","NO","False","DELETE_GENERATED","1746445c88c5be734c9daa8febcf2025f547ad5610df4411d6dc03ef8b3d8d3d"
"reset_tool\.pio\build\reset\FrameworkArduino\esp32-hal-spi.c.d",".d","18393","untracked","NO/NOT SHOWN","NO","NO","NO","YES/LIKELY","NO/NOT SHOWN","NO","False","DELETE_GENERATED","6e2d38e8807ec60df7b67bffcc0fbffac7e3165fc755debf1b9db76b4f93d41b"
"reset_tool\.pio\build\reset\FrameworkArduino\esp32-hal-spi.c.o",".o","192688","untracked","NO/NOT SHOWN","NO","NO","NO","YES/LIKELY","NO/NOT SHOWN","NO","False","DELETE_GENERATED","399988fc98a94e1c82a462e31de538bfb89f3244e63e49d4fbf0fb1f6410b57f"
"reset_tool\.pio\build\reset\FrameworkArduino\esp32-hal-time.c.d",".d","22051","untracked","NO/NOT SHOWN","NO","NO","NO","YES/LIKELY","NO/NOT SHOWN","NO","False","DELETE_GENERATED","653e02ea32281772548c7ac87319b51e0236840cd6176d112e9f52e4338003da"
"reset_tool\.pio\build\reset\FrameworkArduino\esp32-hal-time.c.o",".o","38832","untracked","NO/NOT SHOWN","NO","NO","NO","YES/LIKELY","NO/NOT SHOWN","NO","False","DELETE_GENERATED","9041c0bb20aeb3bdce29616c949672ab8fa024fa026ef5845ccd01d47202aa49"
"reset_tool\.pio\build\reset\FrameworkArduino\esp32-hal-timer.c.d",".d","16544","untracked","NO/NOT SHOWN","NO","NO","NO","YES/LIKELY","NO/NOT SHOWN","NO","False","DELETE_GENERATED","012c5c8cc70c4f81ebaabe690c6887d404d6e3e433a1d1971d06f1cc1b7b2c32"
"reset_tool\.pio\build\reset\FrameworkArduino\esp32-hal-timer.c.o",".o","77188","untracked","NO/NOT SHOWN","NO","NO","NO","YES/LIKELY","NO/NOT SHOWN","NO","False","DELETE_GENERATED","b9b17d5f02c2c8aaecd2fadf2276df9d58584f419359eea1a14a49ed1f143469"
"reset_tool\.pio\build\reset\FrameworkArduino\esp32-hal-tinyusb.c.d",".d","327","untracked","NO/NOT SHOWN","NO","NO","NO","YES/LIKELY","NO/NOT SHOWN","NO","False","DELETE_GENERATED","1861dca4371e27dbb6dcc2185a4a4ced7c681628fec16a5de9420a2c82d23426"
"reset_tool\.pio\build\reset\FrameworkArduino\esp32-hal-tinyusb.c.o",".o","1208","untracked","NO/NOT SHOWN","NO","NO","NO","YES/LIKELY","NO/NOT SHOWN","NO","False","DELETE_GENERATED","53d93cd1b6da11a1ad658ade4bc27916251176edfbe3708b32224316385ef32e"
"reset_tool\.pio\build\reset\FrameworkArduino\esp32-hal-touch.c.d",".d","16082","untracked","NO/NOT SHOWN","NO","NO","NO","YES/LIKELY","NO/NOT SHOWN","NO","False","DELETE_GENERATED","2a5582089c4d50ee17d2feca9325e364bed73f97df62b9c5e6fd1d73a9ab85f2"
"reset_tool\.pio\build\reset\FrameworkArduino\esp32-hal-touch.c.o",".o","49472","untracked","NO/NOT SHOWN","NO","NO","NO","YES/LIKELY","NO/NOT SHOWN","NO","False","DELETE_GENERATED","9c1b18a4ed032035dd3c99b761eccddd84637e0247a58fc6c91034b37d52ae9c"
"reset_tool\.pio\build\reset\FrameworkArduino\esp32-hal-uart.c.d",".d","18223","untracked","NO/NOT SHOWN","NO","NO","NO","YES/LIKELY","NO/NOT SHOWN","NO","False","DELETE_GENERATED","4aa1e50ddad1225329ee3e22113ebe988d9554c81182818edb667d2a76181e08"
"reset_tool\.pio\build\reset\FrameworkArduino\esp32-hal-uart.c.o",".o","169380","untracked","NO/NOT SHOWN","NO","NO","NO","YES/LIKELY","NO/NOT SHOWN","NO","False","DELETE_GENERATED","befded7d3fc23c5033f63fdcd06e184ae024b83aa4ba06a7d63f8a6f1f74b06a"
"reset_tool\.pio\build\reset\FrameworkArduino\firmware_msc_fat.c.d",".d","311","untracked","NO/NOT SHOWN","NO","NO","NO","YES/LIKELY","NO/NOT SHOWN","NO","False","DELETE_GENERATED","e9d6524e018f2044627f80532d252397076b34ae1f8355114df894ef7ddfce06"
"reset_tool\.pio\build\reset\FrameworkArduino\firmware_msc_fat.c.o",".o","41412","untracked","NO/NOT SHOWN","NO","NO","NO","YES/LIKELY","NO/NOT SHOWN","NO","False","DELETE_GENERATED","6929fdd96b1a9560deff26f995a04bdd8ee5f76401adc5988aa152e8ed2a2810"
"reset_tool\.pio\build\reset\FrameworkArduino\FirmwareMSC.cpp.d",".d","558","untracked","NO/NOT SHOWN","NO","NO","NO","YES/LIKELY","NO/NOT SHOWN","NO","False","DELETE_GENERATED","06eb3c7985ee8112494a0c9c1c5f4ef247cc178a5f2210b42cf11fc162ea99f0"
"reset_tool\.pio\build\reset\FrameworkArduino\FirmwareMSC.cpp.o",".o","1968","untracked","NO/NOT SHOWN","NO","NO","NO","YES/LIKELY","NO/NOT SHOWN","NO","False","DELETE_GENERATED","b0691115924aca382b93291de9509bbca7e23cdba9200f07408093a685b0f25e"
"reset_tool\.pio\build\reset\FrameworkArduino\FunctionalInterrupt.cpp.d",".d","19826","untracked","NO/NOT SHOWN","NO","NO","NO","YES/LIKELY","NO/NOT SHOWN","NO","False","DELETE_GENERATED","376a099d70fbe6cd3e88b709f3fb139c4732228ac648697382b5b5bbaf1066cc"
"reset_tool\.pio\build\reset\FrameworkArduino\FunctionalInterrupt.cpp.o",".o","93428","untracked","NO/NOT SHOWN","NO","NO","NO","YES/LIKELY","NO/NOT SHOWN","NO","False","DELETE_GENERATED","5648c6703e45edada529b14c7c7826f3c2dbd43f37d995c6f1267b0703803035"
"reset_tool\.pio\build\reset\FrameworkArduino\HardwareSerial.cpp.d",".d","19994","untracked","NO/NOT SHOWN","NO","NO","NO","YES/LIKELY","NO/NOT SHOWN","NO","False","DELETE_GENERATED","c2f9ca37c24699e1954b40f19e4ee5777dd54d21c38c7c2f7abd0c0e0957d053"
"reset_tool\.pio\build\reset\FrameworkArduino\HardwareSerial.cpp.o",".o","197408","untracked","NO/NOT SHOWN","NO","NO","NO","YES/LIKELY","NO/NOT SHOWN","NO","False","DELETE_GENERATED","d443c9a4468bdbe56e2a318b3d3eeea75181dbd0516f5aa4307c668589a00c78"
"reset_tool\.pio\build\reset\FrameworkArduino\HWCDC.cpp.d",".d","421","untracked","NO/NOT SHOWN","NO","NO","NO","YES/LIKELY","NO/NOT SHOWN","NO","False","DELETE_GENERATED","d4978523d42781eaff2e8f72ff543a5c7d57a3cdeb01dd3728ba190edf2e7710"
"reset_tool\.pio\build\reset\FrameworkArduino\HWCDC.cpp.o",".o","1216","untracked","NO/NOT SHOWN","NO","NO","NO","YES/LIKELY","NO/NOT SHOWN","NO","False","DELETE_GENERATED","11585e5234cd3145812ae7be2389476d03b788cb023348303a8e83b0647a394c"
"reset_tool\.pio\build\reset\FrameworkArduino\IPAddress.cpp.d",".d","19792","untracked","NO/NOT SHOWN","NO","NO","NO","YES/LIKELY","NO/NOT SHOWN","NO","False","DELETE_GENERATED","49c7d3977ace3eecc48ddb202ab96c4ad8fafbeaf541c794d843da1abf7c0c33"
"reset_tool\.pio\build\reset\FrameworkArduino\IPAddress.cpp.o",".o","105480","untracked","NO/NOT SHOWN","NO","NO","NO","YES/LIKELY","NO/NOT SHOWN","NO","False","DELETE_GENERATED","f09c189d9d9c52c5c07cdbc7ee347fda97c493af79a87d2cff191e3770e148ed"
"reset_tool\.pio\build\reset\FrameworkArduino\IPv6Address.cpp.d",".d","19918","untracked","NO/NOT SHOWN","NO","NO","NO","YES/LIKELY","NO/NOT SHOWN","NO","False","DELETE_GENERATED","89e1afa4e19bca7b92ed5ef9ed21b9ea3f28fbf85e735168c54cf9166903320b"
"reset_tool\.pio\build\reset\FrameworkArduino\IPv6Address.cpp.o",".o","100860","untracked","NO/NOT SHOWN","NO","NO","NO","YES/LIKELY","NO/NOT SHOWN","NO","False","DELETE_GENERATED","a704aba4089c4ed55ff599b8987c4b56ddf9cf0d90952a9c4bab531c8ab32f80"
"reset_tool\.pio\build\reset\FrameworkArduino\libb64\cdecode.c.d",".d","305","untracked","NO/NOT SHOWN","NO","NO","NO","YES/LIKELY","NO/NOT SHOWN","NO","False","DELETE_GENERATED","035704dcc7bb5b21823104453ef73e9b914c849875a8825f8af3d08bd2055752"
"reset_tool\.pio\build\reset\FrameworkArduino\libb64\cdecode.c.o",".o","19408","untracked","NO/NOT SHOWN","NO","NO","NO","YES/LIKELY","NO/NOT SHOWN","NO","False","DELETE_GENERATED","789260262a4a2955fd5dc47ab37f8a0d0c3d2f2874e42d25325f5b8d2f9e18e9"
"reset_tool\.pio\build\reset\FrameworkArduino\libb64\cencode.c.d",".d","305","untracked","NO/NOT SHOWN","NO","NO","NO","YES/LIKELY","NO/NOT SHOWN","NO","False","DELETE_GENERATED","6f92fdb0ead774be77ab3f035fb985a65f97827b4a90026e7faf01ae853c12e6"
"reset_tool\.pio\build\reset\FrameworkArduino\libb64\cencode.c.o",".o","16184","untracked","NO/NOT SHOWN","NO","NO","NO","YES/LIKELY","NO/NOT SHOWN","NO","False","DELETE_GENERATED","bc46eca36610bf1181133ef52854107e843874ba0be7baf82a91053f4e88a723"
"reset_tool\.pio\build\reset\FrameworkArduino\main.cpp.d",".d","20114","untracked","NO/NOT SHOWN","NO","NO","NO","YES/LIKELY","NO/NOT SHOWN","NO","False","DELETE_GENERATED","9fcc5344026b874a8063451a679e8fe46aa0de049862bbe44728a7deaaf0304c"
"reset_tool\.pio\build\reset\FrameworkArduino\main.cpp.o",".o","87728","untracked","NO/NOT SHOWN","NO","NO","NO","YES/LIKELY","NO/NOT SHOWN","NO","False","DELETE_GENERATED","ab8c093e6f681a78f92599b7d849059f2de18ac747f59562458ff0a2a1ca412b"
"reset_tool\.pio\build\reset\FrameworkArduino\MD5Builder.cpp.d",".d","19949","untracked","NO/NOT SHOWN","NO","NO","NO","YES/LIKELY","NO/NOT SHOWN","NO","False","DELETE_GENERATED","2da6f98fc99540783476b2cbcf598664a5202bc11eff5cbf8f079aa07ce8d44b"
"reset_tool\.pio\build\reset\FrameworkArduino\MD5Builder.cpp.o",".o","100720","untracked","NO/NOT SHOWN","NO","NO","NO","YES/LIKELY","NO/NOT SHOWN","NO","False","DELETE_GENERATED","21998d0e18c74fc95648e34b34b7aa4cb9b56d2b3aec31acdf17d46288a41e20"
"reset_tool\.pio\build\reset\FrameworkArduino\Print.cpp.d",".d","19668","untracked","NO/NOT SHOWN","NO","NO","NO","YES/LIKELY","NO/NOT SHOWN","NO","False","DELETE_GENERATED","1cdc75d76cddc2011c69854c8829dc6b474fb66d27b94844cf7e15779f7915ed"
"reset_tool\.pio\build\reset\FrameworkArduino\Print.cpp.o",".o","155780","untracked","NO/NOT SHOWN","NO","NO","NO","YES/LIKELY","NO/NOT SHOWN","NO","False","DELETE_GENERATED","dde7d01a7056eebdf5ab2b27384e9dcd56ac6cb8622ecdd2df35e8c71e5b65b6"
"reset_tool\.pio\build\reset\FrameworkArduino\stdlib_noniso.c.d",".d","1686","untracked","NO/NOT SHOWN","NO","NO","NO","YES/LIKELY","NO/NOT SHOWN","NO","False","DELETE_GENERATED","9ab350c33f0eb52748a338f35d3393b97cf8c351fc7bde42a49fafbf47cf297a"
"reset_tool\.pio\build\reset\FrameworkArduino\stdlib_noniso.c.o",".o","31048","untracked","NO/NOT SHOWN","NO","NO","NO","YES/LIKELY","NO/NOT SHOWN","NO","False","DELETE_GENERATED","d926d7ffe2ef1b5e9080d3f82777a0877c0d1ec232614ecfafba0b030d82dce8"
"reset_tool\.pio\build\reset\FrameworkArduino\Stream.cpp.d",".d","19670","untracked","NO/NOT SHOWN","NO","NO","NO","YES/LIKELY","NO/NOT SHOWN","NO","False","DELETE_GENERATED","100e20d72877afa254940251864b7f7fd48c1bfd5f8511300ea1999ca61a3f16"
"reset_tool\.pio\build\reset\FrameworkArduino\Stream.cpp.o",".o","126756","untracked","NO/NOT SHOWN","NO","NO","NO","YES/LIKELY","NO/NOT SHOWN","NO","False","DELETE_GENERATED","8056a87f3cf9b1512ed1812d7b00763be05478519c15e90805872858af09d726"
"reset_tool\.pio\build\reset\FrameworkArduino\StreamString.cpp.d",".d","19805","untracked","NO/NOT SHOWN","NO","NO","NO","YES/LIKELY","NO/NOT SHOWN","NO","False","DELETE_GENERATED","8852e63acac4c0004ac9af4f9c67d0288f20d3c89cb5b1b8e7fab1aeab6e9c26"
"reset_tool\.pio\build\reset\FrameworkArduino\StreamString.cpp.o",".o","103392","untracked","NO/NOT SHOWN","NO","NO","NO","YES/LIKELY","NO/NOT SHOWN","NO","False","DELETE_GENERATED","d9e3c52120bd96a7ccc1604a546ac40978fe86dd130fb791784fc4e1618444ed"
"reset_tool\.pio\build\reset\FrameworkArduino\Tone.cpp.d",".d","19666","untracked","NO/NOT SHOWN","NO","NO","NO","YES/LIKELY","NO/NOT SHOWN","NO","False","DELETE_GENERATED","1f39d95537a84773743b9d1a8147a73a5e8a4754d00fea8031f20ccf02c49439"
"reset_tool\.pio\build\reset\FrameworkArduino\Tone.cpp.o",".o","96436","untracked","NO/NOT SHOWN","NO","NO","NO","YES/LIKELY","NO/NOT SHOWN","NO","False","DELETE_GENERATED","1af479ab01ad28bfc779379d5c464b72773fabeb520d49b87e8f45487ff47850"
"reset_tool\.pio\build\reset\FrameworkArduino\USB.cpp.d",".d","417","untracked","NO/NOT SHOWN","NO","NO","NO","YES/LIKELY","NO/NOT SHOWN","NO","False","DELETE_GENERATED","47306b6386a6a68ed77b4bfe0ef8c6665835f543da5a12c0d2238966b9699862"
"reset_tool\.pio\build\reset\FrameworkArduino\USB.cpp.o",".o","1212","untracked","NO/NOT SHOWN","NO","NO","NO","YES/LIKELY","NO/NOT SHOWN","NO","False","DELETE_GENERATED","67c495df28754d3df1ba8edf81f5572b4b3b95059d7ecfc2d833cf08311af17e"
"reset_tool\.pio\build\reset\FrameworkArduino\USBCDC.cpp.d",".d","423","untracked","NO/NOT SHOWN","NO","NO","NO","YES/LIKELY","NO/NOT SHOWN","NO","False","DELETE_GENERATED","021d3f24d6d45112edcbce475069a3c5c75e51a8bf201f2a1810e610d2df38a4"
"reset_tool\.pio\build\reset\FrameworkArduino\USBCDC.cpp.o",".o","1220","untracked","NO/NOT SHOWN","NO","NO","NO","YES/LIKELY","NO/NOT SHOWN","NO","False","DELETE_GENERATED","f2e706a20dbdfbb35595814b67c58f0982874817843ba4222c53ca07bc2250f6"
"reset_tool\.pio\build\reset\FrameworkArduino\USBMSC.cpp.d",".d","426","untracked","NO/NOT SHOWN","NO","NO","NO","YES/LIKELY","NO/NOT SHOWN","NO","False","DELETE_GENERATED","3b21f685a24a4ce72257a6ab1af43d2f966adb214bd863ee085c2c6c772338c5"
"reset_tool\.pio\build\reset\FrameworkArduino\USBMSC.cpp.o",".o","1952","untracked","NO/NOT SHOWN","NO","NO","NO","YES/LIKELY","NO/NOT SHOWN","NO","False","DELETE_GENERATED","bb4b147fe1febf39ab59238e9bf51575a6710cc41c8fcd24606befc8edaf95de"
"reset_tool\.pio\build\reset\FrameworkArduino\wiring_pulse.c.d",".d","16470","untracked","NO/NOT SHOWN","NO","NO","NO","YES/LIKELY","NO/NOT SHOWN","NO","False","DELETE_GENERATED","e72dfa5d876b77c754bf13299d6c2a1ab40f220f6f0faaa400b13da4f25d3189"
"reset_tool\.pio\build\reset\FrameworkArduino\wiring_pulse.c.o",".o","28276","untracked","NO/NOT SHOWN","NO","NO","NO","YES/LIKELY","NO/NOT SHOWN","NO","False","DELETE_GENERATED","a5f07d16558c26b3ce8852f139679a872d811deadcdcd92cda7aea87c070decc"
"reset_tool\.pio\build\reset\FrameworkArduino\wiring_shift.c.d",".d","16470","untracked","NO/NOT SHOWN","NO","NO","NO","YES/LIKELY","NO/NOT SHOWN","NO","False","DELETE_GENERATED","935f93855a2eb4bd127ec27f85dc118e3a28f332ceb9ec59838f2435ce2dc813"
"reset_tool\.pio\build\reset\FrameworkArduino\wiring_shift.c.o",".o","26196","untracked","NO/NOT SHOWN","NO","NO","NO","YES/LIKELY","NO/NOT SHOWN","NO","False","DELETE_GENERATED","b71b707cd183804328b5ab3b6a0a6387262dfded4352d447b22ed187f33a3b2e"
"reset_tool\.pio\build\reset\FrameworkArduino\WMath.cpp.d",".d","2581","untracked","NO/NOT SHOWN","NO","NO","NO","YES/LIKELY","NO/NOT SHOWN","NO","False","DELETE_GENERATED","c63769845d656c2e882acb2c7585776b20886ddb27a76be4a77ae495304a40cb"
"reset_tool\.pio\build\reset\FrameworkArduino\WMath.cpp.o",".o","24892","untracked","NO/NOT SHOWN","NO","NO","NO","YES/LIKELY","NO/NOT SHOWN","NO","False","DELETE_GENERATED","a5c7e3ff6e3f76ccc91503ebdd5b2ed2992a96a59904d91f184b10ddbf9ddfd9"
"reset_tool\.pio\build\reset\FrameworkArduino\WString.cpp.d",".d","19672","untracked","NO/NOT SHOWN","NO","NO","NO","YES/LIKELY","NO/NOT SHOWN","NO","False","DELETE_GENERATED","352b49ab81c2c102d7549d14dd80c2f6557ee78bfc90100081a8f9f7a7e75fdb"
"reset_tool\.pio\build\reset\FrameworkArduino\WString.cpp.o",".o","284148","untracked","NO/NOT SHOWN","NO","NO","NO","YES/LIKELY","NO/NOT SHOWN","NO","False","DELETE_GENERATED","b2e44a0d5c28d36cce76a323d2cfaa9634d6342a8f3700ca61025abb110b44f4"
"reset_tool\.pio\build\reset\lib2a0\libPreferences.a",".a","204732","untracked","NO/NOT SHOWN","NO","NO","NO","YES/LIKELY","NO/NOT SHOWN","NO","False","DELETE_GENERATED","aff9faf8289c4a3670c2dd0265a2f0caeb9435e99327d184b399e694519ee5c4"
"reset_tool\.pio\build\reset\lib2a0\Preferences\Preferences.cpp.d",".d","20270","untracked","NO/NOT SHOWN","NO","NO","NO","YES/LIKELY","NO/NOT SHOWN","NO","False","DELETE_GENERATED","fbbe55bdcc202b9a576f202b0ae0b87f59c39e76df2aeb8e860a02df1004b1f0"
"reset_tool\.pio\build\reset\lib2a0\Preferences\Preferences.cpp.o",".o","202996","untracked","NO/NOT SHOWN","NO","NO","NO","YES/LIKELY","NO/NOT SHOWN","NO","False","DELETE_GENERATED","bb9363f00667a6ced9b055e8c1a30009026c873f85c27409de36c301072735a4"
"reset_tool\.pio\build\reset\lib68b\libSPI.a",".a","135302","untracked","NO/NOT SHOWN","NO","NO","NO","YES/LIKELY","NO/NOT SHOWN","NO","False","DELETE_GENERATED","011619bab6275eca01355826445d398f2ab22a517cf95c4e5de30fb4636fa189"
"reset_tool\.pio\build\reset\lib68b\SPI\SPI.cpp.d",".d","20155","untracked","NO/NOT SHOWN","NO","NO","NO","YES/LIKELY","NO/NOT SHOWN","NO","False","DELETE_GENERATED","c3b3484e018a95b1582da420e291ccffe2c3797e7f5ccda884e2b71294709312"
"reset_tool\.pio\build\reset\lib68b\SPI\SPI.cpp.o",".o","134328","untracked","NO/NOT SHOWN","NO","NO","NO","YES/LIKELY","NO/NOT SHOWN","NO","False","DELETE_GENERATED","4c9b72249adadc5fa6e192b677d1e26fd7eacbb078aeb9d8ea0c1bbd2ac37ed8"
"reset_tool\.pio\build\reset\liba3f\libSD.a",".a","383312","untracked","NO/NOT SHOWN","NO","NO","NO","YES/LIKELY","NO/NOT SHOWN","NO","False","DELETE_GENERATED","91b058515427d732af4d2543dba5a6e724d0598ddd12a2938c3d646e85bd23bd"
"reset_tool\.pio\build\reset\liba3f\SD\SD.cpp.d",".d","21028","untracked","NO/NOT SHOWN","NO","NO","NO","YES/LIKELY","NO/NOT SHOWN","NO","False","DELETE_GENERATED","73059300d3b4b4aef1fb82d8a86b07bb0f89b4dbfaa1f9087c11a75e155dc526"
"reset_tool\.pio\build\reset\liba3f\SD\SD.cpp.o",".o","158516","untracked","NO/NOT SHOWN","NO","NO","NO","YES/LIKELY","NO/NOT SHOWN","NO","False","DELETE_GENERATED","d1418b7b6a765a7060f6e2c312431fb326c92bcc113390bf55609312083f7da6"
"reset_tool\.pio\build\reset\liba3f\SD\sd_diskio.cpp.d",".d","23645","untracked","NO/NOT SHOWN","NO","NO","NO","YES/LIKELY","NO/NOT SHOWN","NO","False","DELETE_GENERATED","380853b234fd15fdc969ed7b65d31e99f895a37c598819af1a5bf6c88ee5632e"
"reset_tool\.pio\build\reset\liba3f\SD\sd_diskio.cpp.o",".o","214984","untracked","NO/NOT SHOWN","NO","NO","NO","YES/LIKELY","NO/NOT SHOWN","NO","False","DELETE_GENERATED","8bf4ff479269b7019c12a72e0a7b59029704d617dc684278f2a50ef650d45d01"
"reset_tool\.pio\build\reset\liba3f\SD\sd_diskio_crc.c.d",".d","176","untracked","NO/NOT SHOWN","NO","NO","NO","YES/LIKELY","NO/NOT SHOWN","NO","False","DELETE_GENERATED","f9aaad2cdf7f9e6a43475bc5f4251eb50f4a2e723aa5c53c2757cdda58490f60"
"reset_tool\.pio\build\reset\liba3f\SD\sd_diskio_crc.c.o",".o","7696","untracked","NO/NOT SHOWN","NO","NO","NO","YES/LIKELY","NO/NOT SHOWN","NO","False","DELETE_GENERATED","295d8717feba4e28607a3885232ddbe9dd5b164580b7707114b990dc0ac5687a"
"reset_tool\.pio\build\reset\libddb\FS\FS.cpp.d",".d","19900","untracked","NO/NOT SHOWN","NO","NO","NO","YES/LIKELY","NO/NOT SHOWN","NO","False","DELETE_GENERATED","8eeba884467bc6ac9bbbfa83ee40bc71da35a347229066bf051c0519bb3f95f1"
"reset_tool\.pio\build\reset\libddb\FS\FS.cpp.o",".o","185264","untracked","NO/NOT SHOWN","NO","NO","NO","YES/LIKELY","NO/NOT SHOWN","NO","False","DELETE_GENERATED","c8df0369bef5206790d5f16cdcf7f034fc5b83bbfff1afb3a2321a001bffc4e4"
"reset_tool\.pio\build\reset\libddb\FS\vfs_api.cpp.d",".d","20033","untracked","NO/NOT SHOWN","NO","NO","NO","YES/LIKELY","NO/NOT SHOWN","NO","False","DELETE_GENERATED","66777aace1fb2bce5ceabc2968dbbf071b2c6ed5355386941e7b2b63bcae31fb"
"reset_tool\.pio\build\reset\libddb\FS\vfs_api.cpp.o",".o","307256","untracked","NO/NOT SHOWN","NO","NO","NO","YES/LIKELY","NO/NOT SHOWN","NO","False","DELETE_GENERATED","aed873eeb9c130a7b4ca86ebe1e29b1c830ae3be17c4e0fddd8e6ab1b544eed7"
"reset_tool\.pio\build\reset\libddb\libFS.a",".a","496402","untracked","NO/NOT SHOWN","NO","NO","NO","YES/LIKELY","NO/NOT SHOWN","NO","False","DELETE_GENERATED","3df1d151842b8116c1c5f026063ff94526d334dac77572588286ffda52e02e80"
"reset_tool\.pio\build\reset\libe0b\libWiFi.a",".a","1982248","untracked","NO/NOT SHOWN","NO","NO","NO","YES/LIKELY","NO/NOT SHOWN","NO","False","DELETE_GENERATED","a4ca1f9254791a60f9f7f3608787959dc3c169c878fdb6e45bc7c5aa3dbf1342"
"reset_tool\.pio\build\reset\libe0b\WiFi\WiFi.cpp.d",".d","29707","untracked","NO/NOT SHOWN","NO","NO","NO","YES/LIKELY","NO/NOT SHOWN","NO","False","DELETE_GENERATED","44e0f4b0a9c63bc26e1443db59ccf0ced0ca4b8701f0428ac28c566da4f7074a"
"reset_tool\.pio\build\reset\libe0b\WiFi\WiFi.cpp.o",".o","136552","untracked","NO/NOT SHOWN","NO","NO","NO","YES/LIKELY","NO/NOT SHOWN","NO","False","DELETE_GENERATED","c02588170d1519d8f2ffe9159e924d31c7606af7652153b5219c68ae236adad0"
"reset_tool\.pio\build\reset\libe0b\WiFi\WiFiAP.cpp.d",".d","29881","untracked","NO/NOT SHOWN","NO","NO","NO","YES/LIKELY","NO/NOT SHOWN","NO","False","DELETE_GENERATED","7e1ed549ebac4878d5e4045f5faab2ae5145b5a9bd31957d815cc050befb5fb1"
"reset_tool\.pio\build\reset\libe0b\WiFi\WiFiAP.cpp.o",".o","182784","untracked","NO/NOT SHOWN","NO","NO","NO","YES/LIKELY","NO/NOT SHOWN","NO","False","DELETE_GENERATED","4d92c2cc06b9e8a21862b35c497bdeb89a52b4edff5f7325f9a04029f927b917"
"reset_tool\.pio\build\reset\libe0b\WiFi\WiFiClient.cpp.d",".d","30650","untracked","NO/NOT SHOWN","NO","NO","NO","YES/LIKELY","NO/NOT SHOWN","NO","False","DELETE_GENERATED","a02f54f77a68829e3f3f6ed41f5fd88def3e6cd7580cb07343abb6605526b70d"
"reset_tool\.pio\build\reset\libe0b\WiFi\WiFiClient.cpp.o",".o","330176","untracked","NO/NOT SHOWN","NO","NO","NO","YES/LIKELY","NO/NOT SHOWN","NO","False","DELETE_GENERATED","09b5e338f89b3362f82d53454170dfe6fec422bd5d7cae347c957bf290915a13"
"reset_tool\.pio\build\reset\libe0b\WiFi\WiFiGeneric.cpp.d",".d","30164","untracked","NO/NOT SHOWN","NO","NO","NO","YES/LIKELY","NO/NOT SHOWN","NO","False","DELETE_GENERATED","ac5e9ddec59782f9a3c2c8a40e373afdfd59d9a15fd16685aeeed0fa0dcf8872"
"reset_tool\.pio\build\reset\libe0b\WiFi\WiFiGeneric.cpp.o",".o","445740","untracked","NO/NOT SHOWN","NO","NO","NO","YES/LIKELY","NO/NOT SHOWN","NO","False","DELETE_GENERATED","c7e6299d26284c361f2e95efabfd97c64306318eb843ad255535a43aab3474ee"
"reset_tool\.pio\build\reset\libe0b\WiFi\WiFiMulti.cpp.d",".d","29010","untracked","NO/NOT SHOWN","NO","NO","NO","YES/LIKELY","NO/NOT SHOWN","NO","False","DELETE_GENERATED","90a7010513ba1e5f2381223c914c6fd43c97ce7e9cec23d23fbfadc9a18c1da2"
"reset_tool\.pio\build\reset\libe0b\WiFi\WiFiMulti.cpp.o",".o","194228","untracked","NO/NOT SHOWN","NO","NO","NO","YES/LIKELY","NO/NOT SHOWN","NO","False","DELETE_GENERATED","ff5a0aadd3c78995b4869ed63ac2b0f070a6ae35b68fd27d8b9e7646012123f5"
"reset_tool\.pio\build\reset\libe0b\WiFi\WiFiScan.cpp.d",".d","29835","untracked","NO/NOT SHOWN","NO","NO","NO","YES/LIKELY","NO/NOT SHOWN","NO","False","DELETE_GENERATED","61f487c1a90f51f1e62911c5065135c56c4653405fc02023031ce60efbb4daf6"
"reset_tool\.pio\build\reset\libe0b\WiFi\WiFiScan.cpp.o",".o","151964","untracked","NO/NOT SHOWN","NO","NO","NO","YES/LIKELY","NO/NOT SHOWN","NO","False","DELETE_GENERATED","aca0ac0f844a1c26ac1c6dfaccfe1caa8851c3104684813b167ee8354ba20f2c"
"reset_tool\.pio\build\reset\libe0b\WiFi\WiFiServer.cpp.d",".d","25203","untracked","NO/NOT SHOWN","NO","NO","NO","YES/LIKELY","NO/NOT SHOWN","NO","False","DELETE_GENERATED","66218bf372c98502036ab70db0e604f46dee53c269ac28c0303ce5a4062d97dd"
"reset_tool\.pio\build\reset\libe0b\WiFi\WiFiServer.cpp.o",".o","119956","untracked","NO/NOT SHOWN","NO","NO","NO","YES/LIKELY","NO/NOT SHOWN","NO","False","DELETE_GENERATED","6d95fbfdb3090e7cbeef5730288c47f5ecf5a124f74c48933893d313afd342d0"
"reset_tool\.pio\build\reset\libe0b\WiFi\WiFiSTA.cpp.d",".d","30155","untracked","NO/NOT SHOWN","NO","NO","NO","YES/LIKELY","NO/NOT SHOWN","NO","False","DELETE_GENERATED","88656f6acf446e0412df0e1d1683b539fc0259ccb37318e01724dac9b0c2a06c"
"reset_tool\.pio\build\reset\libe0b\WiFi\WiFiSTA.cpp.o",".o","246628","untracked","NO/NOT SHOWN","NO","NO","NO","YES/LIKELY","NO/NOT SHOWN","NO","False","DELETE_GENERATED","90e32c30fc0d4c2212edd926ce823948ad98d0a0141c71abd04d417744aa0f07"
"reset_tool\.pio\build\reset\libe0b\WiFi\WiFiUdp.cpp.d",".d","25061","untracked","NO/NOT SHOWN","NO","NO","NO","YES/LIKELY","NO/NOT SHOWN","NO","False","DELETE_GENERATED","95f527c5457911ee9c6ab0d6bbf1d5c620b4c8f2656562b8215f5f81c072ddaf"
"reset_tool\.pio\build\reset\libe0b\WiFi\WiFiUdp.cpp.o",".o","162072","untracked","NO/NOT SHOWN","NO","NO","NO","YES/LIKELY","NO/NOT SHOWN","NO","False","DELETE_GENERATED","fd5f82734aa8dca5f0a2c145ec6b9813e7db912d01aa6ddf82e3711912d553f9"
"reset_tool\.pio\build\reset\libFrameworkArduino.a",".a","3351228","untracked","NO/NOT SHOWN","NO","NO","NO","YES/LIKELY","NO/NOT SHOWN","NO","False","DELETE_GENERATED","3bc711540beed0d0dbca22bbce468d3cc0a90c2da49d5cde4a76f6882f8b85ae"
"reset_tool\.pio\build\reset\partitions.bin",".bin","3072","untracked","NO/NOT SHOWN","NO","NO","NO","YES/LIKELY","NO/NOT SHOWN","YES (identical SHA-256 elsewhere)","False","DELETE_GENERATED","148b959cbff1c38aa8e1d5c0ba9d612c54997b945e56a63f41223eef650653a1"
"reset_tool\.pio\build\reset\src\main.cpp.d",".d","29224","untracked","NO/NOT SHOWN","NO","NO","NO","YES/LIKELY","NO/NOT SHOWN","NO","False","DELETE_GENERATED","cb599633366a186289cda988b8029a089ce6439e1c1571fc1bc8a0a0b18efd5f"
"reset_tool\.pio\build\reset\src\main.cpp.o",".o","187764","untracked","NO/NOT SHOWN","NO","NO","NO","YES/LIKELY","NO/NOT SHOWN","NO","False","DELETE_GENERATED","e9d1bd6448d09279de774b7f0ffd8bf7f56747d8dbb72a14875460afcdd5b6bd"
"reset_tool\platformio.ini",".ini","124","tracked","NO/NOT SHOWN","NO","NO","NO","NO/NOT SHOWN","NO/NOT SHOWN","NO","False","REVIEW_REQUIRED","8ef4b4b6cf029edfb0302c7a862a90404436a53e4a243197534d3b874fa76ce8"
"reset_tool\src\main.cpp",".cpp","2251","tracked","NO/NOT SHOWN","NO","NO","NO","NO/NOT SHOWN","NO/NOT SHOWN","NO","False","REVIEW_REQUIRED","0c105ff50765737cb3f1ca1403807860bf935157d94ea995ad815f20114b210b"
"scripts\__pycache__\canonical_ap_probe.cpython-314.pyc",".pyc","9882","untracked","NO/NOT SHOWN","NO","NO","NO","YES/LIKELY","POSSIBLE - REVIEW","NO","False","DELETE_GENERATED","2b6abf0196f783acd5564123f504efdbe30a8fd544efc18b0d5341f4c4d18f47"
"scripts\__pycache__\canonical_layer_probe.cpython-312.pyc",".pyc","19254","untracked","NO/NOT SHOWN","NO","NO","NO","YES/LIKELY","POSSIBLE - REVIEW","NO","False","DELETE_GENERATED","20102db382c5d97559b1d4831cf244ad995d81c314d5529256e5c718667c7093"
"scripts\__pycache__\canonical_layer_probe.cpython-314.pyc",".pyc","20458","untracked","NO/NOT SHOWN","NO","NO","NO","YES/LIKELY","POSSIBLE - REVIEW","NO","False","DELETE_GENERATED","fbad752bd3e012093104cfd81490858a2a992609de3c7b391c71dbc116446be3"
"scripts\__pycache__\phase8_runtime_check.cpython-314.pyc",".pyc","3021","untracked","NO/NOT SHOWN","NO","NO","NO","YES/LIKELY","NO/NOT SHOWN","NO","False","DELETE_GENERATED","370b923f475aa7abc2497e34fb0156625f7d50d4c037d3c94fb8e758df6685e4"
"scripts\__pycache__\thai_ui_audit.cpython-314.pyc",".pyc","3751","untracked","NO/NOT SHOWN","NO","NO","NO","YES/LIKELY","NO/NOT SHOWN","NO","False","DELETE_GENERATED","010fc7774e3ad5e79baa39a2c82b394b6f7797ac7ef93e5bc22b1944df06dc7d"
"scripts\__pycache__\thai_ui_preview.cpython-314.pyc",".pyc","4090","untracked","NO/NOT SHOWN","NO","NO","NO","YES/LIKELY","NO/NOT SHOWN","NO","False","DELETE_GENERATED","d1d1e09004473da1c18b5c5a0f3ef11531a15507c7fd6d9f3a323f502b39a563"
"scripts\audit_serial_probe.py",".py","1673","tracked","NO/NOT SHOWN","NO","NO","NO","NO/NOT SHOWN","POSSIBLE - REVIEW","NO","False","REVIEW_REQUIRED","e7748e37736e5ffc9b32c14bedd1fdd3a6920a93662bc777549dfefb490a4862"
"scripts\canonical_ap_probe.py",".py","5265","tracked","NO/NOT SHOWN","NO","NO","NO","NO/NOT SHOWN","POSSIBLE - REVIEW","NO","False","REVIEW_REQUIRED","28a15f32afd1093c07aa4dd3fbdd627980352c54b8adf651f495c22a1ac27518"
"scripts\canonical_lan_probe.py",".py","2972","tracked","NO/NOT SHOWN","NO","NO","NO","NO/NOT SHOWN","POSSIBLE - REVIEW","NO","False","REVIEW_REQUIRED","e9338572b857760a7442d3612ed41492fb3c2cd3a2ddbeb45278079408897646"
"scripts\canonical_layer_probe.py",".py","11122","tracked","NO/NOT SHOWN","NO","NO","NO","NO/NOT SHOWN","POSSIBLE - REVIEW","NO","False","REVIEW_REQUIRED","78ef31d71d5b667cc6199b22e6010105b5da02bbb7c9e6ec5d12699b31761b5d"
"scripts\canonical_mdns_matrix.py",".py","7391","untracked","NO/NOT SHOWN","NO","NO","NO","NO/NOT SHOWN","POSSIBLE - REVIEW","NO","False","REVIEW_REQUIRED","87fa141dabbf2484f10b9aa338ecef40d8b0eff804b8af4b504e4c2037e495d8"
"scripts\canonical_runtime_probe.py",".py","1965","tracked","NO/NOT SHOWN","NO","NO","NO","NO/NOT SHOWN","POSSIBLE - REVIEW","NO","False","REVIEW_REQUIRED","86f6a985a24281db3eae05cf720c419b4fc6cfff465e5b3ce9ade8d3e8199801"
"scripts\compare_private_nvs.py",".py","2372","tracked","NO/NOT SHOWN","NO","NO","NO","NO/NOT SHOWN","NO/NOT SHOWN","NO","False","REVIEW_REQUIRED","6c856e192a25416f78d38e299a21477c38c7022a06d53f9c8530229fa8dfc040"
"scripts\defect_fix_readonly_probe.py",".py","4005","tracked","NO/NOT SHOWN","NO","NO","NO","NO/NOT SHOWN","POSSIBLE - REVIEW","NO","False","REVIEW_REQUIRED","5d9b04db830021581fec6f8575bcfc573559825d509e40dfdbba426e82cf2eff"
"scripts\defect_fix_serial_evidence.py",".py","1322","tracked","NO/NOT SHOWN","NO","NO","NO","NO/NOT SHOWN","NO/NOT SHOWN","NO","False","REVIEW_REQUIRED","a11ff2f92438a3c68eea08d01f591a6be7e0466ccb4f21eb533d48c82cf64d43"
"scripts\identity_serial_inspect.py",".py","831","tracked","NO/NOT SHOWN","NO","NO","NO","NO/NOT SHOWN","NO/NOT SHOWN","NO","False","REVIEW_REQUIRED","cd9e374faba5c78d818999386d95aab84755803a6cf7053e3b4aa333c925c6b9"
"scripts\lan_phone2_preflight.py",".py","2026","tracked","NO/NOT SHOWN","NO","NO","NO","NO/NOT SHOWN","NO/NOT SHOWN","NO","False","REVIEW_REQUIRED","0cee7af9f359c17ecf82c733c3ac95307c50aa386a39b02d824822293bdaa470"
"scripts\phase13_backup_diagnostic.py",".py","669","tracked","NO/NOT SHOWN","NO","NO","NO","NO/NOT SHOWN","POSSIBLE - REVIEW","NO","False","REVIEW_REQUIRED","f396ca8c228d525b141fbc183dedf1a37a1edacf498b872a290ef7326e58b30f"
"scripts\phase4_network_test.ps1",".ps1","3911","tracked","NO/NOT SHOWN","NO","NO","NO","NO/NOT SHOWN","NO/NOT SHOWN","NO","False","REVIEW_REQUIRED","a9fee45292775bba3224cdf9661af66b80f3d52d32e88e577db92a500760b6cd"
"scripts\phase5_preflight_test.ps1",".ps1","3432","tracked","NO/NOT SHOWN","NO","NO","NO","NO/NOT SHOWN","NO/NOT SHOWN","NO","False","REVIEW_REQUIRED","c167af5be9b5b522586e4d9d7871bf913d1a213efb8d761339674e86edfaf19c"
"scripts\phase5_wizard_smoke.js",".js","2995","tracked","NO/NOT SHOWN","NO","NO","NO","NO/NOT SHOWN","NO/NOT SHOWN","NO","False","REVIEW_REQUIRED","7bc33b01832ab2943dbc60083a182ae0bfc943c389b80919e07eb440dd0bb668"
"scripts\phase6_asset_syntax.js",".js","703","tracked","NO/NOT SHOWN","NO","NO","NO","NO/NOT SHOWN","NO/NOT SHOWN","NO","False","REVIEW_REQUIRED","0960986a1315cf1fd9dd775b7b757e61c6385470b8cec5d5a30429a34192c1d4"
"scripts\phase6_serial_check.py",".py","468","tracked","NO/NOT SHOWN","NO","NO","NO","NO/NOT SHOWN","NO/NOT SHOWN","NO","False","REVIEW_REQUIRED","068a98c77b2655e1a977e7114981a3557534f2f0c930ce1bd47f4f0cd978686d"
"scripts\phase6a_lan_probe.py",".py","1404","tracked","NO/NOT SHOWN","NO","NO","NO","NO/NOT SHOWN","POSSIBLE - REVIEW","NO","False","REVIEW_REQUIRED","78bcdc4e718c0f071e5b456ed598e076d42e6608bb641261c10574eb3769e049"
"scripts\phase7_preflight.py",".py","2300","tracked","NO/NOT SHOWN","NO","NO","NO","NO/NOT SHOWN","NO/NOT SHOWN","NO","False","REVIEW_REQUIRED","db38a5ed54be915ddac815bbf4fd6cb027a6c52e83cf43a0ca1b82aad86f25fe"
"scripts\phase8_runtime_check.py",".py","1541","tracked","NO/NOT SHOWN","NO","NO","NO","NO/NOT SHOWN","NO/NOT SHOWN","NO","False","REVIEW_REQUIRED","7122f7f6cfbc7c5871e96ca6f07843e7339f11de1a5ca321cc030be0d2628dd2"
"scripts\thai_ui_audit.py",".py","1832","tracked","NO/NOT SHOWN","NO","NO","NO","NO/NOT SHOWN","NO/NOT SHOWN","NO","False","REVIEW_REQUIRED","fb2a2c4bc4c37efeebfced54da82829b0a609a6b384c8aec8953106f6f9ab40a"
"scripts\thai_ui_preview.py",".py","2317","tracked","NO/NOT SHOWN","NO","NO","NO","NO/NOT SHOWN","NO/NOT SHOWN","NO","False","REVIEW_REQUIRED","aaf16393e21557a0b3dd07d0f0ca65a98ea8c7975d7831be090886063d3b65e0"
"src\app\AccessController.cpp",".cpp","2292","tracked","YES","YES (directory/default config)","YES (production tree)","NO","NO/NOT SHOWN","NO/NOT SHOWN","NO","False","KEEP_RUNTIME","2c8cf06e02d5c371abf32fddc4d009ab6af0b0b404bcce099ca36a52072df2ee"
"src\app\AccessController.h",".h","847","tracked","YES","YES (directory/default config)","YES (production tree)","NO","NO/NOT SHOWN","NO/NOT SHOWN","NO","False","KEEP_RUNTIME","f9bff8c908cb35ad65fe2b59046422d23bbcf98f5a53bbeae51646f82156d941"
"src\app\AdminTouchRouter.h",".h","1407","tracked","YES","YES (directory/default config)","YES (production tree)","NO","NO/NOT SHOWN","NO/NOT SHOWN","NO","False","KEEP_RUNTIME","086443cfd1c1bd88dbe50616907257ba1d01a9215905ca01ea5e27895a4d0474"
"src\app\AppState.h",".h","194","tracked","YES","YES (directory/default config)","YES (production tree)","NO","NO/NOT SHOWN","NO/NOT SHOWN","NO","False","KEEP_RUNTIME","8a13b252489c9461a93040f710f23f6351dce299f6d965287d4a15201d4b983a"
"src\app\AppStateMachine.cpp",".cpp","2474","tracked","YES","YES (directory/default config)","YES (production tree)","NO","NO/NOT SHOWN","NO/NOT SHOWN","NO","False","KEEP_RUNTIME","be067eddb46fa7854755be13ce61a5d7cb03f56b13d66bc77c85bf89ce3daf04"
"src\app\AppStateMachine.h",".h","913","tracked","YES","YES (directory/default config)","YES (production tree)","NO","NO/NOT SHOWN","NO/NOT SHOWN","NO","False","KEEP_RUNTIME","6606ee3fc457430a39233a3e365dfcc6795db017ce27158d51a33f7eb02ebc94"
"src\app\EnrollmentManager.cpp",".cpp","8124","tracked","YES","YES (directory/default config)","YES (production tree)","NO","NO/NOT SHOWN","NO/NOT SHOWN","NO","False","KEEP_RUNTIME","bbb4eb4eacae0b49c54098db8c551f3bc92a92b7d5cbf5d1698c05269f9aca18"
"src\app\EnrollmentManager.h",".h","1566","tracked","YES","YES (directory/default config)","YES (production tree)","NO","NO/NOT SHOWN","NO/NOT SHOWN","NO","False","KEEP_RUNTIME","b6b0e8e6e0a8b50c0d4109d6efc32be1e77aeb503956b2ed383568184f2534fc"
"src\app\FactoryResetController.cpp",".cpp","4087","tracked","YES","YES (directory/default config)","YES (production tree)","NO","NO/NOT SHOWN","NO/NOT SHOWN","NO","False","KEEP_RUNTIME","fe605fec0a221ad8e8f2d90ae322c1971192ecc7309ffc91ae09c8dde6ae5825"
"src\app\FactoryResetController.h",".h","994","tracked","YES","YES (directory/default config)","YES (production tree)","NO","NO/NOT SHOWN","NO/NOT SHOWN","NO","False","KEEP_RUNTIME","4f17ca7877e7c9ee8bf7a0fd04623990810cbc71ecf71e95cdf4f5bf6be091c7"
"src\app\FirstOwnerSetup.cpp",".cpp","3403","tracked","YES","YES (directory/default config)","YES (production tree)","NO","NO/NOT SHOWN","NO/NOT SHOWN","NO","False","KEEP_RUNTIME","eb84b14699a01585aef89a31310ac333f35a9381f03497b6492499807ad74cf5"
"src\app\FirstOwnerSetup.h",".h","1348","tracked","YES","YES (directory/default config)","YES (production tree)","NO","NO/NOT SHOWN","NO/NOT SHOWN","NO","False","KEEP_RUNTIME","fcb6b811db97f4e6d1871ca3d682b2dfbd1c8458dda47f795723e037c1a95ce0"
"src\app\LocalFallbackTouch.h",".h","1265","tracked","YES","YES (directory/default config)","YES (production tree)","NO","NO/NOT SHOWN","NO/NOT SHOWN","NO","False","KEEP_RUNTIME","7c68272319dde7869086dd438bc45d6959e81b614568206a7f4e58eb48583c7b"
"src\app\PhysicalAdmin.cpp",".cpp","1605","tracked","YES","YES (directory/default config)","YES (production tree)","NO","NO/NOT SHOWN","NO/NOT SHOWN","NO","False","KEEP_RUNTIME","cf7e61872a33dfbd13f2554b6874f37fe7c286f2811ee6a0aa4c8efaa4c13740"
"src\app\PhysicalAdmin.h",".h","1291","tracked","YES","YES (directory/default config)","YES (production tree)","NO","NO/NOT SHOWN","NO/NOT SHOWN","NO","False","KEEP_RUNTIME","259244f22d1bff1c3dc96d5e6db13793a0e5e36660c65b244fd2fb5b0bd173ae"
"src\app\RegistrationRecovery.cpp",".cpp","1198","tracked","YES","YES (directory/default config)","YES (production tree)","NO","NO/NOT SHOWN","NO/NOT SHOWN","NO","False","KEEP_RUNTIME","f725b3badeeb8bea0efa5a6e17ea264ceeb33e72a6f95d85f0a49f305ae92657"
"src\app\RegistrationRecovery.h",".h","483","tracked","YES","YES (directory/default config)","YES (production tree)","NO","NO/NOT SHOWN","NO/NOT SHOWN","NO","False","KEEP_RUNTIME","d1b57310cbecc9f6dfbfa9c79740f764c26cfdd9f325f2cc7ac66662d40e6d8a"
"src\events\Diagnostics.cpp",".cpp","2336","tracked","YES","YES (directory/default config)","YES (production tree)","NO","NO/NOT SHOWN","POSSIBLE - REVIEW","NO","False","KEEP_RUNTIME","552a9730117c63ff61e821925258ab1d40a2b63402f906238967c9e83d6beedb"
"src\events\Diagnostics.h",".h","100","tracked","YES","YES (directory/default config)","YES (production tree)","NO","NO/NOT SHOWN","POSSIBLE - REVIEW","NO","False","KEEP_RUNTIME","99bbd816b5eaa6e0755173edf28ff93cb41eb65a631b3a816478d671f65c0537"
"src\events\TimeManager.cpp",".cpp","941","tracked","YES","YES (directory/default config)","YES (production tree)","NO","NO/NOT SHOWN","NO/NOT SHOWN","NO","False","KEEP_RUNTIME","80d255a9d73d8692a233cc7f91a146b38e52cff2c116ee209667664fd5cba0be"
"src\events\TimeManager.h",".h","275","tracked","YES","YES (directory/default config)","YES (production tree)","NO","NO/NOT SHOWN","NO/NOT SHOWN","NO","False","KEEP_RUNTIME","75fe8b49b6f56018c2cc561d6da39c99aa26499318e3b1b7c0eaeb438a0f06a4"
"src\hardware\AdminBitmaps.h",".h","21120","tracked","YES","YES (directory/default config)","YES (production tree)","NO","NO/NOT SHOWN","NO/NOT SHOWN","NO","False","KEEP_RUNTIME","d9f1339dad2ebb8ed25b0d6153d8c904aa783dd7e53e887eda5fd8f3cb51f188"
"src\hardware\AdminDisplay.cpp",".cpp","1633","tracked","YES","YES (directory/default config)","YES (production tree)","NO","NO/NOT SHOWN","NO/NOT SHOWN","NO","False","KEEP_RUNTIME","329d52f71c6b260c00cb7af7d75816ccc3ecca605bbff4f0a525d25e44e87b2b"
"src\hardware\AdminDisplay.h",".h","129","tracked","YES","YES (directory/default config)","YES (production tree)","NO","NO/NOT SHOWN","NO/NOT SHOWN","NO","False","KEEP_RUNTIME","1d7bbfa1823f773dc8da0bb53277a0a79a11f7f6601155353672c3d6191e66f5"
"src\hardware\DisplayManager.cpp",".cpp","4167","tracked","YES","YES (directory/default config)","YES (production tree)","NO","NO/NOT SHOWN","NO/NOT SHOWN","NO","False","KEEP_RUNTIME","9bdf21cb3fde5438ec1fcf224118046c9474db1118a22c03086522f349888308"
"src\hardware\DisplayManager.h",".h","292","tracked","YES","YES (directory/default config)","YES (production tree)","NO","NO/NOT SHOWN","NO/NOT SHOWN","NO","False","KEEP_RUNTIME","2203e401be6d762eb0a3337a7536bd52a73bfcd9cfbb95c8effcb5c7d86dfc8b"
"src\hardware\LocalFallbackBitmaps.h",".h","8312","tracked","YES","YES (directory/default config)","YES (production tree)","NO","NO/NOT SHOWN","NO/NOT SHOWN","NO","False","KEEP_RUNTIME","518500d68ca0f90f33d1110642157a08e4e9a95173e0b231645b7220ce2c72a3"
"src\hardware\LockController.cpp",".cpp","1928","tracked","YES","YES (directory/default config)","YES (production tree)","NO","NO/NOT SHOWN","NO/NOT SHOWN","NO","False","KEEP_RUNTIME","0df22a9b342789f5b072d17fa572253a5f4bb681c1137fb9b2a1e7dc41135913"
"src\hardware\LockController.h",".h","769","tracked","YES","YES (directory/default config)","YES (production tree)","NO","NO/NOT SHOWN","NO/NOT SHOWN","NO","False","KEEP_RUNTIME","4b6fc97fad8632944abae19ea5a9eb36b8e9213bc338b95958d883142f7e4b55"
"src\hardware\ThaiResetBitmaps.h",".h","21146","tracked","YES","YES (directory/default config)","YES (production tree)","NO","NO/NOT SHOWN","NO/NOT SHOWN","NO","False","KEEP_RUNTIME","da7aaf233585c6115a9f0955858de62e06e6ea7153740dec8777888e20446b4b"
"src\hardware\TouchManager.cpp",".cpp","1237","tracked","YES","YES (directory/default config)","YES (production tree)","NO","NO/NOT SHOWN","NO/NOT SHOWN","NO","False","KEEP_RUNTIME","9e31567c1b1d6de625737a2552597afa32baeb7235c10c709ce2ad390aa1c039"
"src\hardware\TouchManager.h",".h","911","tracked","YES","YES (directory/default config)","YES (production tree)","NO","NO/NOT SHOWN","NO/NOT SHOWN","NO","False","KEEP_RUNTIME","cf2d53b5b215f6c2050ee56a343560fae97b4b10a721b98bbdd5f623c41f4c38"
"src\main.cpp",".cpp","24829","tracked","YES","YES (directory/default config)","YES (production tree)","NO","NO/NOT SHOWN","NO/NOT SHOWN","NO","False","KEEP_RUNTIME","3f0f102a5dfe677771e090b23cafc3e17300d98c618120ef62da0d1260b682ec"
"src\network\CanonicalOrigin.cpp",".cpp","3033","tracked","YES","YES (directory/default config)","YES (production tree)","NO","NO/NOT SHOWN","NO/NOT SHOWN","NO","False","KEEP_RUNTIME","55e0328e52ec2c1725d1acc11b059e08014882bdc75633001ab98fa5b1ebdde7"
"src\network\CanonicalOrigin.h",".h","501","tracked","YES","YES (directory/default config)","YES (production tree)","NO","NO/NOT SHOWN","NO/NOT SHOWN","NO","False","KEEP_RUNTIME","2ac56571f5e45c6a44b77f9641a0072573a5949572cdddf25566d61b1c8666c7"
"src\network\CaptivePortal.cpp",".cpp","267","tracked","YES","YES (directory/default config)","YES (production tree)","NO","NO/NOT SHOWN","NO/NOT SHOWN","NO","False","KEEP_RUNTIME","1908781e12ad9a71066a5311369a92aacd177093864ce2017e5651a22bfd943b"
"src\network\CaptivePortal.h",".h","200","tracked","YES","YES (directory/default config)","YES (production tree)","NO","NO/NOT SHOWN","NO/NOT SHOWN","NO","False","KEEP_RUNTIME","b7aa5cda6cdac2f19445d2544c688207677cd79b1de2415ec91200bbb872338a"
"src\network\NetworkManager.cpp",".cpp","10166","tracked","YES","YES (directory/default config)","YES (production tree)","NO","NO/NOT SHOWN","NO/NOT SHOWN","NO","False","KEEP_RUNTIME","1308af186953afeba621f78139014b34798f034a3b3c7387912fae7c26752111"
"src\network\NetworkManager.h",".h","1806","tracked","YES","YES (directory/default config)","YES (production tree)","NO","NO/NOT SHOWN","NO/NOT SHOWN","NO","False","KEEP_RUNTIME","6c50cd58775ced22bc38e3fe67fe206e53ef8fdef66191230a32b22c2d90977b"
"src\network\WebServerManager.cpp",".cpp","41015","tracked","YES","YES (directory/default config)","YES (production tree)","NO","NO/NOT SHOWN","NO/NOT SHOWN","NO","False","KEEP_RUNTIME","37a874ae9cb8204d468f556dc425dd8e85f4fe90ec4a2a1c9c7317492ade5a97"
"src\network\WebServerManager.h",".h","2562","tracked","YES","YES (directory/default config)","YES (production tree)","NO","NO/NOT SHOWN","NO/NOT SHOWN","NO","False","KEEP_RUNTIME","6133e516937f305a0d4f813ae501631a539b39f34571159f50d479d7abb1b0b8"
"src\notifications\LineNotifications.cpp",".cpp","35904","tracked","YES","YES (directory/default config)","YES (production tree)","NO","NO/NOT SHOWN","NO/NOT SHOWN","NO","False","KEEP_RUNTIME","c6fc9f8cb7e2422cf06c63abac16cab9fc82e4ad310aab3e72ebc1702bf0ce96"
"src\notifications\LineNotifications.h",".h","1673","tracked","YES","YES (directory/default config)","YES (production tree)","NO","NO/NOT SHOWN","NO/NOT SHOWN","NO","False","KEEP_RUNTIME","b5e6056f8c573ed7087d90a5d4ae0327cb483d7005b8b0be89e0df0bd494e161"
"src\notifications\LineProtocol.h",".h","3192","tracked","YES","YES (directory/default config)","YES (production tree)","NO","NO/NOT SHOWN","NO/NOT SHOWN","NO","False","KEEP_RUNTIME","44fb04b81dd62e8db6e46bdc43f761fa13a3f4ba236da31f95643b8b33fe702b"
"src\qr\QrManager.cpp",".cpp","3437","tracked","YES","YES (directory/default config)","YES (production tree)","NO","NO/NOT SHOWN","NO/NOT SHOWN","NO","False","KEEP_RUNTIME","b82e5c8fc5dfcc1e883cf1541bb906f0ebc6cdd9376088e0279c03d85d045761"
"src\qr\QrManager.h",".h","451","tracked","YES","YES (directory/default config)","YES (production tree)","NO","NO/NOT SHOWN","NO/NOT SHOWN","NO","False","KEEP_RUNTIME","ecadea46a551ffb4f7857f8cbdd1468225003adaec423fea6ec25be038816819"
"src\qr\SessionManager.cpp",".cpp","3158","tracked","YES","YES (directory/default config)","YES (production tree)","NO","NO/NOT SHOWN","NO/NOT SHOWN","NO","False","KEEP_RUNTIME","494be06fafd3357b5c939eeb600f7a43be4901a70071bc2175c8c77c9a296204"
"src\qr\SessionManager.h",".h","1061","tracked","YES","YES (directory/default config)","YES (production tree)","NO","NO/NOT SHOWN","NO/NOT SHOWN","NO","False","KEEP_RUNTIME","cd1d72e8850f20ee5b8fe439676d9a55b6b1de980d538c4d2b950390bd741411"
"src\security\AdminPin.cpp",".cpp","4032","tracked","YES","YES (directory/default config)","YES (production tree)","NO","NO/NOT SHOWN","NO/NOT SHOWN","NO","False","KEEP_RUNTIME","89651ba62d1050fef0b77ec43768bec4f9466e0e6911db11b02048bd4e7a1cd8"
"src\security\AdminPin.h",".h","781","tracked","YES","YES (directory/default config)","YES (production tree)","NO","NO/NOT SHOWN","NO/NOT SHOWN","NO","False","KEEP_RUNTIME","f69b45bc3f0bdc6d4ac8ca941bc0c22a59ce227b48758657764eda0485790e39"
"src\security\RequestPolicy.h",".h","2138","tracked","YES","YES (directory/default config)","YES (production tree)","NO","NO/NOT SHOWN","NO/NOT SHOWN","NO","False","KEEP_RUNTIME","67767c2190fa0f74495c2262f3e708b7aee657a2becc5a1bc203268784894475"
"src\storage\AtomicFileStore.cpp",".cpp","4883","tracked","YES","YES (directory/default config)","YES (production tree)","NO","NO/NOT SHOWN","NO/NOT SHOWN","NO","False","KEEP_RUNTIME","5786671099fe15b00fc931613e41e9e9d1184538c101867e259538c1ab55dd4b"
"src\storage\AtomicFileStore.h",".h","975","tracked","YES","YES (directory/default config)","YES (production tree)","NO","NO/NOT SHOWN","NO/NOT SHOWN","NO","False","KEEP_RUNTIME","4caa8e52537d68d8c2647c68f822ed1376a6c63d41266168b448a772cc58a82b"
"src\storage\AuthStore.cpp",".cpp","11157","tracked","YES","YES (directory/default config)","YES (production tree)","NO","NO/NOT SHOWN","NO/NOT SHOWN","NO","False","KEEP_RUNTIME","99c71cd4fc0bddf8be0eb5dde3ff9e4288c78092471a8abdaeff9b79c79084a3"
"src\storage\AuthStore.h",".h","1428","tracked","YES","YES (directory/default config)","YES (production tree)","NO","NO/NOT SHOWN","NO/NOT SHOWN","NO","False","KEEP_RUNTIME","0f2f80e9618a61e6b82b92e09d86500adad276226aafcf9db67c0941c58e41ab"
"src\storage\ConfigStore.cpp",".cpp","4319","tracked","YES","YES (directory/default config)","YES (production tree)","NO","NO/NOT SHOWN","NO/NOT SHOWN","NO","False","KEEP_RUNTIME","736d4629b8e323d2d30d907a761d190dd2eb251e6eecb1fe5c9a02d14177dbb4"
"src\storage\ConfigStore.h",".h","1090","tracked","YES","YES (directory/default config)","YES (production tree)","NO","NO/NOT SHOWN","NO/NOT SHOWN","NO","False","KEEP_RUNTIME","a78b4bbb04036708ec8c5b0207c054472a7677536f5ed3cce5a48ca4177f2789"
"src\storage\DeviceStore.cpp",".cpp","4264","tracked","YES","YES (directory/default config)","YES (production tree)","NO","NO/NOT SHOWN","NO/NOT SHOWN","NO","False","KEEP_RUNTIME","c7f0bcfec7b36e9e2851a4295a22f7193b9372b54de5557a4f4a734ba0e3adb7"
"src\storage\DeviceStore.h",".h","444","tracked","YES","YES (directory/default config)","YES (production tree)","NO","NO/NOT SHOWN","NO/NOT SHOWN","NO","False","KEEP_RUNTIME","dc083904ef361eb946441b118614ff54d423bbe3ad60c22eb3e2de8999751cf4"
"src\storage\IdentityStore.cpp",".cpp","9832","tracked","YES","YES (directory/default config)","YES (production tree)","NO","NO/NOT SHOWN","NO/NOT SHOWN","NO","False","KEEP_RUNTIME","78dad5a6464e43a5d00b864b1402b04c56864e00fa362eedade7411166affd5b"
"src\storage\IdentityStore.h",".h","802","tracked","YES","YES (directory/default config)","YES (production tree)","NO","NO/NOT SHOWN","NO/NOT SHOWN","NO","False","KEEP_RUNTIME","f4699a82fd103aaa8e070ac3a1f4a0a58101b1a7af917e0a34d67ec4081c14d7"
"src\storage\InstallationMetadata.cpp",".cpp","2277","tracked","YES","YES (directory/default config)","YES (production tree)","NO","NO/NOT SHOWN","NO/NOT SHOWN","NO","False","KEEP_RUNTIME","489034f9525cc5d72a668d5a0c10f86da928559c5ffb09e23da0a68da9e82a0d"
"src\storage\InstallationMetadata.h",".h","415","tracked","YES","YES (directory/default config)","YES (production tree)","NO","NO/NOT SHOWN","NO/NOT SHOWN","NO","False","KEEP_RUNTIME","527f94281e6385b8980c63968f9c9b63a4cbf019ab859247a1540dc75b60d7ff"
"src\storage\NetworkSecrets.cpp",".cpp","2253","tracked","YES","YES (directory/default config)","YES (production tree)","NO","NO/NOT SHOWN","NO/NOT SHOWN","NO","False","KEEP_RUNTIME","834fc27b20cb341b9d155135e2c990970d560eed1a37678ed0c910bcde50b91d"
"src\storage\NetworkSecrets.h",".h","488","tracked","YES","YES (directory/default config)","YES (production tree)","NO","NO/NOT SHOWN","NO/NOT SHOWN","NO","False","KEEP_RUNTIME","44ee2aa032bfd5d3e51401581bf698846cdc1ac387c54704fa0c331a2d2e9694"
"src\storage\Phase2SelfTest.cpp",".cpp","6172","tracked","YES","YES (directory/default config)","YES (production tree)","NO","NO/NOT SHOWN","NO/NOT SHOWN","NO","False","KEEP_RUNTIME","77b3fb64147b557ea71e5edd1cbb6e46aa8a1ba783a340d5ae2470f4be5b01da"
"src\storage\Phase2SelfTest.h",".h","116","tracked","YES","YES (directory/default config)","YES (production tree)","NO","NO/NOT SHOWN","NO/NOT SHOWN","NO","False","KEEP_RUNTIME","22d3c80b40d17485409417db3d3496e4590e958c6c7a3b231ce39e644379911f"
"src\storage\RecordCodec.cpp",".cpp","13166","tracked","YES","YES (directory/default config)","YES (production tree)","NO","NO/NOT SHOWN","NO/NOT SHOWN","NO","False","KEEP_RUNTIME","bcf4f9f978645d090e02b6c1adc4368078c4c1b40a75b4cc97c5566cb7cb576d"
"src\storage\RecordCodec.h",".h","2075","tracked","YES","YES (directory/default config)","YES (production tree)","NO","NO/NOT SHOWN","NO/NOT SHOWN","NO","False","KEEP_RUNTIME","f8c712d500e1c6dce35b89ff07749c944fa24be323166dd29be1b5705c8a435a"
"src\storage\StaSecrets.cpp",".cpp","3995","tracked","YES","YES (directory/default config)","YES (production tree)","NO","NO/NOT SHOWN","NO/NOT SHOWN","NO","False","KEEP_RUNTIME","c1437ac25ea39bc95e82ed24ebdba6292d5cc8abe0b3d5f31820a1d888e50125"
"src\storage\StaSecrets.h",".h","619","tracked","YES","YES (directory/default config)","YES (production tree)","NO","NO/NOT SHOWN","NO/NOT SHOWN","NO","False","KEEP_RUNTIME","c3352dd26b5ff6fda6e8695deeb0811c1182d56d86dba09fd10ec5427cdda2a4"
"src\storage\StorageHealth.cpp",".cpp","2035","tracked","YES","YES (directory/default config)","YES (production tree)","NO","NO/NOT SHOWN","NO/NOT SHOWN","NO","False","KEEP_RUNTIME","5eb35ba7290febe46fec586cf2dca2d0ad16d938c2890fdc4d16064b379dcd9b"
"src\storage\StorageHealth.h",".h","266","tracked","YES","YES (directory/default config)","YES (production tree)","NO","NO/NOT SHOWN","NO/NOT SHOWN","NO","False","KEEP_RUNTIME","854d4b95a862bbeb2b8d6a090f57263a588580dbdd8e20ab8f78e0371b1df107"
"src\storage\UserStore.cpp",".cpp","4339","tracked","YES","YES (directory/default config)","YES (production tree)","NO","NO/NOT SHOWN","NO/NOT SHOWN","NO","False","KEEP_RUNTIME","f01e646f58ead52be0ad0c2fb4d14668bc3d5ba6c1ff7179e8b8b021743588c6"
"src\storage\UserStore.h",".h","438","tracked","YES","YES (directory/default config)","YES (production tree)","NO","NO/NOT SHOWN","NO/NOT SHOWN","NO","False","KEEP_RUNTIME","6a3ff567830759a061129df7c9e31e2a0fe6c87c7e2a5b32bddee93c81256258"
"src\web\WebAssets.h",".h","100787","tracked","YES","YES (directory/default config)","YES (production tree)","NO","NO/NOT SHOWN","NO/NOT SHOWN","NO","False","KEEP_RUNTIME","5ea64b2985a0f0584134cf64cc1ff1de3d01952bd30682956d7005e8457bcb6b"
"tests\__pycache__\run_defect_fix_regression.cpython-314.pyc",".pyc","3908","untracked","NO/NOT SHOWN","NO","NO","NO","YES/LIKELY","NO/NOT SHOWN","NO","False","DELETE_GENERATED","2e971da098ca2fd4ae1d66e4f68e261b4e3d2fefe2c61e51913cb4b128566a2d"
"tests\admin\__pycache__\line_management_browser_test.cpython-314.pyc",".pyc","19922","untracked","NO/NOT SHOWN","NO","NO","NO","YES/LIKELY","NO/NOT SHOWN","NO","False","DELETE_GENERATED","91547b9abfd25341c01ad06ff55f97e6c7dccc7eab67c2a5f9022a3986f8ecca"
"tests\admin\admin_menu_boot_check.py",".py","1484","tracked","NO/NOT SHOWN","NO","NO","NO","NO/NOT SHOWN","NO/NOT SHOWN","NO","False","KEEP_DEVELOPMENT","e1c52b32d3ccd3d4edf23141215d10d534aabb4abf406a8b4041bfa629868e70"
"tests\admin\admin_test.cpp",".cpp","5476","tracked","NO/NOT SHOWN","NO","NO","NO","NO/NOT SHOWN","NO/NOT SHOWN","NO","False","KEEP_DEVELOPMENT","0abd927c87542a299656da9910e0232a5fa99fa5427c24dcc3c42b5189cea4ba"
"tests\admin\admin_transition_test.cpp",".cpp","7302","tracked","NO/NOT SHOWN","NO","NO","NO","NO/NOT SHOWN","NO/NOT SHOWN","NO","False","KEEP_DEVELOPMENT","1c587fdcf55413507a71ebc4e6f12582eafe6359d527da3d1d7d886248dbfa7e"
"tests\admin\cleanup_live_check.py",".py","2662","tracked","NO/NOT SHOWN","NO","NO","NO","NO/NOT SHOWN","NO/NOT SHOWN","NO","False","KEEP_DEVELOPMENT","b81e62961bcaa56843341cba5cf2960cb4e90257385f91bd3f3368fea5e5b779"
"tests\admin\cleanup_precheck.py",".py","906","tracked","NO/NOT SHOWN","NO","NO","NO","NO/NOT SHOWN","NO/NOT SHOWN","NO","False","KEEP_DEVELOPMENT","fcb7a191febf4978ffd0780f8430ef754b272e9d3cb2d1b347a03be3f120b889"
"tests\admin\cleanup_ui.test.js",".js","1970","tracked","NO/NOT SHOWN","NO","NO","NO","NO/NOT SHOWN","NO/NOT SHOWN","NO","False","KEEP_DEVELOPMENT","30bddecabbe67b6764c3714a03c0577f02c11131570891b2bf83bfe64c0208da"
"tests\admin\line_maintenance_test.py",".py","12607","tracked","NO/NOT SHOWN","NO","NO","NO","NO/NOT SHOWN","NO/NOT SHOWN","NO","False","KEEP_DEVELOPMENT","751167123ed6c7fd54c5d0bb80e11f4e049fbf010b5f50ae11c7a5600b8212a2"
"tests\admin\line_management_browser_test.py",".py","12833","tracked","NO/NOT SHOWN","NO","NO","NO","NO/NOT SHOWN","NO/NOT SHOWN","NO","False","KEEP_DEVELOPMENT","c64352bf4d2239667c1a719e41a632fed633978cec910f48acdb42939a06990d"
"tests\admin\live_check.py",".py","1949","tracked","NO/NOT SHOWN","NO","NO","NO","NO/NOT SHOWN","NO/NOT SHOWN","NO","False","KEEP_DEVELOPMENT","5d0ae2eb2982e607d206c01ddff2faa7d5895098fc9392e0d253f5f5f1440e54"
"tests\admin\run_admin_tests.py",".py","3926","tracked","NO/NOT SHOWN","NO","NO","NO","NO/NOT SHOWN","NO/NOT SHOWN","NO","False","KEEP_DEVELOPMENT","f0fea5b3f8b4cef10f0cc224ec3fc5e2326b64e98b1279e436664f5a1cdeeba5"
"tests\admin\setup_backend_test.py",".py","5732","tracked","NO/NOT SHOWN","NO","NO","NO","NO/NOT SHOWN","NO/NOT SHOWN","NO","False","KEEP_DEVELOPMENT","82790c14be656d770f8034c468c784916f53f8c0507a9e4f11bb91e748068f32"
"tests\admin\setup_browser_test.js",".js","3223","tracked","NO/NOT SHOWN","NO","NO","NO","NO/NOT SHOWN","NO/NOT SHOWN","NO","False","KEEP_DEVELOPMENT","ceabc45c50cc41506b81877cff26a2d6c031a77d42b4b029647f4b9e6a31ab50"
"tests\admin\web_test.js",".js","6492","tracked","NO/NOT SHOWN","NO","NO","NO","NO/NOT SHOWN","NO/NOT SHOWN","NO","False","KEEP_DEVELOPMENT","4718f7fe1d5fcd095e83ee71fb74e34eaacabe7f0781aad8a6df21419bbc4663"
"tests\archive\event_history\Audit.cpp",".cpp","11498","tracked","NO/NOT SHOWN","NO","NO","NO","NO/NOT SHOWN","NO/NOT SHOWN","NO","False","KEEP_DEVELOPMENT","1f3b01e2274feef79f3d67ef0dcbdb7aa1535c8ff99c47023601158d9ed82cf9"
"tests\archive\event_history\Audit.h",".h","892","tracked","NO/NOT SHOWN","NO","NO","NO","NO/NOT SHOWN","NO/NOT SHOWN","NO","False","KEEP_DEVELOPMENT","79e3e58eeec1da2dc1cd8b5994aa3ad973536469e0bc4055668baf834b6935bd"
"tests\archive\event_history\EventLog.cpp",".cpp","48444","tracked","NO/NOT SHOWN","NO","NO","NO","NO/NOT SHOWN","NO/NOT SHOWN","NO","False","KEEP_DEVELOPMENT","1d062768167f05ce7fe3e218a1d195f4fa99ff6d53c8f0a53270bb0f6567e62f"
"tests\archive\event_history\EventLog.h",".h","6103","tracked","NO/NOT SHOWN","NO","NO","NO","NO/NOT SHOWN","NO/NOT SHOWN","NO","False","KEEP_DEVELOPMENT","82260295f15f1f389440db2aeb11404245375eb61a7d3f0b3fccf76bfb27b65d"
"tests\archive\event_history\README.md",".md","338","tracked","NO/NOT SHOWN","NO","NO","NO","NO/NOT SHOWN","NO/NOT SHOWN","NO","False","KEEP_DEVELOPMENT","a7aff9c8fc4278597f7be76ba34b674df4cb49614210e13d444fbbc3ac3c75a1"
"tests\archive\phase13\maintenance\__pycache__\run_restore_coordinator_tests.cpython-314.pyc",".pyc","5201","untracked","NO/NOT SHOWN","NO","NO","NO","YES/LIKELY","NO/NOT SHOWN","NO","False","DELETE_GENERATED","9f0811d0ea64138967b62cab0b89c4b5111522894cd9de292f0d748b0ce2b0eb"
"tests\archive\phase13\maintenance\__pycache__\run_snapshot_validator_tests.cpython-314.pyc",".pyc","7383","untracked","NO/NOT SHOWN","NO","NO","NO","YES/LIKELY","NO/NOT SHOWN","NO","False","DELETE_GENERATED","347e4ec44b04f241c6c4c388fb8305b3a50d8f4701bffe1154b4ec17a3eb397c"
"tests\archive\phase13\maintenance\generation_store_test.cpp",".cpp","11589","tracked","NO/NOT SHOWN","NO","NO","NO","NO/NOT SHOWN","NO/NOT SHOWN","NO","False","KEEP_DEVELOPMENT","7185aca49181ce43f48c0dec9521a01e3e48c6e8288fb0c081fd44b27ac26d40"
"tests\archive\phase13\maintenance\generation_store_test_fakes.cpp",".cpp","7897","tracked","NO/NOT SHOWN","NO","NO","NO","NO/NOT SHOWN","NO/NOT SHOWN","NO","False","KEEP_DEVELOPMENT","c046f7c10bb1a06bd96f762473daadbd10c1432863e3de62e2dfba02c2f61d12"
"tests\archive\phase13\maintenance\generation_store_test_support.h",".h","786","tracked","NO/NOT SHOWN","NO","NO","NO","NO/NOT SHOWN","NO/NOT SHOWN","NO","False","KEEP_DEVELOPMENT","7c17bbbfe219a382488b1067c6379a3cfed93649bc75bcb205314f498039b16c"
"tests\archive\phase13\maintenance\mocks\Arduino.h",".h","72","tracked","NO/NOT SHOWN","NO","NO","NO","NO/NOT SHOWN","NO/NOT SHOWN","NO","False","KEEP_DEVELOPMENT","74625dcf71aa1d7eb77b3bb506fdf20381d92b242d1b392444590cd8c2479893"
"tests\archive\phase13\maintenance\mocks\esp_system.h",".h","157","tracked","NO/NOT SHOWN","NO","NO","NO","NO/NOT SHOWN","NO/NOT SHOWN","NO","False","KEEP_DEVELOPMENT","5d1f67260282c288c0213029fc2e0876ed6fe247b1d9f484d3425e6914c85693"
"tests\archive\phase13\maintenance\mocks\Preferences.h",".h","665","tracked","NO/NOT SHOWN","NO","NO","NO","NO/NOT SHOWN","NO/NOT SHOWN","NO","False","KEEP_DEVELOPMENT","2890ed9bad4f154bee3c8feeb92384c9fbf459e8c2b84bdb320299e458cfc391"
"tests\archive\phase13\maintenance\ota_manager_mocks\Arduino.h",".h","294","tracked","NO/NOT SHOWN","NO","NO","NO","NO/NOT SHOWN","NO/NOT SHOWN","NO","False","KEEP_DEVELOPMENT","12aad824d4072fea26da593555e15843a734eeeb142cb3e63ca0d48f209bcff5"
"tests\archive\phase13\maintenance\ota_manager_mocks\ConfigStore.h",".h","35","tracked","NO/NOT SHOWN","NO","NO","NO","NO/NOT SHOWN","NO/NOT SHOWN","NO","False","KEEP_DEVELOPMENT","6baebccfce5286e1b7083181b84269f933a47867355737e6e9ee504d25c8a787"
"tests\archive\phase13\maintenance\ota_manager_mocks\EnrollmentManager.h",".h","246","tracked","NO/NOT SHOWN","NO","NO","NO","NO/NOT SHOWN","NO/NOT SHOWN","NO","False","KEEP_DEVELOPMENT","8a02c8b136a902ee6378df6d09c232a6468bbe3ab54c0d90a7a1e2d3cbe993d2"
"tests\archive\phase13\maintenance\ota_manager_mocks\esp_ota_ops.h",".h","971","tracked","NO/NOT SHOWN","NO","NO","NO","NO/NOT SHOWN","NO/NOT SHOWN","NO","False","KEEP_DEVELOPMENT","ff29763bc7fc8e3ab353e2ae02fecd70daead5a5a957814e5e7528b289669a8d"
"tests\archive\phase13\maintenance\ota_manager_mocks\esp_system.h",".h","93","tracked","NO/NOT SHOWN","NO","NO","NO","NO/NOT SHOWN","NO/NOT SHOWN","NO","False","KEEP_DEVELOPMENT","bc191b09f8f447e4f6cc07adc605c7614a260de3b816c81cd6f42804f3afd1f3"
"tests\archive\phase13\maintenance\ota_manager_mocks\mbedtls\sha256.h",".h","539","tracked","NO/NOT SHOWN","NO","NO","NO","NO/NOT SHOWN","NO/NOT SHOWN","NO","False","KEEP_DEVELOPMENT","1cb6e8c13a5aebfc71d7f255e79dd8edbd13cfaa69ce64066d3e8f933c895a39"
"tests\archive\phase13\maintenance\ota_manager_mocks\Preferences.h",".h","1212","tracked","NO/NOT SHOWN","NO","NO","NO","NO/NOT SHOWN","NO/NOT SHOWN","NO","False","KEEP_DEVELOPMENT","3143f32a32c284ef07a703ab326da5b22254f960a3c0ef604f7386a0e85d89d5"
"tests\archive\phase13\maintenance\ota_manager_mocks\SecureBackup.h",".h","619","tracked","NO/NOT SHOWN","NO","NO","NO","NO/NOT SHOWN","POSSIBLE - REVIEW","NO","False","KEEP_DEVELOPMENT","464718a31229221ac406124a4b8fb56bd01cb57815da00a0f224f594e8b8de08"
"tests\archive\phase13\maintenance\ota_manager_test.cpp",".cpp","14187","tracked","NO/NOT SHOWN","NO","NO","NO","NO/NOT SHOWN","NO/NOT SHOWN","NO","False","KEEP_DEVELOPMENT","d69661442db8c34d4fad76672fe04f94944de3af656d6eb3c4ebe2b244b53088"
"tests\archive\phase13\maintenance\ota_transfer_test.cpp",".cpp","9796","tracked","NO/NOT SHOWN","NO","NO","NO","NO/NOT SHOWN","NO/NOT SHOWN","NO","False","KEEP_DEVELOPMENT","52a06a10d82ccd6f4d45c15604b94f8a83c162bccbf545d259b4be7ec9018896"
"tests\archive\phase13\maintenance\README.md",".md","3282","tracked","NO/NOT SHOWN","NO","NO","NO","NO/NOT SHOWN","NO/NOT SHOWN","NO","False","KEEP_DEVELOPMENT","a983c31d18f262b435eee92ba508c67e91ffadddbb5a0eed70945f1da9603fac"
"tests\archive\phase13\maintenance\restore_coordinator_test.cpp",".cpp","18975","tracked","NO/NOT SHOWN","NO","NO","NO","NO/NOT SHOWN","NO/NOT SHOWN","NO","False","KEEP_DEVELOPMENT","261e417f980b97f61e987da8eaac04b54e402ea6bbed57598a21e8ca707b83f0"
"tests\archive\phase13\maintenance\run_generation_store_tests.py",".py","3831","tracked","NO/NOT SHOWN","NO","NO","NO","NO/NOT SHOWN","NO/NOT SHOWN","NO","False","KEEP_DEVELOPMENT","4f06527c1603f4c1823e2e9fe09b712f9d0c4b9b48478aff0c5e2f69b9b5e97c"
"tests\archive\phase13\maintenance\run_ota_manager_tests.py",".py","5350","tracked","NO/NOT SHOWN","NO","NO","NO","NO/NOT SHOWN","NO/NOT SHOWN","NO","False","KEEP_DEVELOPMENT","4191813ac235362cd373bdb5017139a940d9ce790d566b064e26e1302268b3e8"
"tests\archive\phase13\maintenance\run_ota_tests.py",".py","2913","tracked","NO/NOT SHOWN","NO","NO","NO","NO/NOT SHOWN","NO/NOT SHOWN","NO","False","KEEP_DEVELOPMENT","026172ba67f5a78e3791106079e8643184c694a014a5b5fcd29d9c972aa643a5"
"tests\archive\phase13\maintenance\run_restore_coordinator_tests.py",".py","2937","tracked","NO/NOT SHOWN","NO","NO","NO","NO/NOT SHOWN","NO/NOT SHOWN","NO","False","KEEP_DEVELOPMENT","ec8fe5dd4552992808f482b5c11fba338659fcdcf8cffcd044703952bb573e27"
"tests\archive\phase13\maintenance\run_snapshot_validator_tests.py",".py","4096","tracked","NO/NOT SHOWN","NO","NO","NO","NO/NOT SHOWN","NO/NOT SHOWN","NO","False","KEEP_DEVELOPMENT","b3d1ee5b92c9ff812fb89c1f5f0b8be8b16e25cd1619414174bd0de85d84395f"
"tests\archive\phase13\maintenance\snapshot_validator_test.cpp",".cpp","12287","tracked","NO/NOT SHOWN","NO","NO","NO","NO/NOT SHOWN","NO/NOT SHOWN","NO","False","KEEP_DEVELOPMENT","de2bed80e6eb01021c141690f78a42de3265dff8f19e74b0c04f385b61a57eb3"
"tests\archive\phase13\phase13_ui.test.js",".js","10680","tracked","NO/NOT SHOWN","NO","NO","NO","NO/NOT SHOWN","NO/NOT SHOWN","NO","False","KEEP_DEVELOPMENT","e8639059bd39445e634c8178786cc9d1aa52ca1ec1f093c01fdbe9d1b4d43a10"
"tests\archive\phase13\README.md",".md","610","tracked","NO/NOT SHOWN","NO","NO","NO","NO/NOT SHOWN","NO/NOT SHOWN","NO","False","KEEP_DEVELOPMENT","402f61f8b0cb520ec1972ce4fac1553f1a7fc19250dafbffcd32a1e84bf763fe"
"tests\events\audit_test.cpp",".cpp","4561","tracked","NO/NOT SHOWN","NO","NO","NO","NO/NOT SHOWN","NO/NOT SHOWN","NO","False","KEEP_DEVELOPMENT","5094dee237fec4ba7f6c572f8747a996ea9bac82160efa06eaa1f439362e6c86"
"tests\events\event_log_test.cpp",".cpp","15242","tracked","NO/NOT SHOWN","NO","NO","NO","NO/NOT SHOWN","NO/NOT SHOWN","NO","False","KEEP_DEVELOPMENT","4065ac297a016379ce6084c928074289317a9dc4bb87f007391b08bbe5ab43c3"
"tests\events\installation_metadata_test.cpp",".cpp","1063","tracked","NO/NOT SHOWN","NO","NO","NO","NO/NOT SHOWN","NO/NOT SHOWN","NO","False","KEEP_DEVELOPMENT","51d50827075d66ed287a2d576d434022ab23a2121bf8a4c857ca59d34b8962af"
"tests\events\log_browser_test.js",".js","2099","tracked","NO/NOT SHOWN","NO","NO","NO","NO/NOT SHOWN","NO/NOT SHOWN","NO","False","KEEP_DEVELOPMENT","b67fbe0179c6ad42d97aab7082e3505f86362d8a77682c8fb819aed4238bbade"
"tests\events\mocks\Arduino.h",".h","659","tracked","NO/NOT SHOWN","NO","NO","NO","NO/NOT SHOWN","NO/NOT SHOWN","NO","False","KEEP_DEVELOPMENT","b3b9e0628e1e9b0b864c361dc48d4805c7eb1761076460b5457df2271e4bab6b"
"tests\events\mocks\bootloader_random.h",".h","99","tracked","NO/NOT SHOWN","NO","NO","NO","NO/NOT SHOWN","NO/NOT SHOWN","NO","False","KEEP_DEVELOPMENT","214e5776411d2d1f26006587f7d3b09289e15680e0c71e1366a1cb2af9005313"
"tests\events\mocks\driver\gpio.h",".h","13","tracked","NO/NOT SHOWN","NO","NO","NO","NO/NOT SHOWN","NO/NOT SHOWN","YES (identical SHA-256 elsewhere)","False","KEEP_DEVELOPMENT","b3adf106d95b8934f690943f2921308b90be5b766c4c8ba250c792de56400201"
"tests\events\mocks\esp_system.h",".h","104","tracked","NO/NOT SHOWN","NO","NO","NO","NO/NOT SHOWN","NO/NOT SHOWN","NO","False","KEEP_DEVELOPMENT","25a38fb271a0676ce6407bce6d92709830fff7a5076c5e2b983b6a7dc952f463"
"tests\events\mocks\esp_wifi.h",".h","201","tracked","NO/NOT SHOWN","NO","NO","NO","NO/NOT SHOWN","NO/NOT SHOWN","NO","False","KEEP_DEVELOPMENT","4ee70f4353b1bff01deedf32304143103d53e4ffdc1521c36678e975ab6a3c25"
"tests\events\mocks\Preferences.h",".h","2292","tracked","NO/NOT SHOWN","NO","NO","NO","NO/NOT SHOWN","NO/NOT SHOWN","NO","False","KEEP_DEVELOPMENT","c25336a65f721556163fe06310609bd1d9ce6c0a4fc18bc0935550e70b4c07f9"
"tests\events\mocks\SD.h",".h","4471","tracked","NO/NOT SHOWN","NO","NO","NO","NO/NOT SHOWN","NO/NOT SHOWN","NO","False","KEEP_DEVELOPMENT","247e3fb0392222cac7f1ee2bfd025e1be3f24eed977e5db94243116f76caa7fa"
"tests\events\mocks\WiFi.h",".h","168","tracked","NO/NOT SHOWN","NO","NO","NO","NO/NOT SHOWN","NO/NOT SHOWN","NO","False","KEEP_DEVELOPMENT","fdf7989d0f4eeb32fca7670b978ed87a9d455c367fb4b41d610984ec19679435"
"tests\events\run_event_log_tests.py",".py","3772","tracked","NO/NOT SHOWN","NO","NO","NO","NO/NOT SHOWN","NO/NOT SHOWN","NO","False","KEEP_DEVELOPMENT","3060921b74029b3749f65b746ec340beb39e3ba674381bec4f7c03a735e54c77"
"tests\http_deadline\Arduino.h",".h","77","tracked","NO/NOT SHOWN","NO","NO","NO","NO/NOT SHOWN","NO/NOT SHOWN","NO","False","KEEP_DEVELOPMENT","d23b7430ff76b1b180c2da09ef9926f5b9b8943b8c8ab5fb85946e56855801ff"
"tests\http_deadline\request_deadline_test.cpp",".cpp","2748","tracked","NO/NOT SHOWN","NO","NO","NO","NO/NOT SHOWN","NO/NOT SHOWN","NO","False","KEEP_DEVELOPMENT","342db3786ac904f5ef28700153e68e013d590a93ebf8e6b16f68f2e5e1e2dfa5"
"tests\http_deadline\run_http_deadline_tests.py",".py","2686","tracked","NO/NOT SHOWN","NO","NO","NO","NO/NOT SHOWN","NO/NOT SHOWN","NO","False","KEEP_DEVELOPMENT","be187d3aecb413a9048fa60bf82b8ad1a73d7c3241bd2f64723b35cb2e5ac7df"
"tests\identity\__pycache__\run_identity_tests.cpython-314.pyc",".pyc","9406","untracked","NO/NOT SHOWN","NO","NO","NO","YES/LIKELY","NO/NOT SHOWN","NO","False","DELETE_GENERATED","8680c3cf6a9c7188487ec5bc8f0376b223c25d6292e8f7b6b5e748c668861a2c"
"tests\identity\access_attribution_test.cpp",".cpp","2961","tracked","NO/NOT SHOWN","NO","NO","NO","NO/NOT SHOWN","NO/NOT SHOWN","NO","False","KEEP_DEVELOPMENT","55448973c88898153eba481acfc295daf6a90753ea8434b99e585c1d8c0ded4a"
"tests\identity\browser_identity.test.js",".js","9345","tracked","NO/NOT SHOWN","NO","NO","NO","NO/NOT SHOWN","NO/NOT SHOWN","NO","False","KEEP_DEVELOPMENT","ba23bb53bcdd6ac97bc4abab42b300d82e0dcbc8375968245007c7146999dfe7"
"tests\identity\cleanup_smoke.cpp",".cpp","4959","tracked","NO/NOT SHOWN","NO","NO","NO","NO/NOT SHOWN","NO/NOT SHOWN","NO","False","KEEP_DEVELOPMENT","7ef1b55b4c707559be0f3e8ce588dd8bb5b78b51684437b00bdfb8e537466919"
"tests\identity\identity_store_test.cpp",".cpp","13254","tracked","NO/NOT SHOWN","NO","NO","NO","NO/NOT SHOWN","NO/NOT SHOWN","NO","False","KEEP_DEVELOPMENT","ca428a6db1c65a595faed6ca097b30f9d3dc7a6966f113f743e0e4bd567a018a"
"tests\identity\identity_test_fakes.cpp",".cpp","3590","tracked","NO/NOT SHOWN","NO","NO","NO","NO/NOT SHOWN","NO/NOT SHOWN","NO","False","KEEP_DEVELOPMENT","7f9010885f0eb02ad2c2fe0f60e3ace6c42959705c0ed3a393dfe8520b151d28"
"tests\identity\identity_test_support.h",".h","1945","tracked","NO/NOT SHOWN","NO","NO","NO","NO/NOT SHOWN","NO/NOT SHOWN","NO","False","KEEP_DEVELOPMENT","d31256431ca63591286e2223de08c2553f7159dfc65e728e144e5e012a11a2ab"
"tests\identity\management_auth_expiry_test.cpp",".cpp","4528","tracked","NO/NOT SHOWN","NO","NO","NO","NO/NOT SHOWN","NO/NOT SHOWN","NO","False","KEEP_DEVELOPMENT","696b73816b32159fdbfc7753e23903f1dac602eabd76731c79a793485685b70b"
"tests\identity\mocks\Arduino.h",".h","831","tracked","NO/NOT SHOWN","NO","NO","NO","NO/NOT SHOWN","NO/NOT SHOWN","NO","False","KEEP_DEVELOPMENT","251695bf031695b78cddac86d23bd032231db8e74af01a1b2c32940f858dc7ac"
"tests\identity\mocks\bootloader_random.h",".h","153","tracked","NO/NOT SHOWN","NO","NO","NO","NO/NOT SHOWN","NO/NOT SHOWN","NO","False","KEEP_DEVELOPMENT","b41826bdc113ac34b5c4d8c8352f6fb70ab3ec21f17580cee6a66f8c339ff180"
"tests\identity\mocks\esp_system.h",".h","89","tracked","NO/NOT SHOWN","NO","NO","NO","NO/NOT SHOWN","NO/NOT SHOWN","NO","False","KEEP_DEVELOPMENT","5061c0284c937d3a9ed147ba76e5863714cc457d012bfa9895183749420cbb6f"
"tests\identity\mocks\esp_wifi.h",".h","178","tracked","NO/NOT SHOWN","NO","NO","NO","NO/NOT SHOWN","NO/NOT SHOWN","NO","False","KEEP_DEVELOPMENT","d7995581256172aec7e4b57b8bbb5ebbb4971a07691fa5f515f2128187618ad6"
"tests\identity\mocks\SD.h",".h","3733","tracked","NO/NOT SHOWN","NO","NO","NO","NO/NOT SHOWN","NO/NOT SHOWN","NO","False","KEEP_DEVELOPMENT","f22365124bf4d0cb53958fba5821850e163c8bba4bb125b020b8bfe6a17d638b"
"tests\identity\run_identity_tests.py",".py","5079","tracked","NO/NOT SHOWN","NO","NO","NO","NO/NOT SHOWN","NO/NOT SHOWN","NO","False","KEEP_DEVELOPMENT","8a71b8855e9aa834c474a86b4fdff174dbc94e092455b286269918579daf92c7"
"tests\identity\session_display_test.cpp",".cpp","872","tracked","NO/NOT SHOWN","NO","NO","NO","NO/NOT SHOWN","NO/NOT SHOWN","NO","False","KEEP_DEVELOPMENT","24363f91bb338c4e5a131e81493b2709c0003d5fd76cef246fb3008054359dd1"
"tests\identity\session_display_test_support.h",".h","847","tracked","NO/NOT SHOWN","NO","NO","NO","NO/NOT SHOWN","NO/NOT SHOWN","NO","False","KEEP_DEVELOPMENT","5f46e34870de487a12522a9272c5f9b2f522a4d878c496dfb36da46548d92da0"
"tests\identity\stale_enrollment.test.js",".js","3787","tracked","NO/NOT SHOWN","NO","NO","NO","NO/NOT SHOWN","NO/NOT SHOWN","NO","False","KEEP_DEVELOPMENT","aff0464cbe6b632f88c8c1e3284aeedd356c0bbea6dcef05f01b6d70a5970c3c"
"tests\line\__pycache__\run_line_tests.cpython-314.pyc",".pyc","5115","untracked","NO/NOT SHOWN","NO","NO","NO","YES/LIKELY","NO/NOT SHOWN","NO","False","DELETE_GENERATED","28fb18620d2268f46565e4c2ea7be236ee27c3e283d8a0c98e274b3903add258"
"tests\line\fakes\Arduino.h",".h","1076","tracked","NO/NOT SHOWN","NO","NO","NO","NO/NOT SHOWN","NO/NOT SHOWN","NO","False","KEEP_DEVELOPMENT","c3d2b508e3e438dca4dbd4628d653241613e0582188d5b3f7b68af9e28513df1"
"tests\line\fakes\esp_heap_caps.h",".h","277","tracked","NO/NOT SHOWN","NO","NO","NO","NO/NOT SHOWN","POSSIBLE - REVIEW","NO","False","KEEP_DEVELOPMENT","f3e776db80d0c40d4be5b0952d30d1d25fdfaae72019235507d2835b12655efe"
"tests\line\fakes\esp_system.h",".h","56","tracked","NO/NOT SHOWN","NO","NO","NO","NO/NOT SHOWN","NO/NOT SHOWN","NO","False","KEEP_DEVELOPMENT","daa615d1917ff878c1b2b450654636848907b10a236ce9c98ba9c3dff30bf907"
"tests\line\fakes\Preferences.h",".h","500","tracked","NO/NOT SHOWN","NO","NO","NO","NO/NOT SHOWN","NO/NOT SHOWN","NO","False","KEEP_DEVELOPMENT","ca31e7216c25e5d157e04e3a0968c763237e01f88ca0650a2da2d9e0f1490274"
"tests\line\fakes\strings.h",".h","63","tracked","NO/NOT SHOWN","NO","NO","NO","NO/NOT SHOWN","NO/NOT SHOWN","NO","False","KEEP_DEVELOPMENT","025043734ca3608aa0fddc3f0cf865f1e2c44c83335ee23ea79d1eb97fb12c2a"
"tests\line\fakes\WiFi.h",".h","13","tracked","NO/NOT SHOWN","NO","NO","NO","NO/NOT SHOWN","NO/NOT SHOWN","YES (identical SHA-256 elsewhere)","False","KEEP_DEVELOPMENT","b3adf106d95b8934f690943f2921308b90be5b766c4c8ba250c792de56400201"
"tests\line\fakes\WiFiClientSecure.h",".h","612","tracked","NO/NOT SHOWN","NO","NO","NO","NO/NOT SHOWN","NO/NOT SHOWN","NO","False","KEEP_DEVELOPMENT","d485f9e68dc324f9367c54846a7f3f8631591040254af00df600292f71affd4d"
"tests\line\line_notifications_host.cpp",".cpp","13603","tracked","NO/NOT SHOWN","NO","NO","NO","NO/NOT SHOWN","NO/NOT SHOWN","NO","False","KEEP_DEVELOPMENT","8c8bfb3a2a24fe2700bb2ad87f6ef87f16c4011c78e307bc5217bec9b3661a87"
"tests\line\run_line_tests.py",".py","2599","tracked","NO/NOT SHOWN","NO","NO","NO","NO/NOT SHOWN","NO/NOT SHOWN","NO","False","KEEP_DEVELOPMENT","7306b6219d1825f838a81f1b505d4d25ccc1c9977c89b1082f1655f3cfea2229"
"tests\network\__pycache__\run_network_manager_tests.cpython-314.pyc",".pyc","6529","untracked","NO/NOT SHOWN","NO","NO","NO","YES/LIKELY","NO/NOT SHOWN","NO","False","DELETE_GENERATED","ebc45b361dfffd3c5489682247c41437b7ddad4a88a8c87cf30ad45098ca3141"
"tests\network\canonical_origin_browser_test.py",".py","4335","tracked","NO/NOT SHOWN","NO","NO","NO","NO/NOT SHOWN","NO/NOT SHOWN","NO","False","KEEP_DEVELOPMENT","54fd72200bb72c78471389bf9d50061ea302069b74782835ff5c65f76f72d08a"
"tests\network\canonical_origin_mocks\Arduino.h",".h","220","tracked","NO/NOT SHOWN","NO","NO","NO","NO/NOT SHOWN","NO/NOT SHOWN","NO","False","KEEP_DEVELOPMENT","a6a9acdacaa069da6dd1328aa13b0dfdee2a63834223585e500ad2426179dac1"
"tests\network\canonical_origin_mocks\ESPmDNS.h",".h","280","tracked","NO/NOT SHOWN","NO","NO","NO","NO/NOT SHOWN","NO/NOT SHOWN","NO","False","KEEP_DEVELOPMENT","1797fe39966fedea9e5fac9625b1b3f581cc879a0297795d353f9130d3d4c43f"
"tests\network\canonical_origin_mocks\IPAddress.h",".h","381","tracked","NO/NOT SHOWN","NO","NO","NO","NO/NOT SHOWN","NO/NOT SHOWN","NO","False","KEEP_DEVELOPMENT","3664f35399446d352a833f8900363ae5ea6e2de7e58924fb6e5b95e0bc67328b"
"tests\network\canonical_origin_test.cpp",".cpp","5061","tracked","NO/NOT SHOWN","NO","NO","NO","NO/NOT SHOWN","NO/NOT SHOWN","NO","False","KEEP_DEVELOPMENT","da6527836197338ff369fcc3488e4656e0249ef0303bcb1aecd28f8ae89cbaa0"
"tests\network\mocks\Arduino.h",".h","659","tracked","NO/NOT SHOWN","NO","NO","NO","NO/NOT SHOWN","NO/NOT SHOWN","NO","False","KEEP_DEVELOPMENT","ff74384ed49958b0bfb4391f3ac11cc93743ed662b5fe17e351e27b59cdee406"
"tests\network\mocks\IPAddress.h",".h","698","tracked","NO/NOT SHOWN","NO","NO","NO","NO/NOT SHOWN","NO/NOT SHOWN","NO","False","KEEP_DEVELOPMENT","85d6673151fbb7076397a990975529509d4c3b921cb63c6ac44314e5c592ebd9"
"tests\network\mocks\Preferences.h",".h","36","tracked","NO/NOT SHOWN","NO","NO","NO","NO/NOT SHOWN","NO/NOT SHOWN","NO","False","KEEP_DEVELOPMENT","32f8837693c6ee7bc06c4a9a4d33dc760257691ba88308e0300643bd485ae23b"
"tests\network\mocks\WiFi.h",".h","2509","tracked","NO/NOT SHOWN","NO","NO","NO","NO/NOT SHOWN","NO/NOT SHOWN","NO","False","KEEP_DEVELOPMENT","366cfb09de0effaa04e66c2231e9a0d00451b1516bc24ef52ac319107fdcf535"
"tests\network\network_manager_test.cpp",".cpp","17991","tracked","NO/NOT SHOWN","NO","NO","NO","NO/NOT SHOWN","NO/NOT SHOWN","NO","False","KEEP_DEVELOPMENT","b8ea94acf27d3c2421498a09b88d5e39fdef69026371db2bca31c342dc95ed32"
"tests\network\network_manager_test_fakes.cpp",".cpp","2205","tracked","NO/NOT SHOWN","NO","NO","NO","NO/NOT SHOWN","NO/NOT SHOWN","NO","False","KEEP_DEVELOPMENT","a5bfb3aff0c625178c612eedd8f3210f6c927d9b2eebdaec71184a902771aa0f"
"tests\network\network_manager_test_support.h",".h","301","tracked","NO/NOT SHOWN","NO","NO","NO","NO/NOT SHOWN","NO/NOT SHOWN","NO","False","KEEP_DEVELOPMENT","0ed1fa60f589e9e4f0dd10d7c79aa064b419efb6c48810afa6021f29276175db"
"tests\network\README.md",".md","1758","tracked","NO/NOT SHOWN","NO","NO","NO","NO/NOT SHOWN","NO/NOT SHOWN","NO","False","KEEP_DEVELOPMENT","0bd1efcb1b4fea1a6164c3ce350bc365615c33b7e89fb5aba59495ef44ad702b"
"tests\network\run_canonical_origin_tests.py",".py","3749","tracked","NO/NOT SHOWN","NO","NO","NO","NO/NOT SHOWN","NO/NOT SHOWN","NO","False","KEEP_DEVELOPMENT","5b6c0cfef584ea61a4b6337d89a2d2e12f6797c612ad840fa1b8352bad21ae67"
"tests\network\run_network_manager_tests.py",".py","4240","tracked","NO/NOT SHOWN","NO","NO","NO","NO/NOT SHOWN","NO/NOT SHOWN","NO","False","KEEP_DEVELOPMENT","7f3f60d8dc69bb69dedaa5a65aa463d94a60175ff546c36abd2d12935205aa70"
"tests\phone2\enroll_browser_test.js",".js","3404","tracked","NO/NOT SHOWN","NO","NO","NO","NO/NOT SHOWN","NO/NOT SHOWN","NO","False","KEEP_DEVELOPMENT","0f168924f74dd15dc183edacca6a2350011c70dda9ffd9df0acf689e874d35ce"
"tests\phone2\mocks\Arduino.h",".h","772","tracked","NO/NOT SHOWN","NO","NO","NO","NO/NOT SHOWN","NO/NOT SHOWN","NO","False","KEEP_DEVELOPMENT","957615955aafe61532d6ea9128106cdba9614daaf8564d8c8d934cc30e2d8440"
"tests\phone2\phone2_test.cpp",".cpp","19656","tracked","NO/NOT SHOWN","NO","NO","NO","NO/NOT SHOWN","NO/NOT SHOWN","NO","False","KEEP_DEVELOPMENT","7d82e3ec589afa3dbdd4948dd9c02d1e80edef98eeadd5363f748491ebb479c1"
"tests\phone2\phone2_test_base.h",".h","150","tracked","NO/NOT SHOWN","NO","NO","NO","NO/NOT SHOWN","NO/NOT SHOWN","NO","False","KEEP_DEVELOPMENT","af2990cbe9044867530b3e14fc704b17a65b78c6043cffd46c14ba1afeac6011"
"tests\phone2\phone2_test_fakes.cpp",".cpp","5022","tracked","NO/NOT SHOWN","NO","NO","NO","NO/NOT SHOWN","NO/NOT SHOWN","NO","False","KEEP_DEVELOPMENT","27edc3b57c02edd9f48c3b3e831c25fdaa87f9ee9ea5799bba8c270df02eae87"
"tests\phone2\phone2_test_support.h",".h","2604","tracked","NO/NOT SHOWN","NO","NO","NO","NO/NOT SHOWN","NO/NOT SHOWN","NO","False","KEEP_DEVELOPMENT","71eba24bee7c1028741a57efb249a2f058c5cca12f3541d696234482238141b9"
"tests\phone2\README.md",".md","1990","tracked","NO/NOT SHOWN","NO","NO","NO","NO/NOT SHOWN","NO/NOT SHOWN","NO","False","KEEP_DEVELOPMENT","4f39fdaf06e14b0aca197ad8064c03ca40f18335750a4f075f7316947d13c04e"
"tests\phone2\run_phone2_tests.py",".py","4737","tracked","NO/NOT SHOWN","NO","NO","NO","NO/NOT SHOWN","NO/NOT SHOWN","NO","False","KEEP_DEVELOPMENT","da1fa57367051cc867be0bd10a2e56162354262aa41725702a8cb482f1636ffa"
"tests\registration\__pycache__\run_registration_tests.cpython-314.pyc",".pyc","7503","untracked","NO/NOT SHOWN","NO","NO","NO","YES/LIKELY","NO/NOT SHOWN","NO","False","DELETE_GENERATED","8cc5f3ded602d85cf0797d3305a9b9a2ed01169c70f3db75162738c5e3faf631"
"tests\registration\authstore_lookup_test.cpp",".cpp","3561","tracked","NO/NOT SHOWN","NO","NO","NO","NO/NOT SHOWN","NO/NOT SHOWN","NO","False","KEEP_DEVELOPMENT","3c9483debe931347f69d242a600dd862b75836566b2cedeeb9b87f1a36a2d03b"
"tests\registration\authstore_test_support.h",".h","166","tracked","NO/NOT SHOWN","NO","NO","NO","NO/NOT SHOWN","NO/NOT SHOWN","NO","False","KEEP_DEVELOPMENT","adb8ab009a9a623a9c44ff07155e69829ef430a40d3251ce79986056344cf2ba"
"tests\registration\mocks\Arduino.h",".h","53","tracked","NO/NOT SHOWN","NO","NO","NO","NO/NOT SHOWN","NO/NOT SHOWN","NO","False","KEEP_DEVELOPMENT","a139b078fe622204c87ff232851eb5f125486504191112b226166ebfda0b90a8"
"tests\registration\mocks\esp_system.h",".h","192","tracked","NO/NOT SHOWN","NO","NO","NO","NO/NOT SHOWN","NO/NOT SHOWN","NO","False","KEEP_DEVELOPMENT","94e067d6095e146c088c8f561af89b2bb5aeb76133698076678bdd0d95ebcabf"
"tests\registration\mocks\esp_wifi.h",".h","255","tracked","NO/NOT SHOWN","NO","NO","NO","NO/NOT SHOWN","NO/NOT SHOWN","NO","False","KEEP_DEVELOPMENT","4677bd85d9c2ae2888fa48dbfc3ce4e3b8237cf6a8eac468eaa0cc33b5ee32e3"
"tests\registration\mocks\mbedtls\sha256.h",".h","180","tracked","NO/NOT SHOWN","NO","NO","NO","NO/NOT SHOWN","NO/NOT SHOWN","NO","False","KEEP_DEVELOPMENT","4805222ec277ee35008d61d4b945f0b2ac38e7608e2eac864e4caf00e6014d69"
"tests\registration\registration_browser_test.js",".js","18126","tracked","NO/NOT SHOWN","NO","NO","NO","NO/NOT SHOWN","NO/NOT SHOWN","NO","False","KEEP_DEVELOPMENT","40b9b8bb6b737346783ea71cee8cad04470f0d8c1785fec083ae27ef6be46db8"
"tests\registration\registration_recovery_test.cpp",".cpp","2818","tracked","NO/NOT SHOWN","NO","NO","NO","NO/NOT SHOWN","NO/NOT SHOWN","NO","False","KEEP_DEVELOPMENT","85646f387ecbc7cd1bdf5b2a3c0289ed52919a343644257cfabeda082deb6eda"
"tests\registration\run_registration_tests.py",".py","4027","tracked","NO/NOT SHOWN","NO","NO","NO","NO/NOT SHOWN","NO/NOT SHOWN","NO","False","KEEP_DEVELOPMENT","d13fe7d4813bd961cd1b884400cf4cb35b33a06be58ca6aeb8e297e3975c0f00"
"tests\registration\session_display_test.js",".js","3324","tracked","NO/NOT SHOWN","NO","NO","NO","NO/NOT SHOWN","NO/NOT SHOWN","NO","False","KEEP_DEVELOPMENT","6366a9ccc54ce536afa113461f3825a2b57b9c9529635fb68f9822e35ed50fe3"
"tests\run_defect_fix_regression.py",".py","2315","tracked","NO/NOT SHOWN","NO","NO","NO","NO/NOT SHOWN","NO/NOT SHOWN","NO","False","KEEP_DEVELOPMENT","d5ae46a7c810ab71d2634de3f3f7139ff4827f1e74d4b326af8f43244c9298a8"
"tests\security\__pycache__\run_security_policy_tests.cpython-314.pyc",".pyc","8200","untracked","NO/NOT SHOWN","NO","NO","NO","YES/LIKELY","NO/NOT SHOWN","NO","False","DELETE_GENERATED","e5849547edc623e8b0a1e3557fe6e241593b87399875d4349acd9f110c12621c"
"tests\security\live_http_negative.py",".py","2225","tracked","NO/NOT SHOWN","NO","NO","NO","NO/NOT SHOWN","NO/NOT SHOWN","NO","False","KEEP_DEVELOPMENT","1c28e8b54a052dceb6cb8a89e983b39c61410380473eb7835dfb8721e27af5ea"
"tests\security\README.md",".md","1659","tracked","NO/NOT SHOWN","NO","NO","NO","NO/NOT SHOWN","NO/NOT SHOWN","NO","False","KEEP_DEVELOPMENT","14a97d1b5daa50e2fc67583138458630d0a3fa624486d7569984fc0aece6aa57"
"tests\security\request_policy_test.cpp",".cpp","3530","tracked","NO/NOT SHOWN","NO","NO","NO","NO/NOT SHOWN","NO/NOT SHOWN","NO","False","KEEP_DEVELOPMENT","10c2afca1cd3e61f19b332f59b02dc91f618a5b0c53f87f774c90bf3d9aa70aa"
"tests\security\run_security_policy_tests.py",".py","5587","tracked","NO/NOT SHOWN","NO","NO","NO","NO/NOT SHOWN","NO/NOT SHOWN","NO","False","KEEP_DEVELOPMENT","99594d3d6d14a511446b4a3e3524be732eb0aec5ce71cfbf6acb1cdcc331a474"
"tests\touch\mocks\TFT_eSPI.h",".h","163","tracked","NO/NOT SHOWN","NO","NO","NO","NO/NOT SHOWN","NO/NOT SHOWN","NO","False","KEEP_DEVELOPMENT","82b81cdc8ceb6bda3f1a4ff0620a19c04703e91034e1f894346f6067a58bc846"
"tests\touch\run_touch_state_tests.py",".py","1220","tracked","NO/NOT SHOWN","NO","NO","NO","NO/NOT SHOWN","NO/NOT SHOWN","NO","False","KEEP_DEVELOPMENT","fde0c3263750dfb91ee32fba1ba9f2260c98e95fdd797076c601e1571637342c"
"tests\touch\touch_state_test.cpp",".cpp","2137","tracked","NO/NOT SHOWN","NO","NO","NO","NO/NOT SHOWN","NO/NOT SHOWN","NO","False","KEEP_DEVELOPMENT","9b28575814a62f186de73cc3b53f4ebfc9541365510cc8a0d05feb3d30041c66"
"tools\__pycache__\gen_local_fallback_bitmaps.cpython-314.pyc",".pyc","1488","untracked","NO/NOT SHOWN","NO","NO","NO","YES/LIKELY","NO/NOT SHOWN","NO","False","DELETE_GENERATED","0fe48940359deddd901abe737dc82793e3c2a05ebe7789baa2ec852ac68b0b85"
"tools\__pycache__\gen_thai_reset_bitmaps.cpython-314.pyc",".pyc","4608","untracked","NO/NOT SHOWN","NO","NO","NO","YES/LIKELY","NO/NOT SHOWN","NO","False","DELETE_GENERATED","5a92793882842f954157e0d9c93ea562d45b510d2bc1c63a674387924595d54c"
"tools\canonical_recurrence\capture_mdns_admin.ps1",".ps1","11821","untracked","NO/NOT SHOWN","NO","NO","NO","NO/NOT SHOWN","POSSIBLE - REVIEW","NO","False","REVIEW_REQUIRED","5a31128480380b53611f3c6c45a155c1a1595ab4b29ca68eb9e1ad47d965677f"
"tools\gen_admin_bitmaps.py",".py","1582","tracked","NO/NOT SHOWN","NO","NO","NO","NO/NOT SHOWN","NO/NOT SHOWN","NO","False","REVIEW_REQUIRED","59bd247c99cd275ad25ae376bdd9523fe029dcdde92a7ae17a3bb7fe0a027a28"
"tools\gen_local_fallback_bitmaps.py",".py","1191","tracked","NO/NOT SHOWN","NO","NO","NO","NO/NOT SHOWN","NO/NOT SHOWN","NO","False","REVIEW_REQUIRED","478d1bd3ecd69d72fdc09936db8bf96d0e5bd6141e0962b512ef4f823f5564d3"
"tools\gen_thai_reset_bitmaps.py",".py","2240","tracked","NO/NOT SHOWN","NO","NO","NO","NO/NOT SHOWN","NO/NOT SHOWN","NO","False","REVIEW_REQUIRED","2eeea500de33dac626dea398440a234f3110ffc468b7892443568100d3f70f9d"
