"Path","Bytes","SHA256","Category"
".gitignore","25","D56F41086AD696299617BA450D538BFBCA74AE2C8198F57C6FAA182C437B8AC1",".gitignore"
"platformio.ini","561","A08EE1CCBFF93D4AF497A0F8FCE59A02EDBC6D0C6B426925383674B283020DEE","platformio.ini"
"README.md","1248","AF2929E17AD449E254D82605A68F79AB220565D9DACE170D11AF60FB4DC5133C","README.md"
".git\COMMIT_EDITMSG","60","87F2294D4FB6CAFE383CA28000AF2328D4B8C8C06B3DFD2DC1B1CA1BC248AC0F",".git"
".git\config","130","05BECDB83BB897F6103C8D91439E2E9092144EDF5B3955A746FCE4975C12BFDC",".git"
".git\description","73","85AB6C163D43A17EA9CF7788308BCA1466F1B0A8D1CC92E26E9BF63DA4062AEE",".git"
".git\HEAD","23","F6F2B945F6C411B02BA3DA9C7ACE88DCF71B6AF65BA2E0D89AA82900042B5A10",".git"
".git\index","58833","1B9126755401F25D73606B6ECFD63F08190DB98F858BECE14B3F104AB5FB8179",".git"
".git\hooks\applypatch-msg.sample","478","0223497A0B8B033AA58A3A521B8629869386CF7AB0E2F101963D328AA62193F7",".git"
".git\hooks\commit-msg.sample","896","1F74D5E9292979B573EBD59741D46CB93FF391ACDD083D340B94370753D92437",".git"
".git\hooks\fsmonitor-watchman.sample","4726","E0549964E93897B519BD8E333C037E51FFF0F88BA13E086A331592BF801FA1D0",".git"
".git\hooks\post-update.sample","189","81765AF2DAEF323061DCBC5E61FC16481CB74B3BAC9AD8A174B186523586F6C5",".git"
".git\hooks\pre-applypatch.sample","424","E15C5B469EA3E0A695BEA6F2C82BCF8E62821074939DDD85B77E0007FF165475",".git"
".git\hooks\pre-commit.sample","1649","57185B7B9F05239D7AB52DB045F5B89EB31348D7B2177EAB214F5EB872E1971B",".git"
".git\hooks\pre-merge-commit.sample","416","D3825A70337940EBBD0A5C072984E13245920CDF8898BD225C8D27A6DFC9CB53",".git"
".git\hooks\pre-push.sample","1374","ECCE9C7E04D3F5DD9D8ADA81753DD1D549A9634B26770042B58DDA00217D086A",".git"
".git\hooks\pre-rebase.sample","4898","4FEBCE867790052338076F4E66CC47EFB14879D18097D1D61C8261859EAAA7B3",".git"
".git\hooks\pre-receive.sample","544","A4C3D2B9C7BB3FD8D1441C31BD4EE71A595D66B44FCF49DDB310252320169989",".git"
".git\hooks\prepare-commit-msg.sample","1492","E9DDCAA4189FDDD25ED97FC8C789ECA7B6CA16390B2392AE3276F0C8E1AA4619",".git"
".git\hooks\push-to-checkout.sample","2783","A53D0741798B287C6DD7AFA64AEE473F305E65D3F49463BB9D7408EC3B12BF5F",".git"
".git\hooks\sendemail-validate.sample","2308","44EBFC923DC5466BC009602F0ECF067B9C65459ABFE8868DDC49B78E6CED7A92",".git"
".git\hooks\update.sample","3650","8D5F2FA83E103CF08B57EAA67521DF9194F45CBDBCB37DA52AD586097A14D106",".git"
".git\info\exclude","240","6671FE83B7A07C8932EE89164D1F2793B2318058EB8B98DC5C06EE0A5A3B0EC1",".git"
".git\logs\HEAD","12319","DB097E87EF33ED56825977B77FDF2593BEF2F014EFB4824D3721922DD3CF63FC",".git"
".git\logs\refs\heads\master","12319","DB097E87EF33ED56825977B77FDF2593BEF2F014EFB4824D3721922DD3CF63FC",".git"
".git\objects\00\011baf834acbaaaf9ef418fdb1599359cce87b","693","4E213EE10693DC00405E06FD1D3E74C39EC51B12F444875D5423130CE782036D",".git"
".git\objects\00\1e9e4fe3bfa39044de9ed6a5a6dd3947459f9c","371","0C5CCCE5B59641E48DD91E3C1031A566565223845060C627FCE580FBEDABBBAD",".git"
".git\objects\00\20af29fbb9cc1c8b11f90f389f6f4980532dcc","51","3E53BE7E86ABA07F390D6944088B77B5609A51FFC5D84692CC477AA628F60287",".git"
".git\objects\00\322b85e8511d71253567c80d2cd1e7ca009782","200","EDE07109B63BBDAA3CF802AF795F4DE8939830E5559B3E15611737DC4CC575C3",".git"
".git\objects\00\3834399a01cc5baa0b71d61b76365cfb8fcd7e","139","7448E1869CAD638B4D7822451CA1F47999325DB898AC90B766D736388920512A",".git"
".git\objects\00\3cfcabdf00f7d3be5e005ba74498f1f26550b7","82","7DEF5827B254BF487D3ABFADADBC1E07686F150DBD428CC5BB6216EBBACDBB7B",".git"
".git\objects\00\418c25c1a35669f79b7ef481539470623e7e05","1421","E69337931E4D023E5F590E015B93F4A47D31C85A3B231AF198FD581799F69BFE",".git"
".git\objects\00\67ac9a4a0719ed1a05af3ca6ab7330f90d3b23","228","95CEA9EEBAA9A9E6FA4928D488B38C3F933A7BF1641F773546837FBC2FA20829",".git"
".git\objects\00\c0d937f836c98ebbaf36e3b9f5ccf4b60a94f6","321","A08A127DA867CF95A4A222DF32D9E6267F5B54723A701780794B73DED7012DDB",".git"
".git\objects\01\2cd5b6c357470d0bf01e47d8527d9fd169239e","56","C45FFEDEA1C4CB106B1182F13D96E40F2F8A463C2E70D5F6A44AA1C106997532",".git"
".git\objects\01\69bc6c0e878c85cb84f276e37aa6e4dfdf0228","592","25CDD24E08CF58BA102BFDE155B5CB172AF27F2C34364B1CB02B1BD2B5FDF2D6",".git"
".git\objects\01\a5d5484ed0c279617c4a6ccbb14a435cd4fa4c","546","50FB573E260FAD99D7F3BF29AC0ACA7768AA3A363B1FF7700787F4F2F718105F",".git"
".git\objects\01\c2378cfc308fe7c4e9815d09fb040a4d8149d4","6180","06175CACC51BD6F32F979830BBFC6E0D547D6F050752A3531EDC18015DD1FE7B",".git"
".git\objects\01\c7dbc87710cc5e01d2fa9d90c807f47729eda2","5240","471BDDB0B416C119863168313FF75CFA560B5EDBDAC3AABE9D251AB5131FBCA0",".git"
".git\objects\02\33be0777f16e4993505a21f8c599f3e7c4f1ed","552","03BC8C6594C85CC9BAA13338540D9D084E90248D29847E53BC2252B43BC85B6E",".git"
".git\objects\02\4cccfb181b4fd04b05f7a9a16f00b01aa96011","6796","66FE13920FF3FE5CCFE1442D96BA23DAAEE475D6D5BD01B85DE88CE56D8A3370",".git"
".git\objects\02\62005e2e5cf9aca5ccb743b66d90eb25162f1a","371","D8C7BD1973E33DFDD817EB85041FBB2976FF1DA80854396043352240597FB6D1",".git"
".git\objects\02\8f1dc85d9696a46e01ab1fc0f5ac6c4248d4d0","59","DC426140F843CBA32801CAB24E919B864FC5C90E999E3DCA5A02313FACEE5D53",".git"
".git\objects\02\a48d2eefc29c413387e79abf16834c40422857","212","FAD897EC8D8925726736C6ED9CA09CEF5DBA851EB7039E02B129A606A0A01054",".git"
".git\objects\02\f72c4d064f59e5c00da4ec3a0e939586b655e6","5012","3E037B6687C18CD6B21B33C281660EF1E569144865467574233FE9254C8D1D85",".git"
".git\objects\03\704023c5957e13dd04625c25371d07962b7d9d","1106","28B2436B946D92C5624F033D32D1553DFA52B7ABF616E35BE0AA2F756115A2BF",".git"
".git\objects\03\84972d14db99e97d3dd10e22804a384aa6c9f9","1380","58B8749225FB19DD548732E95D1044AB7945B0730F8F8F7EFFC8F294DBBCCBB7",".git"
".git\objects\03\85813f0c0be9f9cb6b1b693583728a85f5bb93","277","9C373FA1A479688F14D8FD89D5D5C0A0AE0C24AF841EC18FF6627169612C21C2",".git"
".git\objects\03\87abc27d15c2565a4290b426e06d0f47650105","1912","B6D2C69A47FAD97BA8404DA51E3D12A68095244A5F3EAD75C0C1E1435C03F32A",".git"
".git\objects\03\c8a7e0973d2054aca8932d3247648eb3e1d07a","27874","1DF047CA0CCF3DB779DC567349167645CFCC784DD1C57468EBF0B1AF8E68F1B1",".git"
".git\objects\03\cc5b6982e63ed6123469404527047026dadf3b","553","4F05EF7C4779503C29E82536F8852ECB92C6CDC277B81EB1F6CE9B13670AD87C",".git"
".git\objects\03\d5a40449aef07ab7bb9750c9f811762c845bac","1328","91992DB56ED7EF4711176D50178A3FD27A5339D58C8DE46EA135FC7DBB82F55E",".git"
".git\objects\04\195ff7afd1044e28c352dee745da871f1efe6e","1533","1E691B8E5A8A8D7A3EFEF2ACDF1840087B59C8BE99750BA47A633CE96AD101E2",".git"
".git\objects\04\2649033719d7aa2d1fe9e5d73dc1d4fe08881c","298","0EAE19296FFD83B1F731801F4B608F34A71B4ACC0A8CAE2C1448A11C28E0C802",".git"
".git\objects\04\319fe7ba7a7cd1210b70614b79af49aa2a86c4","1135","DFD20BDA4DF5CC76A273339B2A17D871D210274C9E9D6D49CDF69F71E730EEC0",".git"
".git\objects\04\5834f1a4f58579ca6cd4ed1ff655b04ed379a8","574","623F2E6D3B8F44C27F42BF0ABD99325E3E275D8A706417D61AEC58E167CD4461",".git"
".git\objects\04\740e76512d06e282569cfe26157b1f2884b316","203","12EB9D1D697F968D086A7173FE79776915BBE065DC4AE2A466930F782730FAD1",".git"
".git\objects\04\b2a9a697227d54f97574d295dbe633ec07ab76","828","A9EC3CDECA42BFF1E84FEB219EC04AA955B2323EEFCE3B9204912AF8CEB21186",".git"
".git\objects\04\ecd6fc628714e0288b1a5967b939b08c4cb351","3220","91A9474411CCD36C0F8B90EA03CB5B5B99C28AC2624DD06F8F0E5CC4280933EA",".git"
".git\objects\05\02fe7bcaef56c6d66f153f633f0f62e314e60f","1271","730BF52CF62DC751C48A146E733482542E3F73C455CC38587CD007DB13CFCD73",".git"
".git\objects\05\120b34eef6862bafd27efc4a60d1168406e328","3095","32608D657ED491D368B58AC9937DEAC065D506FC7FE115437F2566F538154995",".git"
".git\objects\05\157a29b4f83d7de7604af9ae878a5b8bea8c6f","1543","9D4690FC668788751713BC7BF408D3D1142F83BECEA24B14E29AC5AFB4323E93",".git"
".git\objects\05\3d1b430298d320caf9b1a77463140a70d05c60","1784","8E1EDE156B55E5FCAD05DBAB34EA8BE144C90133587340A08F16359379B417AF",".git"
".git\objects\05\61d9a5bfd54768a0452f917310a6f73451c262","5273","D471BFE297CD273B11821CB7D73574CB95BCD1308BFDFF52771119A70B44B65C",".git"
".git\objects\05\702017f4f990e0cde6e92c41a8b3f0d1ff4898","526","6B9ACB97D8393D982275BA70EE84B39B498E17EF5480E09C1D85D1C878F66E8B",".git"
".git\objects\05\709440d1a14586271339432e5487e682737621","1090","5910D295E8AB743771A4E80843DE31723C2DB1D4C13832D3CB154DEFFE8CDDF4",".git"
".git\objects\05\726e5d2c7b51d441f1bece71f2aca68549ad38","333","7E35FE7D30F8E179687E41D02C89EB589E8B9EC34D5BA6C11666E3FD479F903A",".git"
".git\objects\05\92cc4d0afde5a4f4ad6d6ce155508773360f09","1701","3E1AB496AF2AD06AF64FA9D30DB8B7D4E955ADFDA9AE33E821AC2B61D27F245C",".git"
".git\objects\05\bda3255700e39a609f63cba8c14858738ae19e","4529","EDEB68EE3336966EC5791CB161D0738E6689DE2D82084FD141A8AD5478F04EB9",".git"
".git\objects\06\33dd84cc3f5fc8d5626d4b2ee6309e7ef71ae9","513","95E3BF733FB4F2E7CD2563A0F2CBC1578C93C4705018ED75145EDD713CE83496",".git"
".git\objects\06\33f275c0636b39a6a47eb14fc79c3e4f51523d","2087","291240F0216CAE05DCDC64971651E1E56EA9C403B1BADB9AEB3CF76450AA7963",".git"
".git\objects\06\3b84ccfd079b2746286339f4dff546eb9fbc2d","602","4A2D74477EAA0B919B463248D2AF84275C6626AED1504570E42127D4DFC8EF4E",".git"
".git\objects\06\3db9fcf75674f85076834288ea9db82db5f234","664","D077E6DFBEF648EA4E3390567987698C3EBDAB65B376FB12939839AE1D9C5C11",".git"
".git\objects\06\4346ab87db3ef40c33560f858de9e5919cb1cb","629","E281C851DBE20741E6B1162A9DB1825CFA4010697B1777A6A328E3433DD0C64D",".git"
".git\objects\06\4518abc55002a121a03c7b848a2e635a9afb78","192","A5988E8BB2FACAF5A6793C10A99257BCE8E3069EE95232D7B88C0296BDFCF078",".git"
".git\objects\06\5e82f60aeca483853a21b9833279427004948d","1823","6B78861B7F87A4F894A107335C122CEC6D2A5C536077751B2E6D298B2293BB14",".git"
".git\objects\06\76096b9f8f8f46ba7cefc26393cbc516c203b9","1560","5CC655248C081B98CC3B2F20BA1C60EB192100DE161F1EE6B2DB30E95FA97286",".git"
".git\objects\06\9fb317867d1420f66f5146a652031d22c642ed","334","9D913A418555CABEFA2A1709D86F8AF5B06459A7CC5D581D545693417CFA2344",".git"
".git\objects\06\bd41b7f8c54adbfa5e27c69adb4764f822f9dd","1874","704F89A9CC2AB84EF5ACC059A2FBF1DBFDE2C41AD372EF28F6E90DDA6CD105B9",".git"
".git\objects\07\10b4d8951c0afd7940b05ff65c7d938346cf55","1542","0B7E83D0C19EB5298CCD4F6982E32AFDA4C897EE5FB38F52B53D7C3EBD31BC55",".git"
".git\objects\07\27950aaeb437c692f0197543c0399fd5d099c5","3733","6548A63EAD1279A8CCB23ADF70684E44C28A4B19A5287F365506BE0955B75817",".git"
".git\objects\07\356e4b30e7829aceb3f75d99d75366ffd931a5","54","37FE85E48D72399DE72BAFD2F5AEAA70BDC9B7C80577BDA789CC26D3A58C0FBE",".git"
".git\objects\07\426e2cf41ef2cd730a17919165b80f94cc19a5","707","A8EE487A48D86194F0269171C77CDA9DB95013009B8E56AE029764AD7BEFF84A",".git"
".git\objects\07\515ca65e7f0ed3e59c781d3a10f79861833fd5","144","2C9E3898444A904385094E8B66AEF0CFC0B341DAA22E8659D8F4ED57991599B9",".git"
".git\objects\07\54750cbebd8adf7771d890c225ab21b1674d0b","708","D51255485DD63935861288304878E5E111B529AC3819E4A50D98214C4CC407F9",".git"
".git\objects\07\974e13e0214fe7ddc2ce2bd230fa0ee242d35b","371","D1F2738BF010800B1AC1E3BF688E9F8B96B8178CC0E0FB7A1DFB9B332861FC50",".git"
".git\objects\07\aa0ce76dd0d7e26faca230daa786038e1ac534","6918","53E0DEC9C8138DF4A042E794F715FA8402C614AC46D055925B0996F0FB54F263",".git"
".git\objects\07\ef632a06f7ff44abe74010f2fc690ee5692943","185","12302E46BA7012DC935EC6D4D1A3A1612C271E7FFD5B9F24B9E58BDB7512072D",".git"
".git\objects\08\0e590110322be7eb69d51cfe2dd6a04f095e8e","6171","47AB4460E297FCB4FE9C53EF34F7658049F77E16FA655C3E767468DBC287587B",".git"
".git\objects\08\2ebc2c6bf1ec066d3e16515fd7db2244bc475f","343","A5487DB507A227126025B31123E98669F964CE63F77658291C3A482C510E3988",".git"
".git\objects\08\3fdd2dd8e35c65ba46b74e5ff866eac99ad7b5","56","9FEC8E77CE2F9735CEBD7AD14EC5D9A4E3AFC83B05E764C4AC6AAF1D2F3031E2",".git"
".git\objects\08\40b70bfbb243074a88c563af6369aab9f998a0","4639","E9D799E697C2D5E0A516A3C502F1159A3E3E796DC1097BC3E682234E6D50AC5A",".git"
".git\objects\08\43ed75e07ffabfbc15850832cbe9361d3c8b0a","689","4530365EB7A17412281F2C182374AC5E38CB5A5BC00E74C59494F2DFA86C68A1",".git"
".git\objects\08\5203349659c7f1c5a14fd4f1182cb23afadd61","5549","34A9B7E66AAEE0DBEB28A63C2282FB28BA564D57B6AA0CA37A2F521474DCB420",".git"
".git\objects\08\6ed5b530b6526a179f26c1512288c2b9c8bf92","24986","BC46F63ED7E05ED87DA8FFA92BDBCA4998738D0782A89CD93E2D9B7F716256CF",".git"
".git\objects\08\862c23fc1c702286b98727b0a3b5e375cf1245","373","7A2C79EC6EBEA887EE7D9838DDA9485408CDBCD0819613E32E2019234154F880",".git"
".git\objects\08\870af51420541039a694ffff07a604b1d886d0","1819","FBD316E6EE7391D6AE3CBDC908611A09CE9E42E45870254EF750A12A4EA218C0",".git"
".git\objects\08\97a1142a07db48552db76339ac78bb5146d52e","399","FCF684EF0D9C1095D79232C27B52A45FC8EFCDF8DA99AF892A3938E3BE9A135A",".git"
".git\objects\08\9b8efbe180f305c71d8d3981b57cd5659c436f","179","4C472A58DA7CAA8C958C219802D1C628E388085A49DEAB63EC6C65C66943F1C6",".git"
".git\objects\08\c45b887e49605707991a75c64d0449ad4f78d0","401","26C4D7BE7609707B63ADC1C5E2444EF10722F83996607023AE9141DB095AD2D8",".git"
".git\objects\08\dc6fe401feb82548af7d1161d55b5f728eccb5","512","19787027B073B0372FDED8DA922E94B416FF5BBEBCBB0039BD162864BF8CFEB6",".git"
".git\objects\09\10539a105e7f4e021705050f70d1df0f296d2b","2249","AF507634E5E9EB971E9FFDCEDB6E3F8C1ECC89127135972EC5661D059122D983",".git"
".git\objects\09\6d4bbbf829102d1138d12b511f6d74a5f0d340","402","B663BDA26FEE188FEF0FB24DFFA0B4668FBBE9E579B638A66CDD9095A9EC6ECE",".git"
".git\objects\09\9fd906e578a63b1eec8f27e5d76fa030fecad8","737","08D37B24648A657CBB7ED922A76766CAAD8A81F4882EF40D3D63DBD5049047EC",".git"
".git\objects\0a\1ac899de81ba7b91c2d17c845c8e4feda76de7","200","24EE9A8B03CC5169929AA386A66313F065ACDD85821F96162F0182919DBB89F4",".git"
".git\objects\0a\70bc60fb848c38d17ca0002f214d214c5479ec","642","C9BC858B560B083AEDA113745504CE885CC877B6096797D658BA2D1C66B2D9D6",".git"
".git\objects\0a\745640f49263fac50b0bdbfc2162c9c5fd5542","2029","24EE5B1EC199447BFF2A2BA3E572BADF09E4DF7078370258A2929DD21CDF38DD",".git"
".git\objects\0a\9cac95604b45f241e9f84b2a36d25873166cdf","4503","C81615B8228AE095067B5BE91006D89FFFD963BABFEFDD57B5723379A49D7ADB",".git"
".git\objects\0a\a7f736c5df5fed48ddbb728cc0397a171371a2","235","C808C83EFFEE11361001A26E8E1283CE7799151EBE3B6ABCF899E0F0DECEB00B",".git"
".git\objects\0a\caaf8c8b3a87c1e33059b8481bb53c86bf406e","6562","BA595C13F08C581C82BC802AC228B1B253CE115B847413086A3EA5CC0E2D7F41",".git"
".git\objects\0a\d4598cd406924d758b58c1b782d224568e90bb","367","C8FA7C6FE23823EB5658C8CD96A999B726EDBBA97D97810BA15C760B2AA4C969",".git"
".git\objects\0a\efc3b20c24825c0bdb9a60daf9f0ea0d6998ca","470","1C99D9A7986799BACD7FEFF8778FDDB2CBDD8029776B5BE5490F0F264994DC43",".git"
".git\objects\0b\424718c6a1990d2753c65f35fdb3aee4a35c69","255","6E722C7658AB3EF115C5EE74959958416B9C58C82429A81DA342E4C79C96D4D1",".git"
".git\objects\0b\6ab9a6b47234ee9027af0cc751888b210576fb","3353","F086B597CCF86D13B28995287D1270CEB4D84A64446BAA9D20DBB19B8A568EA1",".git"
".git\objects\0b\71dff1376fcd70b231748a09a5790891946110","1636","0A36BDDC995B288B18DD3B92834BA4EA6B22E634B0E08126D88AB5728AC775FA",".git"
".git\objects\0b\8e05a6ec57f903e2bd84b84536bab6ce24affc","343","21707577B229FEAA9DA060C8F2DBC8DF61C414950B312AAC6573E3CA4640C0AE",".git"
".git\objects\0b\91da767b4fef95171cf6c78cc0bb9af5e836ee","262","C2083510BF17E883425E886134A1599FF6F7FD64CB2E1E5C75F43FA19FABD049",".git"
".git\objects\0b\bd9d6fa5942480d7f2f44bb1e4a8893305b2ef","592","D3F83D1CEC1987EFD680A0076BF851CECEB7778F055261E3890C48BC25B3847F",".git"
".git\objects\0c\04064ec9d99235a137c1603bb21d8bd109b631","351","65C2EA300847F8C660AB761E37F632028FC87D043D4E6147F9B6502201E53E0A",".git"
".git\objects\0c\12d7f3bd62fa07cb48caad7fdc9d6a5f3910ad","897","772A83274D0A4BA384E8D1FF66CE983B84D8715FCFD529713FF046A3FF34E721",".git"
".git\objects\0c\91c387fd65f15cd664fec9d0a5279f572e3291","1539","0714A46381152BEDC24879ED5D21D4BE9F7EFFD79600ADE1E925B1D95C1C9221",".git"
".git\objects\0c\a43e810b80e056a694c4a4951f04c6a0c66ec4","224","F9C581C6CE45A282478E2B8F385B9B9CEB84C407F73217ED7F1E07025BDF5FAE",".git"
".git\objects\0c\de38ee9ef81e8e35dc2bb381215a2c765a5a67","209","ECF009E5A1DA0A897B122FF1C7A89CC722BF83D70BB8D0409D194472ADFECE48",".git"
".git\objects\0c\e8c663769c456325d19b2b3439297d8ebb9ca6","195","50887946D58A567FC6D81608B826BAE9E297DADE2907EE0A22BBBAE90C38A2B3",".git"
".git\objects\0c\e8fc68492272053559fccd275ab415599327e6","88","9F9EDFA46FEC51998D42E28F4DC85882B375E2ABCAAE1F26C0245BD9DC090BED",".git"
".git\objects\0d\3312b103b513ea9f24400b8cb399a082968410","145","40A00098C022C2E47CD0C24C433C11271342E16BD859353ED7CED688739FF289",".git"
".git\objects\0d\982face94b0aced632d9fed5b28981d66b802c","435","7FB18E5E7E36C8857C7CD3B7FA8DA064916968C63AC293CA94754B62F16FA9CD",".git"
".git\objects\0d\c4bfd5d18f87b786c3a048816bf0ba96a83f99","114","29D146083FE6ACE970B67583B8A65682DD1DD5083FA402C366B95A0EBFA7E14A",".git"
".git\objects\0e\297d2e8ed749fd36ceb0e7870c74a71f3fbcab","1222","6A0336647BBD2C04E0DBE62D3F288FD2DCC48C5446B61BB983BF7733D1561A43",".git"
".git\objects\0e\441683610583b44ad28f293f5f765cb4cc678d","943","31E41458F066A5E277F1017ED8E095E46C690007C0BABF2FF375647845F5F399",".git"
".git\objects\0e\6a2eed2a444668c1a36cb4ac85ccdfe78d248e","1165","E18C3877213C05A5921D6A97818FCCA1BEDEE7A245B9791CDEEEED0A0FA19F50",".git"
".git\objects\0e\d2af6c6f807c7b08c9b49b6a4b4d19626a0b26","281","C7ADCC1FD1A8183FEB90B42667A36489B7BC62B70A0E6E8F4393AB06C04FEEE9",".git"
".git\objects\0e\e5982897f14ced1b185ae9258bfd4e2aa7061a","978","D8C7B5FF9DDD53B8809571B3E12CC56786BBEF9AC6B821C48B0BE90012BB5E04",".git"
".git\objects\0f\01425bbf8c4b20eae2239b7e79f280c98458f6","1331","6A88D2484CA2CBEBA1DDB2E300B1767B9C18D6CC08244BD570981F3DBD0D9695",".git"
".git\objects\0f\43b210d013c1907f5cb95e5a1a5a7063f5d96b","5775","9784CE66545CE3768307D8D665D8509869A0CE6A49EA14B4EAAA9E3A86D87902",".git"
".git\objects\0f\48488b1d6d95e3ddb8aeeb0c63d06d4dcce81a","622","C6BEA0990AC9529B1FE46A839B813E325384AF5C097435A20D098E757FCEDC9F",".git"
".git\objects\0f\5049cdebf210ff3770398f0245c64a787ec75d","1548","5BF38B7BCE33D246819C2A4B45A5A65BDF736FE4EC445041B58D0BF951E3AD98",".git"
".git\objects\0f\98e64ff4c3e059536f1ed871b7a2753095e8b8","1312","EE67299B7A1C954174066281B5B44F1C6A4CF15E0B23B1CACBF7B5EE9A7A497B",".git"
".git\objects\0f\bc54a4e329d2574cf4f7816093d46843ed8d71","666","CFB0B86ADC2B2E3E50D123F583DAC390AEBFA03130D9A825866DF140DEC161E1",".git"
".git\objects\0f\e25854dec07d82c6458da1b91dec2e6f0c6c51","4022","7E32B0ABA7E3333EBEC9DF9614093360FA345DE2C3A6AF6A5893F759A761CD10",".git"
".git\objects\0f\ece13283d6e41437fae604726909ff5d8552c7","876","3E1C45AF0D587272C13936B3D7A87DEFB79A20ABE4B3224A4EE42B9AB9592840",".git"
".git\objects\0f\f6fd00001d1b7629c3bd41c774bbced1c30c21","1453","2C8726C3EEFDBBB39D8FF20814BEB3F9D2988CB05491A956FF1C1284EEE6E1A8",".git"
".git\objects\10\2739fc99cc30203fabb6cf4248e0f5a6350bd1","373","AAA428E701957F7FAEF860F5DE78CB04616A45E539867B252F31DC98544D821D",".git"
".git\objects\10\400e5b77423c40aa0336cf72f6cdb75097b040","9685","38A88B52C020655CE9BD296201F0C646E54C08124FA65DBB0303AD252BD89FB4",".git"
".git\objects\10\b5e040fad6a942ab29ae71eddcec36d154e017","1460","D40C47F12A0741C2376F112504B20D3F44E28C0A78EEE927A10E041BBC558E62",".git"
".git\objects\10\eecf4dd17aa5ae82b41fea17097dba9a162f27","1096","4CA969945000FBE66964543CFD247448B0D0830D2708C940FD67EDC312316F2F",".git"
".git\objects\11\2fb1bca2c1649c84674f9594df67246fd1e503","124","A55AEFFD181043FF5944144AD788FEAA75F17BA6B0FC49A3B3CB83E49947908F",".git"
".git\objects\11\3561050fdcfa30b3b09b0de98d5f29c6b3c140","7174","620ED08187B1AD43B9C62453611627F2083A5D707176F7B846521844D78CD181",".git"
".git\objects\11\5c92e4fc3a9c2446e6a6648cf8a5a853598e6a","143","FBB68FA5E621D963CB8319E6E30B2B9079A8222DA4C6F13D7F1F63177C6ACCDB",".git"
".git\objects\11\731237a42939813d5e36b12064eebdf44739e7","663","9BCA52A38029E5B09EA3F9874328DECDE789780013A2601D1D137166BF74E394",".git"
".git\objects\11\99bdd2ec4df987220d31343881f0aed4d08e63","4083","A82AF830BB3B29A888EF165456035EAD81DB675524C4536AA8017125AF7F2662",".git"
".git\objects\11\a15ac98fdc9d0d9ed607dc5d71d5b47238629d","572","4807F50F652640874458BE4CAB15D4D1DB2AE62CBC35EF49AB201E9E3797A715",".git"
".git\objects\11\cb5ba4040bf760c9d0b87c95d91442e744b051","255","4EBCD95C99BBE06F1C85CDA9FD8BE97BD4B6923D665E433ACC66EF08A7F5CB2E",".git"
".git\objects\11\cf25c5d99f930b82de091247441a6ad9899936","276","149E66CD2F8070F2D0B2B40E0799EF8E5E81254F26FD4D31E0B93ADC2012666A",".git"
".git\objects\11\f76a10ccc6658b7f58802f1318a3c8cfb95b46","104","5C856B4B4F6CDC9BE58B42197287AEEA7888A2C476C8068CB7705C4EA9C918BD",".git"
".git\objects\12\05199cd4f321147ae356869e35ce0931d411da","277","943A56313D88E108A116675BDAD4B073F2F3861A8782F589A40A8777938EE52C",".git"
".git\objects\12\5adf1db19bc709a3a65089d8635292bd0b1a87","377","1E2ADF6CA667F3B6E3F599B1BA1E24A8A623BA50CB8A61262E88AAD12CA225D3",".git"
".git\objects\12\6c638a56c0444433aacca4fd5fc24c03e0d02a","474","4BEDD6E6CA1634FE02F934AD5B12258F0A7280626EA87CA72E3383B27FE2FB54",".git"
".git\objects\12\b5ebd5669ce38adabeb50a809535235c69b8ec","5082","65C06E520ED433FD0C338AF72AB66BE95515EF87D521F793ABE767291945EFBD",".git"
".git\objects\12\d187e89836e4c50250d4c8330d1aca59dd7f62","1611","9AEAD5AD0B954C5E3D188E1893256002F32C3F9EB4F4A6C4A7DBE3CAD6BC6BDE",".git"
".git\objects\12\de423cc8bc3e027e8120ef2e9ffecb49f46486","953","CC9030322397AFBE8DA8CE30EE76EA2379569D098A533985576D31CA35AAA8FB",".git"
".git\objects\13\341924da71422a42f9f4ea3a950b89104b6b92","275","B596F2A1053D0AB02A2246A3593D252B36016AAA47BC4BCBFE2C86407917A12E",".git"
".git\objects\13\451286571387cc0618d16f291d93a13d128885","343","97FE4B7E4E11CA54D2AAEBA29B6B015751A6C028DA584EC3422080079692F9AE",".git"
".git\objects\13\45c3a0aa31f31ea90bdd08b35ef3d4d89533d1","3636","87A941B2D1195C2D68BF1ABE940D10196167EC43967EE77E8F03A667C1A9C3FA",".git"
".git\objects\13\562cabb9648287fdf70d2a22789fdf1e4156b4","102","E68BA9F10EBD6267C1E4445C07053B0EC32F94180BE85182AD71DFBACBD9A52C",".git"
".git\objects\13\7d51b85441f389ad882d57adb918fc229579a7","143","F9A30F75A0C9A0F2D75659F25042F09A2BF6E78C2F2DC17697C14B93027C9A6A",".git"
".git\objects\13\a0edea81217cc02d9cdcaee1d7da1220a4e993","911","96EB673CF28E858BFD2C8A9C139B1F2E0E7C5B3BCBE7A25B0A1D406562B5550E",".git"
".git\objects\13\a6754ea29ffb28e2cbc64ca297539bb91df702","712","9C10778392CEC5CE78F5659FA74EDE6B2C4444ECBD615BCCE3FE8E7814D4D5D7",".git"
".git\objects\13\b6f699308d30a08528437f1daae47a374ebd7e","1334","F6B961EE45FEC31F5E22EAD3355A7633484CF98DE5C701ED53670C78A4EBD5C5",".git"
".git\objects\13\f5ffa088c528526e695ae3309ac2ffb3ba6392","945","B48FEBFC340FDC0607E35A57C9735715EBD5AF830BA3D92C2B15DDCC84E01877",".git"
".git\objects\14\645a9b0e6707ed9f7124a9686c6adf24bff659","197","2B67BB41EA790ADFF8B30D8CBF0693DA337B7BA565395C9A3537B348DDFA0B69",".git"
".git\objects\14\9622e15db5850c8fa5edfa215593645105e7ce","6460","72715220CE85C70FE18033A76E4AB15F81F11758185976CBC3C5EDE424E682C6",".git"
".git\objects\14\d8f8c8311064d190d1744edb2b98888fc0df4f","3448","9897BED3F1F3AF96B770C90911D55A1E62964FD041587034BE4084846F128AB0",".git"
".git\objects\15\11a62b231d77ee2daf66cb4509021620b92fb7","1972","A22201233B3D83336603837D7D608A6D0C37E26755ED45E6DC325B44B1FE31A2",".git"
".git\objects\15\612e503a8b76929689f08ad710c99aef7a464b","1360","08221945835B25DC8338CA566886CC40A10C925C21369ABCC47F5E663BBAB64E",".git"
".git\objects\15\8c53a7df230e652dceda5292dfe6d0c326d12c","228","65F68D711AC125D4A117D8CF641470ADDE4F7C83A384AFA6A5CE15E2AA09C3EF",".git"
".git\objects\16\1a95b37c494a4560cb76f0a6002341cdac8edc","2316","74A36E6C75BDD3EAFF86E7A9BF7B253CD32D08BF86A7504134368DCB342F03E4",".git"
".git\objects\16\28eae247347efd1fc62ed76f7fd0cb9466a659","1964","7E5C287EC6B82DEA9794304E6CBF015C61B543ABA2CDCCD8480767A65A260E40",".git"
".git\objects\16\2d6ceee119c5a486a919ef83944873464ac548","3957","41EFF639AF9F15BC917CE2F8BF7BADAE13B17A9854EE215BB2EE1A276A809DCE",".git"
".git\objects\16\49c0bf4f9246cce7b52ca4380a5c3be63f9b07","2264","93CB9CB1FFB1CC3C8B76B5822AAC81EA9E8597A640A258F0EF64546E1A424CE8",".git"
".git\objects\16\adcfc2ef29d360bea0c8d872bd6c1a90255877","789","D6538C10C2DDEF3CCD5888B83EA4750E17D65352699F122CF467F80951C13A48",".git"
".git\objects\16\ecaaa6d44b82a26b19b2f8c70fa31a257454ac","761","3B30AD3CDFC30BC518D76E975944A2A56F2CA9C737141F1ECF02A73272859767",".git"
".git\objects\16\f832d53c2867c1c9888c13e8703d476b4b4364","963","459C3EDD8D72EC2145F08D7AD7F2C3EED60CF55CFBD6A72F894A01A050E80E9D",".git"
".git\objects\17\1cd3116f24fca6d2100eeafe4ced404c819cb6","165","0A65947FF0F113FA46E4BA9EE9573AAE7D86F64AC8A7E36ECB994B0957871B00",".git"
".git\objects\17\1cf295cce1eff18d8301a5f175a6cc7acf3748","195","60BC21442BD6E9B9E845C5E192D655BDB6B3105480463A8E3EC056BB106C7A81",".git"
".git\objects\17\2f37f11f2623b3871c6089f7efab616421ffbb","2381","F8A75105C904EF29B6D1B36717F4BF098D688B15AABD6A8ADE5E6D7F38843F06",".git"
".git\objects\17\6413c20c2eca73480ff3739bf7c95d467ad00f","1340","EF905B135F0A5F48907D0E21EE7061DCCE7C37EBDD62FBED0C30A1E474FBD718",".git"
".git\objects\17\77cd35d6eefd672c50952eac492a04b1d46fc9","152","4196DFB947187DCB2088FE2732815E73798E9E29C969F6EA5D54881E1F55699D",".git"
".git\objects\17\89d11fcae5d7647a95708cfc3658222c4f7321","1065","10436518C666ECC81AFD7E1D91CB4B31F6F3A068F40591F29C5E0D13535835E3",".git"
".git\objects\17\9b88905319faf2c0cd383cb6d989a10791b782","455","3189E8F97631A2631BB92C42BBA37648B9322CB7878B52EDBAFDD641D693143A",".git"
".git\objects\17\a57a7b4640824eb8f9dc72ce435e186e88dcdc","321","7390FCBF089A6ABAF1B5D925047D1A41957B7B4D3963889D950F1109B2449ACD",".git"
".git\objects\17\ad43f5b33059e59a9a60ee3a983387b0334c67","176","E71C44DD09BC805D9FBCD0B702DD8116FF58B269D24BDFE5BE79213E4A2AEAE9",".git"
".git\objects\17\bbe0389cf7d1158dc306c88979c0dc80f0555f","281","0263D5763DFD7D4F4786FB12CC63C0D05B827E8F4FF03EAF439A2306308DED5F",".git"
".git\objects\17\c0c2e3aa0947c0be5f818b940a6d6bee27b6de","2499","BA3FB4E72B510FAF4AF254EF623FAF18FD446ECB4C0FBA5A10774A5EAF9FCA74",".git"
".git\objects\17\de16a61e9773dfa3b06b5df610816f5134b6a6","208","304CDB95038F928E6DED085939C4CA33BAD872F1FD00A9E803B20BE2A22FD712",".git"
".git\objects\18\0b2c7bf579e11de5c180e178877cff62ddd474","233","EC4B04E2FBFDB39A1BA5CB852D6599C05FEC51CD4458934B91B8A9856E50C89E",".git"
".git\objects\18\13fefcdf7d901639f32d141f4c567a2b7be984","932","B0F50EA39E26BA485E7534B4E7EE493CEEAC3B9ED1578AB42642DA63E2F92306",".git"
".git\objects\18\3054b73cbbf90f4a1a7c580a03b0d4a2a53930","5546","FE75254906067F283ACE1B763A9CC701A8E6977E28082A11F470964DFA8EBEC2",".git"
".git\objects\18\38f071976c35fabe7bbc35e021a965cdce1596","1464","6A0D9CC3E9B37CC69846F2171B072FAD3C878420A1340E80CA6D964218560C12",".git"
".git\objects\18\5c434b4f35cb7bcf6a67d4e50f24fde5e0b79d","232","7FB19B2C6D8D578BB06EE28E496B38EA7167DAA0B0F5198F72E1E30AF028507D",".git"
".git\objects\18\70e1901db36c996561fc346d0c95fd56fc82f7","361","E37EBDF22A4AB0A8985686238F74333B46257A007E26719C0418E975738C91EA",".git"
".git\objects\18\78a0d2aa95f878d86be96b1af61291bd224bca","366","672495F39856DDDB47898BEFD5B762DCF5D049D2345DDFCC2B3834BEA392660D",".git"
".git\objects\18\88221f9eac5bef0b45bb34818b479fad6ce445","286","3049B5232A1AFACCD4C01B60588766C39D1F9F3A8B6038BD245E9AF4F4772CD8",".git"
".git\objects\18\b959abe4b0dfd0bcad5f678a41b7a04e84c5a5","6842","732D203737EC92CF19EC2733BF9FA63511AEAC13B8ABFA421C97992C25B50C64",".git"
".git\objects\18\ca2688f5c9eca28163bae5c012dffec06e08e0","1445","87CB386238914359B678E620F5783039876AAAF66FE1EAF73FB59E486B38D4E5",".git"
".git\objects\18\d7ce95b9035b04a9b288c3f3c8d2e182c46a77","6165","ACF7BC409BFEAAA15CB1A780C5E0A56DD9CB1FF89B728E4326F36EB5133B0781",".git"
".git\objects\19\1976fe5b0573c51243de6fa5f138afb535a40d","1329","E79FDC2DBB6678F3079597E3ED9261301D147FB809BB8046CCE0C9D5A5E847FC",".git"
".git\objects\19\4cb73f7d52abf51b7efc2c5b75e756f4410bd3","123","4333D7B01092BEE3F8C40387933D1FBEC6FE3E2E258D2DC45BA26C917C3D2399",".git"
".git\objects\19\4d30813ffb103e38ad088f5c1fb95848b1c5f6","458","C72313A4A2F1A2581EBC0C024AD8B521403FD54265EC9231C073EEAD56DE4D93",".git"
".git\objects\19\51df267971e28b98f4cf8f2985995bece80098","676","AA3D8505CAFF954A5605C9070A316D8F084FC4BC26090BE242B7F3993447ACE7",".git"
".git\objects\19\64117dd90702441f572ac5c917f12e97900f67","124","96EBA783985F0314DD80AF78B71FDA3309FA6CCF251307870A8411286C0F7B4C",".git"
".git\objects\19\c75105b9f6cf0d363e659c95ab75bf565b91e9","6147","1E21913502C3D4357825DF6DDC12108BD8ACBAA8C6350A04A1FE585BC463E8D4",".git"
".git\objects\19\f1f5f888a975056b584cd2e3a483a6def298a2","5412","6ECA65F13671CEEFD0B31D20238269C4553DB877DF5021BA5D12FC81B9A772D5",".git"
".git\objects\19\fc44300a88e7465f100d414de98408b4ca70e1","2737","522BCCEE04151553193BFCA7F061535C5FF983F598D28B52958CE61075779E3B",".git"
".git\objects\1a\04c3e3cc19a0f718a4965983aea3dcc2b84387","540","399027EA3D7EE621CEF0CC4234F015B90F6C6AD46C1DB2CD6B62C7D0B85DD10F",".git"
".git\objects\1a\0f45b0779b697643c90941a1ece5e01820f174","1549","CACBC3E30F359BAF825ED36B08F007C23F75832BD7F485C28F7DA1027D05DFAC",".git"
".git\objects\1a\6bab97eccab804e0e90d3ddce99625999a4038","1315","CE207F57C2F00DFEE5EC68418CE4F51A71456A46B9516B08607187CC3DE92B8F",".git"
".git\objects\1a\7b78c8eddae1ef8c06ba5825720c92f724e03a","217","69A4DCA377AD0C62853C5AFB458B30499DE17B856C3DE029124FF51B7D37AB3E",".git"
".git\objects\1a\8397819235b7d1a73d2f6b78a69754907b5594","329","ECFE410177138CAB8D6275A8DBBBF5E340D379D7589A0F9FD0EE27F3B686F171",".git"
".git\objects\1a\e4012495fe5bdbe045e9cafa711c1b4d5a466c","487","7919CB97F8B3E67AE4CDDBC590236187C935635293EFFB62674C040DB578B3A3",".git"
".git\objects\1a\e6b0be5b4ed8e0e8e05be89f2aca21db200b92","1499","F9296FED1FAB813BC0CFFB11F76980FA09C636E4D995FF3993F0A1B80C9FE3B6",".git"
".git\objects\1a\e6e96d1da445b1b2b0f10d19832f061889c94e","3715","B5EDD1A53BEBAAA5F40D522CC4607062F610127A0FB18DD9C5783840057A40BC",".git"
".git\objects\1a\f1bcf9f526c8acd825192fbff1bb336c5a6bde","782","6955F83D274304FAB8CD2857ECE12D631A85FF3B5DDD306A3B493B6C13F59E65",".git"
".git\objects\1b\1651946dd66f977c154763ac99804ab77530de","56","E997BD94D5637D717C3F2DA328A63899B742D1A97781282797495635749F66EA",".git"
".git\objects\1b\425595e6a7641f86b3424f3f6707297f79266f","57","74FFF51E325C0A2ADF76604D5580F935C3ED8701357011481F9C443DDB50C7AC",".git"
".git\objects\1b\4388cb76e153cb65be718fb4130a77c2fd61d9","1631","EF604A6F731FF2AE21B139C5BE87F902B2485FCF655AB7FEBD2060212A6A25E1",".git"
".git\objects\1b\7d33609e806a4f4b7f7251a68a14dd8899a92c","3554","2DCFE61888BC289780475DACB89F1DE302BA8EC48042F16B9CF26360BD349CEF",".git"
".git\objects\1b\8068d2a96930856a3d122998c925ed4aae8383","56","DA5796FECD396FC789EA7B12E0A4C980C0D931171839D248A48B02AC0EC58DDC",".git"
".git\objects\1b\a87d2d5b05612e5e1c6b088032fc97b451f738","307","4F050B857EDC2AE0128A1BF7640067B53490529BA5C2F1C33C6350FA4AF21F42",".git"
".git\objects\1b\b0ef765b5f78c7d63d265e26d90e5a01e96d6a","1614","33C78C48F174F85F7B880E1E59BB23FF9896CBF859F82798C787D081337D98FB",".git"
".git\objects\1b\d0efb53df4492235f0f2db7171008e6a36de6b","8927","A94DAC8006AC5F5859CA1BC8FFCE579141A4A565D2DAB33769FCF6DBD688B58E",".git"
".git\objects\1b\d20945d373920de90441a9526d70502a286ad3","1369","9196DF1630313C2FAF94C7559882110544BDC677D784E308FE7AC9C0CAEB922E",".git"
".git\objects\1b\e1074937d58f53ea2532cc215976fca3bfd47c","143","BC5767F226334974B7B9A7A8C467C88AEF0CD8786A4314EBD2A509F3887451B3",".git"
".git\objects\1b\f01b7026becce37d2baeb7d9aef02900263469","27530","0D14A5D73284B616C5B459D6C8651ED425100CF9874C745DD347F5C832E845CE",".git"
".git\objects\1b\f21bd6bbf07422068e91358e217d019b8592b0","788","07D81A150C00084EBD1C5AB10B808376849EF673AA75DCA3B4E69D2B825A3D18",".git"
".git\objects\1b\f7099f95ab07001b928b430e803aeb9566f971","633","B1BDAA312BA35C7D5AE911A2E20C37A9006A64B945D20E9F03114C4931926631",".git"
".git\objects\1c\51d2215db5c8759755af567c3dfdf070ba2176","415","42B93E8B9CCF177A7E3B6CFD1CC0FF1DC85AEE34ADBEFA7B1048AAB9487DCC63",".git"
".git\objects\1c\7bc2f92aad6db44f4351d4e54e659f96630717","480","B36711518F3406FBE1B34ED440B25EA7AF4CCE55AF8F884945B2E350728EC920",".git"
".git\objects\1c\7d20f1aaa90b30e4fc80a5240412e1eb624170","27427","2279FB77468E3DB7148FD5C047588D6295C64B6E9272CCA81A5C3E5605C74AD9",".git"
".git\objects\1c\be45c2ddb07e2bc523d66bc92a3edfd5ecaf03","598","6E3C67D580B8AD29DC2929B5CE64CA7EF8A2A12E5BA0CC5DBD6DCBAFA8AAC4FB",".git"
".git\objects\1c\db67240342a9c5646a51756b3dc462b7681504","2632","D9EDDF0C9607719FF3CB37640B390DB718B911B62A9F7FF212CFA1E9FC05DB56",".git"
".git\objects\1d\0fedcf8f8bc97fe32b14e0ecd5dc0c975c0aac","595","D7B89E1022CA90E52922F10C92E88AADEC0287A89B19F5845413BDD9D608C422",".git"
".git\objects\1d\31bc45e512281b10f06094073c1ab8c2ab04f8","2360","67418AB2C07493093AAE33626F78882F5DFFE22C19F3B5B893C021195768A0BE",".git"
".git\objects\1d\854905dd0d0284cc743969b0aacfab6399e248","101","379B0C9CB129CD420D2170C8FB63C945990197B099ED7D898F09180A4D97E8FA",".git"
".git\objects\1d\85c8be533944f7a061492df4237a55d9a0c9a3","28158","23B7521C6363BA5A3B936B894059348271EED8DD41EA69D48FF90C6F30E73514",".git"
".git\objects\1d\e6862842f7601b02a08b37fa8f97ecca8c85b5","1218","F1352310C1CE9C45961066927ABAF4AA56EC287D9CD6E4BE6EC5B7C30451B3F1",".git"
".git\objects\1d\eaf5c83bd0b177118b0b869d65ccb65f1cf6c4","1325","F57AB72053FAA753E070E62EC824828E70FE107125AA400526CBE0C9E39C9274",".git"
".git\objects\1e\017a9989b429d1e64c1579450ef5bb8030928c","149","2D701B4AE24459C23CBD6F6B2DB889A3EDB99DC3C2DF6F0FCBD14269F0D69249",".git"
".git\objects\1e\186e98b3d38a7127a241fd94e2674cbc34c90d","3217","D3A02270767B52336E8F079BB9B959B69932CB3650C260C01CA2A267CC3A4142",".git"
".git\objects\1e\222cbabd1c8d90af62c00f230bd9fc19e3b0ed","298","09BDF3618A8ECFAB4E91FB86711CCF050D797B94C759D7D8AE7D3256E488DB24",".git"
".git\objects\1e\4c62fe36d573a947c43923c30cfe3281070112","1488","DEB33EDAC6076A5F042B410D61378638048CA18FF46AE02CFF0123CC4EF31201",".git"
".git\objects\1e\66413f44d44665465f664040a53921425d2837","7198","80D08081C294EED4E4EDF89EAE3B62F141ABEE1D297B39DA72D271C167AEF39A",".git"
".git\objects\1e\69f66ef85a5c8c607c62a1c5f62e9ca1ac144f","454","763804612EB22835B12110959E88C995DCCB8881D881F39EC4F6935A3BBBB9CD",".git"
".git\objects\1e\eb2ada20af5a17e2421b55e0b6b83cba322728","3821","C15C47694F2B4A2281C9CEB63070DE71AF34B676A7A1F4602259C5DF7337E3D5",".git"
".git\objects\1f\0569593c3f8884bce7b45aab4e8b6d5457e304","122","E8C1B0BD043741C776BF298EDFBA4B3EA2F406799D0690019F1EC15C549E27EA",".git"
".git\objects\1f\097330124283e3aed9556c2ec6b81422f234a2","3620","AC8704C6A67C624DD49478D0342E704C4CD4E59A133E72FE332E2E3F9563749E",".git"
".git\objects\1f\290753ed684049710f699dc7ab01ae48ac352b","2967","3F229E885A7389925783C3B2DD097C13C8AAB14A93F246E3686FDD4C394F1792",".git"
".git\objects\1f\31daa9bf4bb74fb20960ba475c1cc4d6f1c219","3728","BBE2CE795A2C0AF6E7A6A62BBE841B331D6030234ECB765F3CD577828FF5C747",".git"
".git\objects\1f\386a5c08b6781fba700eac31f71acc71c4e0ef","120","0971DD481DD8BE113EAC681E53ABF654C0E0CB0DFFC05D59FC47CAB04BA0CA62",".git"
".git\objects\1f\83103ec6ca131ed165a384b76b7081aa12c8c4","4590","60A7D7996EBC1DCBFABCBCF64746C36E4C6FD74CED951F2083B213A0C5C598D4",".git"
".git\objects\1f\b6ec3f6e81efeab23d0edfba67c5180c06e164","289","C65822029D5FD084F1C81BCAE3B189199372FAE42418D65925481B328A9C6566",".git"
".git\objects\1f\d0d33a5ed1eaed7e146601aa03b9f52eaedc91","247","C9448FEA078A3A64745F3FD75FC6609842C5E1B5F667546083596DA3D9D2C038",".git"
".git\objects\1f\d327c5c6187e6150eb51164c2d53bf31ee04ee","102","166B89E7DB1957377F25B31CE63ADD1387D849C0EB405F906DADFE548369DD5D",".git"
".git\objects\20\0039337d56451a8f9e8f534cbff60513e0d730","1278","84AF08B17068CC52628B56B6BBF2431E397401A99D13317807552910C497D253",".git"
".git\objects\20\444b445e30e70d7eb6e4a3685427b12aad398d","127","1C07F88F4152C93374BB5548F09FF9B26ADC3130056A474721F11D670F4D23B1",".git"
".git\objects\20\6374a74d5bc3659f8506510ab12a4d5cc10193","1673","2F918A35741C7209B038596E1D0D855ABC10C6B464A907835803832501609427",".git"
".git\objects\20\746edd80e5e0d363f72f0f857a279f1a65c2e8","276","B990E5B556FA241895891197DB2599935080625A4775B3A53FD96526E027D950",".git"
".git\objects\20\9387ce0558999c6551f7cdc2870730ca2baf4a","2870","38F907F5E8117D86E9BF0CBFEF1B1A0F0780EF0C6EA8F3D55BEA886B92DEA7CD",".git"
".git\objects\20\ca64fee03e9367ebe9dfd55e259d2cebd3d83f","592","043AA12368F323CA93662311A322E48D0F46279E42DFE81741516544163AF134",".git"
".git\objects\21\1abbb98dc98d5368273f90981a6c2485913d06","7238","F39562B2A4DE4E7ADDC1C580CB8FFB1ECC4BDE4634CD814758A4EF8D1D866699",".git"
".git\objects\21\2e9515fa66a9ebca33855a12de53ab71a6f462","257","01BF21A65B2F6C445FE641B32F0A02CBE93A0ED25F1B7E20C3D3ED2E8D445F04",".git"
".git\objects\21\5dfb5c44000a617d999de2de1c61bd0076cc6c","385","F8695E75838B0BDEDFFB849933EDD0410014750D198A4CD5CA454DB789EDC4DA",".git"
".git\objects\21\78440e92f0a46ca6ef23e5bb19c3392690514b","1562","690C72C5233C0DA274EFFCB1505DC9F6F13B8F38493916954F7871C8722F9FF8",".git"
".git\objects\21\7c20f816069db7c7b9edaba307d597d21084c3","143","48A49C9A979D453577B9E2583AAC525EFECD51A1E407C1FAF1769B65E0F0AF57",".git"
".git\objects\21\8ba57134e50cf915a478c8cf75b81ac4189c7b","143","7E7A98247B61942BC12DEF9961CC7E0706ECD1E394DB9599C3DDD44B9B4DD184",".git"
".git\objects\21\a723d3d6ac4c56d8d668956cac16fd10b7d4c4","24927","28CF73973C64C29660A003F38A61731D202019438749A304CFF40B92126D6610",".git"
".git\objects\22\20298216cd59d3414990be0b697e9f7a3ce602","378","B27E956156C25C7D53297840F2B37B2E45CBA3EE6AAAA136766221DC0058E23B",".git"
".git\objects\22\36dbf892179cb9122908a2cd3bbd5331772adf","383","4FE96D778B134F31D2BDD6821D512849DC835988EB59936E79E0E31DEE7F62F9",".git"
".git\objects\22\37d6931a24bcdc0b8553d2b3363e85845e19b1","929","DC5EEC13532F05FBDF5B2C39299A9E92A0251BF4FEDBCD0659F34808906B36FD",".git"
".git\objects\22\5eb8946991c04ff35423edaed83ffbdcae6546","9482","1F81B3D675EFA5D2B9F913631891C910554DD9636EFE18668FB3E89192D525DC",".git"
".git\objects\23\5db772f1210e142bb7ae3657795eed9b79497b","1583","CD989E5947EE6A861364DACACA54B258CC85165A20AA32775A0C21435328CBF4",".git"
".git\objects\23\7fc83d8b37580f6e027f98111a15bc0480f19b","5469","8CEC3F5CA42BF8E3FD3967C9C47BFCC1FB41CA0671757398C50EE6F5E9C9DD06",".git"
".git\objects\23\94bf1fac1e077a932f0cffa2e4e972cd7afc35","169","1588C11BC0A9AC46929B3080B13DADC5CCDEDC19420319039835ADCE709BACFB",".git"
".git\objects\23\a637b46cfeef4931633e9763c1554a6cfe5a32","595","7075CFCC0980E91F8F0B7CD9A2B49CEFC3BDF275AB8E0A222DF01C04E5A294AE",".git"
".git\objects\23\ee02c37f5badb11a04ed92c0bc6afcdd5e4e6b","632","EAFAB43279D2978BE2703802CBD6E29DFA44FB1A66BE52A3C7BA26A021F8157B",".git"
".git\objects\23\fe61f2342888e423edd4301c3684df46f1dbdf","2601","8D92B65A9EAB442EC67DAE599BCA573EC14DFBC83681ACD8AD6750C2B572971E",".git"
".git\objects\24\0d32391fc1f8c4dc4d0437f79672222633e883","171","44E6B21A7797AB107146A080D4A8360F5DDA30A1722D4C5F90B9D894317EA831",".git"
".git\objects\24\143a659454acc35e2a4bdf571ed0ae84527f03","2661","BB5A7871E18DE34A2D575CEE2014FE918AF47BE7161AB3F958B0215BFA97AAAE",".git"
".git\objects\24\38adbc963af13226b42f13c01a4ee94567b7cf","1302","75E428581B4E5BDA9BECB467FC7DCB32C048345F583D97A82B047252F3E2FA26",".git"
".git\objects\24\399a7216086a2ef8a2fe71ccbe4551088c30cf","139","CDA146C29DC5F7AB4FCCB0D228A3D208665D5DD7FA9ABA493E325E55F9C08161",".git"
".git\objects\24\466a8debcd376e1826fa2fd98be57c012b7765","1864","A88A4F7E715148D96F087D2E09D857B3CC561F38E4403BC0B022BBB5C1925EE5",".git"
".git\objects\24\94f36bf2398b78abc42faf419a9bdcb11c00eb","6763","BC7A91C565E91D22027A694505EC3DE1AA95D17E362CBA9F99A5768B318F5BF1",".git"
".git\objects\24\c7c358a475a08234911b4fdd2485a0144e2c60","3121","771EF2EB462E224BEB90B5C38E5F3D108FA16A0D5E1E40268832779C0FD167EF",".git"
".git\objects\25\1f2d499f28f81a0dd3081c47082945716fe1af","1204","E1E8C0A6100A874CE6FB98FA435FFCF81015FD503F15096068EF7005D7DD518E",".git"
".git\objects\25\374d115043d85ac52a7ea1eded18e7902f691a","952","AF74561CDE8B1D3E66C633A3235629B58305DF5FEA31F7D58167C00D84F04FCB",".git"
".git\objects\25\412eb331b830c33112ac6b0b068a893a83e237","11791","AF9DF92D2EF3CFBD438BFD368F2CC221C3D118E7C623F96A347C657072DCF1DB",".git"
".git\objects\25\4cb809ded5d502055fe0aeb605ef98b71e9e22","31035","9A273546AE3CED5CE43F70D61E9F9683F4EFD1349404E8276C409043AC058CAA",".git"
".git\objects\25\98ac95c8fe4d5f9581ca9d2e3c94b928221c0a","119","2AF799FB552F28EDAF37CC60C2F38DA73FB196BFC24057CD4F12CDA37C8EC17F",".git"
".git\objects\25\9d6aacaf3f3c01fc736f9852d91e41be17495a","56","5E48BD6948B3F727315433F3A42EAE8A3E27C4BF0C9A721FEFA7AF305B2D5D33",".git"
".git\objects\25\c7519587670f978a99ebf314d37f6689343434","2815","A7FBBCA42BE47A7366382BBF857A46E45F696B4B00C19B8DF676EE0FF1982487",".git"
".git\objects\25\ce9df60da6d7d43ded74634c668ebf99d46212","172","ED8B1B28174CB518605C0083C54248509FC311D2CD130DAE515FE8CAA95B05A1",".git"
".git\objects\26\204454099d5a87df04d816a69b5c7cc146028e","454","54E4AF65F2E1419E85DD00A5118F8A264D3024D82C53A3BD8EA90278C85F676E",".git"
".git\objects\26\24f1095e485b690bc2a4c029243610294d53b1","1653","EA51EC0666F747891B3F18C5B8317D78D5147B6243994F7D35ADDEF98AA4C5FF",".git"
".git\objects\26\2d516bdad27b27109beac4a9435e892c7f8436","145","F0776F38182E8EC8E942266BB60EA0307F80783DFECD8B1A160C8DDE50CB3721",".git"
".git\objects\26\331a2a34f9675c512f8f17cf18584f96b2359f","1040","7F1D9BD21FF76524677D9AB90C7D906E8C00F90AAD1ED49509BA3A5AEB81F591",".git"
".git\objects\26\3c8e0d3202c41b129d2dcccbd2bac125dd5767","484","5AB6D50EA9EF3AA7D1E8A6D3A82CD9931C29C5ADBA9D836DD3EDCC0C7B671979",".git"
".git\objects\26\498976cd8c69536965e12489e1bce5aaeb38ee","282","A843B991C2CEDFAA0A9218E96D690539AD3DD853626005DFA15B3C7FF9C03D5C",".git"
".git\objects\26\4f586a67f7a9ddf331f0762fc17de2ce51d903","1353","8BE8F39DD2AA0373038BD97933AB5483D05197BC1CEA7E88D2318A50CB471723",".git"
".git\objects\26\bc4224603ce63f688e5dcdb3aeabd50380dd46","1358","882C13CBDCB3EAAFB30D5C2A791643D6C804127C31CB0E946CBD52F6E5914F85",".git"
".git\objects\26\ed66238a0fffb5fc8a29bb8edede1a2e6669f8","745","EBE611E3C1BA190B279AA9ED67E1946F2E01DC5F46F74D90817661E66971E1E0",".git"
".git\objects\26\f0fce4292553dae564a447f68d06d5be301aef","646","F946748E500A17F5EF6A9C80DBEEBB7498A44EFFFA584E5F2C630FFEEFE4BF71",".git"
".git\objects\27\296b7163240f507f3c4dbd84fcb1597412a4f4","1971","CD1F79B5D55383BFD1BA2DC1FCD2E6650785A9B573C5D72B22102513E1C253EA",".git"
".git\objects\27\850603b441932880d39d34a1d7b4b8b0021b87","122","6EFE08B73EAB6A530E682D43B2E9FB81579E23788D0D157490959616A29275FC",".git"
".git\objects\28\28b7c75252a56d3a758c58381dcbea293df01c","329","95F92FA6A366EFD53390801F55D26F2EC9868B61E73738BC7E63BB562B43D7E6",".git"
".git\objects\28\2ff71874bf766979616629cd0a1621ea82d9d5","814","E863072BD8CA8A75AC030DBE16CF32DC1712E18D60D462A68C24F395A40B1A90",".git"
".git\objects\28\a17fbc0e6b32ed440b4ae24bc7b4021e2e2f7d","1743","9501DE0706ACE7415154469E5712D1425EE04F8ECC2D915BABEC4F0ED3DA58EE",".git"
".git\objects\29\36e2cdbff45bb4765c72d0546d30f590b3bb18","480","985F50538250503D247AE6FE27DF5EF9F1D409498C42C275AF109CD1DB1C9085",".git"
".git\objects\29\4848e9b1b9554426a9315443d57c119e58560e","2121","50FF1CEE91B6DD11077800ECB0097D623431DBC3D0B65F62C1D30A6AE45B01E3",".git"
".git\objects\29\52c0bb131781e4023bfe39d055445dc9fe935f","207","595B9A9F8BE4527AEA6388B4C0B4D8102726D81CFF1E953E04BF562EF5C2AF6C",".git"
".git\objects\29\68b17f80c77035154d02076210d37c2ba34e42","826","7411E22DF16F6224D12C2E3A0A0C418F066894D2FF024DF88BECA151383CC0CF",".git"
".git\objects\29\78a5977cfebb8feef884d4aa9c8d43d34a181b","1743","E94E2F51012928F19BF54358AAA364FBB39DCB36BF274EB8F43ABD09C1FA5285",".git"
".git\objects\29\b58366b94f2fa3348b1f6d502da3755d7ed269","430","1609F279598F5956A2C4E63EF455D86822CA251AF0430C276DA7B844A2B02F53",".git"
".git\objects\29\f416200f84261bd182ef41df8172de8379aeb2","188","8D2345D960541D5B6756C1B88D26D7AC3BE010769FC3E9A1689A4317E0727073",".git"
".git\objects\2a\0218546bdce050a00b1c48272d8ad5ff39169b","885","F37AFE845291189E9E19F8CAF3D5252FCCAFBDE39D3AC5C45141D809B594F78A",".git"
".git\objects\2a\446915ec8e690ccfc1a012a407d61925305782","1899","FA8F3E5B08860F9AE5FD77D0B3600F083EAC44E9974EEDCA5AEDFA9796261706",".git"
".git\objects\2a\5046c27913471cd119ca97470885cdd44088de","1270","8EEACFC878F8119653E5AD29252864EA73409AAA46A9A7A7A6C965B9F5995C6D",".git"
".git\objects\2a\595081b70a057f925720d540da6ae387a357dd","609","2ACDD59FC3A45259A18342E7E69116412641DFE1805C5048625B55AE534C0D1B",".git"
".git\objects\2a\b9384983cd882b906fb199526b604a7e75e618","6457","F2E347EC5613BB952CD34F1F0D7A6AF95B283169F886CD4FD17231F362039930",".git"
".git\objects\2a\c8301520be38f2780029b57f5499d9ccbdfd34","2203","E7BEEFB8B1B27DB638A7D2C0B7897C065E0C3363713ADDACCAEEB25AA55F8963",".git"
".git\objects\2a\d523fd2f6099582d89f1562f9be6d048072e44","180","8D35786C83DAAA4895C3E5F0D32AD03D8B20F716AC6FC6565C501F67116740BA",".git"
".git\objects\2a\e801189f0544a4acd6500e275975d5dab0f0da","201","3D33165B291C7FA52047744B55A1A69B9D5DEFBCE4BE9F6D3EEC4705B53E993F",".git"
".git\objects\2b\39973dd9a1c8f74b65037a6907d4476309ad68","6236","856911EBCD79FFF93841F70F21B522F9F187D581EFD6119A50E197FD55067CF0",".git"
".git\objects\2b\4fcf217c55b9a73e756bd14ac1522b0750007f","199","7F96DBF888EE31C26FF822FAE814FA39236E8232EC91078AE0580E46B9657BF2",".git"
".git\objects\2b\62e90d2cbaac433ec76dd288746301a5be178a","5858","C029EB54BDE942D0A2B6F664D8289715362411A21FB522E88A886F232B2755B9",".git"
".git\objects\2b\6413caf09571a641ba60e64bc63b10e02eae1b","256","39B4B504F990137285CEC3430441C23F31C55CC8A9AFE0A293B60D1BD6AEFF2A",".git"
".git\objects\2b\6a6163ac80ed62295953f6b3f1e13459a4f035","781","9093F5347A0F674D84114EE8EA3E7424EBA34392396D39CCA8FD333B5FE74EBA",".git"
".git\objects\2b\6c0541b6052a414f5632ae11e28fe53e60575f","131","C08B315FEA4ED7C31E0BBCC81EFBA00339AF12358E63FFF7FA3C05636B8B7C62",".git"
".git\objects\2b\73cbd1ae1f8725d06d4e40c95db64375d1b941","5319","55A9851017D5A5D9916195E9D511EAEE398E6B3B3F5D17E3232015EE495F91B0",".git"
".git\objects\2b\7e6e57f19f99f77e6226784ef493f89f93ddf2","26033","7E3EA6827933C5F1A91537DD06C6CD5ECBAB88B17588A0BC4E900B47809D4F48",".git"
".git\objects\2b\90e03b8bdb2b2801703b834e731f8420927462","1768","0D855A4AD60BC01662C2A3C13091866BE42C0AC0B496CD8E82ED16F9E731ACC4",".git"
".git\objects\2b\ce5a7fd3613909c50d6255d08db7649c13535c","1926","A6765CAB1F7C89C196426220BBB2F76958BA8625E8A8AE282D31F51FFBC6332C",".git"
".git\objects\2b\ed682a1a349585a587449391c8fa01c0b608bd","854","5AFF072DC3D2BF1D34EACABB8F867E8B997A6AF21B28FBB76ADD61A28A1004BE",".git"
".git\objects\2b\f493ee8b2993a8e61d5c7e87c5c43f251b1b75","689","064312B2311A107E38DB41186D9B284A0A136C4D2D713A015E3A094E7758CE74",".git"
".git\objects\2c\1c3cc9ff8c30ddb3474ee33929743e5e2cbdcf","3123","0A3FEE91B87B6E348BEEB502E4FA68F8564046BFDF0A8F748EA1F00A4AD8E900",".git"
".git\objects\2c\1cdb4870cc14b5f012c57ba550d5bc2fada042","144","3E74C07B08646D4D3D7D48E325F73E6D0509671B914EF872CD72F26451D0C782",".git"
".git\objects\2c\280305833e48fd722dbea67ab1b99d78288e84","198","F1FBBA33886E1C06C34B44C5332867BBB8903D1D0CDB421B63BF6DC5CB38F11C",".git"
".git\objects\2c\3d7180542ce0a0e3d33597b1a27d6aa8a88771","2431","4438865D27C9B415390BAFCA1CEF1FB6F0E3967D09EAF766B2CC6DDCADD1A262",".git"
".git\objects\2c\60f2623119c55861f2d626c281ecbeeec54673","4047","D903134D6A5B3031DB965564AD7B196C0B0AC335A1F73874848D069E99848448",".git"
".git\objects\2c\7fc07ff94d904e8a11cee9d45b32cb0f20d1eb","276","560FF3357C0D4163191CA0660B6DBA9AFA19495DB503309E3ADD68014091008B",".git"
".git\objects\2c\8f6c627ae87b7069d14a3ca1a2a636fb6b5c4a","1551","B2C99725FFC0829C14C0B49FAE6B60666B1D2C745B40D5BFCAF221D15619FCD5",".git"
".git\objects\2c\e7c37feddaa6a8bb813ccb4d0b29119e55dc7a","3194","C8284E11E121C8A718F41C01ABEF4A1D255DE9FF91E42536ECD73F29E4B3DED9",".git"
".git\objects\2c\f3ef48cf3bae1a1a1ec2e9f5b563caa9eaa6c3","1692","1816F84A85427820D82FC99C50D66D318AC84788E769D2E2D06758AAD0EFFF5E",".git"
".git\objects\2d\39f32b5fe8ac9f6dfca6c611f486bd334556a3","771","16E4E439C65AA992133957D26A482ECEDDC2077D781B3A51AFF40D243EA85E9A",".git"
".git\objects\2d\90b3853a280c653ca68e03222c953c755db108","150","70337EFFCB08C61785DE750E4B8A6B9B72AF691FD6237F3E652956446AFBD210",".git"
".git\objects\2d\bad44980dba0af4bbcd26ca7a5880a611c092e","328","2B6697510F9646DCD5C7AC90AE6CD9AFB09DD0AB09EF5E62FBBC9873CA5A46EE",".git"
".git\objects\2d\d61a3a979b0e98f237e07bc5ef173e0092d757","1679","E0AC916771478FD34B6239BDA650620966A9008DD35855EC36CD65CF55BDE93D",".git"
".git\objects\2d\efb2eff63a48dd3504a17376132653e42a0f1e","253","114D198E8C5CE3040279BE1E1944ABA2F461CE717C17EA5475A1E28F8801D857",".git"
".git\objects\2d\fd84de68089affa3ccf3606012e50af44854e1","297","505B0DD4561B305515CC54373A9D541B2AC46D0E16289D483915F167EDCB7FE8",".git"
".git\objects\2e\6320d552dda5ae3b9e42ab301282eb4f6a13b9","534","111B12703337C5433E463FB4603021F0953E85DD1F743B304CDDE37D8807B672",".git"
".git\objects\2e\6c4f167727c805887ee7e5037ead99aade8185","148","F35F5CF5117FAFE16AEB216D1C7075599DAE2DDD93B0ECDD7F30276793C7C434",".git"
".git\objects\2e\75e1c0f0e77cec9158c5bf58202f259e0fcc9d","153","FF023BA31C2CCECD13E903E19F6D0A587A59FEEF530D675502696E248B34DEDA",".git"
".git\objects\2e\ae133728b091037e9c9aa23bae8b0a0bc007d7","418","E39F9FCBE9007611B1D306A50E41D6048E5B04169BB2D157350CDA8544BD9CD6",".git"
".git\objects\2e\c19a436a6fe786ada890b7f33704442c58168c","277","E7A3E8BD0D0F37C55DB4416BD06102E5183DB6C047A9C49973BD947356C38B70",".git"
".git\objects\2f\57ff146348ed1c3be26b796c856ea0099b23f3","441","74E77CA5BA04E01419F1BC00AF41F524A48D6A5DEF062A42FEE70B32A3DFF0A6",".git"
".git\objects\2f\8bcc1a53b939ddf73be2f0b2884b8a53fd2774","523","28BF6872E94159A077DB985E42B46BF39CBBF4F06DC938C51A79C94BA979999B",".git"
".git\objects\2f\b4422947e491ddc3e359f787425b689f0ae0f9","9079","6C896FED2EC5F63A681862BF10F6B3732818CE20ED458738E0770121E8EF18D5",".git"
".git\objects\2f\b80ae656cac89fe93288dfdd7adb232a0dd235","1905","97B28CCEA918EB924B3E0BB12BB9FECDB2F76F94D4D69C8AC0E38164D86C3FBB",".git"
".git\objects\2f\cf5bb7a81be302f5fd6e539c61caee8c8112d6","120","44AE4C4220645A63A334DAAD71E3D28763B9B210A9B33A285D3460E97610849D",".git"
".git\objects\2f\d2d2f05860aa44d79d70b56c01f990d8adbfe0","415","783BC3304EE3238B52C3314CD5C9253204102AE42BA070B0F2DB9BA58D339C45",".git"
".git\objects\2f\f2a38732db8c047b9658baac77785a67103a20","927","580313C1AE4D12725938D60944E8CAF31163C88D6DE0B4F87E6D38EB57CB2C8E",".git"
".git\objects\30\3ee8f58fb45206760ef17c41c75dea47089e6c","53","EA1CEBF38D80B02B30F2C17E7C065EAC32FEF3655C6FB8050AF607E9487DAA30",".git"
".git\objects\30\a3dffdb5225b097a191040edaf3ee54dea8c1c","855","9E6A4BE95413CC8FD576D6569ACD9FABE9F6237CFD0011865604F2950B550E6E",".git"
".git\objects\31\2f28d2865fd0b1d1bfe7e00a6b283e8a200bf7","55","9C26387F3257C157FB2BF87A253DCB2F5D394209F23D5480348F9C2FAA0F2B48",".git"
".git\objects\31\3dbba1b0673236799992c8e2b27e339325b262","183","27C1170D709BBA48DD56FDC9E7D4F71B8B620DF1F3F593D82CF8D90D6AC0D279",".git"
".git\objects\31\4cfa7b3d3a7d1bd843043d104d13d13a44f647","354","5EBA1EECAC42725C42F7F4B073A2C379A17DADDAF519004C5E6AF4D66DD4DF6F",".git"
".git\objects\31\709a3de5a32560ca7ee66de2a685042fcd6abf","9692","7B58CB6F29068B9F012A4664EF8BE188BB3686FF7503B49FC8A106B94CAAFA21",".git"
".git\objects\31\97e160950e1efacb345a9ef95ec82434bf4026","1556","44A9F1F81CBABC7A680F1C4CF453726A54DC244C54BB2C4F13838FB4208D025B",".git"
".git\objects\32\0c1a297e1f9dea2259a9f1e74237c6fed5afdd","734","C7C816D6413BD1383F39970E7B5F8439086D32148CF76DB1F9E0D264F6C0357C",".git"
".git\objects\32\1cd088eaa58b16b4de88c33b428fe42f1e9205","1058","4C6CC4CBF43348F36FFF865106DD708399D1FDB94D1BED07408E503E512D222F",".git"
".git\objects\32\2ac190e9ef4bc6b180e3ee8e0aecb10298882b","504","3360FC1FCB82A103726B6302E6CF5DB2D762DE1E665F99430F7FDE69EEC7C463",".git"
".git\objects\32\363f698bbf5019903458d4a858cb6797a38d78","1387","28B65E36E1D83BBAB11A98DEDB553AD03F909536399D78A419AC6AEC7E505B9A",".git"
".git\objects\32\4b92d1f56628c5dca71a6cb31d6e7b75ffb4e9","196","E3972745AC2851F341C5A871332C3F686A7A27C580182455C24A98285180C688",".git"
".git\objects\32\65c11ebedef6fcca22c8ebfea3f3cbd00c4064","531","952F027095D06B66227CFA599374B6F3B2CBC1137AC69794D7E17374CC52665C",".git"
".git\objects\32\6aa2523ba3abff8c1e332751947a9747e5f1df","668","CEEC16A0E4DD5B26211E497B5383BC504A946CCC6CD9855E57D3928CC2C93803",".git"
".git\objects\32\6cdcad2b9c9dd6047538f301a831e68b1ef86d","20889","763A6CF41B6B1603C503D69A6EA3F3D059AEA599B166EF33493A5F8CD4100A4D",".git"
".git\objects\32\709d37e2cd4da03bbeb90584f6aa2507eba077","544","A0C3A537CEEDA218792D1D35A64DEAE3C1F1471F1FF3DB1FF53C0F08D850FC63",".git"
".git\objects\32\9d52b6d9c88d7da46519b7dd3118caa237ac53","468","ABFF29E5C4F1B6193E1B4CB851A7C675725F8BC6863C8E745E94556A201CD738",".git"
".git\objects\33\1045436cf034f6625e8b7f446b5300bdda1645","400","E8C5BD62A091B8ABA77BC1A15D5FF1BF276AE36663E631A25EDE7CB328E971BD",".git"
".git\objects\33\11321ecc039542bc2ed03e0d42c23a4fe5bfbc","819","E414F7CE81C16AA7A8B7EFDA5C689B9D1BB063DBDE314862E55E8E93422CCD5C",".git"
".git\objects\33\1a3ff30bc19561f5cb5347201f89c479d2182f","10750","7404107A0CA8B7454C41B9418B38206AF98C4AE544C0FF2FABD6E6ED4B3256E7",".git"
".git\objects\33\22080a3310da84082442e0beeae4facdf6ff64","161","69B016E97CAEF2FA99AEAE7F61D588C387A1D80C43FEB9A56D34630441B2D28A",".git"
".git\objects\33\755a9f28764d955ff32c3a35668f110b23ada8","187","1CD5BB04669D060AC9DA53FE19D6AF60CCA61CC16E7A0F2944848423670D9D6E",".git"
".git\objects\33\962285ce62aad45fe0fba0eb6663760b5e4fee","152","910F64C6197EBC681F435CF1F0C5D309FD54C8A7874BE1AA5D2EF95DDB04852E",".git"
".git\objects\33\d3ca3fd3b62a5b2970e0d339f53d4dd7995435","147","2010E885479B9E872C431C145777A1465F4434094E9CCD1E49267CD9D0390F84",".git"
".git\objects\33\fee14bce517ef7ecc91bc5eb56459cd0856b8c","457","073E638E1460897BE3520976B70EFB30FB2B070974EAC946852D1CF7046E2DD9",".git"
".git\objects\34\8ed99de5dc30764c8f6534623a9a7d1799148c","1657","852E621C702F03D20F32B7750D334E559818BE8AED29738C74B12177D672F13D",".git"
".git\objects\34\e19426e5d36bda20184fff0b6d1feb2d5b491c","152","A9D1A467B5DC1AD808090FD1DD5A6475B616222973E3230DBDA8D0CCC57B3B15",".git"
".git\objects\34\edd8f8f1ac011ed79a3706ee47112357e93396","327","857826DCC4BB14766D54532A3A75B652E8C4874BC07EAB73CB60E479148E1EED",".git"
".git\objects\34\f266b0acd0496d4f2a2e85336e0d8b8b9ee40f","1091","DB967D9B8F9484A5C3DEC2D03B3A7D420B6860BE54866C56D895E8EE9190E36E",".git"
".git\objects\35\20b59a4a4b9518afbb629320dc9137a4e00ac1","2825","A23E9D85557F6128C0FE9D3AD0ED3C0A5CE30CA30F5792025E2BC32112A23859",".git"
".git\objects\35\3ad93bb10664ad899eaf48729ab6c233c3cbcd","2064","63D2416AB25B86735D38B772ECE027A08150ABBC5D02D8D680947BBB8605EEBA",".git"
".git\objects\35\88f4d86bcde9eef9171232bf2d9d30683cd857","186","4B5377F6B95DF2AC2EF7F2208F1E16F37D655D0577A443858D00AAFD463203DF",".git"
".git\objects\35\8bae2a4984ea9bb6c651469011b571f4a37f2b","789","D80958CC89FBAC25C60FD979FAA5DE091B3D7B173E959E3DD0C70D16A94992C5",".git"
".git\objects\35\b48c42b326a1b3a2bb6aeb2aca55ecb33bf53b","281","C4C6EA505003B0C89328F547F449D330B44E694FF479AEBC2D094B5E2A16BE20",".git"
".git\objects\35\d6a4a8b9f1d775aa05de075e924ef3bd83b061","1323","4DABC1567675643385A3D1F31CEE46212A21F6FA05E28C37B675D0CF410F8C98",".git"
".git\objects\35\fca016899908696857287267405a2d7452bc5e","387","A9F3B952D0DCDCCBECF63CFC4AFF504D40ABDA8DF2D077E98DB995A682022A3D",".git"
".git\objects\36\19d2126f7e7935a74024b6d815657085db7ae7","207","4F2709EDF5766C5E38F257902E1540102DF7EBC751B985758FDF72ABCE024CE5",".git"
".git\objects\36\43570b2e17584753f69c65da74e0c89fd4a155","151","5CB10BA4978A5D3E7E6C901401FC69CA8656D0C2E013704775EF0061517A32A2",".git"
".git\objects\36\45f7a8b57a9702a5c4ec419816db19e0e22033","1728","D53820EED0CC7B824F7E0D75AF7E93B051DFFD1621DD0F27DFABE44DD6E6CBFA",".git"
".git\objects\36\53d6d2aaa7fcde00d96eefc1e7d59fe3332005","441","5E2B6BF30F01D74197A5615FDB8EA5075679EC4BF46421B4CA044C696F5133B8",".git"
".git\objects\36\55dd6b11b0a64eac19d2134693014743a72d06","1170","53E0D78A23EFF431BE8A2CB1FC42F841D0D8D4E91F5D6668F5AA663D3DA99BB9",".git"
".git\objects\36\64cfdfbad293361b7753672e733b0d40e11aed","5194","C464D03FD266AC49641F706640E9027B4E3372CF26EADFC0DF07C961DCEB7323",".git"
".git\objects\36\af33e515a87a868ab92b30782a38ffd1b887c2","155","B1A114BCDC13E05D50913276461271397B5800F1E1465226E05908D6475AE906",".git"
".git\objects\36\dd3a6334b72ed021c6b6d5767268cdb1bebe4c","371","C786F280CA5E041F4F9DE55375E3623B817AACBB7EAA0881B4ED76FC26270FB6",".git"
".git\objects\36\ff77c701476dff78c1bb2d1fe02dc9ff083b46","545","51122DAFB4F170EA5A69CD998D4BDBC4D54C75E4756A154B4252A5C9D78BD930",".git"
".git\objects\37\792f6637801a4aee982d951c6a7f33f850e4ba","185","64D00FAE988C9CF306BE5BB0DA929B3ADD2D817408EE998A53B1BC2AB2AD9FDB",".git"
".git\objects\37\d579b41e3f7a34d8f66f411c2c794852cda3b3","1065","4B998DEA0C094E7C69272E8A8FAE833881AEEE8C5F0DD0049A135E577493A2DE",".git"
".git\objects\37\e5e0469f09ea70f3fdd14261fd709728328032","1034","7C40DB1D717039D4EDA5605C772EA3954445D42720BC6479C468681A5DD24D9C",".git"
".git\objects\37\ee76f3c59e6761f9758334762b651af677704a","264","FBB9F1A5BCB393749418E342F076810405490945514A656A2A5F5BCC4354EAA5",".git"
".git\objects\38\4796c7caeaf0c077df569f7af8c93dc4287533","1521","621ACFB38DF9921ACF363EE1526836E054D8DA3B5F81C3946A650C6080B7AAFB",".git"
".git\objects\38\56e5448b39980ca09b6490d373d8264587dd25","2379","6798B67D65D2B52C1D5E0059DD8B1370057A0791C5B977DAFFBB00CCFE58C0E6",".git"
".git\objects\38\6af2ebadc16f1aa946e6592fa3d0012a766716","86","D6459544CFF816787FABAFD78291C24200C9BD8AA870EB5B6FEC2E43200288DF",".git"
".git\objects\38\72ab75bb32771564552bd9b4069c97f4af0d62","371","E4727EE6850414A19522CEC695D3F682E24036E07942ED93E4699A1C71B8BF07",".git"
".git\objects\38\872d09850a689b607fae601e5e6c38c60eadd7","1017","7A0FE20D4E7EDB73C173567787BB9375089C35B64B0061E42C306E52F593B8CA",".git"
".git\objects\38\8dfb11c3b8b7e289bff4b2ccde275467f6acbb","188","9F3C4931FD8AD5CC5FC5372920EC093C4E966D606CACCE94D4620047DDAFBF48",".git"
".git\objects\38\c9cb33da321b1251475d2d40d1f10c4b2aa454","3131","E197ACFB09177FB2343E425D85A88D2D3A49F2172CB3D7FF33D4B13602388137",".git"
".git\objects\38\ca4a6048c53a125c47025484ce6a303d780961","913","2E7DBAD9E3EAC1B37AEAD5BB71986BCC19E4141ABDE1E4B7DEED019BBFFCC5CB",".git"
".git\objects\38\cda8786b7223186ad026742c0f6445ecef4f91","1423","263FA3393DC11CF4FA0FCC239EC966181333A7DADDC79BF9F7BFBF1A38AAF696",".git"
".git\objects\38\d5123a00e0e6e0d843fc8a3a6f44baacf4f00b","290","9ED7047E7E62A1E5880526A43EDECFC59E679ACBA7B0FE30E49AB5D4D7522A82",".git"
".git\objects\38\e2ab06001dc02243618b8671ba9cc828ae6c8c","2274","CD2F53B5CCAA51CA6F680FFF0883AA9690ED7CE97A2D9D7A0EE99CF9E4E9C36A",".git"
".git\objects\38\ee38a70aea6c675c44bfbe552c0980616ff8c5","307","AE77C21F890F834B2455786B01A0DB387D9D93BC8C373864F9BF47A2E34B45D4",".git"
".git\objects\38\eeb4429788a654d314695d9760c19b0aeb83be","116","E28809FECCC10EA9699FA22CF3C1C59DAE1B3011618B92AB48E4AC58DC32C74E",".git"
".git\objects\39\1f9364a19317f39b3f918951295a945223b049","373","1963471DD332D096CB2ECC158E652CD25F027F4AEA9E571F839E77E8B43B272C",".git"
".git\objects\39\217204e0df390714d675842053769d21fb6ca0","903","6CBAAAD317AD6E908FF7C720EE4B1C48493BD5D6742EDA7CDF6155D78E9C1C4E",".git"
".git\objects\39\74d09c412ada07158376d4427ecb1ae6a51b73","1839","AC04170AA3C5FE01FB18A369D6065D9A1905E86FAC2ACC4A94CA48A1E4FAED1B",".git"
".git\objects\39\81f20e0cc31fbb3ec19168959b06c0fc8bb333","3212","515057426D0DF5CC70CDA7A3DD604857053CDA3A89D786934AF080D1E67D7D1F",".git"
".git\objects\39\89cc2e20664f84221bd071634d16690594646d","164","B8691428DF62C916F08343DDA08257BA8887D2E7AA12B40DA49DB7B5175C3A8C",".git"
".git\objects\3a\026a7a634489bfba2643b932cb3c04030419df","1277","15ED63A3A985B10FCE76431CF4FA54D0B1A0C25FD175D9D00C701CE6455FDA37",".git"
".git\objects\3a\11a5a7c409abb9aa96ec08648be236dbb29717","185","5690B3CB62E9AB1C1B50FC027CDECEEB5777AEC3072F120D57F1A84E342B026E",".git"
".git\objects\3a\68d5aa68f89b5ec4571d11eb9460eb924f9c80","399","A98975C54AE04448CFD3115FF55AD3B760A25AC707B659066B548BDDAA2AD44A",".git"
".git\objects\3a\8aea4bab06637b5d89c624257ba4c831e788d7","275","3130831987CFA315CC7210673676B0B5AD66E8C103DD9EF5F01DE2606DD1CB37",".git"
".git\objects\3a\b2a162d55600559e1773c0258252b5c1ad813b","942","285322074AFC53D1337F79C830B2B00435691D0CD0E57FC33D0794C0EB420DA1",".git"
".git\objects\3a\c09b6409fc5fe8998425b6cfd46c4f934abeb1","95","0D4B8F97F20F333FBAAA0BD13E6AD6FD985653E986107E46705366CB64469293",".git"
".git\objects\3a\dc08a1c13dbe953add956c43786c93b23d6adf","240","252B5D3D6DAC01B71E10927CA0545297A43984E00D11D46A93ABB4E7DDA21E46",".git"
".git\objects\3a\e83d3576fbab46fdfba30699372648793f86c3","3633","BAC5BE73E1B1DC55128C48493E3B7A024C7799C00955F37927C03E0B2CB2CC94",".git"
".git\objects\3b\1bc19d51f04431450f08296c047d81084dac30","396","081A73C28632EA9A35A2ABFA39F753DE529C7DD4A174B3234489132C665A7E85",".git"
".git\objects\3b\76c14bbd6827e9d29648995bdf503bd4054d08","1022","08CEF2EACD9CE7E6C3D1B46D869CDA82016C35475882F02A177EFE666D182603",".git"
".git\objects\3b\9004337cd3114eff11710856fa2138f6a89633","130","F9D497A919D866B7CBEC61AE335862A7B5310CA397A1F3177ED62C25DDE669DD",".git"
".git\objects\3b\a28d888d7d31467deffe4ee9fc12bd7c9227b0","1824","1C9586B14CB116A0E5BC2D28978887FE5E8E5FAA5ED5DF5D32C75A7886BD7151",".git"
".git\objects\3b\ae6556e218870bcb27132acd39d2ba9236e309","1050","BAFCD380BF798A0C2169B90D6C76AC75F2A9ABE9B2795786B78213779110391B",".git"
".git\objects\3b\c2308c95d169634eb7018dd99eb1638b538771","1962","D707DEA090308C108A75A922BA1AF25DFCDC4638AE112DA8B527C4F7303E9AFA",".git"
".git\objects\3b\c397c28d9e3fd1be758071ef38f7ed58fd4feb","497","B0796164748C479DD32B0E4988922E97A458C013F8669981265CD7C2C572671D",".git"
".git\objects\3b\d299af44d76d641007d466fd8b680e69361f10","1346","5963D44535B158F8B10BDB8B2400E663EBC867C457D1A0DB19288AB637DB564E",".git"
".git\objects\3b\fb8951a5f352feebdc9d9a775563262129dcfe","49","D188BCED451437F01E6282A979C8C9D5567266B82AB50E29F232BAAC8C2E925A",".git"
".git\objects\3c\090117c49424b050d194dc137a3d737937ccb5","883","E3D0F8096ADC501060715B4229DD442F0EA693A12D94D4111120FAFB4F272AE3",".git"
".git\objects\3c\6e4f1cc0866ab65f3c6f0c77dab358cee72e8a","3689","1B3C56F1CBBAE38F4581503D3F7A20798D9E3C0E1729250BCE6F7843AA48CCAF",".git"
".git\objects\3c\85da153fe599db4b3c32fe9d7d2a0317435949","338","91A50AD99E1829A8D33F027FA534B214E8E76D88FC65AB41C85467D1253489F1",".git"
".git\objects\3c\fa2e0d998ae9330df8878e8f870772af33bf0e","418","796CE5D18551889E99EB2F81646421ADDEE6AB73B00C2042EC0AA062418C8D60",".git"
".git\objects\3d\531a12088a35c2d4e7f9f78a7ae006aa8e1d07","1144","4A38D047DD284BEABEC85AF27B622AAA45BC26B06D3AAE2904D76E05FA58F623",".git"
".git\objects\3d\85a16c481a99f32b264a63b1730f7e0538c3ed","647","79F4EDB42C97DDA86D47D4F570CD434EBD7AAD17E3BA02946D9CB95D021E04E2",".git"
".git\objects\3d\909408ffefc8f01e3ad5f7e88bd130e7c969c0","41","BA61B83EA099974F93A6287B87747D8B016DEB6B0C6F12A3D1E1B20F02E9ADFA",".git"
".git\objects\3d\a2011989347dabe3fa9b3aea073122f28ba922","6119","9F098316F9F966CFD1199E424816B20EC11390F480F963264B123CA86F71545E",".git"
".git\objects\3d\f5ddfa566ba2eb020194c670c8cf9dde9c9176","6628","371F2012881CB1EEBC6B76635B7ADAFD77EFA298E99B34E27EAF81124A2D7F5E",".git"
".git\objects\3e\024250569e552fb251dcdb54982adc7ed34417","1692","47174554F40B07ECCBC53AD2EFC20E0E3D7D818151DCF1284ABD392EE9CED66A",".git"
".git\objects\3e\0d4aec7cfc070fb10a23163e67c02f27c3578f","1974","A1FEC3BD181D8395AE78D4E165D9D36E0ADACE069DCFCBFBB8E815DD0ABE0918",".git"
".git\objects\3e\4efbe442729f8ff56241ad345f9c7cbe04b9f5","144","730DC6B022BE6FA6D526E793AD4C720550D8B3D76586DAD338CB3D34E1E993A7",".git"
".git\objects\3e\5c169a7c2bd6dad6bee4c1826f247966a19d7a","2218","C3F3175FE05DB88C0678A63D4A4CC74C47C06F44ACA3D4D199A8BDBDE4B2EC98",".git"
".git\objects\3e\5c6f6a0c93027e079447cd933b38cfdabef783","1701","AA09AC68BD70B37CAF9AE2112F28058B7714E1440D02A1C9B82E278149ED8CE1",".git"
".git\objects\3e\7782bc4da096727d28e14137e6a0217937246d","1693","4BBA2CCABB29194AD2230FFAC4F07EA7CD654A687841992438DB32B31C18F6D9",".git"
".git\objects\3e\7938cfe541fd1c8e49e4995ebf18b93529ebdd","3184","B9D2D119EBAA1A3A1179BB1F161AC801FA54E1240D3A9A1D5946156747F5608C",".git"
".git\objects\3e\7dde16df5111179c9033606f113b4d60567c51","3713","56F14FB726E1D40AA4E9BFB36EA165EEC598222EE4DAA0B54BBDC2103F546B3E",".git"
".git\objects\3e\e49829f2db8347c258651b97d5be572e62ea2c","2115","17398A5346A77FC172AD5C002ECAB51B67857ADE16AB2786DEBD7A930C2C5F36",".git"
".git\objects\3e\e643db92eeb1f3b541d3707f3f3daf652abde0","196","619093EFD680467F6B515C37D2EAE099715214709CED3C938249F62A4B756ACF",".git"
".git\objects\3e\e87c33d84f6b53fb81e8635cdd9396cf3098dd","275","4FA755405F65200F7EBB9CD8B5A6C675BE39A5E49DFC22DD3BFD6545E984DFE5",".git"
".git\objects\3f\185bd4a7bd1db3be71c43a672fbf7976dae819","726","073590525ADA0C0DBEEB1FE7AA51235ABDBC4CD75A1BBE6208F3FC2C4EA12E10",".git"
".git\objects\3f\18a32a92b5ee337dc4b38f0abab8d8ecf35f9e","209","BC96673ECA9F27D3F6FD6BC09CD985102C844276F6367AB4E73A3DC9F2BF0275",".git"
".git\objects\3f\61cb0074149e977e392f937016039fa5cc6c61","1279","D8270CCAF67D8FFE8B477EA71134351CC4B5A6363291EDB33D516B2517D53ECB",".git"
".git\objects\3f\a4b9bcce0e448909a20dfdf710ce333529ed26","1571","4D53E492563E995BEE45F3512ABD059C7E751041CDA6838CBBB10FC4A42BB0FD",".git"
".git\objects\3f\b174305b6bce29b456e5a4165074a85202334e","273","0E2498BBF6DC7809622D950A0226107F9D0F95ECBDF608D4F544BAF6C5659F95",".git"
".git\objects\3f\b3149e8647688d293aafe7eb611bb78b4ed0f8","415","A827D4F4EB9176179E8D2B7437DAB32FFF5B01C062E458A4401FCCDB0CDD2775",".git"
".git\objects\3f\c128d8832f51ca8d760f301a68e34c860b3dbb","210","C184632172D4D06BA343F146CD928E6FC0D86FF9F764D10A33E061457EC1FC11",".git"
".git\objects\3f\c7b0328db8762666f18a635bcd8b0758c8f691","2215","72519279C2BCEE6CFB6A15BD9CB68E1508755515B8ACA0895955E369543C7194",".git"
".git\objects\3f\f3e49b54c13832da188c0912709d31c0435cee","154","1C93F4A432F88EB52262C655D10039AB9FBBB3B2D8FA095935FC72E7BBC3C2FE",".git"
".git\objects\40\0af8b50a9a36e8a6be2538297a580e2ed02c0c","3998","467E4B630CB44B8E5DA5B2E0F61F647585E6340531316ED14EA31EF2FF67C929",".git"
".git\objects\40\484f274589f2d58719611fc86bd48c22f8edfa","5282","2071327835F8F18BC5A35CA9E0DFFE83F45638D62D1A4164CFFA0DA05489B3B4",".git"
".git\objects\40\779eef87aaf1fcfbedbb2938c87d4aa3647a16","5497","B54D7B3D716AE6BAD7398F12DD08312F13F289E086629A1EE543D20EE223E98D",".git"
".git\objects\40\793e0422fa1cfd9a44f473a5f32881d8f4caac","1240","EBF88DB4325E179D2E54173A9A25D36917F4170F5D1622EE7B8345D020E8A0F5",".git"
".git\objects\41\214f5fa921d93456f7ca9d7d55d50f10f60e97","395","6EC4B98EA51F16D1A766A0E71007015B9EEBCF34DC440F0EFEC8BB99E76957C5",".git"
".git\objects\41\335761aeb711b160d96533b82bc626a819b7fb","178","3BB24EF84F39D7048AE174A28AEF993D1ED5CA55C7B4CFA40755F2B36B9D38F6",".git"
".git\objects\41\3b608b18ac1aaeeca2362ad4e587f8f9a5575d","381","2072FBE77C6A7E2EB969DB4BAEABCF179612AE200D73AC4D1BFC1A5E65490466",".git"
".git\objects\41\40998d454e3cfe7dbf678811990d11e33bbe2f","901","13B47FB6DCF115CA1DB0E2FA6C9F9347C4CDCB16AF1E721B99B5B99E6BF688FE",".git"
".git\objects\41\6a3bb45b4bc160f1194dbf7629fcc24b82d5ca","668","674CB6ABADF145870DF260F93DEA81DA7543B29E40632C55FD651FD557189D15",".git"
".git\objects\41\850cd1918c627299e2bb88ce7ebee10330dba5","422","907BC5FB6DAF5F05C24C14A68485E225DDFF7D830C2EC7345C2495FF9A4E2706",".git"
".git\objects\42\0a7440034e78723f09ca92fe91bffb07e24fd2","812","950234CFED93C7CC53B11B40E219C8BA3CD37EAAF4C9172C84D929416538EB52",".git"
".git\objects\42\384557a25dbe7e8cf00e010941b0109ccf0e0e","1585","C5CC959F0F9877F749CFB1AE1016A7D9D0A15DF0B985C560CC6B80C1BFBDAB89",".git"
".git\objects\42\70f695d187a1231a1488e177d0f8bc5b6a9226","584","B8A707EC19F7AFC3473F4BCBAFE2B94DE2711BD6DDEF4A7DDE14830BCBA29464",".git"
".git\objects\42\8e7bb60e85b1de542a81b8b7fe752868a7bce8","185","005356C3F0B669AD59E1DC25C871947988C479A3CFA3E921BFCEB84094E9620F",".git"
".git\objects\42\a369ace7df108273112fa666d616486f09acd6","375","1DFCC6E38CEF901D8FD9EA26649DF138D564743BB87E9DD97AE2AB26054A2690",".git"
".git\objects\42\e7bd284d98f7da37532f6375b4ae00e93a8093","499","0851F4ECEF2604BD542C094B3E29A21303CE313C46A0C274450F142464641E13",".git"
".git\objects\42\fb2cd5027457470b4c0e0f7e770e0258d41e66","466","441958184B885887B3937C8777016F2F870446EA733F565AB0EF0BD6B9233C90",".git"
".git\objects\43\5faf28e7ee9b4e3361fc7f6cbe8745b9672df8","371","F3358A519B7A4666F43A6877CC0152D879C8A8B2C0355D0FE2C3E59A29876A1C",".git"
".git\objects\43\b76029cb36891ef5da05678cdbf3c5aa093ce3","148","E29FDB631ED18D055B50D7A995223C5E3EB2943734614E9E6D1BB468EBA2B115",".git"
".git\objects\43\c026fb12de65fdbb9785fe7c9fa90e32babc60","52","ED96319CB1FA87535136EA5F783104565B01D5E1DE5383B637E3D29C9DB941E4",".git"
".git\objects\43\c52f54cffefbff4835138c2259e2cfcaa7e62b","522","35C4AC5A577262BFBB6DDD751809D9CDFE5DF5DFE714C392231BF74368382BE9",".git"
".git\objects\43\ddd0ac75e61d77dc4c4fb37098fcc6ec0de26f","122","E3A7661E791F2FA9AA7B35B9C641C0F82F415F73CB853983866066C2F641F3B1",".git"
".git\objects\43\f04c95d1064ec82b771545d567542318f13a5b","74","9EF7CB115149BF7E9E1824BEF72CD71AD38E158B09E202E7380E4438A3FB3F9F",".git"
".git\objects\44\06b5f13e7c7ec4f0e5c764528ebb962a990399","347","EA366FEA180843F8D0A44C776658A16212F253A1D25DE44FBED8FDF619D84DFD",".git"
".git\objects\44\26195f5b2d6b4a1b337957cd683fd9618a2bf2","237","68FA79E24DBDB2EB3F60B8159ADEC396D3E88D7634EF1D6F4218188AAEF6B04C",".git"
".git\objects\44\39bdbab8ab0260175891b0e45c6e079613f8ce","193","59B7CBF693EDD3E281841732770C4AC94FB56593C35D1B4E4E621309846B654F",".git"
".git\objects\44\a10152800ea0dcdcb2c1d59fdec0159a0c4b63","437","7B618C8F1D992123C0D7BB81C13EF2F0D58CB96C6079E811310D2B25064B2541",".git"
".git\objects\44\c14086b000b5c3eac335aaf824f732c8e8dcd1","7920","E36BD7388BC89C2593A57A9D8CB5C4328F4B95C771812E9589384ED7298D5EFE",".git"
".git\objects\45\268640dd927aeb2951cfb5d1b7afb54d314666","1091","3A488AE82E24CA460DA05FBD0FD06683785DADE51283A8488DB848B93161983D",".git"
".git\objects\45\7d32bdebfdbe658e604c9ec1f09ddbea8e6dfe","7418","4304138FAE4A44AC3630B76C21B0F41438050A311809AF114D706B85374DA9EB",".git"
".git\objects\45\82260631b309c961b80d69e79b349afed8c95c","54","F8CC7926110F98EC4196EC007DAF41E1AD31F0623FB46BC7B020EE7F3D7520F6",".git"
".git\objects\45\9a10ee180ce7e9240ada5ad4695612bed841f0","211","83A08CB6162C4A939B572D679C5B3E2D0A38BB692EB6AF075CAA52D408DD2013",".git"
".git\objects\45\ad30e192cbfdf73fbc7880bee799de88d63fb4","209","6F0D029B352F910B63306FF18A8A08085B487857A54663E18D2A93D49E6ABDC0",".git"
".git\objects\45\d2f8c53d568f7a911afcebebc1a23b485022bf","755","611EC4A7D2FDDB9AB5207ECD6CD47632D82A1CB9BF001553C5A72426A5F1A861",".git"
".git\objects\45\f66541ca822422b2cbe453af236ff3cd0397fe","1297","79EE4CC8D9F644EC013EA362D6E4AB167F7E1860A9AB66D7D3EE28EB9A557D47",".git"
".git\objects\46\0e39164d588a96b5383a2062eac0f9a26f3be3","294","FA4E71EA098C45BEDD91762C2AF409B927D4387D1C2349DF3047FD7D1E4D9AAF",".git"
".git\objects\46\38ff5d43f66280a9e88a67d1245cd031b6bdbb","20222","5FA0873738982098544D68EF105EC5E88395AA4209C5AF1737B4BE5E6F43C537",".git"
".git\objects\46\4b7a8a7432030244016610bade5e2751b2945d","1840","34DAA0F99AED23E56E0E17B07A16C54B3CCAA548E277065876E13EF47DDE63DC",".git"
".git\objects\46\5c948adc8e429fbe3c59483e3078afcc312209","1337","3EBF8D957954E04AD7B88053C616C49E1A9D9E1F0107E5BEA7F32728D45C5D7E",".git"
".git\objects\46\7fcab48a685f92266b104ca882fe5cbe40e9ea","1364","4D44E94AD728545A009F6112AA7D6F0F07936177AFF20CD71FA29048696A53D4",".git"
".git\objects\46\c3b15d9fb78cdc5daa4a7691a5c288badd06ac","6490","23AF6AE64AF9190B6F9B50BCDD71D08F9F80CBF8F70475ACFFE7F252D7AD5836",".git"
".git\objects\46\cbe2f684a2a25195e7aacf6676ad49305f3475","479","3E5F5D9A60B31C78177F1000EB1812A0214A42BC3A7C9F6902C31DD2E224C9B5",".git"
".git\objects\47\310801db57c85f81d75db70fabdc60a65da1e5","1498","D44B1280F27588BA24F543548CBE0382BC07CBA1EBA95005E111760334342E58",".git"
".git\objects\47\5627465d0588783bbcbcbb7717e302b36e7e03","26079","9A2368E823C0ADE6677A538E1A57D26C87FB01D5177BC74A43ADC1D56DA92BC7",".git"
".git\objects\47\5841fc6baabc7a92af86c00298e5f0174421ee","399","6699E01D774754B5E0DFC24B5F2143D84CF5465B7682DEDB988B945D5D96EDB6",".git"
".git\objects\47\898deee5f74142bd6bfe4f05c2d9241804be65","386","758EC877F1BBBC21CFFEA7DF858671C5541C394B00C220ADA859E63C93789C7B",".git"
".git\objects\47\9a6df2d41eb7ee13e709c2fa7096547cbe759d","258","93DB68E3A066AEE150AA3142A02CD466E4DA4A0EC1B4F3E2A878FA4E99791958",".git"
".git\objects\47\9d84fa7c73153d8e13242d9c0aa6856e64be01","2380","0D56EE4B5946711369836460544C42B5BB2B4696BF988D3C6AB574A46EFC115B",".git"
".git\objects\47\a87683d58eca2893cce645770574e7e66dd0c9","12184","5E9DD5B52FDA84FD8E112207249B06DFB4ECB9B868EB5CD57350E015081FBA34",".git"
".git\objects\47\dbe18b01814080f556f6db6329e91c9b2f8b75","122","E2BB814876E874D16F4F623AF0EC9B87CAF48B78D71A2A51D8ED580EBF618C71",".git"
".git\objects\47\dd6dd024dbc72d133c77b7a5437f7651d6db8b","2049","0D766203D765E56294AA77A832EE141ABC0ED10EC8ADA9A1972B5398CA2AC0D7",".git"
".git\objects\47\ddba9939a5bce1bb2c2a32074410a1531b57cf","3012","A4E6D78909DC6D550E6B639B64E8A18738870CBFC580FEB4A8E695199C4262EF",".git"
".git\objects\47\e0895c69723e70cb447d6bf443db070f56c50f","276","E95CA1DFDCB823E313CB2E4C87DE6FE2F9A8A44AFF1F393C6E5C33F94F703AE6",".git"
".git\objects\48\489f0627c186132deb559a359505010b1e2580","118","E345B0C8B253B00D2CC5A23CAE7FA9B8491A09B214FB2DFC8E505863ECF58068",".git"
".git\objects\48\710c5c03cf34d8d62e8e398e9fb299da9ba06d","1649","C6CE30B562FFFDA5454AF25E0FD6AF171D6787BA622B431D5D12558E45FFBD10",".git"
".git\objects\48\7453054296fef59d9ec130a75d5ff5bc0bc8ae","154","DB4419A8191D828F5C613F56E3D4A432BCF8C6BF238D8C99640DD25CD27447F2",".git"
".git\objects\48\c25bfc4edc6c9763f2f15028cb304cb23bc3be","730","AFDDCC0D1EC17F9958B282668F86773F4A14E82FEBF786DD9193481829351882",".git"
".git\objects\48\c653e46dc948aacab307f9082cdfea47f4603d","198","71F95478D1CE679CBF081D6BF0F55987A0A50722C01199294A6D6021EC5B65F6",".git"
".git\objects\48\e52ba191132997db66ea2e08f4f03d3e22d9a0","240","A64E48512F9DCA905F9B31F8D8D367A3BCD647526BA345444C2780C0232C74C6",".git"
".git\objects\49\2f67e7519bcfe3ad047d587c7bb2a33d3bd56b","371","834DB04FC5DF801F2FCFE2D14506E1447AA890C71C8DCAE5505B527138C0979A",".git"
".git\objects\49\3e1fae6f990c24733037b920df561170da7270","316","819FCDD4275F963FAAD8B22E2C7011D2E443AFEF037F94712CB92735FEE3160A",".git"
".git\objects\49\45941c107dcfa66c7bc4024b177fad53ab0a17","5003","FA64D7BE41826F8CF1600B465848C16C3C39A7F0F0D272EAE9AE07E2DED4F1AF",".git"
".git\objects\49\49fd9e587b87f3ca51bfa14d7610764835b3fd","1637","D9093F14EFF054F1A9A31EC02F3E3652114346B770FF67B445047AEFE939A480",".git"
".git\objects\49\b346af9ee7723cdd56a2b48a334242a851c1ca","206","85C264D5D58B8CD7986304E1744143ADAD4F18C6E191C367C422A12C40515180",".git"
".git\objects\49\b892674d8fa6934767a9e79cd80dc9a595ee23","79","AB310B50113B1CA8745C5ED27EF729E86F71ED20CAD7B7DD21D2F4BCCB170973",".git"
".git\objects\49\f55b2bdca194369d51ebb74b015683e5e25819","1025","273742A7C26CC676DE9412C9669229D688A9F71B6B9FAF0B4126FE87E41CE798",".git"
".git\objects\49\fbe7ce0f0ac03048b20535e579a7f8d6d9d9cf","881","FB9E7B27A8ADABF9358C8E2DAC5042C1EC908F409AAE4C87FFFDDC5FF5CE542D",".git"
".git\objects\4a\0dd9ddc5acc6a5af45ee7822403c88abb4a36a","372","10BBE4E74F1CC875727219DD37DD1A5FB60B11A82B2F9B3312B0F1BF1C56480D",".git"
".git\objects\4a\5c73716bad9c4e5e2cecac97d7af68639baf8b","8885","7676BF65BCE74E06B2137ED4EB0CC0A7EA16FF9FAF27A1978FA7410142DD9E42",".git"
".git\objects\4a\6049b3c46512dc902b5d9110c0942a056c475b","767","50939F9295E42D3934A5EA938AFFFB86AE34D41E0E342727F9BCA94203868F9D",".git"
".git\objects\4a\98c6e04dcf22f6d56b043f76d54fb18761657b","1317","673FEEBCFFF0F6062B67E0099369E4C192D7A100FB4E50B66990709631AED32D",".git"
".git\objects\4b\506d9b29662b827aefc3f5cad4907a77e8c522","163","93CAC3A5FE7A7A6BF4D01BC6A525479FE92A3C6E611E10B59F70127C1727DB0A",".git"
".git\objects\4b\62951ade98f2c79cd8f0860cd6fe33240c6640","4742","E4AA14EED41F828130E37A4790B8FC446312FB3BC305882407528235BBDAB6D2",".git"
".git\objects\4b\72643aaafeed32ea9d5e175b7c5e23cd625018","8702","E32700B50130CB6089F8D6BC741C9D2F7D2DAACF8E2D88E1FFB399F514556139",".git"
".git\objects\4b\855c884e7522ed73bcd7bb0e4e2a43edacbba4","418","669F328DCA1BFFBDEE92A59E9E597D0B6AD8D6373D930877063ECB312F67AD29",".git"
".git\objects\4b\8edda529b90a43217e3ed498bbe2b816286346","394","C586B5BC10FD7C013F5237A17BEAE68600279BAC76BF257AAD7E2F3784B79378",".git"
".git\objects\4b\ab2d4b9c68e8c474d5171b57ade266ca69a528","9234","FCEF7AAD5A1E86EA2CA11A46A2DA9D20C1CE4ADDDC3B45633A4B2BD6AACA3CC8",".git"
".git\objects\4c\0b615cb077b1f031fe14f797e79466c9cfe557","1862","D911F7A19808BA207A0C1F0BFF743902E1009E87ED14519AF0FB350DA83796CE",".git"
".git\objects\4c\635b8376aee7f017ea85cefc5e4fed3fadd9fa","1487","C3613DC37430A10034E38585191826B720D45B15DDA80AE155030ED5933E7D63",".git"
".git\objects\4c\b6ad9a572fcfed93f75a285c033490d686cb64","3321","DF8DF4628CC19166CBBA0A62C2908EAFAF34D27C8DF655B29DE59432BCEA8E75",".git"
".git\objects\4c\d3c8bfb0e3012efe93790208e29b692f5ef46c","210","C9A163CC703C3745694D110360D44A1E1A6BE6209293975E321CCB6CF994B49B",".git"
".git\objects\4c\f44c480bea903b7f4b0c7d73b673476e954e07","3278","DD091A882080ABD9D3FB0376ACC08311A44CA2737E20C992FF96BC7A1146D6CB",".git"
".git\objects\4c\fa9c409d209cfa980ab9cc7a2449f8195f2030","399","9B831CBBDE2AC118E286165D8F4640F05310FE16675B86F04763EAC90B83DE03",".git"
".git\objects\4d\366c7e91250027f4b8339dbcc55fcf3e0dd074","116","9D951FDADF569A35D0257F28D4FC6F4523A8948BB181DA2C489BDFE28B33AFFE",".git"
".git\objects\4d\36fd479fbdfb278fdbc29485739a91c43cfe2f","658","1A73BF7E2C0187EA1962E2005C4ECBF5087ABE9330BE9C34A67DD29A400A9A87",".git"
".git\objects\4d\44e7478cb64ca0e3f94e0ad89fa1753149d855","667","DC50AC2BBE1E52745E28137B021CC722AF361DB0FB5CDBBE8726028060D64015",".git"
".git\objects\4d\d4dbc6e7060b4e143eff35b36229d63a5b993a","373","D29512D618B350927DF0C7656FFF97CEADA7FE7F90B24938E5E8DDEDF5C4EDEB",".git"
".git\objects\4d\d76cfac83363689338e4e189099e8482fedc16","56","95180A22C3A9B919DE2276A4AB296774D43E834DE8E1AFFA1902D636327CB4DB",".git"
".git\objects\4d\f2c544714d85bd27426c2e13dab1527e38b574","276","BCBD576FB50BD4355EB09FBCEF8E1B37F1EA4F02BBF1EF4D24061341DCF2286E",".git"
".git\objects\4e\037699b610b840b3d768aa4087e1e2b843566c","1332","E322CF5DD98186518B829AA48E11CDF31C04CA923C1CBCBE3CDF30A9B5D96122",".git"
".git\objects\4e\4f71274fae9230f77889fb1bfe1f27bdc15185","915","B841DEC5FE3F7F4CB7B94EBB91DF5C864AF8CC182C7DD7BD357972FF24EDF48B",".git"
".git\objects\4e\5611fd1098d047f3346ffd14850d94f599e61d","1074","2C49D4870FB45331F1E9143962CDC5F0D45130722EF4E80F4A79A031C88BAC89",".git"
".git\objects\4e\5c20878bcb7ce92cec1640f1c43fd790f3206c","553","3A654DC860C23E8DA0AB556EB5DE48677F2E6372CF16D3C559DF1614B9DFA24F",".git"
".git\objects\4e\83ea67e82b9264f678df52c0499a23a7a13b77","1203","79DE83A15EA5D2D29E2984159CC8A8A54DE2ED6BB6652EE44170218FAE1893EF",".git"
".git\objects\4e\87604a809b73b78fe5853698752560103ff6e4","869","07F740095DDA133B198C9A766056EC4BE1EFA684FE18C748A7D6007AA4C65A18",".git"
".git\objects\4e\a06a2c8f520546fd288676baf26a66bc5304ad","838","0E94B2FF4D350B34099EFDF6D99BA28AFEDBB05F6DFA7A693EF8E8A3AB39E932",".git"
".git\objects\4e\b04af876883c72fa193e35270f50e0722b5ef1","1701","6C499F8A7AF2B6A2CCC8202A7CFEBFF54BDFD681BB682F824EAECE46F79A1BEC",".git"
".git\objects\4e\b5b31e5b47e44fdd34201e1510c595d883b131","229","CDD86A4FD1ABCE6E68E7515DD1D2FA3B54F4EF6FAF5A4BB25EB3487142B4F535",".git"
".git\objects\4e\cbca42e6f80ce8f6aaaee3664b65e4f46c8a13","109","D19F88821BC06C0F957B52C059B167CFF66817472634AB0A48C60CEAAA3AE076",".git"
".git\objects\4f\4704519043b0426cc6dd4eab94e12f928be272","421","2700441B0135BF1165E02DED5AD001D5C762E2C35F71880911D41EA7F08EAF3E",".git"
".git\objects\4f\533273a56d6e909225d60d2acb4dd33759e01d","1635","D59893B4FA61943E1BC4855FBCC7D2D508686B59E8A3CEFEE27CC8E335A3603A",".git"
".git\objects\4f\551072ad9039f7085bced86b84b0014f41a6c3","673","E35FE927470E7D042966FE2E770FF9DC24794DAC6945DC28AD9953759752F736",".git"
".git\objects\50\203e7f611e6bc6be7cf4776ce1c85ab3189eaf","634","07DC4BA395F13F6B9D29C3A2B20EE6200F9C78E269B0619AC46D6ED1AB05A42E",".git"
".git\objects\50\24188a6f53819ed92c0185bd1dc30d85525056","914","08B6BAA1541170805E6E152C9F812F9D7B2DD88E7CD1BD7327591A7FB46FF083",".git"
".git\objects\50\3c358684ecdcadad50b2298027d5d939a6ec45","136","FE21E648A4205F763D0D153C986C7358076F428846C5C1861ABB0BFFB4A9AB77",".git"
".git\objects\50\ba073b16729c2f825d84d86e9cfb8abe1633d3","171","9BF229348C6F887FAACB1B7EB031A9E2C92840381104DAE39E16D1C5AC40954D",".git"
".git\objects\51\4fdec3de7bb0572d92f5009e593791d85441dd","433","154EFD4AAE3601A7D079C80466F8DD9695D94E3E3786CC503C9D5FCD734D10BA",".git"
".git\objects\51\5193590f751208b257564e01412b13c2f85846","1285","39A596C250E2394726456BB8F794F3F73A16BBBCDF24C280C3524E66B7A2C81F",".git"
".git\objects\51\5bf48a616c1d3b4990fa5d03c29b196d1862e6","845","706176781EAC28F3773B967B9917FEADC29968B6100B919BA50E9DD2A8E8D0D1",".git"
".git\objects\51\8267e0f3f255ece9d2a4140d722814ac5c05c9","1319","B7643D8C1F7A21153793C9443FC1D28859ADA0922D8028673BD7A3FAF571E73A",".git"
".git\objects\51\9a6d77339e8cd9f66ee0bccf0035c1c4c8f5e0","197","F695E9F074B04044DF383471D5F9D627D802247C03BBE7B2CD0A1E367065668D",".git"
".git\objects\51\b7155150f38c4a8a5bdca5a4febd835ec6c717","449","FA58256E8B0CE0088698FCE48CDC57DF33CD400953A5DFA58CABB0F176219E8A",".git"
".git\objects\51\bd232e2a41030150822d6c7e5041f29e607850","155","E0A38B3B40E4C7668349F4FD8F08A2CEEFC0819D5051E1A23E62E9023827C048",".git"
".git\objects\51\c10866031eb8e27d0b059828e377428c53f966","195","CE15322EE7E9434B8BF7741FE397AF3472B0700C0D031B758FADF60A7E6C9364",".git"
".git\objects\51\c33cf5498c531a15031b2a8494ba043d6bb964","459","C85C0E052170F1B4C2E9C6D728D810ABB4AB30793597F51B6F431AB743EAC2A1",".git"
".git\objects\51\db7257827002d5438d904d1401fda680581e26","152","D7C4D493AC08D18ED7C360B9545779510F3970D226B05835B4C2039297C3990D",".git"
".git\objects\51\ec928a70c7b9a38124cd9a6230da5f730cf6a3","369","FD11C3AC2C7D7F0EB590869E53FC52ECA86C6AB74FEB64C167A7F7A8A03EE5B5",".git"
".git\objects\51\fe3198c1bdbe6c4e2067bda6d824d50b315824","371","C8EB618B1860F83F784FCA0947B07983535696B053ADA90E0880243FBA9D4FD8",".git"
".git\objects\52\32b18dfef744f098da4f3c8474ab0b22e8cb53","53","D2767A7738E8D80A38791208765D7A76B5961A70235527C203BABB972C0A85FE",".git"
".git\objects\52\70b2f8b95f9514c05532457b16355d5980a0cd","270","6BA4F16FBAD3FB22E473956A5FEB1E7B1F5B66285D267FCDF331AB36A9ACE73C",".git"
".git\objects\52\74bfb67c2711e960481df2971591c3a6d702fe","1328","EF3DD618676A6FFA896537DBD19C70B3A4DB209C821AA553B2A8405E8422C955",".git"
".git\objects\52\9f3fd8b02c6c9a35b0fe18d5258d2604987d85","6328","CB37AA45447A4BF1C640D20617427C4DA7E6DA0E950B00907E3E9D82C3199C59",".git"
".git\objects\52\a32eede39b1b408d8a841f2e66d1807919e2bc","383","6C5E5E00CCBA8319C3ADF85599E199E282FBA4208B57574D950BBF993E498796",".git"
".git\objects\53\129a3223fe6be506a1b03f479c01efab038cb9","4758","19FC80D82A5C9123058FF056C5F1D69D45C2B9AFC087AA586E28355A7C2507DB",".git"
".git\objects\53\21572dd0ce8f6d79030f566216d1bdb0dee286","2570","D40D1F21CA567BC021F3D270D663DD83AC5FEE661EDA630DE28945CBED40D371",".git"
".git\objects\53\327f1bf002e82c0c7e9b4fc35446efa8f3ba37","142","AA06CDA26A7F1AB6E7EEDA03CA09E7509DB3E01224FBABF89C14AF66147483DC",".git"
".git\objects\53\3a88c78f846b8ada339aba7420fb6ca5b8874d","4280","F52D8D791FD67F14B18E4A78318AA76FF2F86B204CBE9EC868C178220B7128C5",".git"
".git\objects\53\76138cfe74a3b36f6c7d3113d34613146b9e57","1643","A8601C71CC33F6B5DD6EE2EC6FDCED59C75B889A2B255CD3D962872E5B1224B1",".git"
".git\objects\53\790d05b40c57aec0dc3fa45e4a4e30e1aff705","617","A214F2A78CCFDB1C0F4C2DE63E2A0737C7425BA3A692084C24515BF81E71B543",".git"
".git\objects\54\1a38aafa9b2f4a78655b62d5b9ba20e3003bc6","1296","E88B2ECB53BE2C4096DF2335E2C2CD799ABC0AE233FD0A3E4431048ECC87C0B2",".git"
".git\objects\54\5a8b6d98f149ddaf9a6f6234345f9e2a10637c","371","D124AB6D1EDE120CCBA69A3E769432EA39714500D46D08AA486D5546A393EA7F",".git"
".git\objects\54\67ebbad38b3b7319b823c820bc2507d48ce3b0","147","FCE2EF2EFBBA9C707AB2A053A4CCE91192C1CDF5481C6FCB4EE12BA782080AC8",".git"
".git\objects\54\7bbbdd3ed2d8b2d7f4890057d582dd63536b0e","122","30CCAFF3FCB4F32F0CEFA7693D6DCFF119087DB6CD84E2B3DFF19E6315352434",".git"
".git\objects\54\ae1a5aea42bfb8d3dda01ee2c7f7346d7fbddb","87","284113DE9D8D902C7450C1E04F64EA3B5FF29C621D4D34AFD65CE19D296F9BF9",".git"
".git\objects\55\237c91a59731bb9499e4648d0ef925025e0edb","544","B1D7D9AD725CEA0A084791C8B8582AA55353805240B3578E9B8DC89A7A3E4572",".git"
".git\objects\55\273cd2758df8d0fbe2afa665923fbf1587f646","198","5EEB01AE452C4AE5C1184E636A9D8D5C64BADBE1ED06C17BDA99295B57C05FA6",".git"
".git\objects\55\955987f8c39e93d85768541aaf4c42e6a1f667","1371","60B7F062B3FF0B9468F263CCFC45DAAE6A7242D7CDA6903A623E98BF6C2618D6",".git"
".git\objects\55\b324d6320bbc7b42c314646ba7afb1a249a0da","212","539F7E7E0C3B19C3CA04268DB7D12A488728699967CCAFF49A8706FBB27BC8F8",".git"
".git\objects\55\b4b20595dda7f53d82ca29febc42fd5a33bc4b","1032","56FAF3B82185224C336BA6137C5B2F1C58629CF63377CA982A00C4DE4EE2FC37",".git"
".git\objects\55\dac518332bb6aeefd9ed32eeafa0b44a1729b8","1074","5AF911ED349FC44AD1B06720675EC41E3433BD961A2C5132E0EB96AEA2D11EE5",".git"
".git\objects\55\f1ac554975608993f090c651528781a1619632","275","E08DA523B6648BAAFADD4676D7CDCF9C209C77CC0B2D2D940A00908239AA6493",".git"
".git\objects\56\191a64851f07fd6f8ac9d1682cf98da07f199c","1077","8CC32694DBC22B00F2754B3B1508C4F4D3AB9F05D190A0F5B6EBC8957544FCE3",".git"
".git\objects\56\3dc3ab314b55671ef90afa6b5785aa9ac3ed5b","2327","E8442C7E8DA19C507F34D867AA1E7ED70FBB3ADEDC160E6B208A6B6FEB701ADA",".git"
".git\objects\56\568db805d0ee8aa1e7bb51e2a96fddfe3d386e","204","4EA873E8933A19324916B407A77BAAB52F3083A47E089C1687196AEA0F5D94C0",".git"
".git\objects\56\6c808ebc10ee82fbc3ad82f6e5ecbcfacc05e2","56","A5D143B9E8014FAE53DF7DF254DC258C431EDFACA38839AF4988127FAE48C999",".git"
".git\objects\56\6d0288afc20aaf67de0c080e2e1ed5b7143eac","374","319C4EDB1001C2745DE43CC0FC85C8BD25C7DA6EB15DA8A25537BE38E2B5261D",".git"
".git\objects\56\7351942b36fe021a5fde87d03cb4bbdde1c70b","1502","7383815A1F78B2BF8E093B740F0412CA9E1D08018782EA8D6FABBE7966182CF3",".git"
".git\objects\56\749eba08d2107260eaa8cdf0536118845ae777","481","D718626C6B75959AC621DFA7680AD56089C97880BF6F6603BE54A13925B18E7F",".git"
".git\objects\56\9b51913d677277007ea7718dad49fa3659095c","4281","EEA362EBAF21DF60D7DD2B74161CCDE252D5168C3A89CE9D2AB620EA770D9E29",".git"
".git\objects\56\a69c09be4daa56878f1e279b0821df694d4e87","180","BC341F2610F45D8A7E75409BA393A318D6B9341915D7606A3A3489CBB88E0597",".git"
".git\objects\56\d9ca9ef82a15a3e5118a44e906e474b0ca8766","3224","E83D570694D61CF2D2C442E903A8B9D306628DCB7D8690C5CCE6AE4BB59E1D1E",".git"
".git\objects\56\f2f1c1489a2746377c7002986b41c96cdc0160","3098","8F173200E12F8F3E4CF3DE24689459DB3A369502C817487A983FF296105CB9E0",".git"
".git\objects\57\117fbda5cf948d1a4e3e5f3b260b29436e8651","154","4D8F84FF29F8D095A92780AA0D023EFA201072102C0696891210F72BD18D177C",".git"
".git\objects\57\27f3506507558c14a6bbdbd757f51d14421726","718","8706A50EAFD22AE210452F2AAF1BCCE50CECFFFA01B74BDD59A1A9F3C8D1588A",".git"
".git\objects\57\2a3630f28d88b4a7dff70d18bd1919de1659d8","3656","D258DC7DFB680CB116C467273633A48C110C6A5254E63DE5077710ED7E4FE8C7",".git"
".git\objects\57\51f5e1a495bb31484f16f5f5a49241f6d86940","1444","C3EF8140C9E45B73A3F7067CA3D0CCEF848DCC07812FE1A2939F2DBEBEF0D234",".git"
".git\objects\57\920168a606d91a28c8d17dc479158b79bcf975","231","EE5618B7B03D03EF26D8083D6FF769353097DBDA93546F64A71ED328B480C08D",".git"
".git\objects\57\9716e50e74050f98926c9f864520ed7f2d41ce","2219","ECCA943ED2721D5BC724DB624B19161B61C77B3A416C26762C2E108EB3CF93C8",".git"
".git\objects\57\9b1d316628040d0e030361f8bf4397d077cfd5","233","E765AC70816E53904AFA94C6053BDC11B3695144B1B8B4B829B923798E4A105B",".git"
".git\objects\57\b0bc95de2b269c453db8048c7f56330eb3e13f","328","3C413A2A0EE3385CF2BF11231D22485303D0C0CE80BBE4E35FCA035B04EACDCA",".git"
".git\objects\57\cea884d2c943396d5d103854083c10222f92ae","179","C686D6FD4368350049436C63EA03E57C1CE634D340BA928D24E9BD042ACB231D",".git"
".git\objects\57\dbbdba4d4c2a835071a80d292c7f8c99168c5c","322","57DFF6898B94833C472761A5D925FB0ACDE3A5095CF4CF78F69ADA4B25229BB3",".git"
".git\objects\58\014c4c3c6fccc49cd7aa5a57de832dcb1282d5","141","E4C0B3391C8E96B0047AB29DF244F86118870E53C47B7A6976B08E54A6B9FDE3",".git"
".git\objects\58\0151fb8282da54773183f57c9ff3215a7b7971","3280","BBB4905D0D8D7C974112A2054BC58E7C6759D30AB2FEFA9BF045EFCA689524EE",".git"
".git\objects\58\0eebea1fef207d8dfc1aefd794e07ef0776b4d","195","0061CF90BAC1D6E040D22169558D7A658EC218947083703B5766767FA8521C4C",".git"
".git\objects\58\65f87757374f8d044d1d654323f2361b450559","326","CF391F5DFFC4FB622045222E13FAF48AE9E6CF013ED50BCF771D92E43CB42CD3",".git"
".git\objects\58\a609e97971844a1910026e124a35552bc1a892","183","65725AF4A9FEDCE9B699C9A1D52F95768907D8EA7CAE697666C33E95CFB4B7F4",".git"
".git\objects\58\adf75d06b083b5aa534345cc41e70368869acd","3341","AC49663BE89CAE28842E5209FF9C6E98D25F39533355784C7467D08B3F68136D",".git"
".git\objects\58\f1732859fdd1e00e81a80799c6503632775cb0","315","D9F81F52482855CC8C8536B9E4C5DA00A37AB59A64E62183A6B85F35DFB11EF3",".git"
".git\objects\59\5d231cee638941d0d7240f9c58c28f5db3ea58","143","E89134BB813A85BEA4B1801A4F7A5993BCDA8F6B38BEBAEABAD82109A006F5CF",".git"
".git\objects\59\77770b49154be615c0cf66639fc4ec97c03841","331","DE77C39396946DB5FB7A22BB0F35D2F7DD549A3A3C7784FE95A1361937127B6A",".git"
".git\objects\59\9922ec8eea0d1110fb7d08e71b3976a828aa25","1399","6DFCF3FFA0E9FF8D62C028964F06F7F6080A62737259BA9E75110661D243E4A0",".git"
".git\objects\59\99e9f75ff52bb15312df2db89d928264f8c3ed","56","75D6BA9CDA7949B6FC30314F1A17F2FC0ED78A50F139533870487A79B3D4E111",".git"
".git\objects\59\b5680e13f65e1d2ad54d48f055a36f11640457","720","734AECCCE6C9F65B2DF556D9420C7D0815302224A8FB6A0B7F6DFD6809C69E11",".git"
".git\objects\59\b790cd3ea82fc6414f0e22a244a6b7775038ed","1599","B08B67EB0D22B86851D3614080A86622802E5A384A92851BECF61FF3173B68E2",".git"
".git\objects\59\b945bf258797135f8c3c4f9bcad15e2cf1c9c9","497","9368592AA16AA45656AF3F6B29DCC89A0D0A8928B4A9F41C158EA8B87FC7C728",".git"
".git\objects\59\bfe98008b5583feb9adf98cdf71f197ac2eb03","1939","2352E040B7FA88B6A7655FD9B9483B534F1EF0178CF208F4D7250694264683ED",".git"
".git\objects\59\d4939bb12bf0300a06a7f2ceed694ffa985b0e","273","032C63254A0BA7A2C2B3ECB4B496CBAD926B9FBE7C04F92F784EE35757FFFF1E",".git"
".git\objects\59\d8def23625661dd2e55c369b8d741c953e0f9b","1955","BB5C43751DBC51A8868682DC0E3565C9B5EFAD7DF1FDC18E479629166D12577E",".git"
".git\objects\59\df54b9a01800b54623b1e4479950b32dd35a82","1470","06B33161315E0C083D0CD92A0E916B9655DA7A0A17AF35374D293282C3852972",".git"
".git\objects\5a\54b62dc6245df69d251c6fccedec59ed0b2acd","2135","E68228D36F8D3189A581B4B98637B378076FDDCE8489AEC3196ABD6B012F04EF",".git"
".git\objects\5a\8645e20974d11585bed5c306080c148b75539d","320","12153832CF06549ED1F40FD4FD88C792923D1CDE0B3E83388B1A24B42F6C7B76",".git"
".git\objects\5a\e40c5cb2f93e7909df2e1a397f041f4d9a550e","201","97070BF3CD652A1D14F5BEA5D975804C6323BB5CD0DF2EEC64FBEF449311D66B",".git"
".git\objects\5b\418ec205b2b6e63ef973d1f0d052435272c803","2395","9C7CF7C07AD31C63C1A34B7DFA598BB5427B2E3C9541959241BA370F0D4CBF11",".git"
".git\objects\5b\4894330584ffe69de1e8c104ff37bac7361aa2","1272","E3E09A82B27B3070B121653279FD00948FFA7EE7079F619671292FCC3DA09224",".git"
".git\objects\5b\4a1ab930391b43fba0f8fd9bb3b34ce01d23eb","197","D347A4675CD17DEC524AFD8526CA70BBC18FE2C488C6C946380D69C63039C632",".git"
".git\objects\5b\66acb1352b7ddd1c5cde35f1d27f067c12aaec","4398","59E619DC531603D81F56B86DAFAF8CA555308EB48253CE39A868D16A50467D2A",".git"
".git\objects\5b\6a74dfbb2cd964450483a9656ce28325d2ce08","522","A3DB6AD2BC4BCD8192D3845F8712AF8E86C56A5953C6D5C6825135142E78D6E0",".git"
".git\objects\5b\7128d9d1cfca4a1d8bf5bd4285ccef4f4673be","141","BE3B50DD99796AFEB892B51DCF0AF8A48ED8510C242BD9F14C584846203350F1",".git"
".git\objects\5b\9a1c82feee97b1fc85d8b6719b7dcde6393454","758","CD179FA058E9832514EAE5CC5485AD39B7BA85EFB8C130F6CF895EE5BAD2D71F",".git"
".git\objects\5b\cd049fe18e5d61bae259d414a2db48cba35e83","8732","2880E8F9DF59EEF6389C37D2EB5960721BF2A6D717AB415AFE164074DA18321C",".git"
".git\objects\5b\e3ad6a18815474189740d473841e5eb175b289","1556","F29CBDA7E725A7739CC7DA7311CDC276711F2999EBD7BB410F9B94E7821E1792",".git"
".git\objects\5b\fe4e8e1e0e4476a107e5a0f53ce6c87d051221","184","8DA6FD6F2DD3526A29B05EED500AF0F4CCB8D89C3EC2D52C9013C1E91804B82A",".git"
".git\objects\5c\03fdb32bad00b782a923f924715defbfdf5a47","11699","E4BA8FCBDE9BDC80CD920FD9FEA444621643800387BAC80DB3BDE41F08A229ED",".git"
".git\objects\5c\a22e09b19c00d1df2f5deb20a45d3eedbc20fa","224","76CF7C7AF5E6433DE06D97D3698CD9907D85F1B14F2A59CE20D424CCEE6409B2",".git"
".git\objects\5c\a6567b1e9d146d5924c986d973aaa386a744d2","212","EE5CF8DB7B5813EB95B0005040A00EEF64636EE280FED1919BE75B0F8F8C5C02",".git"
".git\objects\5c\b717f6ebeff3825222b5ef88c2c1cbac96ef07","277","D1369D729BC39F091C3148381EB305038D14288B363602BD785C0F9204C7B385",".git"
".git\objects\5c\b7e443c406d11b1879b8843d29078fa6bf5fc3","49","2AA6EBF00EFB7B4FC9646BAF91040DE4E73BAAC25848DCF30991E1CE9EDD9C54",".git"
".git\objects\5c\bfe068ca79ecfb036d6a04f47bb45343d213ed","1574","9BE6815203018DD2746C2FC801A4DC67ADA8AABBE073E9FA1DD49EA6B48D7B6B",".git"
".git\objects\5c\d4ade99b5b444cad6f42cb6bb111116dfc1eab","672","3D6C0B458FD342DC8495ABC71C6A37D5E6E9C4C70A9EFF350E5C6C663265A347",".git"
".git\objects\5c\db5088e8a9b83be72eeab6f47a78a0d9022cb3","348","F2ABC561F09402ED64FF9523749FCCC78A69BF1EC8103EAFD39FBCA70BF73579",".git"
".git\objects\5c\f5093cf16739e15a08194114d94bda0d35dd94","398","EAF1DA045479A954CEDC91A11AF2A721B0EA5A0992590CE3102F1042EFA3B281",".git"
".git\objects\5c\fab6f59c830e8894b71bf177262d2eecd29794","426","BBB21B0389AB0862FC15397F939A4353C8477AEC84D63F7180056D127F4249EA",".git"
".git\objects\5d\17d7aa1aeb2be67645275e20d21ac19574505c","2159","30AD3DD4B7F778F94E54F2F38D87BE6AD235F83CE2EC546726B7671C041643C3",".git"
".git\objects\5d\49514e2a764411ee635ec2d3e0e9a00b91f60d","1121","BAC039196062458B4766CD5BD48633BCDCBF297A9616B7B2F1EF748A319B6FF8",".git"
".git\objects\5d\60641f4efc8751ec536c03006a7649922f6ad6","3833","06A269C0342B4DDED87C1E9118DA0553F147B3613D4684197C16456D0E09DAA6",".git"
".git\objects\5d\84fa126f1531060225282e29f13a3a78802fcf","243","42422FDC1918DA7A4A6349CECCF8AD239C38CBF5E2B860B9A07EAB12D5DD1311",".git"
".git\objects\5d\8617304a46aee87152adf776a2b82edadddc75","210","E9F42BC03CD65B0059C7A28520C647DDF94106F6E4F92A0C8B1671E5C3EF7BC9",".git"
".git\objects\5d\893cbc625ab7f2e906ca7bbef186e682baf537","109","C0BB658E1E75AEB771A61291EC9B360EBCE2EFAB1F5C2C1BC6BF07A7641ECFDC",".git"
".git\objects\5d\93881559e3df9ec6113eb8d57772ba7ac052bb","143","FBF71E1CCA9BD6298C06F9850D2EE8F491CF667631286D7FC4C4C459FFC5DF2F",".git"
".git\objects\5d\ff4930fcd744b19a585f329b6ca70e440980b8","23440","E06B26732832BC54DA4B8DEF916711E246E5FF79BD42479600049E6B778FEB87",".git"
".git\objects\5e\16000bc7eef33956eae80c1403c26aceba1b71","204","C223A842A841D4EF3656803ECDF72B3E4A01F7DAD2C8759040B4410DD7C39DB2",".git"
".git\objects\5e\26f8d5404acc26aeed95aa06efbe3b471a1271","297","94B2EC8BB1D4B6123BA71EE773077C42FBC75CC29E4D2DD9D693B3B6F3E5C731",".git"
".git\objects\5e\351e4f3268c0477b4fb53180e34c8a3f099fa5","188","0B44EADB9EAB7B8A766FF493926240D52A5C61FD3A2CF0BC36939EEAEA80C24D",".git"
".git\objects\5e\39228665542dc41b165957b44273ff7237a136","1063","5F6796A3264B6A00946C51489836F43CF23E49997CFA6BE3B810A83AF05D8C2F",".git"
".git\objects\5e\6d2dadc922290955373de86acb3ab701173582","8499","3FACC70683193319D12875E79B16C65A26DC6F40D53864EB9CB9656AE085BB4C",".git"
".git\objects\5e\a5b3f73a0fe9678d6cdede603266bbd8d4b8e9","613","95B7D423EDDBED0BF644E6A0E0E98168749C961C66CE7AB56F2195960DEE0E18",".git"
".git\objects\5e\bda95ac31fd90d02ae5991e6031c595522ef1f","1695","96040475FE241FA527EE103E4415B70C8EA70573E7533F45D8FE56889E37E9CA",".git"
".git\objects\5e\c71fe83306e701d241aa9f2489a43aef7e08dd","209","07781039FBF267EE00AE917644C47CBBCB3C080F7049B1E0C2EC9D2C73354ED3",".git"
".git\objects\5e\f82ac988d828abbe73b57bc169e3567ec02f18","872","A78BD1CC171A56B33C2D0142E56CB07EEE2110FBD9125A6BE70312A0398A75CF",".git"
".git\objects\5e\f94061c456ec38b24f7ad99c49538dfe53e9bd","120","7C67517F0E7413D18DFE241D09931AC5ACCBD66FBF43E5E770400588F6ED2F97",".git"
".git\objects\5f\4a48093209da722d3015d303b73a70a5f2c8bd","429","A5B6B01053E7461A95DDD35F32C8AA5D4ABFFFCC79988E3FFD67A9A99CA230CE",".git"
".git\objects\5f\50c0567b9d9ce947055257b9d239d8b9df6750","320","CB3E377924D19E4A7563524DE5DA64E54625C57555664C92AC1529C56B62F560",".git"
".git\objects\5f\902ef0f90a8a140f6e303caa7a5b5fc0f02630","1528","DC7F9E5BD5C9A29504473F43D32971FE169BFAD6EF2D125878676641EFAE21AD",".git"
".git\objects\5f\9e7dc7616aeab17053d47e1f2ef2e2a12460dd","289","EEC7E380C6830152D148E8A6B440D7A400CDFF0100D99A43B093B859D133F916",".git"
".git\objects\5f\eb651772e8bf8abc754114a14a24761c843aaf","5286","9D0D003845C8A67027DB90DC56098D03D4174DEF83F75961F8F928847EF05E41",".git"
".git\objects\5f\f223b523b28bea41fb70d7278fe0cf5e152e07","1662","EE7DF8E71A6B1F756E057BFEB421214616F045A556D9FB5EE92541BC473C7F49",".git"
".git\objects\60\054d4a6b6ca3eb9de1ee512d378f4f005e4ea2","570","AFD226BC026A37987B889376616A5C7CA373481EACD8B8F1EB799C96C5E6A887",".git"
".git\objects\60\21197fdaa3fc3c18947b19a3726630b26c2511","4138","2513110ED7BF1ED833FF039BE1F213A3ED361FF48EB6B639468DD6F11FB8DF57",".git"
".git\objects\60\465fbe4df182691e9625f6cef1ed894cf3a6f1","6167","CFB919964961518D7B9BA14C85159302F8C647570A8BD8272BA2228B6BD1C6AF",".git"
".git\objects\60\6a3ce718d0ee9f826889450f9f294eec261063","3819","9D7FA4BAB10B7E09F158B9EB1A74945E87727659FFEFA522C14503763499463D",".git"
".git\objects\60\8ac9830e475ef53bbab7dbb2654e721f4a953f","140","E94A80598B72B69CE8508689A54C222FECF3BAB2F30C2FAE49B4EDE0EB965F5D",".git"
".git\objects\60\8fb438e75a3e7c050132eaa5321d4af8bbfd17","900","31F84A6C9CD1AE62F6FDA538F13A9C5FEAC39E2AB713D80FEA8A0C5741CA3F33",".git"
".git\objects\60\ca104e28783ebd70f411e405ca5f1753cc259f","209","C2C64933B709EFD31D06E7A412DD2901673493A2FEB8DE466529A72C02A3B821",".git"
".git\objects\60\e3d08134f3dd5095c12f9025435827794aebb8","5877","E9C328BEF23D91AB5A07B7DCC10381A159A686B844841D43E3C18A0068A35379",".git"
".git\objects\61\06de42f0c033fab679d4e29b16606ec10cc3ed","51","23B529D5DB32652C9FE88FCCD9A31532F55C9B938D642101BB528514C74C6489",".git"
".git\objects\61\52cfce4750cc7aa3c8c62c02730390c13de462","1286","9FBAF4805A2373817776B7574D893FA69DF3797D4401A246BFE645BE8B266310",".git"
".git\objects\61\7fcf312d06def19bb70af5c4f974578472f724","912","4A9F728FCA08D4170888C380555802D37CA764CD935AE1CF4A61461D17E3DEF3",".git"
".git\objects\61\8c7e28674fb578c173d5ddcafc86125705bb1f","598","16FAB836832D760EEC6EF350C09DA45FE5075CCA310505815A352BE5673D6EF4",".git"
".git\objects\61\91fc5d9b8a742721303cb6acdbe626efbafb52","1902","42B9575E3FD65C5E8FB55C3753B27DD8DB25A208A0B376FA43C85A49EDC0FB3F",".git"
".git\objects\61\c626bc129236a0e2e7b1033fb08d8565414c03","248","0028C73E596514819AA12A30CA2987F6F2A9D72A53ACC384DBC7FBF1A71B17CD",".git"
".git\objects\61\e3639d901ccc885c00bc9941327a1414c37885","451","7752B31FBCC78E56A87372ABB19CE0027E527F6E50EE004A8FD10605091B8EE9",".git"
".git\objects\61\e700eb1e0524ecf9c3309f724e5aa78c848b45","791","AE96001A0FD75B88915D41D20C9702666F7AE8914188544EC62746EA5EEF7357",".git"
".git\objects\62\3f86a2462bc6526735792d6e8c5ddb55016bbb","655","2DEB3FC993E3E3420985A10AB2227C12AA6D979AC737BA186473BD3E046FE888",".git"
".git\objects\62\6518ff32afb3f200385006ff8c08a7541033d5","377","936C09CE2C46FAD6F749FDF9EEE4F0D974F408FD858D70C7DEC7890B61B89E47",".git"
".git\objects\62\9b1c1bab7dc4fe200a21f8d10fcf0468d988ce","284","3AD538154BFC3799CB54EBF17DC933883E29504C72097152DB77370CCAB79FDA",".git"
".git\objects\62\a325dfab6b98666bd6828fc4404cad9aac84e5","1385","91DB757255B9B4925B3052944904CE477D0B6FA72C158DC135E4914B5CD655D7",".git"
".git\objects\62\ae5c2463fedeb424a3e9aa3b083824cd70818a","190","4A3B653B4834D64CE16365B586BD21B40D27445C9154A4ECD80C3988BF122B2D",".git"
".git\objects\62\c3ad3760f7dc0641287e06da9d85235fd36035","380","B993B4D8B54A2282A81D5B394D815D758BD521113EA5ECCD0C83BBC47CF723B0",".git"
".git\objects\62\f0d5d39a0b3477898730cce0186333c3b84fc7","2949","FCF219C575B6848EFC22465B6BACC6C00737565F1A882E00AC0DF8A8F7002CC1",".git"
".git\objects\62\fc2745b990f02550ff59f4ac8206701875e058","143","C1E1AEC9FB1319921F2EF8157CCC3436A502E3E22BC2E5FBDE5201AF8AC073CD",".git"
".git\objects\63\1f4320b50fec1bbe57c30fcc00d4563e496376","4828","A9A5D5F7C42282CB3820F564B322CD7BCCA3C4CB54B9CDF6CED0FD7FAE450463",".git"
".git\objects\63\2ef8a22ee1475d198a6cfadb9ebd1ce529d483","186","6A0DD736993BD4A6C41D2A2DCA03DE61F3BFC7E57D4B4FE10A1E4571EAE35C87",".git"
".git\objects\63\463ea67576ab715c7b58ed5a590a3459ed9279","3264","2C3DE5642D775D5E57E41A23538158143915DC9EFB4A132A1170A7EB615820C7",".git"
".git\objects\63\52fd4032e26c007a3343806a5a476980e6a648","206","0647045516E2A4360B4B6763D88C84D8C4089E04427282AD73ACBE57B3535E25",".git"
".git\objects\63\67862a694d2c4a6123b2e3d1ce112d67b58970","126","213F19B3C46D2864AFDE27934BD849338953AC1DC2B17D140F2F51E0A5EDFA88",".git"
".git\objects\63\6c678630ffbf36025f04bf6ae550fd6f23e2c9","3956","AEAEE923FE17A449CD4F5FE00A1345B5ABD4B065690AB7EA6A746B2747B58561",".git"
".git\objects\63\774e4bf7c418c9c801775d8a8524da954cc3a2","49","7EDB03548A153CDCA35E2BBF0C2516BE47432D30DB1B578D1978D57D9320BD04",".git"
".git\objects\63\b8fd508b6452147fb0c65057007feb0e107a62","670","048A622BA07A0505AFC56EE8E7BF63C07D72CCC42711AF72610765573E7C2704",".git"
".git\objects\63\e7b2d7a7739cb386bba3f3a6ce6f92baa5e0e1","143","1BE4B0E37B7A3F814913285BEC33F52E8AD2D968575E02FB57FFBDEDABF3F784",".git"
".git\objects\63\ea1f82b3de9520834e8d1bcd8dea785cdaca1d","9885","01ACEB9447566C4A12D2D105A1C66662C822355F2623609FEAE4F34F3513E088",".git"
".git\objects\64\0e527e918cdd5587ecf099f30585d61175b43e","455","C5547FA53D082032815FB236B659547735DE4923CF855DA80301FF58517B6DE4",".git"
".git\objects\64\1abb869eb80d6f97ced6f7b5dd96171d26b673","720","A4F0F07AB0CB5D2E1253EB7A2174749351F7844CA613389670D4CC5BD493E314",".git"
".git\objects\64\24fbf52737b20ba9689dd8c6b29d7002cc99a2","101","35085BDF765C80FBEFCACF62D133D682EB0BE15C45C8AED9F69C17CAF72DFA61",".git"
".git\objects\64\63898b9404349e791e542e01cb192cba06877b","1433","27CC90AA96AC718EB79B35213D2D58FBE4C0A6BDFB1FE2DB1C04ECE3AE2AD11F",".git"
".git\objects\64\6a0de843166c65c6691e658c28c96ffcdffc3e","326","8C866302A92BE552C18C40F9A9AFB082353E6C02114CF1EDFB52DDE345A6738A",".git"
".git\objects\64\6b22c48b5fd31c4e12cd6fa73cdc0e196f7379","330","7B8CE5F53A6AB892C07C1BAE7F4A2A5235FC8A6E072A0072F6718FF2809FD558",".git"
".git\objects\64\9d4f9c2f88e04a2987b20fab7e6011cf731094","649","4DAE32749877B89A2B2BF758C5A5698239E7B64D52E82F24EF8A411301A3F3F9",".git"
".git\objects\64\a51d5ee801dd66654218a3f3a503b97003ea92","60","8CACBA556BAC298A7298E0D1A8C05BB8CB3B575308CE3B0CB980AED824606531",".git"
".git\objects\64\aab13a23e6c62f7f9b7523267e255941009c56","3984","B159DE93C70CC6D84E6FEB5335FAF421816C6DEB3FDB127053AC3B2DC08D1BBB",".git"
".git\objects\64\deb84f319f9a0e68604012e2a7476a99d5012a","144","47F0728BE5376035C6BAE00FF633E1770573100C612BF702DC3067F7F87D6054",".git"
".git\objects\64\e0057614aa84ad48d4b401f6ab7870e39540e9","109","BE8E124E08D5F6AE6CAA920FB8CD526561A7A7DE49F4F902C165B491D7D45D41",".git"
".git\objects\65\211e9e8d0a317b303dfefff268328b12d0dc10","1456","8756546221B90397F80659A2C78DB1FF8129C40140131096C8F34D3D579E53C7",".git"
".git\objects\65\40e2e6d8b5d5c53fbcddd112f0523ed6bfca4f","3312","3D0E5D978B6635E0A4DB7D0EC2346BB9F53615EBAE9DA9C8DF81752E579A9617",".git"
".git\objects\65\7a40b87df1c0e3bb2b0e3b28c5bf82faf65b7c","1461","2915B4629C4333963F72A482B088C81103C038A640800C79AA7E42B993E819CF",".git"
".git\objects\65\84d6e4081aeaf527626bda762d2d7640563719","767","62D40F31B72F2305708AFD78FA041E396758A320DC5574639EB4B0557195A07B",".git"
".git\objects\65\ee81de8f71ca3df5a56de0ce91289fa5a3120e","190","16A4BDD3CC413F14227AFF3E68178E1FC29C60FF3E436737E5431C206273AAE3",".git"
".git\objects\66\01764f3e1704db7fbc497e68b1ae6632388666","24744","8909A62023B40E385693D0B435D1D860DED7582600E8EF01FDC23D86667ADB11",".git"
".git\objects\66\56b68c10ae3a01423b308a1bf5f6bbe188b198","400","BE7A6AB265844717AF0D280463CD908DA08815E7898B577617D1EDC2412F4C0B",".git"
".git\objects\66\5e479a7c39d894790ee8767791ae670fae6494","1319","866658357C986EEBE65C56EE74FDAAE84D7652408977574240D764AB911D4640",".git"
".git\objects\66\67d793f2a034736d4d655394ebf3a5a345556a","60","134EDBE224C1E547AA76D7FA8B4B202395807BF3919BE39CEC29D10956EB0BCD",".git"
".git\objects\66\89f123149a15dd8b5512b1ea0248208b0bc97a","56","F39CC92ADB6CCE5FD303DAEC9C08BACC1A853C233C81CCD5AB26862086FAED4A",".git"
".git\objects\66\b8d5a54a11054e2067bb6edceba9aad36e61ca","255","8C0AEFF096AC28F9192F2491FCF46F988842BE1D03075549BCA20311D235F264",".git"
".git\objects\66\c4fd09a26ed51ced4c1fa80af5c210457eb033","8931","EB751D413900865CEE7D0EE9B4EAB885B390338A47791ABDC75E118FF32E7DAA",".git"
".git\objects\66\d53bf87a08f900dc7cdb22d747c90f0381de64","132","261BEE1D33EF133AA1FAF1D75CEF986BC8F2F013B130A24EC2A0579BDB5B597C",".git"
".git\objects\67\55873c222946543446174467d80f46dd547b31","1346","5595635AB2AFE12FCABDAD9FBAD79B95CFA19F33DCC43B7A34A34265DD3189CB",".git"
".git\objects\67\5b9cc81360e05965ea2c510e6e19d02c193ee8","9833","8CD1767F1F718BB8F3C179B78CCD6E8915C392E3804C9425B2B8301EFCFE6609",".git"
".git\objects\67\5e1a2e4e05ab1908950b561e4e2c97fa306488","1613","81D7009869C6BE68ECDED3CBE0B503094EB5F7A538B2A8CF26A544554F1B3856",".git"
".git\objects\67\afecfed52661dbb213979ad6c91804f8ef9dab","205","19A2CD0C4EC78E41C92CCF3E25E7FF6E609CE2F1234E94EADEA3A33EC0B61FF1",".git"
".git\objects\67\c2d99375aa6548c1448261e5ab242c7b0d69c9","280","8CA8A282D1B88704F213758FD55A7CE2C3407BFCC3ACA4A164246429B2D2CBB1",".git"
".git\objects\68\3c13095505366d10b334b77b892268d42a06c0","401","F0BEE4EBE05BA8D3E8969786AFBE1F5CDD794A04EDC448637366B1AC5CC86002",".git"
".git\objects\68\4eddf5120dd16a3f31b06d8102bd8928818bcb","68","0A08831D407D8185CA20D77EAB3570CC9AF1125936712E667F64FF03382C9946",".git"
".git\objects\68\89b5ee76af84e4c1b4994156ae728325d070ab","272","2B25B32ABF29881B020F179610CE0457F5A0E9646E2C35F060A9CC6EB54E7FDD",".git"
".git\objects\68\db66a12479de01f067753a3bedf1d631890394","584","31BE3BA860F3DDCFBCA747CE0525205D9AC2682323327CC9FF04D7A37B5794AA",".git"
".git\objects\68\f0d707928438b7484c87ff047c71743be7ddd9","903","837C08BC4715F94A6C708D10E00B04C8C0D610CC3948665F273112B074C0A35C",".git"
".git\objects\69\099aaa03e33e79c6eb2285441395bc56346c78","414","F81AE6DB7F407B9F2DDEBC52B136CAB33661900BB147796F2E58B0C96A35C0F4",".git"
".git\objects\69\125854cd7d498d0a4cd67d7bf7861922bad9ce","1023","68F8208DC593398E54D08A5BE3A2658A0B8421CE09E13313DC2710B01B3806CA",".git"
".git\objects\69\1ec786777e4e1eaee0a90e5d25e346032f049f","1095","8878EE54AAB3EEE0F6E04D6D8A01FDDE72DA081ED3E3F6879DDAE5C563CDF7D5",".git"
".git\objects\69\2075f0adce32716945949954268bb1f7411f63","6440","9D0951F78739164F7AD540162B097E5AD445E6FDD502DB378583A90E7274B30B",".git"
".git\objects\69\2ae293a1f61e78cfe7b28bf0a15d715d6af495","2139","3529176B503AAF5264D35ACFCE145313C536619C5DCC5F2C25D7C3BFBAF903ED",".git"
".git\objects\69\76c15ae98ff37f93649df314f8cc8dc1cac914","2938","2873AA39A78DD0A016B27262B36133A065FC9A8A0027000A44C6D68C1417B6A6",".git"
".git\objects\69\ce89863d5eb57fbb42f9eb041f0643f1553aab","374","1B76DAE45E9AE07AD12542CBF090DA0EF318F274F00F37797899D35FDC9C1812",".git"
".git\objects\69\d4a61edac7dc65ec435a25a32389b36ba3116a","2738","70E93509E555D8B9889CD3ACF5AE19BD708EEDD1F05922C60F22430838CE311A",".git"
".git\objects\69\e299cd15f2c1b9f18a7f592be936235bdc8be2","441","60AFFF95F91ADEBF6591660F148DF6D09583A68D55812B0C61BED447B8A74754",".git"
".git\objects\6a\415410ebbd3dd2b1662adeb1f033f8e4f05cb7","2799","03BB3F0A7A45B0762628F8B267BA68A22DA4FAB0CE725B95A42E7A3FAE1B6AB2",".git"
".git\objects\6a\564c7a29ca532bd28d2c23451c41eb8b879a7e","747","CC6324ECC7E68AE8C1DC76660827E05319197C1547560418F095F3ED8FE958D9",".git"
".git\objects\6a\b093e6e34a5e772d0e05f6197175d76df482ea","400","759DE0C27ACF1D43C56E6DDB6732F6322071464C5A06302BD0322D740BBA72FF",".git"
".git\objects\6a\b6383fc5854ca5c62494264a0ca3d6693726c8","251","E0ACC000B97B03B1DA5B0EFDB0708408CF8B65CC0A1EA400D25363E597F5C14D",".git"
".git\objects\6a\bac80022c8e5f4500c4c14f4c3edd8a44d9bd9","430","D67881C591028197842B0504C1E4D37821B93DD53D5113A12376185F328C38C5",".git"
".git\objects\6a\c19194073b95a0d274f7a412ed33a66c279e95","195","DF74235C4D01DE83CEAA9EB3A7BF94CBE37B5F0DAC506D580E53EDCFD00B38BF",".git"
".git\objects\6a\de1c5ea8bf6cfec8027761c13908b2ac76c8a6","273","35B4D10CAEC1945581EAAECA3EB29D2105CC5B1AF954C5875CB20167BCC77FDD",".git"
".git\objects\6a\e164cbde6aa729eecc347e48623e469b59e16b","143","E4A5DB93DA95397E7A38E0BA02DA03C843A069BF7A2A65103A5314A3DCA01926",".git"
".git\objects\6b\2b3e3763ae4cb283d2777d9e13073d25e8159e","1376","362F740E9687153BF81B03950C5CDD70C995943373D5E7861BB11F8A9AC4F03E",".git"
".git\objects\6b\30dc5aa5c5e2de2c648c00aa3b296491e2bafe","6968","025D0BEB55493A68F20DC53A86F6C0B78B37F34C6A1B970085C8E92FF1542CB4",".git"
".git\objects\6b\637095ec82831f864edf8ef36cc3cbaacffafd","289","C31107D3685E64B0A5248A94D4B23CFC6753356C09FDB37E838713EC673790B9",".git"
".git\objects\6b\7d8f1ba51563cd78d67d5e0e01b07ee3ca1185","895","6189BA163B982A190815111AEFA1D1A74948D19DF72CB7A2CD00FC7774064ADE",".git"
".git\objects\6b\7ff3261fb9a02c023ae35c78fa4ba637577db8","889","202D05E225C08F7EC2F50571A83773B6A318606C115E29A4C0F0E99F3A7C4744",".git"
".git\objects\6b\853309bc323d8114a13a9ec91a1d6fadb0b69e","256","7AD90808F9B35CD58092F4BF9BC85DF11604ADC527E914C7888E310254A03632",".git"
".git\objects\6b\c5362015f29d76ead9ad97934f809b41bd6008","739","10CCA02805FA0BB416C8CEC922E7F470733BC0B8E47290C2871D507E25EE0196",".git"
".git\objects\6b\cd0d8f1be0a2b434974dc6b3766852e07c76ec","326","5D2E59A849A5CC539A94C845CDD9D4AE78D3AB680D5654BF1079DD978E877342",".git"
".git\objects\6c\2e3c9d32039c8ad202b96432716562dca5224e","1183","AE004CA1EAA4D511C962CDB67527441B194EA13D2CBFA129DB31D9107E585DBD",".git"
".git\objects\6c\4b4fd5bb9c550cb321d22b4bce0e591af675de","960","6D373298085C71588542ADFD64CF57F10DE3474A8BAC6B60E71DB55491C08217",".git"
".git\objects\6c\4ca7dc78da26a5927696d9244d8c337e379004","742","3980236342095F9C7989F8CCF44F5DB5A427FB14A4F6FBF4870E25740E4AD1B6",".git"
".git\objects\6c\61b1eaf18fb2ddf5a8ca25912a26fd623b91c8","2130","D10A5EA87BF482D5F58DF2F3A31B731B3549516FB80737529D86767539F9BD34",".git"
".git\objects\6c\7842960a278ded7fa9a132b2815c89bc86b918","415","9CC77795012A423D56770445486F902CC26BB712D7D4F10D5F9788CE2020E459",".git"
".git\objects\6c\9660d5d6d1331b5a5e5b554d59ec222ce23c81","144","DD7892ABA568601C526A4D46897EEEEBE18FC93C3F5FCFBE9F669CCE36D91729",".git"
".git\objects\6c\a306da3f753bdf5cf58a41a319637748447521","193","1BA18514F6602543D84E5894C20259E54B9BBC29F3E8C4A90B5F8323E1420744",".git"
".git\objects\6c\a45c5e017ac4ea63f5e2aed7e965c13c6dc645","2843","7F206B0D09FE8C09A7472653F101F474FA458501A3C17E9257BCDDF7FCFA83A2",".git"
".git\objects\6c\ab6aab833db6412ed1368c5b687b4665a1cd0a","1814","B805DAE947D4D27666FFBD42FEB978E698150CD33B5DC2B740F3650687B969D7",".git"
".git\objects\6c\be166e59c1be0681930be2e97bf3f8026f7c57","289","5E176854BFAE66E4B56BEBBD8554B5F530C4ED6F070B2243D7270C3E6F24C864",".git"
".git\objects\6c\fb75f44659e3f53cf8f9fa4f9e4fdf254c5c11","668","9771EE08E430DFAC7C808CCE297AF60CF8D7E736976C8455D06D120872D5EE70",".git"
".git\objects\6d\069e3835ff98655eec46d53e85ad41c02bb395","237","A38115B603BC3BBE6EEE0A89F979B6ECBB12456157152952FE299F14615250F4",".git"
".git\objects\6d\3650b69b4ed8c92f3fab0f209c0d151229d091","159","F8E91AE083CC3031ED8404EC76D5DADE8A8D053ADBC0E5E04FA1963FCE18B710",".git"
".git\objects\6d\3a91558f9b4dcf96426750ae8891374dd62d6b","54","2BF615EC16BAD6D3F3CF775AC6E542CFAC914782418F63385D50B56CFA44761B",".git"
".git\objects\6d\3ed855ade1f819fea2f334acb7fcf901f6f358","194","5D0986F51318882E9712F4BBB6E50EB853EDB6F3C5F92FC6347AF46F4FB5053C",".git"
".git\objects\6d\55c12b9b682a352bfd7bc077c7728541acc2d5","122","A45837A7DB81B9D87892AAC5382F82177182C909239692299318CF181756FF73",".git"
".git\objects\6d\6f6e989bead1598b37c09a5e2c34c6da6e8597","152","8083543FFD312ABB502AA7BB44AEC40D35C0C0C35A0B551A9F24B31D85197675",".git"
".git\objects\6d\7dba0851607f7efaf07c2a6e364af59bcc3417","520","760577356CA13987A739E4C497DACAD2529F0949AB007C505BC8CE143AFBB274",".git"
".git\objects\6d\9813f3ab454c2f6960a34b7be4778fc824f5d8","106","60A2A83B9E9FA48B6FF07704396F38951A1C7A3BF02D506721D080E17762EE1C",".git"
".git\objects\6d\b9a7308a797e0104a5afcb5b98e9df8044b9ec","1423","72422A2C3F793CF73B7FACD25AC139A5D5D4CFA3F7B159B95ADC08FC897BC418",".git"
".git\objects\6d\fea0b51fec33fb2804e6b91592d5599c62cf16","141","013B1495F7DEE70B7D7420C582803EB90B127418668955DBA35EE480AFD6A009",".git"
".git\objects\6d\feab0c7efdf28792982b4b850ecad1d6ecb224","2396","FD9597005E5F97BC915FA8F861A88599FE0D4DFC6A7048977F36532285250762",".git"
".git\objects\6e\084bb7fc87230d36b6ff05404b554b2b6113c4","456","E8E89EACEF7FE462882AE96AF043F0A63621185CF3F4E4C0BE8249C399F07C5B",".git"
".git\objects\6e\0a12887b2c64bc705f646e176982234c8da4ff","3568","5EB1FEC82BB8873C3C7DF5C7E65BF64D5DFD6B90246ABD3A94E98C40B55FBEB1",".git"
".git\objects\6e\3b125724a0ff5ed442ad1fba29e61b2d4238f6","110","8132705C2241F8DA5EA060FA15DAFE10EA921B1F797743183273190BCE526764",".git"
".git\objects\6e\3d5370b28d0e5103565b0ce8aba69284d3a995","56","93DB414F4A16D3891E9F5AB8B19652F4F645BF4AFE1148E5F073511AECD6D2AA",".git"
".git\objects\6e\3d596b00fc184baaef0c228f0d8f34466d2917","4350","9A2B75F9E780726FBE6CBA5F450319E2DD79D7E6BD599E2930E70C72F3CDAEA2",".git"
".git\objects\6e\806a239407d4df7274a55bb2022ca42e706776","374","74E95133B9AE480B540006FBFB0D894B858E6D3E293C61C0C4F837DED75F67E0",".git"
".git\objects\6e\99494cdfbe320c2cd49dce41767db7b44156de","3319","8F91E11B6AAAE94A18B9B7DBF5FE3A3BA2A27D6AB294EFB3D1A37A85E67BBDFD",".git"
".git\objects\6e\b9a4d96d406267ad5626ae11a97f952edbc0b9","1594","265F5B4A71F130251681252B727495D3ED77D2A7B29401D358768659DBA16F25",".git"
".git\objects\6f\1ea552aafdfc7eb33aee04379e4910739650f7","165","78EE3EA1397CEE7DBA6AE48A49D11341545CA6AB55BB86BCEBDB13E49D4171A3",".git"
".git\objects\6f\70f09beec2219624baeca92e2cd7deaa104fb4","29","3D4D85C39825E3C23B6E3B1C385C36B5F6BE5E5E07F0F30068F40C66A5D9C2AC",".git"
".git\objects\6f\7a24322b2fde36ebca2fc57f52be4d1cf2f8ad","53","75AAF1F231C1C64A49B0958743AC7A335F8FBBF7C697717B658EB49809C83880",".git"
".git\objects\6f\d86b5b300191a7059f39ef6e9dd1774c7b0f78","1567","D1B12111004FC004AAB82097D443C84407E075A1ABD6920803A2785909A55C8B",".git"
".git\objects\6f\ee58a6bd49c6f09f881b24ab46949df0b728d9","276","8B49997FD54826BAC0CC2BB4795A4EAE92C4C2C2CB627C98717EB1850C5EB7FE",".git"
".git\objects\70\16ac16625c08344ec59ae41d171b7e79be2cc5","279","5F30203C8709668B02EB256AC1F94554E5ABBC13C21D433F26440DFBA0D97005",".git"
".git\objects\70\1f2b5b4770e806cd3bc986df77789ee8a8daca","1128","6A8884D86BB8208927FBDFF95B5F825042C63B2789626F27A8F2E235B43E8495",".git"
".git\objects\70\22c5d1deab7ecd61e1f9b0ab07c67f84c02ac4","337","F0EEE4C74AD522916DC997B73B824FAFC8542E4E886C4ED9F17DAAE8D752D1E6",".git"
".git\objects\70\407cc82d01fd62aaec59a6897ed3d0716655e9","6240","FB25AA26B83FD4A1C48644C1B34DD93CFF41C902124D24B82448377F7F716B69",".git"
".git\objects\70\590a70b576b987bda7e64c14829fd00098970a","578","1758FE85FFE06EDE6B597C570A133B1628078F8FC091EB15C587FDA77E9BFCEF",".git"
".git\objects\70\6a4dce4a815b140b355c8d5d96f58f28e7faee","2538","5B4E78B1D6E21E463BA70E77518DFA1E8B987CC67152C45C4A89E797BBEAA1D4",".git"
".git\objects\70\a1bb9055e644cabfa23cba759fee49d5ac873d","399","56D41FC75DF7B5E98E4DD5F18B99A12C8CD0429AED9142194947EC7ACF58F48E",".git"
".git\objects\71\4be852ab5c06ca0f25ca6294cfd4a57505c391","3395","A4AD6FE522F10F5E231B3B451AA7F36F2087DB7FE35B5E9430F26353077780FF",".git"
".git\objects\71\5c42504c108c78cb02c694b9940e115d7deea5","97","7AAA42C354FB87B0625AB9BFD9FA8D32B7CCB595DE5F958B0A223570532F5BFF",".git"
".git\objects\71\7aecb9645e2bdcdbd9c9546a6ee05f5dddbeac","28222","4D65E7DBE6B24C6D8FED9617427852D626AA6DD763A7AF7206596EB01DC57B35",".git"
".git\objects\72\384034957f45ea17557a46f491c8f92984158d","472","143E1247D76AED1FFC66359B7ADE0DFB410494DAF4298C6A7425E2C9D0A4B147",".git"
".git\objects\72\4d0e3174967d0dfc0e740dc81eafbb0468751d","805","176FC5C3DA694E31242F34E2467661185570D79312736EA77B7410F77DA60D8D",".git"
".git\objects\72\5ec4661e0ab3ba600c856e41f94fa771c18305","211","32A2165293E509F142D127E0F214A046F87FAF780EB2C86C563D41C457D42D75",".git"
".git\objects\72\71e7aa24877c128a8335e8dcef5356095e8698","1879","32DD60414DCBAD5A438E2849F1234F66F54081FF6A04C4BDBBAAF2CACAB4C117",".git"
".git\objects\72\7b4e9d3968330c6b7dfda1dab69d129cc0d25c","153","482FBAB8B2A46280E6EBF35E4EAC3973BEFFBE7A23A31CAD671909CEACAE1D5D",".git"
".git\objects\72\c2faea863e48d2cc90841bb9a19d9f18297e89","1634","F3017F3202AB8237B2961196D327996198F00E5387BADFCBD67740DCA8FD1811",".git"
".git\objects\72\ea2b9c6923c83617d8113109c132d0c090c909","397","4E310131C0010B29C4C7B22CD6F98315D288544AD5A08353E7B17DDBD90489C6",".git"
".git\objects\73\170806c595f039c82565d8f80f08965e22dba6","140","21679352CF663BF0D6C2A5F8B4290936C511237390FA4D4E429F8DD4CEFE3752",".git"
".git\objects\73\45194a1c6b430a085786135ac63a23c5acf26e","540","F05FFF35D109A6A9A4E2A1FA0150606DE1EFCEA357C6FB441A105C8F7F6E23C2",".git"
".git\objects\73\5035c5d48287a14b86e0a1d1b1558e2431b85c","867","3CBE5A26423F3275E2C0E659145804DFD798A20A0016C6A477E15111D1E8F4A1",".git"
".git\objects\73\753ae458d97df2ab522acc5eb6fe71175bed88","409","A50464B1700EB5152A9CE7123297DF9B7FAFAA7E665E6C0736370CB51334029C",".git"
".git\objects\73\7e71bb3df1a70b578a4d8302eb2d283c68fcf1","56","EB78FE2FF41800972A3E37ECB882E90A9F7743A47227267B960E1F276E991FC6",".git"
".git\objects\73\b2c7c649b8332cebcc71e147dbd6bf1ba8d9f8","543","9352330D6CE499C13EBCFE43EA62238DC033536780F25857ED9BF217444156C8",".git"
".git\objects\73\cc9bf99ad4cb748da350dc633b0be6efa3af80","321","39194B0C28C14F344BE1F4F343E095A1FE160D028AD6711299E3A99366BC0737",".git"
".git\objects\73\f4780963dcbbcf1cab10be6b6331cc20947248","154","537369B1AD6B95A6507832EE9156676BD2E748C0E495620A506175B4138E53C8",".git"
".git\objects\73\f4f30434a0ab42c8a686678449ea072e70d955","50","D04FDD18F9684AF3F0E05D8ADA806BE7BB2344FB444519E7423A0BB0740564E6",".git"
".git\objects\74\42b0e2b09a68438c73352249569fcb971f224c","3866","15A25802CF5D2287CF66654213AF39D87A42D2AA56020619B018E14A46B12192",".git"
".git\objects\74\56644926efed272a103d46e75ef6532b3c39fc","3238","B8BA3223C334770582786DAD133000552CA688C85F7717111C80B8238F15F05E",".git"
".git\objects\74\69e8ac8cfbefcb2db8af1f311cf320c7afcc23","540","58D1A92B46D9522549F2D64C1C020DB4D5C7410FA57DDD23F84211D7E30C8967",".git"
".git\objects\74\874029cb4cae8f2cc790b0b2de2a25b95291d7","28551","87B2B966E68D7CB6B5A2C57AAE64B68D2FBB2E0F353F0E7E72966172EDD2374F",".git"
".git\objects\74\8cf71d4b091e6f5943b939d7f2d1711671798c","126","4D6A2072FB595AD9C3BD1854DE5F59C57405C9ED947D0B5274C5F9DB14FC008B",".git"
".git\objects\74\a3cb9e9e7a0b9c1527de7395f2145f5d39adf3","1786","AE23F93C10E5F4485EDA2639BF79334C5E88F6946CF2D0BF90739A08D1F6323D",".git"
".git\objects\74\c5cb2addb3a1a4fbf930bede40573e0b759a01","2346","6082B3DA11D6EE2D0B55B2C05F451E1C881B8741E9EFAEDCF616E2E8768E0EA8",".git"
".git\objects\74\f6d6c31be0a99d5317988d1882ff01afa5d686","1107","9D10FF50AC04A4FBA310385FAE3EB48049CC18BE1F124D58369CB453AB671FE0",".git"
".git\objects\75\03642fbbd43a24784df82528bbef241ddf7da1","791","825C32BA57E77889D0309617103CD37CAF437C908AB4F1D77F291CBC65BB5132",".git"
".git\objects\75\1b52d3d73b2af082b2e5f94283965a5516fc1a","201","E1D2986DED48E0198AFEB473CC67FF81D2E7FE5A6BC684A35C1C09FA8599F964",".git"
".git\objects\75\3b5fe0b48d2fd1eaccb04e7a56add3c2da97d0","1740","A1189765C58E84DBB68B9FEDDB4144FE29C5E0C5CEAF22140A61A225765A5D5E",".git"
".git\objects\75\3d97880dc1dbd8bba1e769fc773614638a2c32","791","2ACB047D18604D60F760FD01494C83B0831B6DFF8453FE3FEC6160AEB2986B51",".git"
".git\objects\75\8c057624d59e85fbfecdc08731486722e13e21","817","4BF33C94BAAAC2DB88BF1DD1D6099B97FD2B5FF5EEEE1D0A4BA3148F68CC2F2E",".git"
".git\objects\75\b84f976aed1c1d133fee2bd7cebb27b1fe2296","8246","4078898D0A8B44B4C62C2370A5AD1490BB05216946C966D8CA4B00688F81F21D",".git"
".git\objects\75\ed909e8f173686a9cf123c572829f762eabad3","104","7ED005339E529151890B5B80F1DD1D45A4251883E3F8BA8E63E10BF20F4EC4AF",".git"
".git\objects\76\0dc59fb2f279de21689165a1d1ca4cc47f2913","4107","E9B33652AFB7975E2004CC7C339024522DD2E2E6BCCD0C6324434683ADAE361A",".git"
".git\objects\76\3ad6b7086722d94ad51f1c4a4b4d0f3110210a","56","EBE6FBBC15F65674BB5951D869BD3B28A9290ABE535136CB479AC83DDC8E17E0",".git"
".git\objects\76\6eded0ce7f4f58532a8e43bd8adf34344a24e5","753","48BD92E99B28817B5D423097B775158945152715FEFDABFD255B2A6E5F55EE58",".git"
".git\objects\76\8a415293e56d271cb31c478b3cccd99a00b167","49","0FF8E19076A1C56E6BFD85C7C84AD6DD8CB4B7BA10DC3F2BCE2679F5962015FE",".git"
".git\objects\76\a814cee5e3fd97eceb8b285a97391c9ca3a74f","1550","BEE0D348812AE6E70F431A67C44143A5720A1891E1EF71D6FB0FD7E7D0B43958",".git"
".git\objects\76\b7d2897cbb3452faae9fcdc302a6c4b2e70506","3070","1E5202E3217D1294267A425F96396CE687F99CEFE9626C0F32D3FD7D96D0F65B",".git"
".git\objects\77\0fc9eb9ab3e9cc3080ac8b9661f13a35e482d9","199","FC45A8F9647E4A012334DE8247F4119FF58EA44209865E6C9F4BB5AC016CB03F",".git"
".git\objects\77\73dd303aa6f5d7c549e210bc59e0a1dbf87ee3","400","8CA889E6758D7E657AB78FC34DA795DB7D20725DD7F144B61F41F9FB5CEF0F73",".git"
".git\objects\77\971336a88c6b155b56e6030e1890f0553a3bb5","155","F28770E13F5B8D7C6564E122FE4C9E529BB110A51122821D9CD1B3C8E9125F69",".git"
".git\objects\77\c0e0013bb9a314c330faf265035623f3c13823","9305","58B5B7997BD8117A24DFC6DD7179C81DBCB2072BAFC74E24AFF46BFCB1211B7F",".git"
".git\objects\77\f547f7b6f32912f703327415587ed3872862f8","4897","2D5C02302042BBD1BA23A2B89AEF79EF2083DFEA68653D4D300522C8485EE2E8",".git"
".git\objects\78\226704fc29d96ed37226c7a74c6949271e14d1","344","F1AD2E7D631791338544E6D251E211C01D50FF2F5153B950D891650CCC1D89AC",".git"
".git\objects\79\0feb63c48c477c8eef5bfccae002e6e2865b2c","1146","E79B23DE33158C13C3F7D77536DA9870B8D224B7E023477C1E5D7076BF15A090",".git"
".git\objects\79\2baecd5a8813d9a209419674c31a714fc71ec3","1074","94A7D1661389D32F4E66195C5BC9C4B099822B3B3F8AC7FAEB0C762481E5BCDE",".git"
".git\objects\79\4e3eb680f1af22ce71acc58eb88ad416e575ed","195","1535729DD9F8BB38399BDF8CF7E1C90FBA3C336DF7A2EDF94EA4C794DA1F1E54",".git"
".git\objects\79\4e85ed135baec71d4e06ae97617156c0a06cc7","512","4F05CC88DE8EEF92283C4FFDF6DC309B5CC2118A00BAC81E4F651EBCD1DEE1E5",".git"
".git\objects\79\698cbf8789f91a3be2d89a5d8c86fc4d8fae18","667","39EF76E25B0FF58A9D6EF8D562D015D76FC4A5351F9ED2B7336F1666612234C3",".git"
".git\objects\79\6cee2849253ec60ef65f1478c1e2c67eea5e19","2650","A641D57B431905E60C6CF3B40B8BD353D1F0DA6E9AEC46E7B8F82F7F127F0E9D",".git"
".git\objects\79\806303bf4ac8a4c37b78667c20a210e5fc63b0","450","05003BF8DEB60F57F1A6D9BAD05992D2620BD0270CCB503D558504B5AD3DDBFA",".git"
".git\objects\79\b3394f02eb968e7a473145bc13066d34234e7c","1533","2532BB99B5F742559302E40E2CD5627A4A365DEE2C96E01EF631F2C063E9770F",".git"
".git\objects\79\cd7c78ace2751a2bdca0489e9fe569c9a44c3b","276","F01F419151884BCD80C712FAC6000C7F15FB14A12427DA2E2AAA6114FF5B0F08",".git"
".git\objects\7a\7dc0f4cf2c1016dba63b1087d511878080f9ad","1103","11413E99CEFD7D81D974C7FF9900B7033831E9767F96DC825DC801183BA4AED3",".git"
".git\objects\7a\946d1e5ff7c28923ef64f5ea72044e948af464","378","C7CD70F3082BC6BE03714E343787D1E99FCCBE289D618E63BCFA96861CF63915",".git"
".git\objects\7a\bb7187bc53d8b1a0fda2418559280caa61f762","1228","C03FF4575A6DFCEBD0A17D2CB351EFE92A3541F5E002B28795D8A9321F03F35F",".git"
".git\objects\7a\c1fda907cd4e0c72b4c9770dcc11df329abe0d","638","8BB0B9772B8CD0361E51775BB1501ADE62DE06CF8DFE4E7DDAE54562E2CC5B8C",".git"
".git\objects\7a\cce5c22252c03bffd6763b0457b61fa2edddc2","30238","EB748E6062D0CF8EC627EB4692F3BDBC2EFA199C81A702BB43AC3F40C9C02F13",".git"
".git\objects\7a\d641671ed3ea3cb211600f1ead51b8cddd5f86","401","3E1954FC0AB7C1A9229D3951A92F1FAE2E92997246EA4BFD26DA774649E10DEE",".git"
".git\objects\7b\45d0f6e28c57ce68ea67c003bf11a958599b46","399","16F314243A61E5131151E4F7C6AD660F1A545239C865A0A7733A9518A93FE550",".git"
".git\objects\7b\502e926b59f966b3a15c19c15294c0522b29f7","843","0943BF18DDB196DDBC454FA6D4F6CE67658B93F679BB44D80543CD8B49D7835D",".git"
".git\objects\7b\53106bba9cb2409938c956accd275363f835ee","6250","642B9C9A20BFE1CD9E108E7A918B888FD9225E54F1B137A2BCF2850201962AFB",".git"
".git\objects\7b\b1c33506332bd97d22bfa20322f9614fa0de23","1572","9BE6A44FE7EEBE0C12FBE75254D3EAE758F77661E1077A79A46BD57349354F7B",".git"
".git\objects\7b\e11be7de251dd3754b38e9bd921a74b5349740","1416","2381E88B914148CAF23C1486D3503F2BD8F43C3F3138B6EA2C3F4F1CC36AB04A",".git"
".git\objects\7b\f8f8442222e53dc68ee96bcebb591b467f1265","47","B36F111ADC00A45C6B99A692CFC818FC3B5B1547E478014E5D8A9A68285D4AC3",".git"
".git\objects\7c\0c9421543f6dafb8528286961f2afd8cc29937","129","8982F0CE95211696F3E0DB7352106AEAD3F1DEA291F3B9A06C51DDCF621B74B9",".git"
".git\objects\7c\1e82ab93dc6276f33b7ea4aca2f3a941bc6d5e","671","FB27148A4588C2B7167681D8DC6C026F8BB0746093BA077C7D0636758C07CCA9",".git"
".git\objects\7c\663acfbbe197cd09a003e3f2b0783192364f0a","598","404AE39558C964FB5249E903A000CF31B2843361924CB23D6B92232375430DD3",".git"
".git\objects\7c\68e614f3009068fdaa2dc22992f92c0368033a","926","9FB907E051B871E2147F32F753384D0384FD9CFF251351CB42D304D84F7FFA22",".git"
".git\objects\7c\ae7f6a0eb13e31daf1e96b1959eecb18722ad2","316","D4552A182A0BD1C75FF9DB904A19B16D158FD7916B8CD0B0C83F7687B88FAB0C",".git"
".git\objects\7c\ca675445a210a4814769e82996b4269dea7959","1048","94269D931BBB669C7F04BC227D00AFF97E808F1DA374149C2EB16DAE71A71D12",".git"
".git\objects\7c\cadac1d60a8a261df5e7f9f69645710ba6c172","9236","FD3A03B06A31063CDEB0EFC87024C373A1387C1A85172B6CD4873EED1F0E02A2",".git"
".git\objects\7d\21df956bbbb6e4f5c7f9cd3b213f39ccab38d7","227","6FA193E555C49CA8CCE3D25679208EB9600F5389D3463B98F69144901D8258E5",".git"
".git\objects\7d\284169dfa082036928e05bbed207a401496be3","200","FA0A4655605E48B2987BA6AFB49399D733806E0934F88B93F6649F8ACFFBB7F4",".git"
".git\objects\7d\56ec9e0a6495bb6a79f570f3640237115a3256","4746","0420E9421D143B47787BB338A5C756AC9931E09F9B77AB9957214DAB880558A7",".git"
".git\objects\7d\5909dc8bbe26482630f2852b19ac78de3c96e7","200","09C0F945F631C2C5AA7C10E35CF428D051383BB530CDC8FBC9C193DBE168B5CC",".git"
".git\objects\7d\8cb2d43f5bbb4eeeca46cc509690f2668c0eac","879","75E4FD7D0C82987C164259AC9A8D3EC3893825532FAE278F0A28ABDF4F1CD30E",".git"
".git\objects\7e\32c9d79581b3d9062b6e376dcdbf7461e41f70","38450","B6D4D912EA414AA3863357400C346290657C71EDBFB255EA3B64258C55F22DF8",".git"
".git\objects\7e\46e26f2ed601513de94d6447ef47a05324b1fa","88","F814F09F86F9089C504BA9ED3C77E8D355ACB406495F0AC2CFB625BF795AA78E",".git"
".git\objects\7e\86d60cd1af9e4f8e0b8fe11f1639cf3ed481be","2151","2A1A0CAEDD62AB6240B3A12CB3D0BB0ECB09E0EF5892A1B1C2333356E53B33E5",".git"
".git\objects\7e\a867b0262b9c6e980838ebe919dc8facaa8a09","527","89BC5583301F373784C7D622D840DD5EEDDE93FDA702BF41B6913E2A6C8306E6",".git"
".git\objects\7e\f5a943ca6e1e7abbef3520533341b26ed46f41","519","2AFAD70AE107CE310BA9D7A73346689C484087B31BFA6667E4AB43B35E74DBB4",".git"
".git\objects\7f\507ea8a57cc302c4c852984a9a1299f6dc15b1","1099","6D1E7A4975761E983B733E2D9385C9125F8CAA251C56C4AEB75DB140B0A02A8D",".git"
".git\objects\7f\6c0e80072a9fb5983edf5be7c0e5d76c32ecca","203","784DF1B8614C3D9B7C17408A969294492305B3CC8B33A40AB3DB1CBA763DB212",".git"
".git\objects\7f\6e05461d8004c6d49f59ff8c6a4d51db8808dc","543","9DE688A5CDB316B805277FDADFA542599E16102CA4031FA6170F8E05A84AE9AA",".git"
".git\objects\7f\88aa2f40147644443c4a0e5057063c07fa225a","5671","0F0B4A9E2DAB30089473B65EDF07FC2074141D017BF41308EEDCC0A99F0758C6",".git"
".git\objects\7f\b6e268f11fba6d2637cffe1a54b5528ef29732","2131","C07007BC38B29D78A35A9E4EB43091D269A6C271F70FDB100A1A7BD9BB8F3991",".git"
".git\objects\7f\d1f44246346fa612d0af448173224046907390","415","BE89AD5010CBC05E3CE5A9437B4E406CD81C9DF5EDF7B8A0B4FD79C9B663CFEE",".git"
".git\objects\80\01e59951e6b43eec2e9fbb7941076578c3d176","963","352345B6EE92ACDFA6401C7F3B5E464CF84CF92D6459FB343E5DDF3268EA5E67",".git"
".git\objects\80\08e29e421171edc60f029bbe48f57e3b3b8d7d","2457","853107B57B08965ABA9D587C21D355D9221B4C1CA144922383EE2FC58DC40A47",".git"
".git\objects\80\76b92808672674c7b6735259a0910fd5fba8d2","143","C3F0E753EE5F545984E78A06BD3C712F56EE5728D7D838190C5228E0AEF182E0",".git"
".git\objects\80\9c4df004d87e75a1022b4fc4c7e8511885a4aa","1495","19D74365B677E90AA51454CE88BD6345B47C079ECE8385272BAD9C67664432D6",".git"
".git\objects\80\a1c937e30bef2239098505a58e944daa0bba95","2287","A0D86FE07220BDF9325106965D8F23E351C85BA2DBFF20322571D3579383BEA5",".git"
".git\objects\80\cc018330d321b2d3b98202b27cadc833012c5f","206","50E18A906240406BE4EDE5FA77211AD435009E8934476941D66907127CC6E081",".git"
".git\objects\80\fc1c468abffe95ec2a3098e1894533dd2d48fe","371","1E22117022161B762A38961D5E36E172270F76950275083ABAE4521C2F0D6D50",".git"
".git\objects\81\3a2c86ae644cae3e387731d54567d2695ac6dc","371","9FD3866A9D20A495FDD88CBD5819323D6AFA6FEAA8462AFD10C082066757E3F2",".git"
".git\objects\81\a3ab0554d554826b1034fce92a5ecccbeb013c","1229","519842F89614AF975AE563BBF8BD4FD424179EFD04BFD1ADAE68E58643EE8E06",".git"
".git\objects\81\de5d45c9b4e7b3d72a62d05063510c1fe942d5","2099","2692B37E9DFE021DF357CC7EBD9CAB12B8BFB99655F98AFED5030DF8544ADD79",".git"
".git\objects\81\e4247f1dc626795b0d39b6e715b0f26833ff88","200","88B06126C52AFC0B39310878683DEDFE2937CDA22F46414FD4CD4D92093DA485",".git"
".git\objects\81\fd4a740ba771b8877844ab2a15b21d0fcd78ca","4892","BAA7CBA804340E937DCDDDE3A4ECAA1A2232202F834384597D6F53700AE7CF6B",".git"
".git\objects\82\1bfd86267050aa6a1398486521bafb33a2aa8e","1695","746A1CD92747812975DDB15AE217CB425DE08243E5D51C49646B69E8B501DA0A",".git"
".git\objects\82\26a7b3c74084cfa2cad65a4702b8c08a90a14f","670","983E82DE704D37D94E424511A6CFEBC3BEED2A84D5DF2730AD157159DE5E5BE6",".git"
".git\objects\82\2da541f784667f578a4c7427c0e0638b9a180c","1316","DF7E1946A1CF00E3EF9003E618BB02A51EBFC79F6DB0F823E19469930906DD62",".git"
".git\objects\82\5caf59c9fe64af9f97b198b2752918f74fc8c3","144","61C3463A3B7A1A1C2096F5727622258816A715B637E3EC1C073F1AA3DAE50C67",".git"
".git\objects\82\68bfebec74e2101ba3bc1f340661fa2bfedb11","649","5E437724BE08E67471F16D707660EAFEFA39652040C8FCE118DC2489C5838503",".git"
".git\objects\82\8a5fe918f67ddea93b27904be3022f610b23ac","183","7522346886FA89896BAECBFD97B8B7B236B8317A0933C8D49F97413602E7B87E",".git"
".git\objects\82\98225f8eb4aed0a138093b19f8d2f35242517c","721","555BE4DB2E6CC7F3E490E7FE8F455EFC029365219B3D8ED0318E1CA529BEE408",".git"
".git\objects\82\a3e11e7be38027c4a96a786217a02ab5b15469","72","FFA0BEF700089C373DE1C212F76B8F2609A3BC05CDFBE73A82ED59BC18267A72",".git"
".git\objects\82\b36cbd4265550451c9cd73a4eb47dc65fac6fb","228","DAD6D41940FBDF51D5232B911BC2E28E6ADF6BC6BBF21A68456B3FAC9DF8C918",".git"
".git\objects\82\d08a8afaac636ca22db681ea2e781fcfa7c061","56","893EF2077DAEAAC25950BD5C38033EFC55DF0601BA97BE98D7AFCF28534CB906",".git"
".git\objects\82\f183181b08ad2cbd443d131f547d136a0098ce","7769","16A7C756EC7BD1ED984A18DDB62F499BB0D9927006E87D20C13545A8D89910BE",".git"
".git\objects\83\64a99d926bc20f2ec1b48750e925fdbcfe076a","1234","FBDF262D92946F11E60E7974033C7772C9C23190D4F062CE3FE8982732AC2B93",".git"
".git\objects\83\66caf302998dd4b2d0866c3278b7a58d029bef","482","7E068957AE4AF8AA375D9AB1021702F192B0AE5B78E833079FABD09793F6029D",".git"
".git\objects\83\90ff34b0ae4f83223ca2a0149f8137a50a7a2d","4035","65D9374F7B016FA64664C7B5B3E6D57C454A906E6F348B8C74535B1A610753AF",".git"
".git\objects\83\9b3679ef287041bc66f2345f51fa1ad2d21d36","1650","70C85C57EB6AF003B88A1BE42F98E5137DBEE09D9FC9338EA73EAE191DCD0EC5",".git"
".git\objects\83\9b83e9fbf93f01f2b74c54e05b6648f513fca7","258","BF3F6A599A96E38D5DF593CC162D63D9D6A3E1EC2BE781450A1026B6BC46EA0D",".git"
".git\objects\83\aa36dee51685679844cc60c9c8091bc27a93d7","191","BBCF0549543A83D7CE57027DEAF40B4EA24605C247EC6DC0C8E8216E9E9709CD",".git"
".git\objects\83\c2cbd5f248f33e4a62096cb8bf76fa5be784d0","120","4B34DB141BE339833233138A5BC5B7E301DD49EEAF29F4DA1E9D56BD8EE6B084",".git"
".git\objects\83\c645befd0e28dd27fb71a6b9793eaf5a8afeee","199","FFCE520F22F3DE39A8AE542BAA947091E3D40EA0A30199ED65BC4750288883A9",".git"
".git\objects\83\c90b94f1264a2b6f050ff9aaadb84a7297ca0d","258","D957DC1FFC00B4FFCCE32107CF20F9A4552621C5CAF8A2272B34016D48659B0F",".git"
".git\objects\83\ed363b2298a4415f3084fc7dce302467e69f37","619","8EEF64D4C2D76B9388F5484BC7D4331CBC9AEA524E20C614F1B669751DD6C3C1",".git"
".git\objects\84\1ff33124bda1f77ed365f167db86ed77ff884a","578","2FD49476AE453077287B0523C2BF5DF2A4E89E339047EBBB4A5586F082E2BFAB",".git"
".git\objects\84\36151f5832778f97bbad81b192170a36f71afa","5358","35D0133A9B493BCDEAA79A27057D49DAED92D31180A6C643C79F891829CBF62D",".git"
".git\objects\84\4120166657785b5107ea8a6a5c9c351dc6f628","145","86B5D5B654968ACC03DFC24DB8C7A06C0E9063A50187C07CA70B3121796F41B8",".git"
".git\objects\84\86d53472ae733e14ed6c97ed1c083f35d2d9c2","2686","FAB976D59453FAC346471BF2E333FD393D9BC98DC9633CEE70DB1DFA08DBDA1D",".git"
".git\objects\84\b7df48f1de1d673ba99623fa30765742f9b2ab","56","47526AF02B8C23A8411F3732C9A635DAC6584A42E0A93C78BD01EAFE7055510A",".git"
".git\objects\84\cb37afff76cf69cbaf462e4435d8dd942907e8","149","81D8FAFF147BCE9BDCE51AE6C13634496797943F244E9F789C0B3D11DC7241EF",".git"
".git\objects\84\da33e43de3c421e73fbc399919367ac335d312","918","A83CDFC5A7D77E9AED325547E2A4EB81D91BF86FD7323C35FBDC05DFDAEC94BB",".git"
".git\objects\84\fdcac621f02699f1d064e1fccfb7372d01566a","254","20843051EBD2400022E216EDD21FDC0F99928205BBFDD747AFF4BED03A0C3BF5",".git"
".git\objects\85\2a14134f4c6a8e6b5baa3e10248e2be235f886","2580","C8DBB1F9BFD390FF85AE4EA64614F67B088DB0B80573B8AAD3436457B0980F0B",".git"
".git\objects\85\36b2b1f9547135de435cf1365f3ca4ffc9925f","770","CD7A2001DDE8E043C9964F91CC3E0E65941B05024F286004E26BD781FF111F4F",".git"
".git\objects\85\3f0a42c6e85a5a549a803b5aa271799e1cb56c","2861","FBCC60A7159BFFE26C9CDA973983D882E3FB985CA5C2E497CD19C7C52232E939",".git"
".git\objects\85\405dce05e06372044572fb6bd37a05af2d5821","636","6B74B6C32633031C4530A557A050CAAE68E3C1E0FF90332DE63755FF74DD6E60",".git"
".git\objects\85\84c7da2aac627ce96324802b87a2c040e74c83","75","62FE0B81C36F4CD81E4987419B78EF6E7344458938C7EFBF1C1D45B4271FF080",".git"
".git\objects\85\890386692c71e0b1f580d7f2b3f3e319b9f986","830","E91347E267B43ECB8363527A7D77AE240A77728D7240E90C80C2EBED355E763A",".git"
".git\objects\85\d77cdc746dbe6934af053bc202256dfb391c2c","61","87C89146402A065D2585790CCEEE720CA54B2FF72B27A8CA412CBD618873B52E",".git"
".git\objects\86\1c4aa845480cb31961be5b949eec1287544820","369","8EAB49D400A6DF5452056AB8D057398B0414F36DDFFD7A7BCF1F16E167B7CA65",".git"
".git\objects\86\448ffe3a06f469add41c4b8fe43edc75c85c45","1740","4800E22C1B93D58277E06D8268AEB3DA818421A9EF8CDB8A7B4D650271564308",".git"
".git\objects\86\b3dcb5e5373e018dff2a19c424cd98b0f21eb9","29435","23EB40108BA69B1B7891519906410DE6034E37A9429661D4AE3FE9E688B36B7C",".git"
".git\objects\86\f50d7047cafab685c4df0f2f71f843ed1feff6","13451","EC23FCF9D1B0D85E6198FE15681086F68C7CD87B65D8EFF06ECFD426B420A061",".git"
".git\objects\87\0ec7f6c2c45f000ba42facbed5c9da8a1ec2f6","211","D2E1829AF2559F1ADB00AF3CEAB64A18E0595C3009F318B7A2CB1DAC4B9327CE",".git"
".git\objects\87\16f3b7f5a1ae2524798e5bde27bd68e79a4802","27493","843F39FAD48801B31A99DF5C0AB32219ACBE344C3C714A49B2967A7266038E60",".git"
".git\objects\87\2a6cd584790a38ecbc7523c6da2ad84ffb731c","2627","6B6EA191934A1EB348A3AC07D6C36F96857B3330C0725C24F490435B74F26AB6",".git"
".git\objects\87\3e0d83d302fa5e052116a3a90d3adc8619dd46","328","2346060F4FFFA4DBB15C959567B6DE8B28C237F2D13DA1127DCB20F8BF9C80C5",".git"
".git\objects\87\42803899c9495a388a172888cdc84232f3e4ad","1152","443C926647ED9F1A1AF5EF31DC789EAC6C11691B7F47EE58D0FA84D31ED2419C",".git"
".git\objects\87\5dea12918fd56120bf10422ca065c918622ea6","897","F4A433FCF7E439D62E2C89A2B56E9FE4609920CBD8C86604811AC234645E83B7",".git"
".git\objects\87\a7f7055b16570c754a0e5bdfaa24b3f3bd12fe","51","FEF73063D49DECAC0FBFC246EC904C81A240F6FD27774B78C37023DBB8220141",".git"
".git\objects\87\c4375965813297231d4499680ae06f0084b5f6","770","219F3B32847E2BE1EC7376E3E5C74325C2B2AAB0991D267E0600A5275B4FA9D9",".git"
".git\objects\87\f5788a6846ac0fd1e0b50c77e41f4a66e980d2","116","EB40DE2B0AE35E04F5D934D10781A2B9BAB001526164B58C71E41B3B8E6E39FE",".git"
".git\objects\88\51291d590c26cb6ac4a5865664914006574ca1","60","71B72CF3875E2EE607641D9AC86539AFB5C238D69E65F5EAEB38A401874A0EFF",".git"
".git\objects\88\5bf9f469a3db230291606414974157e54d8012","30263","C65CBCDB9234819533F15D52D8DBC37ED71DBA4B4E0C60D47C62B99301A87CB0",".git"
".git\objects\88\706fac73559d35dfb5a5045869049a3c9784ec","379","C1AAEC6F0A32D7D7F5DF3DBAED590BE651638E8AA0C5AFA6D72A0A89F86DD8E8",".git"
".git\objects\88\87fe4a883bce5695ee5c4991cee9d78f063174","234","006D0423FE77B24261FA5D9E8B3B14909FC72CF8293332A2238C82B77791B558",".git"
".git\objects\88\8bb071f2d9b15a5fd3c086aad4d769a8b37ad4","3329","33CEFECA80CD0C27A23052AD6D80FEB8BF7A25EE793D5EC3ADA9B28F605216A6",".git"
".git\objects\88\8f44be2e9776602a9c01e601ef5fd2bd2b4f8a","1980","170531BCB22F3E9DBF5E68D2005750DD76F4DD1BDB4FDEC30CC3723CA7FCDEB3",".git"
".git\objects\88\a27ecfa8f1325830102d5e4d678afc18bebf64","640","89CDE28492711267CAB706BA4B749AC2D68EACD6886ECDBAAF63C32FB09FF913",".git"
".git\objects\88\ed411992ebbc085517da94f04c1b79e4d7d621","176","70C4FBBE7560F2B653F29A4CB9852C35B8C748C448565CBFDFEC13D6AC53493F",".git"
".git\objects\89\70c7feafcd8dcb36474425f6d2360062bedd2b","289","713F56EA631DFE66A0E09696E38C2C89FD1878C47DA9178F4CB830C5F29A4AA7",".git"
".git\objects\89\9d80e20dd68241d3a31a479ec96e6d7f112682","240","0B024D8F3B362F1419D949DE4664CFBD8DA0D0F41DDCE964BE390A41D943BBCF",".git"
".git\objects\89\d30a49bcda2b7cdb6f895d5a01862b7f8f7208","328","25A3503684A8FB7BF9D420A997A15CD05A28AD8B263C6C7B9F7333013D97E0C2",".git"
".git\objects\89\d54699d375bfe1f6fad2f55c24eecd0998c2a3","3884","D19BE93B53C40847ABA27DD5CE8B07B560A88485DADAA3131F004C042D3412B1",".git"
".git\objects\89\f5f947160626014c84ba70890318a4eaf8fccc","462","1FD01E8113835560692E5AF2918D5FD001B6600E4CD4CD92E4FCD74EF2EC16AF",".git"
".git\objects\8a\1e8db710eaf85bf4d27b3064aa7c9872d338a7","288","A06C21270D207E8DF88207E277BF9F56EAC91E33DBB91BF8AA63D7C1A71156F0",".git"
".git\objects\8a\8d495dcee847360db5c23372ea9260ebf4cee0","209","DDF3EE19487B5F9CE55D2614B92548336CAE36F30D3C990CE23DD902C83A394C",".git"
".git\objects\8a\a50399f35c73426ade87e81dc1918ea9d2482f","170","C82B6545F69D6BBFB47121E01F84EE25F5F3CDF079EE1E0F952E8A1B00CE5902",".git"
".git\objects\8a\e6afb3f577056b091bdde27bab995cce3a0167","1573","8A1843B1A026BBB0672A1BB60199796F9992B28D3FBFAF722450F0A9BB23F2DB",".git"
".git\objects\8a\e7e6f3dfdc4b7d1ea26f5ffbeb8f1f3bc15f7b","470","E5FD68B4DF498271D73AFF774E4BF535A29C54CF831639B9B1A4BADD9939FC87",".git"
".git\objects\8b\137891791fe96927ad78e64b0aad7bded08bdc","16","A25E48D49327F35569E5D25FC64CCE3822B7D1402FF13FB8A031139543510477",".git"
".git\objects\8b\34c351c4d4fb7fa595e3f5cb7ee0dba530bdad","499","E9D22AAB1A61F6DCDEE488B26BDFB71B3EDCF28E3953AB7188416B85D22355F8",".git"
".git\objects\8b\37ac8f0c0ae2128c3c738ef130bd3cc875b6b8","2697","7129B21495655466E13E9FA9F868E45C0C67975AC59595AA1789B24559D6C978",".git"
".git\objects\8b\6c184ea0fb0d8fafa6ce3d42090bf9e78fbe3b","4070","2DD6C5CEBEE5348C33F4DFD360647AEE77A5E5F2A12544DE0C58D10D15C6E03E",".git"
".git\objects\8b\be8b026566f8fa33086ceb2e7752e5320adb0d","143","CD017FD311420F1DB29CD66E48BE6EEFF71CB16C2C0D6229F4CA32EC488F82F8",".git"
".git\objects\8c\15375781eab2f54e9d4f573c355ec2243a294b","198","C273D06870658C880EFE2102E359A73EF1FD87F66D03CB39831CE9AB73912A0A",".git"
".git\objects\8c\33961d2c172ba7ef2532cbdecbc075bec01392","110","34DA6526B0EAFA4CED94F0A3E7B14BDBB75C0ABB97C1189148A47021BA03D439",".git"
".git\objects\8d\0c8e575c4cac4bb696fe5b166b7df7946972de","163","C679D5AB86676DD125143DE27981A43CDFA2298CF38BA6E10C996374A14D1C99",".git"
".git\objects\8d\76b3aa67c5b308674f536d5a07a5d00292f9c3","1511","EB7CAFC4D7D1A2D9D051F01AE24046456BBCAA3E7C88E072169A4F1B7BD1323C",".git"
".git\objects\8d\7c77aac838b7a15d9e975a0f84e59e57da2cd7","143","FD1AF5C820D38020031966DF82C4EB9064C2A2C78458DA02C46468C7378E4847",".git"
".git\objects\8d\a6d87f74e76ed05d8b51d3cdb0b02d5a4ff53f","30","EB485157E6990DBB439C8136F9C6C0AD1183AF6E53B0C40C46A7321DBB50AB84",".git"
".git\objects\8d\aea281ddc4b55e487e75db682893d05f05dd24","454","7CA6489E81592D691488464D594CBE59E2B5C8DC1EF10FE2D1BBB05277058A01",".git"
".git\objects\8d\f5c8e296d343340196b11adc182a142789468b","199","76F8B23FA9A49161FC09C443DB1F701984D68DDA2EA7744F626E2629A01AA1CA",".git"
".git\objects\8e\0c46a5bc7bc3583dc18646bfcb27da03a311c8","4898","49810A3CFDD37ADC3EFF0552AC142FF874F80992CCB1F8DAEF69697359505833",".git"
".git\objects\8e\2f717a2466d901f02bef9908ad73ce72b3ef7a","151","4C98157E348740556C3102BB3364522237586D3C3B06A867D870BF160806A5A4",".git"
".git\objects\8e\595da6c1b28c8d38d7354935de1a0435fcd879","3497","C6DB9BE09E98FBFA712A5FCF84F64F7A88EED299FD45693937B3037C3E18AC6A",".git"
".git\objects\8e\5f579a2c0eaaab0cf5a8e0043b07951636c7fe","385","7DDB4B5BEC760F12CDF4405BECCBF667F0B4236D511161DB79859B7B7D310FAD",".git"
".git\objects\8e\7f11fb8ee68e04a25ccb94b94d858f220d9032","1219","BD33A1AB56C537BC793C67F931F62D6B9A932C03E1CA8F00A2AE0E5DD37948CD",".git"
".git\objects\8e\993c5c96de0b7b4648a56e23ef16f393ea6802","791","8942E08118CDBE1A16ABC1FF51F045A1DF3D5CA354D827A614B910B1E8C93BFD",".git"
".git\objects\8e\acaf39f81956705de7dc4c3ca9785eef3337c6","1636","80C02770A719405E0DCAC52DB0A29CA32B743262CD32F60DF8D69669F1B8175A",".git"
".git\objects\8e\d8e258a956775a253ecddf9124c0ce22e8aefa","137","29F1AD51D83AFD38090FA1ABAC5946FFE4212E1A97C2FFD3F1930B2C7A66BA0A",".git"
".git\objects\8f\0c4787f51d7f0661280c0622beab3e0e1abac8","395","20175FADCE1BA2E218F0E75F6616E086ED85F90123BA51FD09D29AF4674A40D2",".git"
".git\objects\8f\1750d9781890ccbafcfbcc1da52c0aaf4e6ab3","424","F371993AD2450B4A4BE9A9BE55491721ED005C9B8DE511EAE458081FB2DE13C9",".git"
".git\objects\8f\300686c8046529a293544b3e31c81625431bad","292","A20F97A5393CCB5FFA7C26F61A09941456989C2BB82162B9B93816B21FE43F94",".git"
".git\objects\8f\811db81b953f6a2c3c14000520b8807d7a2b4b","1041","0B6CFCB3D7365254DEC50EF11DD850803A18882042F6743F64BB7995AE2E344F",".git"
".git\objects\8f\bca17290967e22b543ad943600b3516468f0f5","1981","51DF168F238AC8E2D76C3F1604DB4BE72113C0DA54A6FAA0104E84F90D1A322C",".git"
".git\objects\8f\e7130d7473774f88741c5351a45cebcb32cb48","321","32DED5C742855C522F6CC5DF43D047A536365CB036B70202990B28DC502BD3B0",".git"
".git\objects\90\5f6bedd580b1775403bdcded797ea3524e137c","979","39A78EE0DA383F9BC55FF502DDF33D38D80D707DB0EC8539A1FBFCDD744A582A",".git"
".git\objects\90\beb112391cecc7b459502caf2997c2a45dd510","447","55091DDB6BF21EA3FEB10610EF02A36CBD47DE08F994ADD26548A6A28AB69C17",".git"
".git\objects\90\d8403beca56e0d0638469310668bfe21bbcddb","2258","B54000C5422C620C4C2E6A9ED62F25120F2410D44433B1BA4D638598F1485CE7",".git"
".git\objects\90\e9bdf3d3b3593c03d86c3a7cee1a20871cb627","12537","338BD7BA557AA66C9B48684968BEFCE44074CAAB60E271D1FE57E41227F4DD0A",".git"
".git\objects\90\ecd82fb5fe2ce488e565cbe8eb7b9822ff2f1b","203","7EADB23470B38892524E4CDAEFDFB8A81EE87B5959283B9093C178DA5D3E68EB",".git"
".git\objects\91\92495f9d46b952f5e41be261aca707ba16ebd9","56","4AF51E7A55D3B0BD5DCBFA7C59EEFBF0DF0CA11D9239BD41E850C2B0B15E5180",".git"
".git\objects\91\a93cb3d8d1ff692020e3c1c993721b6e70e80d","1603","8C925D5F7B76EAE784439CC04B68218E4F28DE4BCEECA96D3894AD05F5D8822E",".git"
".git\objects\91\b273bcb88b170c45f48f3cf04f72d6617bab1c","619","51B5C926727222B05DBEC1BEF86C38163E9552D4039533620BD159A6F8820678",".git"
".git\objects\91\b7ca1c38fc7b2d631ab42bbf5bbe2b7303b02c","2269","07C865F0CC26AAFB9D92489CF3AFD4941F13A1CF394F50B4FF104B3F82C6D8EA",".git"
".git\objects\91\bc5957a41ef6634b65f1b2564d41cbad9cc09c","4758","3F36C1A3FC95E952C5DA89BE2A7437C932F7FB0D4AA096F5B483FFAA51972BDA",".git"
".git\objects\91\bd3aa0f9c1b75b23e848e08c94f46c5c7ee187","3254","FBD7DF4461B3F5C91BFCF876A5FE8BF7B453A4DB193DA060B4A0DCC47252F039",".git"
".git\objects\91\c17eea1debcae0db21acf32f49632df09bde1e","320","E61BBDC56EF222AF71A0B4ABD8FC7042130AC0233AAA0F2985D78ECC3C5E44AB",".git"
".git\objects\91\cc5956b99eee53720ce4e6f0881a1b21eb8bf5","566","394247F800E4FE4CCA89BF5BE331BD6A7241B5C5E814EE40D6A98DAF8016CAC9",".git"
".git\objects\92\17f0c75cdb144a07ac2d451f9150e886f621da","191","443C3F83BF36FE1D752A06C9EBB718D2CA4585195DD22501B1691DDA1D8388FC",".git"
".git\objects\92\38250f1d22350e9cda0b81f3aeac80d85c6a21","449","B157A20D2674E12826E4D65EFFDC2473D7663D3658D149E236132C392BD1FF80",".git"
".git\objects\92\3f618e64506e683a55a48a39e93f695d2fc1f3","1076","176E81E960146FBCA6DE6D41233A20A96A9555F18EF1BB89CFF9637BDE7D2EC3",".git"
".git\objects\92\67de01b4e74166ca62029dbef943f1799dbe9f","261","A3F65A65FF9A1AB60DE7785BC4B16731DBBA329D6B9B881740EE502470211F4C",".git"
".git\objects\92\8db106c2c4b9c1b4b38b614ac20dbc4fa900cc","1091","7F11843267AAF81A9E0748CA9192B4C7EAB14D7DD11FAA5D1CA128B51A6CB1AB",".git"
".git\objects\92\d1ab1b0f7e675ff49ff99d04b6a62b528c6b49","285","D4C8A5EC736FF1F7F61EF119325F1EF9BFFA76DBFC2DE680316C713CF951BE6C",".git"
".git\objects\92\e0c77d326f97b647e48e418518a86208a86227","209","23D0042B5A783CE5D5DCC41D3F5194067644898284C92BC89455D01794C03072",".git"
".git\objects\92\f947f35288e39c0764951c0d8a5c7aec33c07c","108","7AAF50E907FF00D5949E722239D0AB738434B49A7A84702C72D12559225CD6B8",".git"
".git\objects\93\5ecfad87758ec72ff98ef79933a76280adc131","333","F33D2A326F5E9D7688B6DBA17113CC3B9B988E5BB7581857F2BFA6C801027231",".git"
".git\objects\93\7a8427278d440f23ec2787604c60ce7225f889","399","0C3CDA82F4778F9D74901E2C779DEF5B7630BF96626AC7EA39DF27D631CB72D0",".git"
".git\objects\93\abbaf29a8ff4195ae633b98f0b027386393065","370","7CBCC42F909A400E0DC92BBE2C57ECE7782BE9CA0B6DBC54E6A02643AE87C777",".git"
".git\objects\94\37fec174b9212340ebb903e736fbb60aa0bddf","201","79CD81B9B47E016DA80F569FA116D5FE67BA1DC16125B0BFD1B345810713B7CF",".git"
".git\objects\94\4da7ddf6c2bfff62b88a981081ae70093beb12","2883","96BB0402B383AED837D32B50045B7E663043F656FB2839F8C0E477D22C799B65",".git"
".git\objects\94\910384f547cc0ebe8a831776e7e7baed930d8d","2971","FE76E711C47BCCB8B220F147FB3C7AD61074F669F829796FCC76556561917F50",".git"
".git\objects\95\042e7d60f2b4de22c466ccb7b0dde8c2e6f810","2979","D3A3C34391AB2171AA09162C993147B38942947B558103AFC90AA32D45B79C14",".git"
".git\objects\95\4aeff38de3d59686caaba9859d9b45a929e34e","5057","534756AC2A00ACBB70344123E9ECF16A5276939B66A86D47CC25CB78E653F458",".git"
".git\objects\95\68e7113535a9d685cacdeb41f14ab244c34df6","6061","229FB5D386712A74615ACE53B89F379A5624844EC7739630B9BC3B4DEE43DAFE",".git"
".git\objects\95\6f479e1416a2280711ee5a488611c3fd69faa8","1597","30D1644D968EEE5306550C2C72E41DB4C5D6071A0234DBE02B8325B311BFDD1A",".git"
".git\objects\95\73b1ebd85bb275b7d846c4c7a87c70dcf13152","152","9F44117F48626185149DB59EFAB5183EDAEA66A6D3893C2C5FF80645EA4894A7",".git"
".git\objects\95\7df0bc4c0165d262ec1fa9c8c8dbf05af8eb0a","673","49A1AE14856FB4084E37335292538B5FE90138F98DAC1BD217E8E8512AF220F5",".git"
".git\objects\95\8b2dc1c900a35ffb6cb98053c6d81c62f5289e","55","B1CB958E8E197A4B0482621AC6F132DA1BC2BF2F5BDA2A67E1D75BC205B9F72A",".git"
".git\objects\95\8cd7c56369d588d0baa88e93280ad34d7f2fed","370","DA0871ED67DA66EE3A25633A28E19B2AEBB13F9A6D274B300A3B4FAE7B50929B",".git"
".git\objects\95\a744de1feb2a77177dc2bc86acf53162a11c8f","675","E1A83C99946A7CB08A5257A38226348B3497BB033D0DB75997155224A6B477FB",".git"
".git\objects\95\b378244de42aa723507bd610c96af0681a2fb8","493","EC80F4BE77816F3A483018B8ADF19682CC8408B3563E33412D8F143260B68372",".git"
".git\objects\95\b647247c5243e4411fa17f99fc798686b2e3da","593","7272AC706EB4429F28A3B449F992FF4730DFCF2515FDAA78CE945DAD2531092C",".git"
".git\objects\95\e5133ac63425f0699ccfbc997bc61d5bbaae1b","108","51C180F2A3D05E2DD183217B6D89E34814ECF745308EFE1031F2626A4384D780",".git"
".git\objects\96\0285555bf69e051277b6579801c0cc772baac8","2786","8A84367F1A16079C4A0CE1A1EC87D47FE98DE95FCB63CAC7ECB61795A7AC19B4",".git"
".git\objects\96\13716a0843b575a9cf3f90be8cbff3ae1c8032","211","6D85CE70A8BFED5882E9D4DC79CA6A313DE9C6BC196B364FF048EEF89F2D021B",".git"
".git\objects\96\1d13c0ca61336173dccbb4438f1c38b91732d8","3596","786719985FFDFCD6EBDC7A43103F5FAD4D418985153F132537237FEB120C60E1",".git"
".git\objects\96\22cdc72d2891ecc1e1d1280f951cf793665416","1632","64212C331C1B76353DEB1AF14593DD62961DADE978A1B694B8B168A24DB7F087",".git"
".git\objects\96\5655f41418bc688476fff52b63c9f7bbc72db2","327","A9E2C876712AD6D96CE7500B05AC10B8A25576459977B095A704F7C6CBAD8483",".git"
".git\objects\96\713f51bb378e8e3c2c611e127963d8c7f18c79","6519","9F7BCB2C7046D3F129104D0AA4D17AC6C26EA2619E3EF553E243C568D006BE7F",".git"
".git\objects\96\8f7ea5d412c7f26a5ddc565a0f442d372965ae","1457","A617A44D1D905E163D7EDD764D033F17B230A5974E11C085091545271B82A838",".git"
".git\objects\96\a007132381c249ad9d15fba74af3e1a597050b","209","59608436630A35AC9419230AA3C172B7D9619C7D953E69F5A0FB71EA672EA67C",".git"
".git\objects\96\b5204062f6e7485f52d8cf8c1e15ba6d8e4801","192","28A3C9050A8D936867B6389251AFAB25BA3EFBA74317290DC532497C31C8C74D",".git"
".git\objects\97\04eda32881f87ba2539eeabde6c8329ce65c32","172","0118B3F960BE44F38EF3D2282A2F5CFD1F8E80ED78C4F34F6B17BBC1E5AE00F3",".git"
".git\objects\97\321f6904eda0e9be4eb6aa715512360633b5f8","608","0758E866769362598A76FAE15AE11C27332EC499D79F58095471797D28DE39A9",".git"
".git\objects\97\51aa8f0a6ce4c406424e982248223362b36c2f","1795","515EC547996B4AFCEEA286492DB2CA180C63C761DE512F08E7A26017DF0DE928",".git"
".git\objects\97\9f4285404c14b0ff61fac3f13013d1d96cc656","708","A06DBB48C4B5B8F7021F57C06C94890FC7031A9D6B47D0CD4992F1EFA8A3390C",".git"
".git\objects\97\9fc74405944e28375d92bdcb870b5aed1c1f6a","212","33385A47B7C25210156391EC4041CE002024E86E7C476A3A543AEBEFF4CE9C40",".git"
".git\objects\97\c0bc9eca826e0825635db4d708a9db2f3915a6","214","36C7DD37B3322AB4DE7A4D72756BF955291C8A3663A084F5711188A32A5EF546",".git"
".git\objects\97\e6565d0e6d2bb7f99460c4d242aaf31192372c","1015","458E0B6DCA2C30BA95F458B26BE60F15BB58BB289E69B34EB67B9255F72AE1B8",".git"
".git\objects\97\e8bf7cc6ba4e2051be672e7bc79790ec800f41","78","4FBA280C04411F5458F8D00F245F36DED1C3AD79AA0196D928EB2417F3E96719",".git"
".git\objects\98\1965e556fe52e1f98a13a1a843373ff1eb3cee","1320","7A368D3257A4818121196C0224E1B5F3A43685452061B90309808A69452CB146",".git"
".git\objects\98\8ac0a5ff9ab2c1a802f80ffbadcf65b4c8cd7f","5208","7661043F2479E763CD01E481B5379457B659F06EB86B83FD44DB226550B12A96",".git"
".git\objects\98\cf91e60d36faca20baab3baaf563421339580d","5517","8897F252A977C8BB15FD82EEB9B5258F70F1FB489B08093D413BB0487ED57110",".git"
".git\objects\98\fb4bf1a22f49ccdce0b34a3f5e06f81bbcd8c7","1480","6DCA8DD913884BCC42915355CFDC4F21969860DF44A5BB4C47F60338391376E7",".git"
".git\objects\99\01ae43974539f42d53c2a03e21a27c22434db7","978","C081A0E2B76D0900CEB7CA04956817A8C2C22F78F006993DF40F191BA9483CE9",".git"
".git\objects\99\0226ff67af0f090144c11f1c157119e3eff218","2272","B3038F0380E0CDF1CB8667A0376B3D06EA0229B63FA37D55F2543B64ECEAB9C2",".git"
".git\objects\99\3d4fc906140a7d2c4038bea0899e086e4bbae0","3653","76F3BEAE7F88982D995261440403B8D3B3A0BDF8BF37054AF686DA8090885F00",".git"
".git\objects\99\6230431aa25ef627b9b99a7a036fbaf0620467","440","EB626530E689C780506FC93B71AA7B30C1E128E97F7D09DD3CBB7765179BF2D0",".git"
".git\objects\99\832dadd86073bedeaae059d096c5e4b544bff5","276","7C56DBD38A1C160F5D37DB247B795CD44CD5DE04F5C4ABDE9943AAC69B3BFDE5",".git"
".git\objects\99\9b126c2ff340609ab1930cfcf4b4047ef00c8e","1187","92D9209F96A6703CECE6B3E6C40C4D19C7768C5CC1EFEF47F742CD973F34DD07",".git"
".git\objects\99\b0dad60f211808a7fb18421f3a449d338d58bd","1511","EF17453DCC003090F8189A8DCE6000846C1F6E89AF2544A15E297188F00ACBAE",".git"
".git\objects\99\b9a6580d3c3543310a994f40408810b7a619aa","1034","BF7B9B6E0EBCD5CEEF81AEFD11479B7B180548C095FDDA404941AC437AC3B10C",".git"
".git\objects\99\fa252163ad60b488e8091e4f3505be20aa30e8","189","B591080A9A2CBA3CB45184A49AF484268BFF1B9A656D21D81E4D9D8924FB1D29",".git"
".git\objects\9a\18347248b41b953f20ac6f1bf99eef0f9b456a","121","1162F8C3071EC1162936870FC393FB7007C0519B7D26B2A78ED4DA60F0CD034B",".git"
".git\objects\9a\52327aa55d393276ca109962815d12d53ad893","531","17BE75BF17B21522AAA51B4E93A9826D8811D1928C8161379AF49A2C5C62442F",".git"
".git\objects\9a\b073e8fa8e4ea7a08ce12cb8840e40d2856efc","136","DB6C984F51A84931A871A1967522ECC1912397614DD6292E83C83EA6C60567D1",".git"
".git\objects\9a\b44e6fcb9fe14032071d0d7d534fba0f63bfa0","1546","6186DA8F90C59091A4AE2F51B7F8B89D450A4F700A2511E772C3D18B975F18B2",".git"
".git\objects\9b\456b3d0962c8b384b1af6938952027a6e29c76","275","004B2B12630262599E4563B35E4DF591474B7645581A6BA7746E686AEB3C85DF",".git"
".git\objects\9b\4d56795ebaa45f66d2fde7070c1939de148d8d","321","2096DD365CF48A631732BD4A8B580228396655BD43DFC37B6B4439A3FFAC7ED2",".git"
".git\objects\9b\d3b42f554559379662aa4145726f420efbf88a","104","3419F9A1FB7D3D049FE630EF461F531A9B70F61F56675D2F23C49C7654492813",".git"
".git\objects\9c\0e2ba0724a21d53a78ef2b7949a2f636a14def","329","76345232004B1CA41202DA6A00F03F50641FFE47F8E81C51806389A734614F24",".git"
".git\objects\9c\7db1d7d134cc0ac994551aecaea9bb86152959","6575","5E193C215B93918B9692253E36A15A0615BB5A1153D75E93B1AB066ED6966A22",".git"
".git\objects\9c\a2e2798c7b46ab548ee797d392ce9683c9a1c2","763","883351A9EE92C82B3BD8507DC7B6998DEEFC46CBC1106916EA28A7171CD46146",".git"
".git\objects\9c\b608dafb080b68788c1c7903db0a756ba70aae","276","A2CEF9CAF9573CA6CE403B1500361B97D10F1C9F79706020BCCDED7EDB252FF6",".git"
".git\objects\9c\b71d5bea14b7360bbfc9cb8184cd466a3c6c6a","3836","18663520D1936212440961038910D734D8A1AB74A0768DD870110A703206B093",".git"
".git\objects\9c\ca5a768790810a57624e2690ddcae7017edf85","116","36670652DED2E053B5BFF0626B3513B435C82D5CE9D8AAC4AF1C5F4ED1E0E1EA",".git"
".git\objects\9c\ca8c3fd2277cfd406dd12d29dec18dcbb97f08","1048","4BBDFE184A8ABAC8672FD03DC401A1AF038641973CD08667A05090C8D2CC4D47",".git"
".git\objects\9d\2f503f692be2b9e7584f2b2f4924c24ec67d50","53","DADD35DC147E47F6C3995995CFAC4CB7AE43FE1D845479FE928BC73AF36B43DC",".git"
".git\objects\9d\35311b59ba8250f1ec092528cbda25750e6861","85","886C0EC785E903A311876C8253D0C2D0CD523DE8D97C641DB195470D0C739DB1",".git"
".git\objects\9d\53b7de3b22f523cb7183adedaed930e9d62111","474","D5B1C3CBC3041A0D4236672AE13092E0A5D6D238691BDF82152FA96F9F9BD92A",".git"
".git\objects\9d\bdea1bb13eb83d7c9d0cbfd12551dbf7d444d7","415","987C6E9D2265749400E0787838EF9C9D787CC6EE83A4D759DF16F65F225CE012",".git"
".git\objects\9d\bf325d61f49d628a58cdde8241879a12dd12e1","86","A9E3101154E828DFF8B9E5271AC57C557FCDE851344AEB2154BCFE9F04A0E3BA",".git"
".git\objects\9d\eb444f1fd6131f37b0ce12df23f9ea0a79e1f9","180","0FC918C3BBDFE58E67F36A08E341063667110F3B584BEA6E9D94912C69BB670C",".git"
".git\objects\9e\345717a7fd4c5a635e45f8da4432f9350028bc","447","40067946C207CB59B425FD69F662CBEE754E3EC2F1DB8498C962A19042CDA735",".git"
".git\objects\9e\431926abf4ab9b6aa8ec2f83f3badd31b348c0","137","25D2C08889FBD04DFC73E63152BFDBB581B56B4D0693AC55F6E241F2D35B9393",".git"
".git\objects\9e\4dd5ec81b74813adb8d3bcead12a7cd74d6e8b","811","5DF5AEE72C05F18317358CD1BAFE2DD028754D9C8A5F0AE266265B4696A9C514",".git"
".git\objects\9e\502ce68750db0e01229bf786807c149121c435","240","1DDF6E34EEB71FDF90E46EDE8483452E5B2240B35BF67B9F61FC344905C52BF6",".git"
".git\objects\9e\7650adaedbc78c12e7044d9f5389cc35f990df","3868","3569E1C274FE4AF3D8185E5E1E20783D74CCF0205789B1118397214796409525",".git"
".git\objects\9e\8f343c3182cc1f58277e4357336447933c3f62","618","0D23E5EA650BB30D224DACC46F813E1062CBC95CD909A2E28D2495049876AE13",".git"
".git\objects\9e\92336794cfaaadf2658cc02baa6543e9ac3319","1603","0F0089D2336F3ACA7CAF69A92B000F6A5E6E1DE1F5D06232B88D39FBF00193E7",".git"
".git\objects\9e\affc5c66f6a61648960a201d10b5b45b7a20d1","440","FB48750FE64B3E05B13EB50F9F00FC5A42A8A3F36D67A4C3C4A92413B22043E3",".git"
".git\objects\9e\c2a0085e199d2fbec9d6b051b8480eec4cec54","4967","BCB880B065EF4B2D799466B768F08E0EA37481AC0BB3A65CD57DE0F6EDBBBA06",".git"
".git\objects\9e\cdc58e28951bb67c5543df2605e0405f580302","907","3006545757D8EA725FB211804B3FEDAEFDEDAE096D28EA104145B73CB384BA0C",".git"
".git\objects\9e\f143f7093c515c0d3eec8d2ca765f859cdcc5f","1175","1F7D73EFC0EF3E04F874E6282FF8024F9B4FF9CCFDB57923B4B25ED8DF525F4B",".git"
".git\objects\9e\fa49c654f077531a21376f069fb787feaa4d63","209","DA31BFD5205F64E053A1C8785A650E0BF8A9DFE335AD0CC1D09B490499256EAF",".git"
".git\objects\9f\46360f43699dfe7e8594ef31e1d44e50c8a72f","6040","2F4DC9B717AA48D2306AA7D70233E48ECED770B6E00A3E1F827D486E44EFB3F9",".git"
".git\objects\9f\51e20204e0c136f85b1dd094ac99ab94af59fa","209","52D7F39CC52C10E4B9CB5BB6B8F052590A766D82BF997232232A4BF7FEC6E0AC",".git"
".git\objects\9f\5e81aa7c9c9922bf1af5da79a3b479fa965b73","769","CBC1E18E5D23377CCA76E548D46CFB752E93D1954BFA8A8F48D7CFE6DAEF5A7D",".git"
".git\objects\9f\6421a474351878721991abc3218338ebf56004","926","03E5FA599E9725CF444A498341914D1214EE4627C329FFF9989D13C0E3C327EC",".git"
".git\objects\9f\a0ab850b69d2f3f77dc7db5db38abc0b4bf977","133","0CC5223EDB1F7C0C79F581D4DC2E19D697A222B7AB3D6C4BE83BA7B1FE9E92B0",".git"
".git\objects\9f\af619e378ff6d941ccdf070a5577b585c114ee","1137","1CBD235CBA740A3EF70F5D66321F9787F7D8512FB434A383DAF44CD2375617EF",".git"
".git\objects\9f\dabd1c42289060f8988af1560031e6332566ba","4650","3E6DB161063D80077D60FD778FA62A41F057066019D05C812EE7EC09F9786E16",".git"
".git\objects\9f\dfb6b0263f2d11a018e58a8462e78e920e89ab","396","7F2B484FD5ACCC04DD4CFF7240CC959E500039659EC0DFC33CACF81E0B1BC99F",".git"
".git\objects\9f\e0e94101175e039f454e60da754c14f57160d7","210","620572653FC77692CC03FF79963A63704A0340318F5C5EC885809356A7425C0C",".git"
".git\objects\a0\1d93f2d0d87ed9463b582c3f02ed1dea421f49","560","0D9295C3EE053E4AB51D0A2B2CFE7100BE6B3ECC7100217509E2746D19F416DE",".git"
".git\objects\a0\4a1ad1b5a4e48d43e1c70280030d6c680750ef","475","B7257DEC79E6822C90FB10DBBC3B0D93EACA050AE160637D46A2D4CB8B8E4928",".git"
".git\objects\a0\548f912c6d1598eb50d550d4a979478e3e28cb","699","8F6A72C74B2CCA541ACC042F867DBCB8A7D410587CFB3376ECFAF301A505200D",".git"
".git\objects\a0\8b56d196cdd39d49a8050f308a0d7f4085e943","431","A149FD25390528B6D14A05F9B6DD43933D98CD11B55AA93AEF784B695F82B5DC",".git"
".git\objects\a0\c11da7c15c82e950aac7a29330bef9390bcbe4","209","819403058141B416A669A71D2CEFCD8D07155EAAF64C19C640A0D7D78A92F495",".git"
".git\objects\a1\5f39ac40d829ecb61306ab74ce537d24a49d2e","1449","73168F2B2D6EF9EB364C35FB9453F672899D007A2349CE643EE4D727CC4659B0",".git"
".git\objects\a1\712ca1c1b767787e30f2e964840aa98815eabd","197","BBAFE2E83D3955BC63D4904D24B729CB6F1F85E265177E80E0B8C42AFC42821B",".git"
".git\objects\a1\831ea46b05748e1ce4c82acf592616ea835923","805","7119E32104EBE256E7ABC3205A31544D87BFB30BE216B3A3C421F5B63A3E1528",".git"
".git\objects\a1\c3d32e9826c517b905a2c3a3959435e65d8c6a","711","0C2D81A7E454C525ADBD432037C87AA15421EB048DD873CD8383AA5C61C54B9A",".git"
".git\objects\a2\0942a71cd12917bc526b6c4b4e36925dc7110a","2649","68546EA1FC66062AA36279BFC020FC24A3170C7A2137DDB2ED23D3F081C17B5E",".git"
".git\objects\a2\128d6ec9e515bce65c87f1ee21483ce554c00d","465","2DB7D2EF302EB1E465D354D357C14F0772FB643F7E4A4AF904B9E6AD1F90C08B",".git"
".git\objects\a2\1513bdbbe72e60304fcb0f1aa11fe098167e87","1260","8B0BFFEF7D6D89CB6285A2BEBF79DFDB47F23E014C3612E414D39D1E359D5C28",".git"
".git\objects\a2\387e84ad41ee2e289063f52dabfaea8590de15","5018","1C384B469F77B4A3877C14C613015C10F97D1A013DF9C85F3296308336D767D3",".git"
".git\objects\a2\aeb9f3ef62c7785a67e13f499a5ac190b82986","143","899C46B433CDB9AE254D094C89192361BA8DCB29944A6EAE0125FBC8F70ED05B",".git"
".git\objects\a2\d5540ec9e2fcdfdce543aa2334e8d36fe572f8","3317","7261AFE298C4015B3A31407A8478F7769D65B6502F29123138DA7FB576453D1B",".git"
".git\objects\a2\eb4defc5a7a2e6462deb0b51a861f08f2a7aa6","103","D3DF27F73296CA6042AB828BEA778ABA6B999BEB99628332C5229705A4C3AEBC",".git"
".git\objects\a3\23e05437ef433dfaaf41500a829c584793705d","449","428643009D89722BBAACD72FE661129F931328533B48CCE3C8A153C565C9F01D",".git"
".git\objects\a3\2ebe35ed65c73539e1cb36317f1b23451a4e3f","97","81E110740D94C21DFDB68A388F29C36103185A6AD805B34E26B1342355DDA004",".git"
".git\objects\a3\6dd4e597d4da9fd24282eda925230ede82f4b1","2419","AEE8948F8EC1FC4EFFC6E425155F479F1F3BF744D0B6A5C1200950FBFCFFAF62",".git"
".git\objects\a3\b5a43f3bdb5a28d83ce5d6d2f38976232653fc","209","CF372E4CEB704C09D7C76487B8B0DDBE94D57D19CDD623C211208FD39BC8EFF7",".git"
".git\objects\a3\bf1c10442c2428682ff6050cdc8b481e48d66f","200","E9C6A1661B33BD73BF6D945100704537C246A57E54646A68D8B5A8C502ABB57A",".git"
".git\objects\a3\c8ea7a5b244e7603c7565963b8eaa152b48028","5892","EA01CDF3EE2058599B3C8F26534DE03C188E1F1820CCF418E256988C1A27AFF7",".git"
".git\objects\a4\1bce1631df640c6d751c72c6fc7acfcec6231d","56","09C35DF406C135C591CA87E0A75384F72E360012F49140CA06B3B78FD0FB2FCD",".git"
".git\objects\a4\4001439b33052226bf8eb04548a05732483541","504","EF675F8307149E3CA999BEFBEBF9F99E2DCECECAA6E2223AC05AFD71806AEF37",".git"
".git\objects\a4\478c0fe9685305e0bef1f96f8964e968a7fb15","9002","08D2FDD9D5541CAA248DCBAB9423D3A9ED2CD45ACB8E78CF1E5CB2985C98800F",".git"
".git\objects\a4\504c98aa5d977c107661a83e3c0f83dac0f19b","421","C9D49B1FAE2132EC87E298CA9EE7CF25AB99546F504E307CD43568146AD47EB5",".git"
".git\objects\a4\5564e4bb0bf459b2ee5869040a73272651bd90","655","166A16B92FB745EFB796D85784AC8CAA81AAD87A610928EE941403C3D5B2D253",".git"
".git\objects\a4\64568e6dc44f251b8a76d65fcb916ab4953488","1738","2AD36B39BB18786B5D911EF3247BB7B81F39BB89F5D1B7D50D8DE206C21F5EBD",".git"
".git\objects\a4\691865885b447fa1606a3fb850036d5d78a9fb","155","F2CEA1B3695BDC929C11DBE3127710F48767DCF95B97C2CC511E4DAC6C608077",".git"
".git\objects\a4\79401b79a0b0f62d36c97b9f09118b793657ea","326","C2B9D6862B2BBD2C6597E5B8C145CCDCEB0B5FDDA72BD25D0F50DBDBD199A2F0",".git"
".git\objects\a4\7b3305a6efb7ec000b3dd2f691921a569357a9","4386","31FA9EFF2A48191C5BD595EC48FA53B5030E1CFE75E14D5CCC3A18E499576C6E",".git"
".git\objects\a4\c633f1ab8f1a02b979c50ed5b321b5bd68211e","2083","C5790B9BA585EE5F93607AF41A0977E79552474CF3B63F60E10D43797A5CA646",".git"
".git\objects\a4\ccaa92446459ff90c15e182c8e722d58b7360c","321","9963DECD688749FA1977695EADBFA35525C825DA6586506026DA518AC1D9D9B1",".git"
".git\objects\a4\ef61b4b42d284347b536e1ad6db0e781fa6143","27116","9BB00612D6669D031F2A42970D999C53834CEBFEFA08CAB005E60C11A7B56D2B",".git"
".git\objects\a5\48b3b88b38f726a6ce34e729916c875ac93e33","83","7BA521CD68FC38CCCFE10147E1D4DB300E0B095E4BE8E52BEE96C593144D8583",".git"
".git\objects\a5\951f3fb19b2d914acda6ae4d82d137faddc39c","245","631580588464BEF165E7827DD95DDA81EA4EDFE3C210C9D9E9F3B948DC24D76E",".git"
".git\objects\a5\f0af7a107c8b2ba637e85c0bcacd8730dbc807","865","4A137F567B6985DEDAC937BF32A15B2F93E794FE8D02C7921513DFCF2D03F3B9",".git"
".git\objects\a6\175f3b35727981171fd91210aacd7b8cc1c668","373","7077FABBC3C3C76F321D61A737E2E33ADB2FD9B2B854B60383875400891671D7",".git"
".git\objects\a6\26201c81f76c77e4bb1a543c79131e5686823b","474","11E95C519FCD12569E94E639AFB98C05BBF9FDA92B1D24F0FA17BC381E69BAC2",".git"
".git\objects\a6\2e30c2b2bfe4f7bca1b3754a230932bea6c5f5","295","7AD93707D9984C2BF4CC72FFE0F8CBADEC2100B7F576EC2E7D26F2AD6ED63350",".git"
".git\objects\a6\3c2d8221381e06e56f3fc05aedee524817949f","4765","79DE0EB10D9721A16E7780119294901D2DFF61ED3963A9A3B77F9B429BE70351",".git"
".git\objects\a6\8d5528d55ada803284e359eafa3aae08856202","1902","CC083AF113ADBC78DE4E75A073F1A702E24C8240EFED27B9A70F0303D35E11EE",".git"
".git\objects\a6\9345315d4d492edaddf97d7a4c004e17f7e6ac","971","69E08D6531CB27DECEC90F52482E23EB2FC4C6458995230B8C1129254860F520",".git"
".git\objects\a6\c49dda8f29048740c39619cbe1c6ee27be2c68","104","9E26E9EA43B464FB7D568F10F6F305F73E01B6FB846BCFFFD50D47A73DE38190",".git"
".git\objects\a7\34f43fffc74a6f3416cf072d1a8e73fbc99acf","277","5FAE5F5297E1FCB644FB238BA2397156F78799F7FBA0D5B27A1788E48D35783C",".git"
".git\objects\a7\36871ac712deb6e09db9681a6b9d3978caa4ec","2834","7F0410FA982F6630255CF93D77BEF0FF5F533134966ECAB1B11F06CAF67D232F",".git"
".git\objects\a7\4703662668d043a73ca02ae1265c772c165740","777","40E378A0DD6975967C6CBFC2DCFC8DE96F313291D9B489581EA5A9111C28D6F8",".git"
".git\objects\a7\4e54c63dfd340c7d76127320a117bd08249c05","4467","048BAF587B0B87C9FD628FEA9EA705DB961E1509091743206BA79899A4C69AB9",".git"
".git\objects\a7\91ba98e46573d69abcd0764b17697afb1939aa","5877","6295BF49C4A507D5FC30E9949966D026456071B923857102263A41CC7EB8E44D",".git"
".git\objects\a7\94336eb0743fe22987ade5aa14d6c73860e9db","200","D0024818CD162544A715702A9A70912B17B82C736BE91A9B58FF642E2C9FA7F7",".git"
".git\objects\a7\aea0aa88f9850164d341be373b2f678b07a5cf","675","5D8F29AD259F6A6EC3B699053E6D001045B09E8CBD50D988E26D143544B50CD7",".git"
".git\objects\a7\baefc383966124abe2f3215780841144f21a56","25209","56950D9801BE5EC888176677908A40CBC36953174C432F3E4E3B19142BAD2EA2",".git"
".git\objects\a7\c0486bca8ae2ffa41d90e0a59a8842f404e34f","2274","F844C56EDC38EC9F67850D4A8D9D3E6C1D13F6D77EB80CDBF6063D8BBD7CA023",".git"
".git\objects\a8\46916bea749016bc320daf6bfa52602bb95d48","196","C9FC213A157F062DFBAAC93DBC9F06F50FF871B59E26695E67B9EDE9B8F47FDD",".git"
".git\objects\a8\b5ac5efffe5781dd7da2e561bbfc49306e4c45","185","A87586DE018B3D6C9C72E642C9BE514393F9479B601BD3E592CA4A2A5DDBAF90",".git"
".git\objects\a8\bffe50e062ba24c8339a3aaf5636bcf91122a9","204","0D52B712E494A5F720359A6A00586AD54DEEB371FE6DD26C7BDFC054FD385B9F",".git"
".git\objects\a8\ed9cd207e5091291f9b0c58b533fac1fbdf4fe","431","8C1FBEEB14E2EA1B40F4CE75F2A4D696FD2EC040AEC26350AF724386895DBDE3",".git"
".git\objects\a9\30ddf86bd7365562477de563895fe50eaaa0ba","20293","77F4B9233F1B761CB7AD38DA6A847BABD5C9E16A4F17A1ECD0C739C9F00AF33B",".git"
".git\objects\a9\661414de404109eda4c17ecbad6900315f3fea","2058","F0F7ED75BF73AAC2BBF821159F41080244D6852E9F0E530F8E0EA80E38A658F7",".git"
".git\objects\a9\a60fde21eee981d42ed8cedd97bdd0bfa63b0c","206","9807C33C33EE111B0060DAD27BF0D7122859FEEBF0D4E9772A2AC9C8D8E55207",".git"
".git\objects\a9\b0c6f0aa6fe681a63ad4bd4f6de2d6650869b8","182","7CB3114175E6B5B5781C67B50D82392D72BEB065F89ED9FA102650E4252D2D69",".git"
".git\objects\a9\fa33916984f9b8d88049da3310387d2e691c62","708","84B588C5EDECB5D7221B3B2733194E1073BA7E4BBA3840AF9285DFBD789E97CC",".git"
".git\objects\aa\0bc2f4f1e5ced2ce7ae4ad6e6b786d0b1d23e7","959","FBC5E2213A3695CB0A87533A3EC681B5CEA1D8023BF590125A9A72DB80F52CE4",".git"
".git\objects\aa\24a10534435043c5e7bc48b37776d3c3b3fe05","368","6108379C84B3FEA85D34F63D102EC83D8624A1795515E188FD0BFE81022E9AD7",".git"
".git\objects\aa\2c3de1065f01bdc151ebd8e15b4faaee118d99","522","A68702E58DE5B338373185CBAB4A01AD8DAFDF3939176ED10BF7A740EEF510DE",".git"
".git\objects\aa\3141cb99c10bb6936db4ba097a3443498535f2","200","06212FABDBA129707BB523FC620014C350B29A083959E4724D2B587B7A227894",".git"
".git\objects\aa\341bc5a89664de7272d3ef9939bae47349bccd","744","6D2551329D3BFC4A758FA4370CE483A68748F3E0A0C294312FDDC1ADC9D29043",".git"
".git\objects\aa\7722f2586da8817883ede412bd24877ec70177","200","5889E21C2FE40DEAAB31777ECF5504ED247EA579AA2CE2B70FB3F86670E71A0C",".git"
".git\objects\aa\bf52c2d676868b7807e69328a1dce39900a981","28738","3847048ADAC5590C019A11D40EBF1CB9EEEFEA5583CB90493D5EE32A8ABC753F",".git"
".git\objects\ab\168709f5f35a1015dc93f9b7344c48c96c86b0","134","1133EB72A2231149016DC8303643E4EC0127C0AE1B0EEF011285CCEE756350C8",".git"
".git\objects\ab\26f331e11484ed2f6c4142ae9687a2d4d41ea2","308","8E248FFFFF430F72BB983EE36FB84F235E5F29D588B0E92536CCF8F90BE5D7EF",".git"
".git\objects\ab\4c6cff78a9493d4d4d2dc7728906fba826f2de","1128","8DAB8F5EDC7B807EDC5B4ECB217969AE4A7A73FFAC04BF07C47BCE07F9CBF3CB",".git"
".git\objects\ab\924efc450bc7947af0d247848617c93faf955e","1566","186D1CFF24B36D21CF8AECC2A6EF55C5131CA3B994720203AC78A821940FBB53",".git"
".git\objects\ab\a0c6fdde282b24bc08bfd7702898f38a67b87d","498","EB720DAFFF8E4FCDEEC98E8ED97CEBE55DD7F6FA6AAEF8523EA70990419D3968",".git"
".git\objects\ab\acdfa7bff4fd5d9e9680c05a2ca8f02109ba1f","370","F85E468F3CC8C01AB1FABEB1BB729089659B8E0D8398E29E91205D8A6129712B",".git"
".git\objects\ab\b34e148163f68b2a6bf6b7604cac9a041f5d18","186","CCA49F8880EE35E84C3801370E9A4A081A2D4790D34DC078437FACB583048FF1",".git"
".git\objects\ab\d219425e06f41729cb2109146d65b85cc38ca9","415","23527E28436F8EF4D4CF0E225AE582D6A7522075006FEB7ECCD0DC82EC3DE309",".git"
".git\objects\ab\da66859e06dc847e89259a8970fd3740c1fb22","210","F9FC48BF0D92EB5B52F71305F32C684F9BD326DD0D2C5817238FC5A4F7FD253B",".git"
".git\objects\ab\db1478c8c7c459fbfd28570a0db1f5e4054b1d","658","D29A2BE510D3C84FB7EC0D4D2C2D0F021823CB1B7B03F96B8BD7017F5B05284C",".git"
".git\objects\ac\4a0cc2b8d04cec729af1ef4e8251e05e911f90","495","A361D88F45BD5815F9A496343B443573CAF5FB7783CCB5E036643C5095F00DD2",".git"
".git\objects\ac\4f5e6fc4731cce0662d1df262af11ebba13c30","376","51ABB64062B1E70E383493FA7FB90137B851F80B771762A8E5C878B3EB40AA40",".git"
".git\objects\ac\6ffe6841426511be616fa9beb448abeba53627","438","4275523A40E8695DEC7FA22E4C20783A3BB024A99F5E9FAA7A6E2C7F392136FA",".git"
".git\objects\ac\72ecd506845f126d1b1a15ecc570cfc7c0885a","11004","DCFF0433E24F07BDCC396D51919668619F5ECD0E00A29A801335CFDE282EB5A3",".git"
".git\objects\ac\857dd6e3220305073da152383b0a386fca5e7c","179","0864C5D61EBB2002C08CBC8BD6CBCF6B2CEC38A63EF8DDC8E9AD013AFA6E779C",".git"
".git\objects\ac\c9a1a77e91c23b1c7a4f55eba3f11b6c692910","70","40592F8B1B1245634B60224AF2D1B3BABD2170AB66876FBBAC1AC7009FC408D6",".git"
".git\objects\ad\0735507efeafec8368f91ec5b6299a5ca07ff1","2786","5208FDD0CFFF3F94DC9A38D44DEA7836A7D1355CB5C3BFC780F1F2250F305468",".git"
".git\objects\ad\0d231121ac3c259a8187b6bba303063312dfd3","2639","75C04E8E9630C34B3EE503D15F13DE058F450A7815DC1FBD1D016D0F2B725347",".git"
".git\objects\ad\52f1ced56e47dcef1d4a7340adcc2709cd4cc2","5025","B4D5B976565D7086602A29025D428BC523017D83E5C7328E05438EF4698D9B14",".git"
".git\objects\ad\54e3d6e3148093d4e8a56e3977c56c2fabfd6c","813","4836BD78F0DCC6B0FE804AB8C1CDCE978032BF5F3540D1F66331501FB7BD5EF6",".git"
".git\objects\ad\93afa51665a07e01b470bfe72eba2fc9996cf3","836","54F6BBB8855807A6482DB563F39C17A235B6800443B0FBE4EAA590645A138981",".git"
".git\objects\ad\9ccfd6b2b1e80df8bca4e641a6e1e22a1b9a19","152","31FE70F2693D254DD7125EB20CB7FA02E3692BAE90C9CD3EFB5B406BCD35FA00",".git"
".git\objects\ad\eec5594f5bc39961fcb39c3114a95069798cac","90","FBEAB62C4A3F1633EE63700D9E8EBFBB565B2E95468E8ED242021B3F9A5E2624",".git"
".git\objects\ad\f265a1391b469ed515304363fa525e0328d251","640","D94CB5BCC0CDC1535CD5C78CBBE0E04DF3E727E1E057499672B4110316C52626",".git"
".git\objects\ae\0e569b97c6fdda2e9f597d0feb5130ba4a726c","240","C7174D54582ABC986EC34A58D9D29F9BA50D7D60CFF0112530AAF3741FA8F88B",".git"
".git\objects\ae\25d30d823bb05d4543a4fe70f42babe02a72be","198","C62D265475B3097B5214B43E06E19A20F833DC68F2839460B6F8D710DB323553",".git"
".git\objects\ae\26a885600b77d2b5d16783c750b78b28d4fc73","1608","F2A0A8A387C7835D14C72569557D5D3659C6CEC19535C75E7804BFDBD26A0FD8",".git"
".git\objects\ae\3637c8438db15fb6ec6ab2e1393acccb53e5ce","3641","A92A857543906F7215F3B85135F069F1EB6596255F927E1DF3838D363389D986",".git"
".git\objects\ae\43f6171371eb4456d0493caa49cadef328e801","58","260AC676A75C0031B435F731E1F85F95ED4125D61465C41E14FC3F45A2EB5AA7",".git"
".git\objects\ae\64e5426054a7031603909b99e8ec04f3dbd18d","301","E246AEDBAF16FF523AAFA468E860E42325ED06D5A5FF96168FC8F08EA878DF75",".git"
".git\objects\ae\beee3e9c4d87a78126455fa35207159aee1fec","790","4EA8F57432A17B42DCA47D271380284CEC865618A9025D1E6895E620008997B8",".git"
".git\objects\ae\c5a3af4d8bd8ec2665e568098f1bd5be3ac5a4","543","19D467302C5B5AFC3C0A807141E4522C616E0BD0F1887AE3C8865248375BBADF",".git"
".git\objects\af\12c993653faef6391e83ec35a2b4899c99dfd4","24917","9A7B50226C847DCD91A91F4969EB3FB3BA5EBD307C72D9EF912807D8CC016642",".git"
".git\objects\af\6792ced375d06528b678504dc7116f6c4658cb","498","B18B69D57C56E2A8FB813A5EE55D71807A343D778EF02272C43E611BC98D4027",".git"
".git\objects\b0\2dc4071ee77d8beb7ab69841e278c970e7aa42","944","1F1897D84A415521D5707763772A6D916A97B79844C7A5E776BD5E5E29312A69",".git"
".git\objects\b0\407885eaee806d6f0558edb50564a20c5bd393","540","5E31EAA2066E775D728057307DFC35FAAF06B536605C94CBB42DE6D7BB893E36",".git"
".git\objects\b0\42ca33e8c5b48bc33fe5f2cab5c8190d248314","2192","E75B11CF52E2F953E01FDE2F18217B73A1DEED1342617599CAFA8B4E970F178E",".git"
".git\objects\b0\440ae4d8dca64d3cedf5e0ad5b78c6dcc27e01","3235","289282866E84DF1BABD776D2EF614B15EE06798BC07871348A3F66DD62D93FFD",".git"
".git\objects\b0\7125004426fa6725112ad6312004b2ec4cbdb2","566","C5AEB33BC66005EB7011EA011E66DFECC78289E6F3150450FB5DE53363DF7C9A",".git"
".git\objects\b0\957998e0ef5f3989dd618862b0ad9a74b60433","2163","BCD729B9C592F58D3C6F5D571D03B7AF0143A6623A08CA8D6CF7B273640A5CBD",".git"
".git\objects\b0\a7421efe2adc143a13323499a6273d104aea0b","736","C90D890CEAB0ACD0E41D31BC31B37E343EBD2FE06CBA3AF233B01EA6726A5C72",".git"
".git\objects\b0\bdd433db20376efe48e265bc6c9e078a117977","120","5935DB64C447C1B2C5A1FB0D252D8DB54CB218FB61372911617472422A81220A",".git"
".git\objects\b0\bfc3ea54c342dd4b6dcdefd081ef55981694f7","56","864CE0B3CC6D0CB4790015D59672A21B8F8AA2FE20EA19361F21379B4756D122",".git"
".git\objects\b0\e514a3681a03271ff7042d2e7f9a20848a0999","214","9A1BEBFC31D3ADCC071F19A253ED4652A797409553F9CEA605A739FCAB21719E",".git"
".git\objects\b1\39ba13c698d5e6ff0159a50113b9456e1a1ad3","258","0B18ECB80990485C123BDC83D187ABC33C436FE1BA0647D3903FDF21A81A23B8",".git"
".git\objects\b1\5f4842e781cb0407679b49a9e6ca8abc4c1080","60","7E358C9F0B2834F5318AAD71B11956A2CC6480AA90552C298215D16E885ABE39",".git"
".git\objects\b1\9b06e2563b40528d6d6ccbc88829ab7c935a52","351","FAF0A496443E4E0731404ABB7A66D242F534E222A64F0A66BE9BC417CAA9A614",".git"
".git\objects\b1\a0831e995de9c796b1401b28d702436ec81159","193","486F2B37E28580F801942D47E81BE98AF437291200526217F673158C50CF41FB",".git"
".git\objects\b2\19c255b04ca54d71a799292e018fbb7a455e8c","1738","DFB371F25E07109EFE90CA7B3325D4593248DED361B5C87294F3D7A1755E727C",".git"
".git\objects\b2\582638246e59bf06fc7fcb09f0d5b37ba100e5","235","7A2B65D91B9FBA791C5E9BFE3D9C57662376BC838B43E0D6BF44345E39CC103F",".git"
".git\objects\b2\d5b95fa1b6ecd2c3e8491b8edfede404634602","447","E5DE2AC62ACD814111AAF8CB7540BDD8EB57B3AAEE0C7311878389F877161756",".git"
".git\objects\b2\d828963e1d317ef3ef2857142b6d128424d860","370","EF927A75EE4B4D0E7D1F69430F42510813FE46F9E5C23692CFD1160AC2875BE3",".git"
".git\objects\b2\da2e1f2559972907905d397777fb3ec27a9d4b","1556","8F49AF4C751CDF5DA00202A29670A665DC2075EF63672AFBB5B3BE422781099D",".git"
".git\objects\b3\017754f7c0ffa92ef186b5b7ba4994d8d27fa3","1428","1339E1CA58BDD7B2B09437AC309A8AC7732394DE5909EA02AC102878D5C65818",".git"
".git\objects\b3\164f47ec5ffe73302f94c866fa79831bfdaa80","2348","6535F1045BF8047491A6DB95F72F6F1EC7A273C90F35EDAFF325107DF68037A8",".git"
".git\objects\b3\1d1db9cd9a242176282b7c1f2929376837b870","1880","E08FC3EA3C1F4F64CBA0E59226AD75C24E36F4248F8092068398FB00D4F5013B",".git"
".git\objects\b3\25f5f0a886f74ae59a94c52b230602356cf4b4","791","1C28F6376AFF74D9FFB37F4163EDB43C48626CC134658F99321173B0AD0731A2",".git"
".git\objects\b3\5830d5a603085b8d5e883790b56234baebed5f","54","1E62048B72F5F5E17D027A718B79D296D4F63A9EBE9454FF33D795ECEC4641FD",".git"
".git\objects\b3\e700cc31ac2e5db5ba9bf0bac2ec9854d10314","225","2B45A7EB13BBC8C2DBBE53375371890A80A77062763EC5103D41208341BD3253",".git"
".git\objects\b4\0b42abfe57d638eb56f10e04ee8747227fcfc1","430","8F3009579E93BC71C0F0DCD3188F0E7254221073A3C661B799D81EF91BDA93A7",".git"
".git\objects\b4\2926a5d45b56502a4fb38c151563af14bf6d63","1914","2B5D420528D2CCB6FBE368DF522A3AEF220AD7D0FB74C6CB49C49B01FFD9A7EE",".git"
".git\objects\b4\329b47c60f7c8694b2152e45dbee9b0b8b5609","552","7BFA44A98C75E30779774C671AEBCC96941AD3B921C2407D0554B73163E2A83C",".git"
".git\objects\b4\6372ee11c8eaf135c1809decc925e0588247f5","179","04D090985C724058C6E38E6744B52EC236E504DDF1737DBFBA2795EB53504283",".git"
".git\objects\b4\69070ace6af4a4df28126cb88609c22a82a9ff","1267","36056CFC91C95D6F9BA4121ACF6E2890297D193CFB170A4F0C7FBAEE89079176",".git"
".git\objects\b4\8e63aeba7c5e0b49ba78bf26e5c3290adde50f","1674","96AF37C6A701BB645633B30F6D100797015EC7C2813DDAD5A1ED99F6CF4E60C7",".git"
".git\objects\b4\a4a1712799f0554e10b49e17fa8cebea3f03cd","317","614C8B2DB106D20FD445C7DA6433D4FBE8B7A6D7CD8C318DCA87FE564EB9B671",".git"
".git\objects\b4\da8515b8a9de19df14f051817c01e5769c5aae","143","3046FFFD9C14ADA5B7721BCF8E88B6B8FE302DD3F7505A65C91C926F80016801",".git"
".git\objects\b5\b030cf3866fafc24f6a9b1d81e8b6b1d723a6a","143","655B23F1DADBF85F60C777595140E49AADD51F7FD4CF439E4E5D6629E423619D",".git"
".git\objects\b5\ca17e59f0da30fb08eac48aa349aa48c318d11","2212","B0A2B92B74EF2864D19D8DCB0BD40D7E283B7AD4AA11DB50407CE61946F4DAF6",".git"
".git\objects\b5\d9e1bdcc038c32035aadf5cbd5740b304bfe5a","2358","0B07264FB4C6D093E8074F07FD9AE9250599BF885D48DB8DE663B77221D28017",".git"
".git\objects\b5\eaf9a1e1304e3d2a53ada2674f0a55d75bd7ef","872","43733A74AE5EE011C884A1FD302F121C06D2B44ACFA99C671A04279ABD7B3131",".git"
".git\objects\b6\5b3422d89d9afa0ab3bb2b8f0968f4a83bf1d5","597","C1E8ADA9C1DC5DA5D0CF24A15A0CDD2A857DA94FB140B0FBDEC4EEEEEAB5B424",".git"
".git\objects\b6\db664e6326eb8d62c45a8317beef6eabf8584c","177","EFEFB2C70B8235277B31F5F50209B343A4FEAD7FA5C494DB5C2091C25BD65D7E",".git"
".git\objects\b6\f77ad798ad78831d2fdf51867877d1e207a177","116","1A1A90F15E4D375EABAC69C92893BCEC97BAD16553B23E8CEF78A109B4047F85",".git"
".git\objects\b7\1de196ba51370e11b4507725b93c2d19a6f89b","325","840703D11CC752B6340DA50C9635BBC6CAA88B4DCC937087FA841F3C2AD81426",".git"
".git\objects\b7\25b380ae28660ef3a705394ad54d3fc2ca50b5","291","264E5A73D331939E5AB0A582A911A52FAEBA4CE291E591E5FEE8B5BC1BAA33FD",".git"
".git\objects\b7\27a2042646666fc517b84c00ff9a1bf23bf850","957","8E872AA489579CEC4D16894347241DE5E1358EB6F5EB08A99AB50442CD7CE747",".git"
".git\objects\b7\3fe458cb5ee3347a1492fecfd616b42d53eb27","195","FA7061547FF404FF792E35ED706CEFACA06B8DD0334EA1CD0663A188DE61140B",".git"
".git\objects\b7\432d32b54853293c40cd59dc4af87d455241f2","189","43BCCE7E9B645E0D0938F4F36F6C94B5EA6230FA6AD0FBB5BB37F9985A441AF4",".git"
".git\objects\b7\4a3903ee9cac9973101add1baeefa3d481c1ea","851","BF4D2218EA90E4670BB7A6B6834C21C3699DDA02D10A847C7A25CCFB9FA42130",".git"
".git\objects\b7\ca2e23919e8e04d603f2c18be0562d063b2c45","5837","71CF00FA3F7011B9E7FCB44CC57A65CA7AB7A4C26350AF35189EC278C44F4EB4",".git"
".git\objects\b7\cca16c7933982c26ba16794ac63f3ae875813a","860","95259B2F9CBDC1E2D8FDB26CED59CFF141005B1BAB25471C9F50F41AFCDF308A",".git"
".git\objects\b7\e0db003849e982611f0bd79a5a430faba190b6","56","3FA70F55EC880A894FA04726CDA49F21C09E872DB73C1686CA8A0CA80D2C6802",".git"
".git\objects\b8\058f5cd7c6ad53497533a834a15342c54826d4","238","0A58CB3437DD5C2765050E70A14B78ED81582341A251F792FBBBC7590F276D3A",".git"
".git\objects\b8\2e236863353f51e86aaa2308c5a8f073ef5cef","1440","06E0BBC6414EBDB3173435DE516ACD0E3F9E3E2241A661FAB478970AB362CCCB",".git"
".git\objects\b8\434d55e6ce0a33989911fd585411a33e9a32fd","166","0C3F6509B1AB89682FE12A2A1FCC8C1E173D622D8D7799E57084345318CC7A5D",".git"
".git\objects\b8\61d2195ed64e3782729ba4f8b8942a6a38be87","237","3326460CF1BCD2EA4D3B959421820B3039D2DF8BAB5C2FA47B74351341D9952C",".git"
".git\objects\b8\73900a673361f142357a080ae1a7a3ae0f5817","1636","0ED8F16536D18C65E115F088E4F2E46BB3F93E1D6B423B2329BDB60AC0156E6D",".git"
".git\objects\b8\85796a78d9119a8ec7eaac04de9ea5c8415ffc","663","F4F7A1314A5B1B712401D49B376B671D21699BD15728525423909B4656ABB764",".git"
".git\objects\b8\ae17ac36eb2728088123ba8262107dd157bc60","415","C72E98751F4EDDDDFF7555B2069EB1C970B0D5D760D997A1ED9B1B65E6185727",".git"
".git\objects\b8\d37502c714d3f6b2c8c2f04dd8ad90c4e6323f","27006","34966B6CCBD5A3E02B069E9A840DF2A7A0CD94A9B6D1EE83698608FFC1E05818",".git"
".git\objects\b9\41f181b482c8bd28a1bfb138742f49d4051de8","321","27C9B0548D501491E768EC4258199BAC8470FCDC393849426D75A5AC5F272F65",".git"
".git\objects\b9\9ca02d9bbda64582b6f6bb89c5ad1fe93d0001","201","C939BC22F7DE9B8432D01121C376156641EAB2CECFE446C04406A42FDCBEDCFF",".git"
".git\objects\b9\b631cfc6a63ebd8e05a669e6653dd3e63249d8","2145","0109CBEEB704859C568F1475D1EAC80EC9660AC8141F239E2D1F2F55BFF6C072",".git"
".git\objects\ba\47702816900d94caa0de4b01f9641bf6424221","860","E300745226F31DBB5ECD6ECE5C7567B8494AC363742565B1A41B386BADC0C5D8",".git"
".git\objects\ba\528f3e654cca8cf4b72337251ef347d7203048","378","219DE80F637F44DDFA90DA9B7A89CA94ACFD5125263BCEBE61FE0EA6893B5E47",".git"
".git\objects\ba\8ff47fecb4f395637d6ab4abcdd25069f24ec9","486","74F345ACB24E38BDC05F2420F81528909672241A1E532A2222C59B4D6E85A40E",".git"
".git\objects\ba\98e635a82ed4792d780f62df1d31210d074b09","326","B93FB1D69416A5CA8693D6006DD2FA52D826E785D13A34ECB3D9236B535346C2",".git"
".git\objects\ba\aabb125947f3e7bb920716bd9b08f0db77cfc7","785","E581A227C97C55CBAD50D2292E0793EDE49CF35D9EF8085A14724958E73600F1",".git"
".git\objects\ba\bbd54679ccd6c71d1ec185edfadce134f92388","1410","EDD5A7AEA52DCAF7A2C1A2B6F03D2E97C0D20C9EED06AB30BA58339C331A7759",".git"
".git\objects\bb\0583a93783f4ba4f536e6de6f80d5f6b141ddc","11687","AD67C0C29A7F8EDD26B20F9294F521210760E1C456BF0E9115AD295980C4C8FC",".git"
".git\objects\bb\27505527430ca7b3a690d6392244c9e1381f16","24762","87F64A7D9B8F5704B2BFFBBB8D693A6B32F7CEB4E306D522B4A39A7CFDB92B01",".git"
".git\objects\bb\27d9a2c20bae7a4c4f4598675a7aa0c3ac1ddc","56","397DEAFD707E76340DA6A3BCA0FBEE2ABD673E289F343D9BCB428B0DFAA3FDBC",".git"
".git\objects\bb\2e0d8af4d0c8f836a3af3a8a68d3ca1562240e","660","DCED743080F2716090C68D229D7D7DF978FE4626C5D56C6FBDB39E9A70A6691B",".git"
".git\objects\bb\4e16a00b53f0a239174f388cff7371cfb9b008","355","ABA198C30989A006920955D812ECFCC20B955F9218153D30AC80200FDA6585E2",".git"
".git\objects\bb\87144e015d7d84d339043d45973998f6176976","346","B1E2BFF824D37A9CC5E7994CF639ACB59F75D6886BF48A8651E3E29742A4BBC7",".git"
".git\objects\bb\a8553cb8a64f3066c9d6e849e296cbe2a2d36d","1408","FEB54C252AC9AADDA1905FBD680C8B81F4F993B9F12E770C809162C09E2EF7AF",".git"
".git\objects\bb\c0940c071279d7fab1788970349f304782e161","711","7DBC8AE5D241BD7CFE3F0E15DE94A3C1291B5C3A1D4B8777AD627690571B5452",".git"
".git\objects\bc\2b9f36aabf3198160a3f2ed5dc2b88aa8f9c7c","631","A61FEB1985644A9C7B3959224BEF18ABB714493E0FD6790E58FC82959F9A1273",".git"
".git\objects\bc\38f484145f92d8dd420443f5b3c5d814311bfa","6194","B18F04F05D3EFE5EDE93F624F7E54659BDE5AC0B297D8239CAA01A5106EB32E7",".git"
".git\objects\bc\90e132159d78fc7060047ad2ae3307dc95bb0b","293","262EC3A544BD626FB97AAEC7A3C1D427EDF62F51ECC1F7C49B5D2A2DFC657FA3",".git"
".git\objects\bc\92c3ce446c5da1c61892a76e60ccc90a983a3e","3673","A2D6177EACB2A3F9FFD10C70047F8AD7CB9FBBAE095DD9F021EB2F6CB3F17709",".git"
".git\objects\bc\af21563ba13e80059c4e91f7cee1483d19e423","1239","665A00A4635B9F5A3EDD78039274F60C7EAF3B24FDE2D1356A73DFFC4455B668",".git"
".git\objects\bc\c35cb66a839dbf884d4b3dc1fc8cca46fb9c17","57","9A26236B42CE37F8AA6A2522C2FBA7B3014E209F87BE9E0371FA72E46490A8DF",".git"
".git\objects\bc\e346479a02c9c0e2863ab57b5af7d51a68d3a7","325","CC6EE3AFE7A95B7A0C710E3BE886B4C22BCB7903971B9708359504F03CAD6B24",".git"
".git\objects\bc\eff2aec890b3334198d78c3babe76c1c2b8f26","2421","1D9D3E43461845B7A1AA1050A7021E8D92E80681336582DDFFAF714306505FA6",".git"
".git\objects\bc\f8f4ad62a6f5f7951c856db1bbb86e6fc61383","441","86726AC9F6F8AAA806CFC0DE72A4D4DD0B04966AB4E8CC5C35CE047938030233",".git"
".git\objects\bd\9098b10b9d14779a544206e30321a1da0caf9c","185","E6250CAAC1BCF21759A63F63DB5C41D51EEED8C0E001E701976DB0F259766D1B",".git"
".git\objects\bd\e2f255a42ec028a69a22f9fd5d2297c8ee8d7d","802","F05198C54383C92B7CE05A9424FE664B3F8470AF44619EB9F611AD38018145C1",".git"
".git\objects\be\5c7bddece65df3c5bca5bb0be84a694b92a177","3857","AA2A2CCB2115547A7ABEAA4C52782DA7E7366434FE6E0AC55C637810DEB715A2",".git"
".git\objects\be\62ccc07274895caec0011dd6308a7d4062fe8f","635","07EFFD87E5EFE8C162CBF414193D5213B109D76830A182F9A049AACAAEEBDE88",".git"
".git\objects\be\b6982cf0c0a4af0b5042add2d14b14965693e4","417","445E59ECFCC701F0EEC081F0CC1CC7F3F9EBB6641FFFCFF131FFFB4E1CCDAAED",".git"
".git\objects\be\d69cbb1db141bd1164884949d0355928cdcafa","210","C903CF20CD9AE7F14E4FC4C8BBC4CD535AFEB3280821A71097754E8E8A0B5875",".git"
".git\objects\be\efd4ad0de9cdbf9f9257f3d6b7967927f9cd8b","242","DBC171C80EC4B9991287F9429415DED4D1A641FD11C5ED8582534B91D596171C",".git"
".git\objects\bf\7cb35b1cd07aa424596b358a5976c74a83afaf","377","258DE65430BEF9F23DE2896FCCC19F6499CB67CC0E58342DB3C31003B3F4313E",".git"
".git\objects\bf\7d862769492a2c77a12e204244f2f5d5c145d3","3689","C653355413ED31D63F97DE7B85A84EF5903D5179C0F9B5A147C7361C259FD131",".git"
".git\objects\bf\8b2533c6f4aff1c2a93dd22cec6446f06a1dad","1285","CCD5AE9F7B99CAD1A3802493319680F0B6C1ED9C0A9862303F442E655CB7FA3E",".git"
".git\objects\bf\bb058a175aa0b7989c91dd013944ca9e3c67d8","288","6858334F6400A20472844428B168825C8A87DA815BCA63430F89180895A2D697",".git"
".git\objects\bf\f012155a52d62bd2341e8c6da7f34970600a1f","268","AEC9A0797071B1CCB2D8C8C01F5125F2E5E7751B0DDF15631839A8174D3C7EAC",".git"
".git\objects\c0\07cb8f8d576519a86ef5fd6e0f78d01661a3a2","93","EB0FB879048FF63395F383F79A426DBCB98FBBD6F7F4049E6CA611CEEF9493A9",".git"
".git\objects\c0\0a37408bdcec4b50aa14924af5262d0e7d3515","1561","1241068CB0C23553186E36E0942EB67F7A38C9458026D01B98E75E08E3F19A05",".git"
".git\objects\c0\1f091a79ff936336bd8cd52ce261904af592be","378","6C44403F2E811750E836B5BCAFFAFCD66094791524444E113FD6F359A0049BE2",".git"
".git\objects\c0\59dfff5b69ce44ce7d27db909ad70a56316256","2743","67568AB6177F9567D58B487D872189742FF42BF64F8F3C126084E47E78D34527",".git"
".git\objects\c0\900801f496f03dc89e33fe0c675c2b2ec92df4","455","12A7EE13E2C4277F07189ED4DFEF5B37B81FA8EE276BEF106CACA3EB8E3D3227",".git"
".git\objects\c0\92f09e99395a65c9959789e6325438e3685d07","4627","A3A0B46FB6AC170FC7C9C7631C2847E4C3CBFE5C4F4BF6E6BEC2A0194B54004A",".git"
".git\objects\c0\9871067f76e3b22cd5ba83852da35661b73666","477","5A43C2772B210989129F0DA75CCFEDBC492105DE83105D1B40D08A0E6BB0651C",".git"
".git\objects\c0\a2972fc6cc2c3e3f6de473c1883b8d2d75ba72","223","2D163A8D4615E754C27B830508E4F45528B3D992118F868736CD4F8002628183",".git"
".git\objects\c0\cee31603d76b992709fe053700b9a56d494e77","225","585BE0B9646E8E9A438DCB37041FB2CE367D34AADAF12968E52BFE084ACA1E5F",".git"
".git\objects\c0\e9d620c361be4fda98df7709f9b9dbf5b8e669","353","BCD1ED03D34464F63CBE22F4F04296959F9244B65326D28E0DBDE0A6E2961BD6",".git"
".git\objects\c1\2b67e9e20ac90ccade3dbc117a114779cd52bc","1473","BA827F17F3ED2AEDAA488CBB6E4A64080628AB8DAA27DA3AE32D506BA4CA54F7",".git"
".git\objects\c1\496178becbf48c7d327641a8af919e5ae96831","24877","F541331BCD9837BC15880D11B12DCD1C74BACC3D5482CFE72809B491206ACF60",".git"
".git\objects\c1\54d6742a818654cefc3de079298eb7832fb942","3690","4E443D955F703F3BD78475D08FB60BB1F807EE9127E1F3FE39A965318DBCCFC0",".git"
".git\objects\c1\55a4ffae6ad672981f463eb632ae11358e3f55","4143","7CF0E6EBF106BF1799D4BFE0913F51D9343CF893F40D2F0FFDDED76E273ADC83",".git"
".git\objects\c1\591133cd90d937e53979e398c0db56836d4a35","88","3C8EB5975E76B6F68EAC5E6D0F5D986627385DB57A031DF496C2CF338DB8807E",".git"
".git\objects\c1\9f491091857caedd82309f76a04df422e04f09","147","9CD8569C07AFCCFD01C8ADBA151509697AAA3C4270DB4BCE7AF56165E48AB8E2",".git"
".git\objects\c1\c054fb173d2214f94f68bb3c4c94bd8a313529","326","716FA65C9AD73F192F829BD8E1D250E07953749F6CC4E3229BFC1E120E264F16",".git"
".git\objects\c1\c6e235184b7e448c4117672c811ad8f2590935","149","F097D72BECB61AB868BA0EC7228CAF9B542DAE58918D1F6023F59C057184FA1B",".git"
".git\objects\c1\e76517b0eae82a0fed3e82ba0143416fea37bc","1059","A2D4FF895D48E12925F5FCFE5544295B80901EEFA9B4A71F2C6347FEB97EDAE4",".git"
".git\objects\c1\ebc700c52738fdf78cac9ce856509db527b75b","1674","B4861605D312C6DE74BE011E02CCFC9B30664AE22FC07E126EA211A096383CB1",".git"
".git\objects\c1\f77ae02a3cb8a57aa58e87c58810255fad0088","321","D3A0E541895C03885FA01B8924E4F8B891EF758E714695F684A31D647592351C",".git"
".git\objects\c2\17a8a7c1e9dde02093df2de16468a18e817fcf","1271","A282D9D2C38073524A6A7BC31FFF991BF1A85804D4188C1D928320B90929A6F9",".git"
".git\objects\c2\29d4113e5425690e30c33fc80c68fb6fc92287","200","219C56B951D976C3AF1C5DB5C81CF88977F240FC911AC534C608BDBED82EC0E5",".git"
".git\objects\c2\3da1b9593483eac8b6ade08691f4c527f5aa3c","276","61C5491F6CA324718096474641C5FB46E6F7595E3EC90C11B6C90E6F4EF0199D",".git"
".git\objects\c2\5935731228302ab81d7e4477e705c959cdeb3f","179","463671C7AD36EFB3C47F8F49E10F9CD3AD9A805A86B21F386DEC36BEE4B64672",".git"
".git\objects\c2\75dbf3781976924957e4bde644e26b263274b7","3969","E30B425F3627B5C76C595E0F8FEDDB5C54991F2E9F24EDEE4D0D723533900EB3",".git"
".git\objects\c2\9cd2fc7fc0b0eb7a76fd7eff8df0fa7877f84d","825","1551F294CBA6BD907A9E63922F08063E05FFF1311E22E0F54B4E8C36454D0734",".git"
".git\objects\c2\a9c6829ec9939ba1eb2f00e640f228fadc48bb","242","CDB0210D2FD417642A9F73D6ADFCDDCE76C0D77E8A4876BFE0399D690A594FAC",".git"
".git\objects\c2\add5e94832f90147d68bf1095f42ffe482e81f","3071","698015654F56789163BFF5266DE64CF1F73A34C075711E0FA3841CB1F42D345E",".git"
".git\objects\c2\e597d83df5f46bf0d06b9ae9f86d8d70509473","1248","9765F2A7B8746B3EB174A42AB726527D944C176164F1327F3312A60DAE1167DA",".git"
".git\objects\c2\fd276556931ca8185ea342893037d4221b50d4","209","C2C2E9B38E22A19E09B2347B2CD19366419E737DFD8FD463B6B3869A33B65158",".git"
".git\objects\c3\0a70076de38af7a4d1915fc78d52c668a1083f","288","1C52F8839E84F95F166F7C3168D47DF9BD2A5D0638A826B59E3FC689E2E908FA",".git"
".git\objects\c3\370caee1c98c598f80ba1df2eb9307bb57843b","461","E78CD3D406BC3D4BB563D59FCE0CD2228721841A4BAE4B968775278347C0282A",".git"
".git\objects\c3\4559818d97b8b255e43812ba3742ee217ca5c2","418","3A7BD99405946D24457E0FB758FFB8CA6D10B36040021CBFD5A14544CA0BB739",".git"
".git\objects\c3\63ce7db6f368349860738cbc2d0ffa879a762f","1145","97B934392D62113BDA493871EF89C670FE99765073184BFDE37487D95DAB8D7C",".git"
".git\objects\c3\69927245e97b78b7bcc84fe7771fa49cfb2d9c","3727","D9F85752DC3CA55A62DDA9468C4283E3DB55E62DCA9B9FA707675E289F98ACA5",".git"
".git\objects\c3\979e443dd6c391829d873866a93781b3256982","1343","B795FCD09A96DC57F50062A4F41B3EB256916F5237360F79783EFFD1F4B2BCFE",".git"
".git\objects\c3\9bc87e8e403b076eb24e07063ec5736ee56603","415","FB2BC04B053A1F495624B198387494EFF86B1722E9EE4E95E085929D7E393425",".git"
".git\objects\c3\af483721525da38441d02c11100b6055d84c23","180","91324FBA8A2FC593E3549C15DE5D32B00639C45309D6FCF2A05F9A31B08F5C27",".git"
".git\objects\c3\b4bd76c30dcfdb61194968d7399093466b7c38","399","1C625E01CA03EF68503A0A12A1470498DB665B30114F8001C3EA59628A2C338B",".git"
".git\objects\c3\c9dace2061bd19736e4f627fed94138d179224","197","1C20104DF05D1C0BAEBD7EEDF8AF91272DEDA369731FC5DB09862EE382D134EF",".git"
".git\objects\c3\d21c99e583b00366a5d1faf4b98db8bd2865aa","5467","227AADFA1875B4417DC3675E71386B63E76EFA0675D64C94750227A2CF8B6B58",".git"
".git\objects\c3\e84f64f6a128c223b5fdd1cb838e6da5692388","1537","D68A1ECEEE00F362EF78A97D958440BC13F17BB636FA11600890C77D6460ECE5",".git"
".git\objects\c4\0ab8a349d2b09d1733aba96e371c2d107c7a07","868","5E1D79371D2D6D32CFA14FDBF6D954BB5D64EA9A658EC9D27601D32F4AD3EB69",".git"
".git\objects\c4\41cf27746b103f021122b95aae56ba827a3a4f","231","CF8CC78AC6FA001F8094507248F6EABFE2C9CC626533E368C5AF67EE55A5E19D",".git"
".git\objects\c4\8a91d330b9aa729d50303e1000658d9aaab4b9","331","FB8C5B9C0AB680DB94ED5F8506E1154057438771B8FD6AD3F1DE66931385FBFE",".git"
".git\objects\c4\9f5190ca8260879a5b11f7eb3b2a26073f54f8","25977","921EC175434DC8BC1B1AFFAB889BE8E001D3D4DEC94020A9C1E16AB1C545BFBB",".git"
".git\objects\c4\f278be527d1dc0f4b04b366a0fddd1d29db6d0","1993","39155F78CAC11FE296E630A8AE91D4B287DF17240C63DE12785C6B3ED5F7932E",".git"
".git\objects\c5\0dcc529db9e1b0047c0352888a62d8390a0a7c","176","B1373CA24485B638D14EC0A1AA7DAA4CF080E4BB6412CD39CDFEB1B58DE45958",".git"
".git\objects\c5\106ac94d894f088e06c1af3cf69851db162f50","190","32EC40EB81FD1A282702F4D8115A537056D0FD34472E1E685A4CC9EA242437C0",".git"
".git\objects\c5\62608eab4d93050f7f7ac1f2a1d561489246e2","1343","7DDE68D9C3E736734B861DAA7A89F277A01A640399B43ABF53C836D4D8F0B1C7",".git"
".git\objects\c5\6c50e481e11256360d5f2f8bf48cbf43079410","10395","2EC73A0F7FE4470DC9153F63C95E218FA0BC3EB3315FEBA4F9A033D4EAE89C0A",".git"
".git\objects\c5\7f475300bb1ec8d006ad810517c86c134af29c","866","A7C61F7D2E06A9A3D901FD43E8CD3E1A81BE085F1106A913BD06D087B0197800",".git"
".git\objects\c5\c2702f1ce7ad8a93d083a03895dd1e0342826b","53","0D4C1EA02AAC8FD84D5B8C80121CC10E2924ADCCD4BB7F767F780E587EF2D1CB",".git"
".git\objects\c5\e7f9a1a3fe018dcb216fac76d68405d03f0d83","10450","07C952A5B302BB2701E47E534173306B12DE1CFA23AB74CDE0396B2AB1D616F9",".git"
".git\objects\c5\ffcde41a221437582ce5df317c903c2af606f7","1032","FE0CB52C462EF4A90706109240D2701830815B2A4B9D1834A550C4E51F3E2795",".git"
".git\objects\c6\6bef41f7505aac7810c27ffae65207a72dfd65","5107","34E27EE5B6D7138E2C6141444D90CFEB4D8B35C0F531E7F372D2509A04464943",".git"
".git\objects\c6\8200272f4e08807c3da14d13ef93c198974427","201","BD4D165FF0C4281555B06A84C3F0FD8C6F2CE6E4B57F797EFB3B7B70580B164F",".git"
".git\objects\c6\849c72bdf52fd77d81cad94a44e2df5ef966ec","1547","35E6CC32369AA9F048CF47FD87EA70E4CDFB7A248057CCD37B4F3466B7E19275",".git"
".git\objects\c6\86476db3476b1a3cd61bf06963597c3391c59a","192","B822B0520FA808885C396BC614FDE6158DBA73E4108E96C09C1E7F706C3FD093",".git"
".git\objects\c6\c90af967d4bf361047b2e4bb435a0ac132fb37","198","2C00F2A0697B79CB34C24CEE5F8E9294A392D73984A1CD88AEC5A9AEF1A8BA23",".git"
".git\objects\c6\ff0982f253a689db0faaace01a34eb70e69417","1877","2D9C1471AC242BDF81FC3A553B31A6583E3FFF0816E0555C6C5595C6E675B9BA",".git"
".git\objects\c7\09be25511eda879608b833d5b5b16d91ec4e0e","63","20B856E2277BAA9F4E07739167C36CB08BE5E33E459315B56C939724B73F9089",".git"
".git\objects\c7\1d228fdb0b2b5bdf9e5007f0015666c656ad81","2538","36C514CBE78CCD155851B7CEFCAC00428D00F37DFFF4426F8056375512042BDC",".git"
".git\objects\c7\2d3f555356eb52d67d77398bbc8b69c9619262","2865","BB9F02F4317A501F45C434FB26E985647FB92EC972FEF7027749042B087AC3BC",".git"
".git\objects\c7\459aec236bbdc198700bc2e768082be7fa54f3","1568","86F444A9A31CC3D38AD40558FCCFBD25F5B4539BB1EDB74D130085A2F97B5C7B",".git"
".git\objects\c7\6613b9255d3e0e43b939bf937ad62ceeb81e6d","440","AF141F1EAB270C0028AFBCCB41B686971F0C971AD341EDF45D1CBA77C29C5DD6",".git"
".git\objects\c7\ef6aaeb910e488db52adb89361c16d90d73e33","162","ACABA3F44B61A9B883D82C385641E950856EB2920D2B67CDD1DA89F86843B906",".git"
".git\objects\c8\10bc6a84e3f45c65aecc579a76ba5c2fc840aa","4529","8EC6A449E7A4FFC33AC6255FDDA9CB39C9C970D2D6F58A0ADA6CDA8EE6127304",".git"
".git\objects\c8\36ff26d5507d97885afadad4c002dac718fd74","972","5130CDBBC9A599AF22F50FC5F5FE356D3E5637D0DDF421151510FBE75A0189B9",".git"
".git\objects\c8\49fe437c5cc81fc8b1394126104b3f477b5544","523","10DC77D14777AE5ACA94C476001D0EC96B96CEE83EB6049D05F5F506DB7E419F",".git"
".git\objects\c8\680f71646022fba7fa9f5caa6cade356974076","5795","673F4CE7C3F046E002B8C8C06B5C3767468C82738079F45E8C2D2FEAA1DCCB74",".git"
".git\objects\c8\884c869911d682b380f979bf77b31f960a1c72","902","4EFBB77F9448464076BA67ED805D28AF0EE2ACBCA934F148949BE48898366C54",".git"
".git\objects\c8\b305aa0d491674575732bebb45d607cddb8585","213","4695D7C2EBA9E2BDB059D77F325D2DDACFFE953B37713584D14606FB4A102358",".git"
".git\objects\c8\c880945b540ed9f5fb7400a0f5ad50637cbc40","179","81B300CC1410C6AA80E15A0E580412B68CC9274F7CA32B750281C1458B24B35F",".git"
".git\objects\c9\01678b1f90299b1cd6604c6cf0e6bfd53ca261","231","BD8862BC246D72180A47517005596798735D929B26671B4F773849243CEAF7FC",".git"
".git\objects\c9\212f674a892a594a982f393138961fa4b571b7","344","819FD2BC1E64C08ABA37C0DD520537EE77DFC809EEEA6CE76D9432A71EDED8AF",".git"
".git\objects\c9\431690fc584a096431bea86666d5b19e9ccd36","5082","89DA5B843A005E259631D49E8858877E3A84C3E763950002AB0BF9E83ACD7C93",".git"
".git\objects\c9\68268e0358af1eeaa41abbbb9be8043264258d","453","E9812EF39E8972A32522BCBF70CD5A2989492C7192CDDCF5F933BF3ADEAFA8D9",".git"
".git\objects\c9\989c235bcb51ab679b413de489bc0deb7bf6a6","1162","6B0114F7E205956A01CE7B6C38D7B642FDC0AA3EC00F3A9F204D433A7D442B91",".git"
".git\objects\c9\9a0c149008821437ae6eb6fd28994f68893223","130","38ECE711B68E852692588898D6AB61A10203DD8F535307FCFF07B9FB62EFAB01",".git"
".git\objects\c9\a3cc773b57dc3edf4dc92f2e246cccfcff839a","1392","E380B99A95E22145F8380D58483B848343DDF1830B929C8793188D33E038A9AD",".git"
".git\objects\c9\cfcf8fd738064029994fd786ffad78189142db","441","5004656FDD1E7D49AAAB37AB3AB2323332985BC6E0E5BD9473F8EC313C12FB3D",".git"
".git\objects\c9\d8063b9ddbfe964ba15f5cdc88e567d9d02b81","7366","384DC70BBE384CE51C2E85DA69F979C8D3B3CE2BEDF6AAB6DF8C7981C9A40B4F",".git"
".git\objects\c9\ee09db4522aad581ca033b4377641314eff4a3","276","05ECFBAE23132AFEE52E18D2FB706F30970DFCA1B9691C3D50CD951EA0951F07",".git"
".git\objects\c9\fd671c5d660bb4a6a192e2b6677960507bf4fc","908","88EC9D06B865A43CDF9196647AC0F02F4B58B08C83EE12645E52C1ACEF8A238B",".git"
".git\objects\ca\4a7f7bff18264e459f52750f552a1593affd99","275","6CD7CFEED9F4380D20ABDE5E40C2D401A36ABDC1550CA81688E0094D84B1A2E6",".git"
".git\objects\ca\4aa46816c5b42914fa5d857770dc19874ee670","9599","26DEFB8FC230FA7B0DCFCC0DB418838A180C93EA5A7CC9A2C832050931429D9F",".git"
".git\objects\ca\4dca61d72ad1708f73fea9d745917798c709bf","3622","A7A93BDA0E10C9C90013F6325197C6100B22FD2F3CAE053C4382A2BE9B24BC4E",".git"
".git\objects\ca\5c9fa7bb81c45abdaf8583bc14bba3e83d2d36","143","539A85A1C0506BA1AC272FFC508525C255F2C5F3B0FC115C399530A6D669CAAA",".git"
".git\objects\ca\76824e8addc2c2982c21963660a90558c94503","44225","6D84C2EA8B67BAEA704721A2448EEF1DE7C3827BD46F2A4A509771782272B4C9",".git"
".git\objects\ca\76afad26f2fba8e24e775338a7ffa088d7c1c6","415","F5A89B428176764377C149D9E7BD938F1F727E07D4C42A13CEFF19FA50B602B1",".git"
".git\objects\ca\b3af5029f5fb61240dbc3abbfb2c166878e1ef","890","FA4222CDD2DDE1F031D9CFC2D33AC153B08F6D68860A6EF2CB499415A2914885",".git"
".git\objects\cb\6c09f98108ec8e1f045d7c19f303a043305a64","852","BAA69C96DA9A89C43F3707A64A4C0EE2BA53B4D98ACBD734C6FB92C9A47CECD1",".git"
".git\objects\cb\b8f96a6a150c2f9ac1d09ca5eea565c7a30936","1139","9A5765CCAABA3BA80300E3DE8271D180DCF7E001A6A13B692F76C1368DDFEA90",".git"
".git\objects\cb\f78b2c789289d4d2d8917b77b114ae8442102f","1389","A1947B5B3A604529252D528CE9B8463A944CFBAA66BF3F1CC81E868760DB2CC8",".git"
".git\objects\cc\46f9a52ad977e1e456c3a87236233ba54b9921","401","58D9DD94B904E68EB0A9D8E235C8440695FA92F786C890823DB47F4570855574",".git"
".git\objects\cc\4bf54b64416efacf11027bb5d40418a48342d7","3464","A1123F8EC2C22A64B63B45F0732AF41B56FCCBD9AED967DEEFE0DECE4B5F3B1E",".git"
".git\objects\cc\4ee98bbe2c182811e73e560a3d17f92655f558","326","BC30DFCBFA23CEECFF49E7A8B8D1B257B2A96DBBD21D852CB695E7EE4137629F",".git"
".git\objects\cc\a0faa1c166067130d0e321011e7c7e31d7b94d","602","6EE186026DAAA296866E648090D882F5A924F5810C3539C027D99EC7EFD8C8A6",".git"
".git\objects\cc\cd2073480a74197395d5bfc5e8cd62fb4ba5a2","641","1D2C265080E033F53B1A539949F4ACA76318DFBD2BDD108D54F98B2F407204CB",".git"
".git\objects\cc\d00b388fa1d1298791e0c91ed7d312574efdfe","437","BBA4BFC2F53430CBDFBD74D141D86C3F5DEE39A189B89740055882D7AB18F11D",".git"
".git\objects\cc\d9a1abe11ff97baec2a2d6d394b02bc469e47a","1941","E863411F3241D3637AF914D1C469D1B83F071E233472903F8322601E735319DB",".git"
".git\objects\cd\189a251c8dad19606ab36f35f8cf9958d980a5","3042","43F2ACA17C9C58FF55CE449AD51DA42FA6E3B15DAEAD5382D0ECAE41F2C44A55",".git"
".git\objects\cd\28c84d52f2e31b9af4684f77f0388ee35a3a2e","1264","D0C06BAE426BD93559C714FB8D7328AAE9C75465AD1367070C17841E8E146D35",".git"
".git\objects\cd\3532f527399f63ef6b1850cbf53a8f32e09284","2583","863A35A01FF1E5339E2A3441721BFDBADCB8F4D5EE7EC05111CBFD93312EF250",".git"
".git\objects\cd\89a93f8c46bb0cb638f29fa01c389192d6ea56","1139","CD7B474AA8EA5056D0A8A6E1EEB49DCDE8594269481C0080A2D5AB80F92111C9",".git"
".git\objects\cd\a28a805ca67c92e459f453829e9a601cee575b","1037","DC576524C447BE0DA975E817B18017593132C967C8183D96557DA3F5CD29446A",".git"
".git\objects\ce\13b7486b20a65d420f256e32665b623e097836","372","A0128CB587721882BE7EDBF0730D5BE726E9FC7403E02C7080BB3114CB7E0291",".git"
".git\objects\ce\3e1941ad7c11cc658838704cd85982c952e73f","463","B8DAE3703920C89D718825946F3F225995426C5C9C7D231430F34B88E40E8C36",".git"
".git\objects\ce\59436aff05787874de5f843c9ec8f1f12863b4","779","CE1460ADF4328998D824DD4101389014820D5328DE6C321B9118EBBCDBFE4E1A",".git"
".git\objects\ce\61f37babdbe4a7ce448b4e3bacaf42272b73f0","165","C5AFC72CFFE6D0271E8FA0DBA46BCF117C19179BC51555FB9A957D4B69B50BC8",".git"
".git\objects\ce\64fb60acd0997acc47f140863c59c5c6aff712","275","72018EABB42C422A63E9ED20D34A858D61C4CD74D915DEDDD96BFBB2871E0D17",".git"
".git\objects\ce\805041321759747c0187955a5c956b60a8b00f","5471","78CB9F40A8327ACEA14D47180F7FF39B73B153AC7900338167DAA3B2E9491CCC",".git"
".git\objects\ce\afab6ad3b90ee2e573a95b65b90437e3d650df","919","5203E7B0D54BE17A79D403159555F0AA2ADD728348CA98B861FD174FDDD32651",".git"
".git\objects\cf\123a7f42a64f032ad2800e2ad9ff78e7fa0863","374","EB8A9EAB86D1E3C4EA4876F8A20AAA9D8FC9F9B35262F9043AEBD25225F9A942",".git"
".git\objects\cf\13f46b737eeca9602d19751365d5f85ed91d5d","567","80D0F551A3641E7A2EFA476A4E7DE2CDBFE7988B6DE06B821A2FF664310FB128",".git"
".git\objects\cf\34893574d9af8662c786bc0bb6e45eaf146fdc","448","CCFD8B9713D82B4005C23BF2D0C30D0456853516632EAF6075DE29D470F44B79",".git"
".git\objects\cf\40f3879bd1be9ef23e87bd1106c8ffec2074a8","209","EBAA0E8FED27B54A8DA9BFE48F62C98EAE32549995CF83841999FC82390CE5E7",".git"
".git\objects\cf\73c3757ca56c9ebdbc3658f1c4c69bb402d66d","1984","2C30E21275FD89C00B4038A02B6F88A99B75B2F977B275AD3FA936EC1167A0D0",".git"
".git\objects\cf\784e6428623e254c23dafde1ccd32ec403b66b","3228","CA260B35FEBBC1F4B251CC04AA5E1F1990215B1608B4C822AEE03E0EDF5A8148",".git"
".git\objects\cf\97b5ccb4358632d8c3a9fbd2dc03dd9224b298","373","A8DB86946F300D1C9959B5EE1E3817A51A7269E9A0500EF24C125EF8CABC4A76",".git"
".git\objects\cf\b611fa932389f4d2397f4ffd2c61dbff033f01","268","0196DBFA1BA9DCE64BDFA421CD2FA2FB8BEC91E9D2E5F87A12C91300C938FAF8",".git"
".git\objects\cf\ea6002e161f701c5c482cd04de77575875f0c1","371","F4C90FB81AB0AB210CFD5323430474ED07594F339FEEA4E40FF60BF64C0D057E",".git"
".git\objects\d0\2bdd08df9c6affb7f0dd1854b1e101daa377ca","1414","362B56913CF2B2DA34621C0792CA6CDF7873DE79EDDFEBEADAA2B0307A73A2AF",".git"
".git\objects\d0\5ea857fddb6f6be38271ba28cd123402dddd62","1942","051067D1190D3612C43AB4EBD86110781C484170B520CD6410CAAB1A1C88D8E1",".git"
".git\objects\d0\82cfd84bc0b75edffb128ec382ea800e31c2a4","3487","1C4DFDD0B8B807C2E2E49FA3F2B2FA8226DFCB387EB5ACB094904FA664A23520",".git"
".git\objects\d0\bca73452e94b8873de3fb08fdbd1362968d059","643","B9029828365F1E730EE4C28F79B18C7DEF7CC563F50402134AD36DB52CA9E553",".git"
".git\objects\d0\c4ad0708d3e55893d010cae2ae14c35ebb53ff","673","EB7B157ABA9749FD7D2F2183FFA69C488DB5EF2CD08F93A2BA27FB7E2FB3D1FE",".git"
".git\objects\d0\ef3c65aa69a32953d8ff3c70ebb2804a43ff9a","31731","5562F9D7B5149F9BEB7FF35D25B74D9587C1C3775575E71CB2199A641475EEE9",".git"
".git\objects\d1\2d9343674f92157f6ce3285931295d5e587c8c","672","46F6C4B04D1FF4F987086B719626B7C1EB4787C5A72D734000F4D4957E448FC3",".git"
".git\objects\d1\4193c748e77a619ea039c6301bf91e2e720b85","495","B787B1D34CCF8C29277FD4124266097BB449CCF67E32940AA42397A6840A5007",".git"
".git\objects\d1\5615fd12d6765295837499128bab075b9d7f95","207","00428ED1FBC541FC1995B61E89E119045639A62E8A9C2A1DF613B7860B1EED0A",".git"
".git\objects\d1\8b8810de1bd7153cb48cb80865b1740edb0108","143","16ADFFE51C4E6B975FD88B41B8032BF328CDC97A8D3836F45C925027A5D06D1C",".git"
".git\objects\d1\a71e7d2b10f46cee3e91a2fd6f7f2ef6e7e25f","417","7E1E07A629C0136269B7D79EB77743163B233A34F629A1F6675446A7D4B3A58D",".git"
".git\objects\d1\e5ce38058790a973ce90c1addf33ef206ce4cd","192","37161A69DC3F6741CA0F170F1F622BA0E8A48DD7D6BC6386B843D97A86D93D66",".git"
".git\objects\d2\6049d2f863b8e4138fec312da7bb146a9ce754","438","0E928093211BC378F1211AECBA2E947241C99E5E6EE8967130D1235AF96E412F",".git"
".git\objects\d2\86d8c368d2f57d46e71477530cba7f59d387ce","6816","39F8088BF2E2A169CF56B6020A3E3659CE1ADEF3ADC28F98D8A640F65A2416A3",".git"
".git\objects\d2\b365b187a0e1ab1bdc1cbae0f966c6e75fb872","126","D9800B497981616D1B2B6270EA0665635465569160570E771C42D285B8D4E45D",".git"
".git\objects\d3\c28e22b40252ff4fb3e11f167f2c61a990acfd","121","9F93EC7D69602A7AA8FA01CC9152013D894E67F81200B6A80D6B014FD8D20A19",".git"
".git\objects\d3\dcddfd87b024d093d7d87fe0294da94ee7798e","1094","AB8195A3D425AC81620DE4D3435FCCF1E925A94F44677836C9941B06BCAF4FD9",".git"
".git\objects\d3\e2c5b17d10f1c00b5351ad9652a1815909e990","286","FA4D250B6B216FD92077F694C85E46C41F2B204DC9B3F735B546A4AAED2A0DBC",".git"
".git\objects\d3\f545c70ee89eb939ed02920096b69bccf3b0e9","894","27CADF76529D805C9D3AC84E1619B52A9D7EEDFAD0BC5C40B0AD2EB4CA201F7E",".git"
".git\objects\d3\ffe1f8b6b76dc9de40354cfac4963affefba51","1681","1C6FBF6E130E88AF8B459C6CE1D794E6FE04D06E62DB0C53CAB05B0E6214E184",".git"
".git\objects\d4\9c23b8ad0dd46ddd9689dea09f51e8762f6407","798","A9DC1F01CA3F0E6C5F0BE1AB9EBF947E2B03716C5D8AE5B6B9619AFDA1CB469D",".git"
".git\objects\d4\af7830583e247131e6bc38cd15f0f9073f9a7c","1215","FDD9B254688B572FFAF50843B62FB28822AA025D921F685D3F9495D1698701D6",".git"
".git\objects\d4\b6fd1bd2428bd7ce9dfe83eba23367f57c66fc","1347","EA0242F29E07D4C9A9AADE086DF5BADA9254E3FA77E9F1A2C1B6A1CCA97C23B9",".git"
".git\objects\d4\e33961adcaad6c9bc59ec25d8b439292c96ffa","1129","17397B7C14338A4180A027B938499D30D9DEAE6729B2B166BB11D0648AA5822C",".git"
".git\objects\d4\e457260d6c513d5119de382e7ac29aef9ff64a","337","3452B12930453BE58B66CAE8138B19ED7378A0FE51B2789A183B54B936FA1F10",".git"
".git\objects\d5\1a6307f68737f64a4d14e28b07e6ae6f0c72a0","961","B9F19B9D629A75C91054FD0246F0CFCAF6462D5CB6B93EB4106D83C5A68C857A",".git"
".git\objects\d5\48da126ea583ef7418fd8996b6927a5c925bfa","619","C41E42C5551842F75288520F7AE05D844E36F5CCCD259AFEAF082FAB529182D9",".git"
".git\objects\d5\4f2eeb97920f3713f0c73997d0464ffb779b86","882","A63B862E487C94B0640D069CAFEB9D8EA8FF47401460C69EE36F5CB022314043",".git"
".git\objects\d5\53e85d2acd1479415c9df3402e922a4b98a20b","645","1196E09DCC970187D5CE49D8560FABA898664DA38248DCCDDD1CBFB286FDC281",".git"
".git\objects\d5\9811dd5c7b852e6fdbaadc167e850d331151a3","2064","B6A4525F0F637B6FCA8EC363192ACECEDE0A256666BDF26F580F964A44237249",".git"
".git\objects\d5\b175a3187710f414ec51d386b86322d9d1d5c8","60","F0D48D901C2118F720268989E7A6289F7B5737405FA5DF2AD0CA26425B07C287",".git"
".git\objects\d5\c82f78ce419aa9fee2de22281c7f1550f27c32","246","DC151879911DD0F53982A5F2FB6CE0C7E340F3EA1D36E9EC24CFB105FF328460",".git"
".git\objects\d6\238739ab1e31d7aa7be0253855ce974bf090fd","276","8D3F50FD33646C4DC58DC37B8238B28259D3C8BE39DBC1D5AB0168C11C23DD9A",".git"
".git\objects\d6\75507b86a032ddf176accc896d96cc4a0bc116","276","DBA15E645858B3DA64A8FB9B609EA667485BD200859F98B8FB5861726A899D6B",".git"
".git\objects\d6\f16a6a9a1ffeb246181b83a8eb0ece8b91eb2e","297","0044155EFCEE63A80C8421092940D5B0A597CDD3592E677C23823A661784854B",".git"
".git\objects\d7\8763db94c03ca068ab6641bc0b752d16bc3440","9045","DBFFF82466021274875BBC2C4504417298683BD95E7878A5DE4B50BC45BB840B",".git"
".git\objects\d7\889a41ced07adce1af9057e400ac2a35c6e6a8","56","837F7098D6B0AF65117428B6D20BE8776E27F075150ABD94A7F294B8E803F6DD",".git"
".git\objects\d7\952ef7c32f8d36cc7396acf1f8af8a90d33de4","320","24E9C2AF4BB8318DC0628D407769580660336A6A124EFFED8A6349F3867F39E7",".git"
".git\objects\d8\1102909ba1b9639b537ed50a377f6dc825d743","876","75C41DC8AFBE2CF1A78D1A8CF14FA218F48C01CB3B03205C7FC1EB6313AD302B",".git"
".git\objects\d8\568c4af995d0a24a4c09ea0ab49d111ddfcf6a","6680","EFD6FC3445E77B38869D9BDF7A113A725F3B166917EF3260E69AFE9813B6D0EE",".git"
".git\objects\d8\5b38f0f7d5d85b023c368018d01220bcc498f1","480","00C6B81F820081F3EE75874841CF42BCF492836C688D1532EC906413BFE930C1",".git"
".git\objects\d8\b51f6008b5620c2c2d6fd7119571da17004a85","908","931CE51C548B42A9E65633330A750AD23868CE38958365A4FB2DCF2699A706E2",".git"
".git\objects\d8\d0e628f3528158355ed94442f9effb085fdb91","445","B818C5D5FD052D2301A04939B1F6298A3C12F342E9E7734A12F790ACCFCD01D7",".git"
".git\objects\d9\4ad9488ea9689dec41b3db9c9884de1a0bd6f8","288","7A7BE5D6CDCEA8B943F0FE576885E29C4B96C90036A8614DED429121BEC13BDD",".git"
".git\objects\d9\84da381fcbef5f6dc7a7c0239d93fb810610ad","165","F772CA056257E24498F46BEA73093D1FEF6FF408905D2239ECB78D08CA301CA7",".git"
".git\objects\d9\91331f7aafe3f74780546c53274ebef47a9e58","194","595E7E3865F2E6DC3C11BA5FB27A3268C0B4868927F6D3F6CFFB4A38630AECAA",".git"
".git\objects\d9\c740750097dff66f47cd8cb62e82f551a9d7ba","209","04B2728950CC86E81665C292911CD2F332D38CCD71B47EC519F6DCC4454C8868",".git"
".git\objects\d9\cf1aa44b921d519f7ffb31804ae2b944dd2c48","1093","FDE66C5232B6EE662310AD8B68F56515AE39C14F04232B317D8B7C799D0FD1E1",".git"
".git\objects\d9\e0d27048ce40365a5fc5296395f90bd58648dc","370","F56664EFF4C0B78B7EBE58BDF1A9CCC10148483DB6CC35D69AC9C2715B84F6D8",".git"
".git\objects\d9\e568a1651e6f85f8826bc40e8f7062675ea0c7","191","32F8C5D2BBBCBBDD0BD5F84178BFC9658A780D5FCE93E39D55929867FFF7F346",".git"
".git\objects\da\94c5fe3364528fcaf9ae5e0ec500951518eb30","120","BBE138DE5BDAF9956E84D350484556EECA65FB6CD02A093839528BCD4F7E16AE",".git"
".git\objects\da\ace4cffcc6d4c438691bca089edbb3c7796abb","371","2DFD1DA44715F8A338A96A3F9A76E2C4DC59EE7DBEDB8679414D1C6E2060FC4F",".git"
".git\objects\da\af76a5817a9e317d313ce9dadfdc48bd62c7e1","143","FDA1EEFB576DCA225E8EB089FFB9DB5BBF07BA89511E0020531B196FDA3F76BE",".git"
".git\objects\da\b6800e50b7cf230a3a9b4d9fda9a1a7fb65c0d","113","4B241C43058C728585B2B7556DE0D527E92DF92105D225E4FA4564C2450ED6D8",".git"
".git\objects\db\0c1824b46b4b830d399450c002612587bdde78","56","2B5DA722A2B49083DC8ACA8E6122DDF031695B46E83457208FA975F76FC631CE",".git"
".git\objects\db\13112d6eb832dee22168a5a0871130cd7f8f89","1063","5AFB507CE7274E79D607B9A9D6F29DFDA37562D893A443030643D05DC6F729AD",".git"
".git\objects\db\3520b42dbbb8335c76d62bd70ac5152129026f","1774","32BF0D308447A2B54597D67CE2A57F1097BE485779746E3D1B3541FC81317591",".git"
".git\objects\db\8efc77a3373d0a0770af33a587be0efafb9dbd","2027","3526974872A4F6CE6FD8C9B4A87159C642EB5AD25A23BA66514B2570722DE60F",".git"
".git\objects\db\a9a33ce4758cf28469300a65eaaf828b80cd32","3623","CFD06A261FCBBCC9BE54C5656140B417C8F71210B5B754A9A1742319716197B4",".git"
".git\objects\db\baee0ef7e989f65ef792edc0d206b3d77a7351","313","8EAF3F190361CDF9B43AE4478BE9A94A04A8C3D3941AABCACE35C334006BC71F",".git"
".git\objects\db\c0a5c2e539f66a7d7ea35d564d672ee2c6a9e9","716","5DCD241A450DCCE257FAAF96B4F4146F06543F0627FA54410E3A02D81EB1ABA1",".git"
".git\objects\db\c8ba31a53a712f5ac4f874a943550bd3f9219c","17129","8F4D76E318C83FFDC2E20BA974D5B6FE7FD438351E39D1A0873048C75E13C646",".git"
".git\objects\db\ca7a2270e4b95db336dd7273c7a93a950973da","2391","C2343626F1B72EE6843DD97A4F48D242A1249A3D3AD587E0E19627A71A762F69",".git"
".git\objects\db\f9ed610c5a1d3ba8588b5bc53a76e0f080c3f9","956","4CFA1A127A5D837A2D00DED8A65CD38D6F4E7F985382181F37B338C41AD5FEFE",".git"
".git\objects\db\fab27f76fa38eca1b2319609e6764f892d25b4","685","18DCD4654F5DAA5289090F0DBA2FAE2DD6337159686D5BECC5B3E785DA8F5D4F",".git"
".git\objects\dc\2234102ea6225c21c294630e95d53cd9b3fe8c","1983","45B6A8D35560EFD0C7F051DC517F9346E5E6203C2F8B99BEE4C92AC8E4F1B8FC",".git"
".git\objects\dc\29bced55623bb68f167e838134536a1343a34c","1248","71BAF8ED786AA36531A0CE2BE4F2061D5DC16B1677E0171649530C425808C348",".git"
".git\objects\dc\2a6fa69666220186ddd3d87fcc429a510e7a9c","192","D7959C3CED0B91B0998DFED9770A71DA986D0A60A5975ACA32BA7C0B5EBE7B59",".git"
".git\objects\dc\36e975c18bafecc2e3c219a5443514a0de9bf9","3298","370114B1B95E190955CD07C1FA8BF9A2F291507F02FACB0BB06D82BA562B21B0",".git"
".git\objects\dc\4a478fb552859f103f85b946aa22d12dcb6873","365","2C6A83DC7CEDD165BD2881D401FD356BE99774521A49D01F0716C66B9C632AEC",".git"
".git\objects\dc\79f5a23a6f2e2df7c938dcde9dcfcd56636a4a","5060","3039262B67D15F2633D4309EB1E3A643525BC909712F0EA2E561CD8D007C6620",".git"
".git\objects\dc\82d0fef7a0c2e1f6f9b55659ce6f18ef1c0ff0","449","A97777027965BA37A0FAEA5EB009A70CFD77EEF12F1E3ACE1006A1E237952E70",".git"
".git\objects\dc\a60cf47e75f6407ef02fbd939e1797d9826607","153","C8986E9D23BA71189ACAC6F7CDF59891AE17EFDC95EB2E64EF14EACBC5A9011F",".git"
".git\objects\dc\b6283b805618d81d6d6499ed1bb3156f4c70b7","805","F72822F5F485A3C5F5FE8B80E8975428ECFA219BA5DBD177BEF1CC2F918E90D2",".git"
".git\objects\dc\c688666ac80cfbdd4454b2ffc2fe8a5e250cdb","1662","88B47DE84AF6C884720D3C4D0EB3F82D63A1C96A2B2B68EA815A69E6BA8565FB",".git"
".git\objects\dc\e0997055c3d1527b94caced1bb86baf3bf49c8","2457","E007E332572C82B4001F29A69EF7437DAB012B9DBB657744F244F88878362CCD",".git"
".git\objects\dd\108191df9f2e00b7517bf790f8f720c823423e","297","34E0B07F3033C214ACD219EC6741233C86F7DA1BF82D0CD4955F06C0C313800F",".git"
".git\objects\dd\4168278ce990b0c0c1a01895c7762f12dc5fa1","4479","B3D1818DEBE2E6588430588345C7E48C8A81B0280536A54D0B5012B9ADFB8757",".git"
".git\objects\dd\480165547700ab13c79aad5f04c2cb71cea666","312","EE8182CC9F1F03BC5365326863D43630FA0F270ED05FBA0ABF9D95E4BC80EB55",".git"
".git\objects\dd\88f803d26eaaa32a181a91a42d8f3ef24b1a5e","1490","F247DF8E21CE32E254CD907FAA9217563FFE6D15823A52D541F55AA9CFF632E7",".git"
".git\objects\dd\b0377399856f3e5e7c35fd868b283eb2f137c5","560","6DBB53648EA8A0D42B5AF2A5C2377C0BFED03306455E304340EB70D5C08D6E23",".git"
".git\objects\dd\b75d4444ab9fec6a603ea118303432e3a1c2b7","2640","7F8A8616134C03741068414075FB3A26E47B070E24D7ECFC2C92CE0E7780E844",".git"
".git\objects\dd\ba32e1eba3418fc18423b8cab73c9565261009","121","AF8C8837044654D3617A2408FD4B0BE745A4F3D915341B58695EE7432BFF95C1",".git"
".git\objects\dd\c573d8fd6328f796930082933e6dd234e2f4c0","2851","91099ABDAA90C3FF5F021C85F362C391F34B9BF07966762FA9112EEA646C1807",".git"
".git\objects\de\0f92e6551099a1f825d93242df74edaaeb40a7","8232","D807A2B7F761B328B5495CF4C8E309E10F3C947ADDC7A3CC82654392FDAA07B2",".git"
".git\objects\de\2baa1c5a6c0fabc6e9a1acd649c18cb0650c6b","2678","3E9E9A864DD8312E2ADA1D156DCAF79216A379C8B8655A8A342E36E1715746C1",".git"
".git\objects\de\6d71a1e89e329a185fb138b1a581b54dbe5947","1074","CB3552E423D637A83F9BD7AE1B979EA274EB34CE29268FB0E006A2698714BA40",".git"
".git\objects\de\d978b58ad564b86c5c517cf22e9ab85f536be4","6615","54E32A789E735FE3592B7C933EE6E88B473B221A6967291CE565317AEC527794",".git"
".git\objects\de\dba1358181d2a73b23a7a2ce74aaab8eb28a3d","3802","7D729F48A78EE02141DB5E9A2D3F6BE28CD278E5AFAB652621FD83724195131A",".git"
".git\objects\df\17326f4163d38cd13a0260116c1d93839304ea","53","26B270F762FB5CF29B8AD4F968F0985A981C98FC9C67F3380E8436726AE21F99",".git"
".git\objects\df\18710811a43cff0178920dd782745840a0fce9","7326","0DFAB9357DD8D3D7CED1BB624F619F405C1A118C74B1716FBFF8D18A09516E7E",".git"
".git\objects\df\24f5051737db648be6d6dcea17dc36ff93b2a9","2131","C1BF7BAC26D1F888F8EE9169D0E5E2363E82F34791558E42CAFA1119AC4B2928",".git"
".git\objects\df\3a9dd4c17f33512c5b2e17babf6564641824d0","73","0AAE475030BC5C2014A64E4242C4CED852366612D648AD0FDD0658C395859E72",".git"
".git\objects\df\6349d873b20986a1ef0d5cc5cfc2d23bb02bfa","144","90999B18938027F575330DCDA1EA9654E2969154EC37A703956E385DF798ED82",".git"
".git\objects\df\7b61f49d8c0d01af9f4798e25a222c2b8ce59d","192","8224F0BB750EDC67D924266B4B3B6B404AE3739C3B5F752022F48BF68DF7E3C7",".git"
".git\objects\df\b439c210102e2bbafff0ec7b5ed76038d1baea","570","ABE22F77B3B3D93B89BDDCBE14EEE3E236B9758F228AA375522A944F7541610F",".git"
".git\objects\df\c6467c383e861d3f3dce110a3b8aec45206991","152","EDE6B386329199E3CD65F9BD07613C4843853281F2E9A546DA1F12DE65836ECD",".git"
".git\objects\df\d4d84a1cee3ebd0641d7adee3ce031dfa7dbf9","2512","A838CAE2984BCD80FBFADB2535047005B79FE3A6B53EE078413DD50ED1E60130",".git"
".git\objects\df\de5c07b747d321aff9458bc8bed1b2783ec7a1","1358","F20A1C5882A0612971E38502F117E0D103040C5399025DF09ABA07687448106F",".git"
".git\objects\e0\1ccb8a204a3b9e62729aecc25e8e9dabee8fe6","353","2F43F6D30D6CB79AAB5EDF57422EC105A28F87152B0482006C27621CA5A4084F",".git"
".git\objects\e0\4f9a7f9805796d1e4be7cf44c6fa96403bcb96","60","B5F3DC52D88AD16B0C4CB772B8B17275305C21493DD94FDE760C67E286E0360B",".git"
".git\objects\e0\8b4dd0702ae00a48bc3533b8af4915476a5015","1815","BF0DC0870049FCBC53AC792EBC1CB30151176C6D8F4C33D5F74E0182EFAB3095",".git"
".git\objects\e0\ab33835a2eaf901ca5a24b528e786c07f0e59b","3260","99B3C4A8B9B3F33EBD2CB7ACC40205AC6997A8AB8DCF0C1FAB20F69507EE56D5",".git"
".git\objects\e1\3a161189d6eca2f7b6431020f64a616b651b74","370","D8058946F4907324552D6593A2D59291C95F5523423A11B9F7F60C886C8BA58D",".git"
".git\objects\e1\ae0c1d620b01dcd63fa906d68cedbd53c1f510","925","556CF977F7656BD6CF18D5B8BFE22B262591C1CE49C396F96618D1D30D2B4802",".git"
".git\objects\e1\b84cfb78afa3e8e30d3a2410127841aa18b215","2610","BD7F2A3D76476548198962C92A1D2E4EAD5CEF2E7C100BA45FB1C049DB3DD0CD",".git"
".git\objects\e2\092ac7ff7d03a920f24cfce54d5b38df0a15ac","207","E238FFA511BE4F6FB19F284A41F0E5333B71C8C6CA5BA877E5D378E1471DE238",".git"
".git\objects\e2\0edd0a2cd1f35b46a165f2e45680c3452991b1","906","71769F349D06800AA1B94DE3CA0147BD78F0CF4D4ECF7EA75AF3041A7A96B37F",".git"
".git\objects\e2\4fc4f18dae9f763fdc04fe151715e838f92df9","1894","F133E979C1F510359E606C042CD9E463B22DB634174B8CEFFF6446423DDF3838",".git"
".git\objects\e2\5e58de7138bc863e99abc7bce6e29b6795dc43","255","C27A3DAE91007E018E1D7A54EBE6FF76FCB814788F9389CAE92183FFBBC78D5F",".git"
".git\objects\e2\64501fe17cc6309f9206ca203b19df889d46d1","1143","E31C5219ABFBCC40A3C1DB81CDC5F16C9B59D6FBE7AAB662CEDC9E576FC4C3D3",".git"
".git\objects\e2\68d5191bffcd196a7431092177bac93a849958","371","865ACFD9D3A10D8C0103605402435E2C5B41054BA23C5BEB0BD2838BD2F53A66",".git"
".git\objects\e2\8a22898eec16aff6233f2070db879a25563057","633","B791BB4FE7FD1DCC7FFFB6E412CF2C9A7C6D8E399B50955E35C7734B2E63D3D7",".git"
".git\objects\e2\b7b8d94db813e8c491f5c1e40c6f42d67a46fa","315","EDD05C77D9AA18BDA6FEC38DD0E3A09BCF529683F23D8F8DE1BF803817061509",".git"
".git\objects\e2\ef79f98c6d407d899138eb49e90b1d3f089da4","291","EE051857B8234242E55A12B37818E91A7477170A3C9C2A43414C099B81B8A3F9",".git"
".git\objects\e2\f0ab3e033a749c27cf66ad0d2c7769de844678","143","95C707C489EF76BADE81549E6E6156E531FCACC10108E82819B7A1EC1556FCA5",".git"
".git\objects\e3\58c4c5e6bc98e11301b3e3b2d9eeb681b3f7ed","1062","CFA0F4E9706F77941087CA7A15F94A119735FD13FE4929CF19BA2108F0E29BC6",".git"
".git\objects\e3\7795abac084ca364b371822d33c06c796b3613","452","DD263D5225A1E8CA3E9722B9B0DA08BF166D1CC4A0DA587019E14C8B92D39DB9",".git"
".git\objects\e3\a4613776ed4e3b3e611a6786c67384fc0f136b","195","6A084AFEEA99BCA3592E4FD5FD8EB553CB2434951408D46D24CFCCA327C8DE27",".git"
".git\objects\e3\a93bb28d885f8964ee1570c5bb5141037d7073","4041","D6A12ADD3DA5B124FEA41A0DD40C2940A867F691A556D97396C0ECD1BD5628FC",".git"
".git\objects\e3\ff175e1ac45d712a9e80ecee04d6a601f6d0d0","240","18A3A75FCFC150B8D24AB5F880FE7E7D5AA23B449504179E9A6ADF6277A79273",".git"
".git\objects\e4\04caed0a3f44e329ffb85ca3e9bf68080c509e","1469","16E9D1BC647F8E957ACEE62E0DCF28DC5C3E56213EBE72091016EE41BAF12E4A",".git"
".git\objects\e4\04eaf18d18cd8bfc383126b18be83f16d8b03e","990","8F14AAD9BC6363FEE68F9A8803CDFFD30EAD68C58D96AEADECFEBAA731DCE5BE",".git"
".git\objects\e4\0cdf15e85465b7e785d13f1b70901d172a2829","475","BEDD2AF18E0F7DA58773F3B89D608F1EEE856583A7CBB7AC596E93EAFB5D8933",".git"
".git\objects\e4\22f4932138fc4749911d65d2477d6aeb7a4ca0","144","159E02590C0AC92C16469F2D3B98AC76450DE4C21D7AB399A65D40895346114C",".git"
".git\objects\e4\3f2910bfe64c3de240371c1e4ef49e53483d3d","1441","FF2EB2FEDD664D6B9E198EFB8B1FE0DCC008EFD02B8E59057AA4507B55BAB1D0",".git"
".git\objects\e4\bee8fa7fe7a170bb12ecdf2be14eec534f8eb4","146","83FB54321A9DC868E452BA5B2C8906161D865982B40E536D83A7A116E2DB46BA",".git"
".git\objects\e4\c781955f1901803a5947c6a9c79207ee283080","56","35EC72788508BD047724A0DBB6087ED002FCD48616AD352E45DFD36E4501B3C7",".git"
".git\objects\e4\f2416d2a8c0382ec38103a13cf8e951504416d","2052","254BF4980A0B2E02558AF5FDE5E815C52A7607F82DE68D325B30607FBBA396C1",".git"
".git\objects\e5\062a477c160deb2333419c362751772f7783b7","584","DC68DE13CE2B5617BC79CF31195467C34232F7D5E8D163908F703A7702C140E4",".git"
".git\objects\e5\1e9e4e4a461bc6bf67ebbee093fb312036af6d","1613","5C500D9A90A0B940538CFD072E92A10795BBDA674388B68167D248D2D3CF2A96",".git"
".git\objects\e5\2234e20969646b3b58086dec1a4027505d1142","2482","0E8366A40DDDFF38BE66F01DE79CE81F857451FD20B564B98B203D70B7929A85",".git"
".git\objects\e5\2e8de4b5e4d0210835b6a296a37fd3ea75e596","1443","D0853CDD4A2D2C1E88BFAFCF41FEE2C96F8E8DE5E2B7CA5871E672C11711C708",".git"
".git\objects\e5\38b70ba49105fdeebb2512d73f5c9ab31e6448","1413","9B089DF8811D5A5D2BEC8F063592974A78CFBCE47D9688598DE60D591D571FF0",".git"
".git\objects\e5\59e6925ef3d45edeb453dc8934997af3818f1c","225","4E9ED3E4B724966572475E81BABEADFA472E36774D00BA7A8197FD412A6D7F75",".git"
".git\objects\e5\812aab80ac8f417a40dd84c4c59ec348b8ef25","2938","C69D445A13579A7D906173FE21BB31FC6A8EFEABE5796177C7896880B8602DD2",".git"
".git\objects\e5\82ce43098d49385612c2132ebc1e8ae095179e","1842","5C691CC626D722013C26455DE127B0BECEC404C05680A32D22CAFA7FC47BDA00",".git"
".git\objects\e5\8e2a755e6f576c6dbfda22ead12239f0f5045a","2308","E9DDD92D277684C14194690E0CD60163A63A574E34EFEEC1840CC9F0D210C8FD",".git"
".git\objects\e5\9fa208b8bdd97a4b27e9646965f3cb44dcafc9","1395","CA8C315C3ED00411FEB83C5E6AC100A373386D10D5E060AA9340FF7AB2AE6901",".git"
".git\objects\e5\a5e3a7e3845bda105df77d7d5d757bda5fd3da","1537","2300FAF2E4EB4785D8EA710C2595FF3E9FF3AAC626C3629F604B2C087BAB6526",".git"
".git\objects\e5\cbfac081721f95d14523c45d4b6d20b889fd12","358","0A6B3FF2511DFB0B24C383B55C9BF8C6C2FFC3F59F3375C5BD9B25A966173C06",".git"
".git\objects\e6\001ad60be19607353294133d17f34d8eb22a6e","1892","8A6AE8B48DCA0E7FC278141E377230886196B793DE278D42143726F17CC25143",".git"
".git\objects\e6\06c6c4d875b1368c12c7643704db96b3f25281","2678","0AB17B08034D8D6C91ABA81F8F889FA8D17AC7BCE2997D0C4FC2E3BF1AFC9C44",".git"
".git\objects\e6\36575e200334abc190230ececb60a62e5c109e","122","0CED27BA1D0AF174A158859ABD369E264DF6651C67D5A98105BAD17CFA84B30A",".git"
".git\objects\e6\42ebe8669a55fa421d4d7ff65ad3e9288b4e89","2022","B2400ADB52B8325740E8F8F283A04D382563360A3ACB041B78987217F5188EE1",".git"
".git\objects\e6\869b11852225e9d2cffa3c9c5bdc3c6a50bfd5","242","A3241B4EFF11170F1EB36BD3BB129F352F1BF1817A4D0C878709C406408877FE",".git"
".git\objects\e6\99731304a3d352c3bd086768509c5487572095","2131","F3222BA645FCF63222D5B3DDD21572335CD639082F828E9EABB26F7ECEA1805A",".git"
".git\objects\e6\9de29bb2d1d6434b8b29ae775ad8c2e48c5391","15","164C5FA8067FACF1A43F09CE3D0E35EBF53A7F5723ECBF15A8667CFC53C26F6C",".git"
".git\objects\e6\a0c749044dcbefe948adb8526dcdd427558bab","777","FC841D1259B54E85B3D514C5BE59FD4D2FF9983615CAD76B727DD0A9F481545B",".git"
".git\objects\e6\c3916947bf2b32292fc8e3742b0729b46d1ae8","373","C059B33CE051809CB27D764528936FBBDFD600928548DE710F3A91F9794EED24",".git"
".git\objects\e6\d2a7ef1c0b1836fb205103f57e260f15662c45","3486","1ED33B223DB4FFD98D6DCFBE03E94F0BE7E71F5856CE411CC6A9BC905D88C2AA",".git"
".git\objects\e7\4aed37c27c4bf5f3ab28d70033f7b5d88c57cd","403","EE902061F9D87D9C4E727F3E8A6BF9F1FC0313BAD6F951272948DFE5E8F120F1",".git"
".git\objects\e7\571ca8f54f457a2602ead01830ed188ef10c03","149","FABE188125AC93418A0CFBB760E4559512F737E38424253B91A701A1743A2467",".git"
".git\objects\e7\974b9a580dafd69732b222ad9e59c090c9b54d","399","90419BDF29B5C7136D2830E0B3F31DE427C61956A92BE8D243CAC9823D43B3BB",".git"
".git\objects\e7\a37b8ba19f40ea746d86dee26e410c62975649","1571","79E2974DE03344CD87DA12512615B0113187ACAADEFB4818DD7DD8A6B1E36850",".git"
".git\objects\e7\e5f29c8d685708fd7628efe1621fd6b45a2ff3","194","68BAC90DBF91A9A4C2987D291733C8D31800FABA7ABD3BDFF96B28B33B79F70C",".git"
".git\objects\e7\ed9ddbeb3e51e1aa8273bd90c7b856fba9be85","4464","35903A9EB85A7D4CB02A44C58425200E8176C97D84BA886EE5B09C5E551814FC",".git"
".git\objects\e7\f46ab77b925b25624240ae09d4f52cc3d08bbb","5279","CC92D5F9C102B70E2CF66C82CE8F6FB0F9A76D72BCB8B4E3A40500FFFC0E4570",".git"
".git\objects\e8\02d543569a626004bcf2198f98414c848e2101","1223","DEA5CB04E457A25000778FBECC534A68B640C4121E551376370706667D19FE5A",".git"
".git\objects\e8\03a7e2f68eb548e12277fbfefc1ddaab5be4b4","510","9C9A44728C042D86C08D393F537C716EB47E4C80996F38034407987DC2C1159A",".git"
".git\objects\e8\13829589edd34119acd498ab6791d079aa9203","145","C6058AFC44ECAA298BBAF6117ED6F2E5D897382047FD8827C7E70E4D5BCB2436",".git"
".git\objects\e8\185c0a053d14986d3e316fc3cd88735a9f7d9f","1188","D826AB0A3953BF2A2696A2A939953973DFA91B3832DE4D52D70EF0A43154C44D",".git"
".git\objects\e8\4be26f0104fc32ac518b23d402a27a2718ebbc","1290","1F3D71CFF9CD85ABBCAFDDC0B566FC44C2B0698FF415EC45D8B027994CD35163",".git"
".git\objects\e8\5745a0270ab814caa5bcf964411b7d7096b1f8","576","7B16127A7F49C74D4FDD466829C4108CA368E834F4BEB32BC1C9722DB4B27696",".git"
".git\objects\e8\579df4f3033d069758b7f0e6bc83069a7315a7","415","F095F2AF6F56204B2B0F7C211B5D988BC1FBBD2DB5BEFE6A4E998C3BE902F685",".git"
".git\objects\e8\6f7227dc6a69917048edf39344d9e14426d81f","353","6B3313002184551A93E0D9A79F8860C4B040F3E422DB1F8422B71A38186BC390",".git"
".git\objects\e8\7e5527f397bad77fea6adda6f89cef35158b7f","209","410C73F2B3F42864EB9F368F78A0932B22F7EF668CE987EAAD803CB9725122E3",".git"
".git\objects\e8\997aa8e5f4c3827add857d83b6e7050a91e781","321","E3E7AAB3E1FD30EEC745AA73D03A5B0F35F3857C880B79365A1BABF8AE7ED678",".git"
".git\objects\e8\b879bfe69d070011613754414320add16c450a","1324","DAB3570D284743FBB85B7D1BD54514299590893A159112EFB5564AE1094B7901",".git"
".git\objects\e8\bab0da571cce3760781a8c770068dbd0a5063d","179","07DF2A53204AEA9CFC8C10F60D591AF33CB1BD494CF0E2F6FC50374CC4D07D5C",".git"
".git\objects\e8\c6e9ba8fee473f53f93f617ee4eefd135475f9","373","AEC801C7BC7D5B9403C5DA356CFE70F3309159A32F262E5D05289B0DF94828BC",".git"
".git\objects\e9\2a030b042ee006b6347e8be164e3c929f23725","12230","501977E62870164607D1EAEA01E507CFE21C1F1DDBE30D24734FC75F6DC41629",".git"
".git\objects\e9\68a45af2d4f7b4069cfe76addbb26f34eed3c4","900","0E8E8151F84DD1292928AF5D4C579773E99C04A7DC8E0BAE8D3B9E8EACCC0814",".git"
".git\objects\e9\84ee9071b02a5f29e4f74d683cd81a53eca5ca","694","37E20C9C3315D926845E3239DE416A9E3D76AB01E83CD0242A667CF8391CD192",".git"
".git\objects\e9\9021c9d557701767d2cff517c96c2f954f7e14","1636","004AA72382FA0975EF92C512C6D68B42F4DE03F463795541036727525627811B",".git"
".git\objects\e9\93b78697e41eb99680a350ae5a949ec1a636f7","1560","D59DA3F207535EBADA4A2AD825251C8D03B550A2378109F81F3862DD712540C0",".git"
".git\objects\e9\bb37ca2433df3c8fc97476f7480d802e64edd0","505","1FE68DE2405A7BD31C8A2CE585795D8F24B35BCB6B7840F50A0633382B1C45C2",".git"
".git\objects\e9\ccaf5eb93ea58ae4d4d8731e60f2f7ff17cac9","273","124BCA71B0BBA118C7B1579CD854B8DFECA5DEC2D4AB6C50C2E16342FD148E1A",".git"
".git\objects\e9\ef31ed35dace575d78cf36a7ce70a65da4d990","56","86C3EDABBFE2AD195E78D8CF0CACFDC1AA209E55B222547D05486FDD31810236",".git"
".git\objects\e9\f9c7c29929408c01cf35599a4feedd853111e6","147","C425504AA0BFE5255A16EC6204CFE490E424E15DFB18F645FCD3C1CEF5051707",".git"
".git\objects\ea\13ba7bc6eeb33ee7de898730279501c93db094","1597","B179E420D82901B4D7F2B4B8EEBBE1467A340F276BA1063E910D33BBE2F78B5F",".git"
".git\objects\ea\506b185fdd449918566544e8821f093c4c4d27","60","584DCC78633867696930FCA3C3C23A8E098E671147F718FCA1F5FF0033173618",".git"
".git\objects\ea\58409644a6b3f7118050e4f5c2f66877b05210","425","E1FA335AB84CD5AD8A93BDE5938E0B4FF33818AB4775F0B9B91BB68518B4F0EB",".git"
".git\objects\ec\0b4299e42b922e945ec5b84cbc11a1a577bea1","1298","54F23677F12D61BF7331278DCCB2BB1FA40D070FEC6AA477B654CDEED3D3DC78",".git"
".git\objects\ec\3208d3579de5200cd1fe9c5a87f3607a08cdc1","412","6646F8A04C98055010E81FE9BE32B0D03DBC5487A4F99D1F9231076127323C98",".git"
".git\objects\ec\4483b6cc508a804592de465220907c129a2157","78","7512F94DB1F0B61B2789AE453DA24422F2BC54785C48E5637909AA5E594F6BCD",".git"
".git\objects\ec\7557292c2b8973c1a42880c588bce6048e2021","1346","A0D4E8CAD18F130173B240C53A2CF6B96F9E334CEE7CFAAE33E01D26859AE457",".git"
".git\objects\ec\8a4134480ee702bb85bdb4c9a912e0a4bc525e","1887","17CA133281D8F6147C011DD0BA80B8CC349B4769CF3D1F0FF16A493FBB3772A3",".git"
".git\objects\ec\a0963df9ee43407779d78472a1822e8d835d77","143","881AD7CC8856715B5E26BD89514F771A7312FA8AC131B101FB700E510D573E40",".git"
".git\objects\ec\bd31211332da7af5c4bac117573f50111888f8","574","46777511EB571E0B854E51BF28E600874BA0FBEAB33F34D26AEF557AEC6C5636",".git"
".git\objects\ec\d0e51160a86b4c43529be7f1ad2f0830e70ed0","443","8E69AE34730DA44B7E70019B08E70043D88463FE66CDB82F437E1ED819A79533",".git"
".git\objects\ec\ef596745ba00ab8a2f7bb20e83027e1efe55dc","699","E88FF35ECB98775C91B8EAAD6EE07F6C259F81A1AF8952DFB038BA7718C05B02",".git"
".git\objects\ec\f9a535081f055001725b694f6ca511510aed0a","74","A6FAAC4A5345C1563835B6F17686E40134D3306DD34114973A3ED389148337C9",".git"
".git\objects\ed\0c75be97280246eea48815354585ae7a272d90","185","5C25FF99F7E2EABACE26B3D22F3E5D229C08321D62EB6F432DD6B521F889393C",".git"
".git\objects\ed\1c512b34a47ec8d3c4e01959d50b8314e3053d","298","6458D008650D4B27C374CF10887ABB3B7137E7C1A902F24EC63F945907E50F35",".git"
".git\objects\ed\3cd103cbfff1501823533852bbb14d7ce1575a","152","9AF311DAB441ADA7A3923C140064CB66E0D5FC30086E479AFEE75ED12BD2AF0A",".git"
".git\objects\ed\3f34e4eab892b66812983f96767e4e1ff0c85b","350","7934551C41544A9D226095AC87168279635F119C03BF02557A465868CF0FF148",".git"
".git\objects\ed\85d2354df21af31c0b00fc37756e1c6149b33c","1069","915968FA5DE0084BE949E5EF8005B4B20A484CAAB89779D5A5C228D4DAFC7218",".git"
".git\objects\ed\a9945998ba81d9d5bc1d9b7b72c92a80c47cfa","1854","40C14BFCFA9D34D87030B3FB9BC73827660582CA77F002FC2D016F2FD714E45A",".git"
".git\objects\ed\b1497148768f3777a4b7c0c19bc9971bf572bd","1807","235804F47B4C381F7FF761975D5955620F0D88679745ECEF22D988CFADFA57D1",".git"
".git\objects\ed\bd952f56f29c47aca479528aafb5d00358e66c","125","0CC200F958E85C616BD587247FEEADC3204579B80B6D9B1EE7B5D0782B783489",".git"
".git\objects\ed\cb06d4053d112b8f50a941618c80d59d8798dd","855","1D2A024977C933059D42F3D27EA3726BA05FDCCFDA2384973E987A2F739512A8",".git"
".git\objects\ee\0fa209ff0daeede2b54b619aead5d56d5891ee","399","1EC1F2173C9D14D0C01B6DC7B8EB616DE1F6FB2456EF8DE19AC7AD29D78C1FAF",".git"
".git\objects\ee\180facf9dc9769827a76581c4f1c63f720b42d","158","6A481A62EF8BB073213DB5850B85ABBD9BC091BE7B852247ACFAA24B527D4B95",".git"
".git\objects\ee\31eac5a74cfddc3536169e8871b150f3dc8a3c","1280","FAD086D5B8E6833B172F3E912CD8F5E2BBD6038B154360DDF35F2E6D93E2DE2A",".git"
".git\objects\ee\7a38a5ee833c67f990c8d0857c54ccc7d35b3c","132","FB8FE25F09FD2D2DCA05895D66B5C9A58A2F496C75AA96FACA368965F0612F01",".git"
".git\objects\ee\9c49304d7bf3ec00c90085d5bb2426cb6480e1","247","14FAEDA980F7422BE2EF012BB81DDCF63480B3301C13B127A663C82328F6429B",".git"
".git\objects\ee\a37d82d75a8fe0a3967c2bed9c53db5bf633a6","1478","63408F82740F5C3AB6D368773A43BE0A193EAF09F6D48B3CD868D7759AAFB2D7",".git"
".git\objects\ee\b559e61f3d763278a88428ac0c32e991704ef3","254","0F0693E14E8F9772D0B3C3DA8A899E8A6B63A9654DE964F3C159E0BA0A324FF6",".git"
".git\objects\ee\ed7449f6dc3a6863e45e01423ba50c433aebe8","23424","CB565A8D6BC5C25DF65116023C736088F278F8A01112EA5743DD59E3E906F37B",".git"
".git\objects\ef\3b326de709efbbb3ba389e391949985266be2e","563","EEC1C6496245D1DD11E043FF4C9E780F352A856BF6923712FBF23ED680072BBB",".git"
".git\objects\ef\4700177f0dceef76202c5611f4260a0cf749e9","56","055114F6A2D8B49D698C0965800EF3CA02577B4D0768B4007E3F5D2EE57DF61A",".git"
".git\objects\ef\5df1b2dc3d720c0f2c2013f49b7ccf208d89cb","30205","2A03121098CA1237FC8EE362A893DEFE1E6313A5B9A5FE39223554C59ABF0371",".git"
".git\objects\ef\7fa91cc0c499549942905cba8b9d6ed9d80a47","677","B6248B5DE833189DA663C45E6FB14E7BD549A3EA49F86B00639A578B121BDDB3",".git"
".git\objects\ef\9374b6ec9f91776bb31c8dffb87d16a3057aac","662","73B29FA171ECFCE49F27D11A6B7BB4AEC12DC8F882F64952457962FAF9302772",".git"
".git\objects\ef\9ca96c8a4b4c50c5e1742c5390302568179a7a","3408","8A40C90F0A136BDAB2ED1B941312733FB5FE8D66AB668A3A1575B26A23B5CE5B",".git"
".git\objects\ef\be5aeb82f3693ae55e8a6c2a3b80b7f63539ef","359","7E3C5F507A05AF02DB203BBDB4BE30D46B90BCE310EB2810EA0CC1D488FB85DD",".git"
".git\objects\ef\d1fa15d8adac34d4d4140b0eb4792d2d5ade0a","4352","E6520CABAADCBC941BC048B8E0E43FC39A7243FF6169497793FCB18ED1063C79",".git"
".git\objects\ef\e387f7594f3bc013080a6b686ac477701c5612","634","F6593EA120175D6458C7B1505E16A04A31AD658AA2784A465A8F4C737C424A81",".git"
".git\objects\ef\fa1aa82ac9df41a7bd6780db44fb44a3c6997d","288","08A5ED24A9FB26CAA29DDEAB7D2BB9601D98173A8C41E9087CC42988FCD5FA29",".git"
".git\objects\ef\ff125bea907c303eacf457eb76a62eb68dc7a1","382","B0D0B22D948FF590D02046A5259E39D46264F1E08CE7575DA7CB92EC40C09727",".git"
".git\objects\f0\0b3c7846b590aff374a4711a63776d3808faf3","944","AC26746ACBD314EAEC5A77F5F60D4BC9E7ED29C03EC0E4AD33DA2FD755F6B537",".git"
".git\objects\f0\5915d75a81636c33385fe80d1c2c1c0ba2d319","240","5E869EF0EE6AF212F839E61615F96F51A1D7442172948D4C80502CA1AB7C3D07",".git"
".git\objects\f0\640854e9e6d36f2f9b8537f98da994c286d3a3","2535","36CF8899271AA9777EC2F16C30FB7A89DA13EED42E8FA0F8864D8F96B0CA172A",".git"
".git\objects\f0\b09526b97295113b1e44e70e070073f649627e","122","E799FE47DB3BE4775C656B8BC7EEF2B7EE334D0E0B75366EB3B89D3B5B49EB13",".git"
".git\objects\f0\f9b6325021f3014e25288894cf5168d8bad344","1165","9897785983C1A91AC1077E18FD595C92E79191717065C96919355615BECD3BA6",".git"
".git\objects\f1\18547a454c104524e7777af69087d4a128ea50","543","E1F04729BC8C9F3E3D43666DD31156CC3FE57947601D6A64C3414DA6757D93F5",".git"
".git\objects\f1\bdc713d3a880a02defb3492d77239156a74b01","193","079BF09EE30C0DDCBED4E2475387EF554C8658C1EEFAC69A477C7B2EB79966A2",".git"
".git\objects\f2\466e0a4f7e98280db2791bd17e261105aaae6e","5925","CA582E9541EC47BE7E698748F4A15C43B9AD5885201AE1016318B13AB5CB70F0",".git"
".git\objects\f2\4b53bdc4b01cd15e1e96cbf830f70a0dc8c336","1719","B1E3B1AEEB7BEB2190A2A98A87A6F614AEF31301B1D460EE349CA1A4F966DE1C",".git"
".git\objects\f2\81532b35e10ea98c39c76533bb6d2c8b79a4cd","253","7CAC78A48B38C859589C6B87A2D6711F50DE0E8DBC404821A2739428F2D22266",".git"
".git\objects\f2\a8117622d0c9e61471bece81b10fc70809b863","739","21855ED5BFC10AAAAF9C2C9A03F312A237170770B4AE93FF3BDBBA5380D3617E",".git"
".git\objects\f3\140da174147783ddf6b019336e45f701cd7d64","1384","0D7D8B1641EAB6CAA7CEDE41C4C8C8A193E05F7760A1502A16A4D8F9F67F4D1B",".git"
".git\objects\f3\5a09467b9de1c480488605578dfbfb0dd34c02","7420","DAC2E3CED3BADFE91E648720059399811779468930553C85C8CFBB0A4381EF2B",".git"
".git\objects\f3\6bfdad600824a8141a19c108d21e57df70b98e","120","DC9CED1BB6DCA25BDCE70A635F82B2728227EAA2ED79FD71113B285B1E523FD1",".git"
".git\objects\f4\0addb36bba230b16ba1b68c0cbdd875b5ec359","199","BDD32D5BE9B12EC04FBB1C21910BE1450A2CB433BA6A4EE947C8872C0D59E1D4",".git"
".git\objects\f4\0efbc3b31c7fd1338378f25a270b9a644fea78","190","419E6FCFB96275C99427FAA36CFF2B5D700F5A9C947112C6632041D14ECD8E05",".git"
".git\objects\f4\96808d6cdfff7fd479e17248d650f8552b3060","368","713AACF9719EF6B7A618EBDE10CC4BF8E18FB26D8A2510686A65F46777046773",".git"
".git\objects\f4\adea4a8645261469b1300c53dd921fe0a535c0","742","EEBED548B976493FCFB7380E6B19A9A420F6F60F30E61D55B208C8480955B39F",".git"
".git\objects\f5\20521eafc9f863e3bc0ab81b50453bcbc419f0","27057","1F312DF66840F703F6EFC3FA40CA7C97B35DE120E53011144414E0B1F522C126",".git"
".git\objects\f5\2dab237953052d6a30474f0b20e4bd61eccec1","641","EAA8CC92F1B066BCBE574B22338CFAE025562CDFB9EF796C64FB4AF8CB082891",".git"
".git\objects\f5\305bffaf11e0cc4b8f8a0edc53a04b875ac685","817","85A3FE617BEB0BC41B5E46AAFC362778AFB93CCCC4A76EBF59065D013B799B77",".git"
".git\objects\f5\62e2d30943a182f504df27f1b6fbeb38512c46","656","C0DBFE188D5522B96A613AFAEEDF9C70F9F6C2A59BA9A35ACB45A3FD5D8C6FF0",".git"
".git\objects\f5\a21f3d297749c904150763747210476f6acd96","49","89E0621839B2222CD650A8B768B37FFB16D471E4454AC931B96D2A38350768D1",".git"
".git\objects\f5\b690064b2b1c61b62c1afdcc31480b64a6e2be","354","B3A6E6778DA1F2BC543684A8D42BD06F52BC70442EF59ED6E278C86877F807BE",".git"
".git\objects\f5\b7b5c68cb5bbfe40c4c0680cb80907fd4dafbe","143","9B1E98014A097CB5C789F8DE54AE2977125ABA0DFEAC9D6EE6BBDDF4C23C4B27",".git"
".git\objects\f6\05d31be0a159cd0af773cb2bef0f7566bd600f","210","B7B61299FC4E7318296BF6E90259D2A1379779186AD1E66321619FF1C8A4F4C6",".git"
".git\objects\f6\0f3592c194e4603a02ffed31597f1127990dbb","729","C67001F4B93B9CB55EA0398EED3F51B74C61CE3EA9292BBBED12FDABC71BCAAF",".git"
".git\objects\f6\105525bf3afb21517ab03160e477f02ede2f0e","70","050CAC76866EAFE42E71071F25395A44C266443BFC954951B40753DE7DAD4183",".git"
".git\objects\f6\51a4ab4b694f94bc9f1effe8f3aa8d6c3b4d94","461","93728E3F97439E8B14EF111045CF21F1173EC1A9E4C2B4983A80B98C16D16E51",".git"
".git\objects\f6\cefa9e3ca2790423a2da036e5e94c3b6fad6dc","209","3D009779041E7DD158D37BB28761F1CB1C5BB7474D5651EB6EC7FF588DF4EC78",".git"
".git\objects\f7\50bf85b7757d6fabe84c1364edd51467568543","204","09540CB31E6AF17F5A6D70DBBB77EDD9F0623DA49AAF0DCD643A60C43C4E280B",".git"
".git\objects\f7\8f3a97614dcb819e9d5e8f10d0436152709beb","209","E36C173DB53AA250BBB50FECE6895E475C0F8726D7EE2C29597977D68D6B1F84",".git"
".git\objects\f8\0654c722c61cb9a670069dc236f0b95005cc8d","9374","F491EA76A92D4FB9C9F040B1FAE2A1FE2D1E7F63F5E8AA8208D3210641032FFD",".git"
".git\objects\f8\0e487111c8bb55096b225bfcd8245c7f5ab522","283","0BABD9C5E508D3E7308C9F7B488C673CA7FE77DDBCD65D9E168513D1814F8FC3",".git"
".git\objects\f8\23d12be572fe5f7a2c0ed3c325d28c48a5c9aa","6142","A3447CFFDF732F8A7BA545DB1BFC5A3F5133B1BC9B1C83A01AF34C92248F8F13",".git"
".git\objects\f8\354e9eed6c12bad20179d8e8714d93f0a64854","27158","F02653F5D260D44DFCB3A7A97C84DB1C3F15FC2B664C4ADD5AAEE5D77F87B6E1",".git"
".git\objects\f8\6413b70a93dacc7d3c68260c80983ff044ed79","184","902B8E7777CDFD7B07E9953448E30055B9630A03BEAD478B1A7AF66CEB9C77D3",".git"
".git\objects\f8\720f8be8d2a8374e7f8cc41fddb0022c31bb37","464","D5FAEC1F589623B7E15E205B265735138F4C9B50584C91FFF831A33E6AA39FCC",".git"
".git\objects\f8\97603b684811d877385f51830391978414a0b0","558","C822E8CE99086BC5911F773942EC1BD88AD7D9B80AFE22C5C3FC222FC6071E32",".git"
".git\objects\f8\b7e2f4a9425c0af53751287a9f3d3dbbd10cf3","5405","8EADA74856D70690E3889E40E40A5CD2F57F035BBF3AB6D2FBA88FCD0891BC17",".git"
".git\objects\f8\cdaa7c992c720bd24a913a5881d76f061fbdb6","296","19343EDC62DE3D2B66BA25A8E8FCDAE6B7BE7132FBB3C8AB7C627A4FB7DDDC75",".git"
".git\objects\f8\f330ab295a341b304e141452b38fc7c41c5e80","1115","5AA086C9DEC61E9D353ECD4AC6EE6B11E4561D1156CFACA1C14ECC927B9C90D3",".git"
".git\objects\f9\939a83a38a028cd841f165518bc0921d4a8449","371","01C79FD261B157F440C17C36776D72A72F8EA86A4855CA1A626ACE7F94BBD970",".git"
".git\objects\f9\a479cecee76852cb836a4bea75c92d3cb13b74","299","FAD73EC78E56FE310B7A7F380E3845366205F24E742BF085DEFE56BFCEDDC6A1",".git"
".git\objects\f9\ad1ffd34ac9812fc351437b311fdd770b77e24","2149","077B35C9CF259BD4E361AD1FFE9A706956B78EF6D0682090EE0E1AAEE0E6493A",".git"
".git\objects\f9\b04a5f5a0f53d69f70fda1436284378835223a","669","B3F936342174DF935DA5FDC048AE6007395170EBD3933B02B7538518B3AEB41E",".git"
".git\objects\f9\bed5e1ed2ead01943212593866730c7607ac98","475","AB401038BE242B6493C461237B42AB333C79BD0E49732754950675EE781B9608",".git"
".git\objects\f9\e860c4d02a258506282032c96ecf27f28bcda6","11722","B02AF8EC18E3A4C43FA60F9B5C80D9CEA3A8C2C3B7A109CA10B38F2B287A24AF",".git"
".git\objects\fa\186dce12585af6babf2b167ca29e8793dee9da","475","1902C63B8418E419F07EF01AEA089BB93E373B07E65EC393A1D653F3E8CC74C2",".git"
".git\objects\fa\2ee0f27ae364c1b92577e5c3e65752f851827c","1211","BF6562C80CF2B41199D1792FF3CCCA06F6CDDB3BAC1D380EE0A847C9F7A32D12",".git"
".git\objects\fa\37632723d1843c8d3f45c2ffe9097bab31a66c","148","CB559F404E6882DC57A60B8362270D8F5F0070EE93867B91AC524F4CA4788461",".git"
".git\objects\fa\48fd7a6364da23fd0ae0e40dbaf10ed122ace8","70","007168C3559BCDEAEF899976694142266E78061D1992E2923134F8D1C368B428",".git"
".git\objects\fa\7862ab7e41eb6992ea93face17b57ea8b36614","5001","655480E6E80F09D93BB5A01E6E1BAF76302786FC9C7E9BC119B245C8281E573E",".git"
".git\objects\fa\dc1babe8eed66dd16148b453e3e3b7b44668f9","143","AF823159DCAC4E2C49B0424B122EB6ECB7D0A4DA6E81F1FF000E37E2C93465D6",".git"
".git\objects\fb\5e7d439f618b1e78f80be28e3e402c56287cd9","370","145A981FC2F230F39EB451BC3284377C3E821EB97ACE8DA40C787E0B267B63E4",".git"
".git\objects\fb\629bc0cb1696d36f762ff8261bf2a25e1bc9e0","277","7A3219EAC9C3F984F27C28850BC416BFB64CA80378738CF7DDBAA96BC66A2F4F",".git"
".git\objects\fb\ad61b4fc16d50566a720ef5d25d1d31685b85b","2958","C7E363E0184E46DFF6719FED3FD482884F6DCECB4718B1585380919DC5A20500",".git"
".git\objects\fb\db34459f36613673ee2739900030fe388f3b37","1087","F751FE79BA66080840C7863697043218773D55836FCDFE309642A0136B0B9556",".git"
".git\objects\fc\1e0b716775e35169dd85723abd141a1224a3d5","2213","9FA556177D6338C061B8169C2524DA90FF2D1CAB24D899FFA2A472F73F3848C1",".git"
".git\objects\fc\6c4bf3e9e1ca2ce8eaf119b9c2c5425f9f2e61","193","589CD94BBCCBB15B68296AB2EC161D5540544EC797170B3428A65230653A43C9",".git"
".git\objects\fc\70812e9578730932ad9fd78da59880f8aa2fe6","209","4DD9318FA169682A5FD933E787011DB0C2542D44C41125F66ACEB50761A8FD66",".git"
".git\objects\fc\8d6150306182fd6395fb15f96affb313dcc74b","150","7D01B8A84F5530FDA952CCB0730754C0A7F0AF188FBF7FF63397FB9BF09AF7B4",".git"
".git\objects\fc\8ee9a14ebd3db2704735e54b573bd44ab58088","159","035F9137C092DAF5314E7629EBEBA2CCC1ADF3719E90D3DC4551BC98B2E057C8",".git"
".git\objects\fc\9fa9f9afb1089862b2effee009026315c05aca","200","0990456F31E3115F46D042030E0C1D4E7079DF1E5579643ECFC4BE96AF08B865",".git"
".git\objects\fc\ab8a6f3245e9ea650e4e87d0cffe91ca22c527","284","974B9F8148DAC1679D6088E0914660DC4A5B76A1F42C8086C6CCB18B999EC06C",".git"
".git\objects\fd\0d2da47bebc3619b0f7fa3d4d3dce1fa775baa","187","DF5894A2C735933BEE131C2C0A16B72660D73531FBB96D452AF5DAAD52C8F7AC",".git"
".git\objects\fd\1653e442e1ee28685107d1d75a894e99f108d7","56","BB40CE3E0DA0A4745E5AB4DC38F41637DA6D8107E665EA0E0C24D16A343CD7B2",".git"
".git\objects\fd\3e2da74c5cc3a6566263df6f1e348ad161fed2","2485","C784F4E3BDBDD37C31897796B9D1F4004706C0381992A5C78E5E8730A0721BCF",".git"
".git\objects\fd\68a5b3ee568f05e9d49b3115e938717bdef657","187","A6B305B9ECC9D1F31A546972447DBDBCCA4DF4A880FDAA9C96D7D02188EFBE86",".git"
".git\objects\fd\abe83f20bdd602b82e4a52be9ef84904ad2698","1128","F7BFF3BEC8C7312EA976CDEFFCC1BFB0CDE3CD750FC1FD232B781EF273A3AC83",".git"
".git\objects\fd\c4e9dce1a52737012d94baa46f4c83b196051f","399","8ACB7C750A896A59A1E44C5AA94C4895867C0675D0D72616650643808141CF2A",".git"
".git\objects\fd\d824b7ebd1c730f29f23c24bc934cc897add4c","1170","17EA249ADF3BD5ECF933A674675697CD4D6B27D77321B22ED5B1D79A357A72C1",".git"
".git\objects\fd\ed4e165d17a11ff5832ab98ab7424f579fcd7f","365","2892BD2BAF83AF38378A7A7E7DCF8579985DEF79B8A0E4A57D448FD3B39DADB6",".git"
".git\objects\fd\fe09be66b67efa91fa7279321e2f3a204a5229","27283","F145AC7DEDDA56AE78C1D552C8052A2DCA31131C4EE82CB5FA49D6C79C60A62C",".git"
".git\objects\fe\2f5161c1a2ccffa057b6763839abfa030d4585","237","DF15AA90C413328612610C449DACA706834974AF843D5037C569E39EE29BFDC3",".git"
".git\objects\fe\eb8cefecc39e77c921a2db0c84c96f71641391","673","E955DBC6A4ABC01D13FBAB59952456544D65CE878775F33F71412B70D80A0540",".git"
".git\objects\fe\f0b7b761affbf3fb26adf67433e64d2f828a5f","241","8F92E76F1AEF6689C6893CCFFA6266FBCAEDF94CD430FFBAD79AD0070F82FF4E",".git"
".git\objects\ff\baf4b5c1cb4c9f669e8facbf9ee537da1c3bbb","537","26807EAFD9914A912A20183D8ADBEB702CA3D5DBAC984AE59177579FB274A163",".git"
".git\objects\ff\ee89b653840876c5b4d841c0afbbd75cb7b2e3","474","C47DE64E9E47472220A76D33DF2B127F244454AA1C93846FAD61BD59392A70E3",".git"
".git\refs\heads\master","41","4D124B8015B4EF265AB5515597EB2B08E2D3F074DDB853A70E96726B39E855E3",".git"
".git\refs\tags\admin-pin-physical-pass-2026-09-26","41","A8C227102C2E8F543CDD4E765DC2E45FC4AA9E2040FEC529B0D46DE7BC55C9F9",".git"
".git\refs\tags\google-sheets-archive-before-removal","41","33B0128437099D4CAEF6A291EAFD8F22E5CD71C59B670CF0DC1F2A9E7F729FA3",".git"
".git\refs\tags\hardware-baseline-v1","41","CDAE1CE7436BC67E4916D7A5ACE058A02A304A2C2274FC0251A1EBF2CAE3A581",".git"
".git\refs\tags\line-notifications-v1","41","CFF00DD035769DB2F95DE41272201B9EBFCB94442CFFBD60EF5CA472550131CF",".git"
".git\refs\tags\line-owner-provisioning-v2","41","D855F27F8305D64D15285048FEDDB99590D9DEBB022873CC0F94461724575A48",".git"
".git\refs\tags\line-owner-provisioning-v2-physical","41","6BA744F0FB28281E4E430C8BBB3921798E06C53FEAC9F160F9D048EDAE897BD4",".git"
".git\refs\tags\line-owner-provisioning-v2-tls","41","69CECB2B58B102F27FA00134A42DC3DC38AE4F6376D47FB3D21904A1D74512F0",".git"
".git\refs\tags\phase-1-verified","41","D1B107B61F4E02533627F9D3D6BD8E646BAA0976660BBFBDE1BDE4FD1DB78821",".git"
".git\refs\tags\phase-2-verified","41","24E29001823E4C4DE81BE9594BDB97841AA6BA4F879CCA610A721E1D3B478493",".git"
".git\refs\tags\phase-3-verified","41","E937C9F58879919E2E24B07DC92FE159BA1C1ED2278643699EABFDE6C0351F2F",".git"
".git\refs\tags\phase-4-verified","41","DB7611A2AA277F8671050BA3790A49504C23A2E332497BAB62224B3456325DB6",".git"
".git\refs\tags\phase-5-verified","41","DA4680C9657D6CAE211A97DBDD385ED1E2601F284E47B45703402F0733AFC47F",".git"
".git\refs\tags\smartlock-final-accepted-2026-09-28","41","77FA4B2CBCD10EC771668036FFB3CAC3A141A3957E1F207362C0075946525DF0",".git"
"lib\SmartLockWebServer\library.json","147","05136DA73046C4D30815B3C0E471F559C728D9E6FA2E2CBF3522D3AF5361473B","lib"
"lib\SmartLockWebServer\README.md","877","61D1EEE63FEF5D9FBA09A25BA392E40F6B6DADDBF23C52037F5D0A9103074A61","lib"
"lib\SmartLockWebServer\src\HTTP_Method.h","186","DDCA4D02E7B3159267F862B47E48667494958F253616B3D9FD0F2C1590CC0BF3","lib"
"lib\SmartLockWebServer\src\Parsing.cpp","19524","236F982544972408AF2E2AE5DA4A593D2FCBE729863FB43AF9D4401D035BFE4C","lib"
"lib\SmartLockWebServer\src\Uri.h","706","FAEB1751114A21B46360F02F48F6E52E74BC1B26A44B7524595BE29E71143611","lib"
"lib\SmartLockWebServer\src\WebServer.cpp","22531","357BB0714443B1BCAA7D80BDF2D02B098E4CF9A47667B37DF222B4D6894A9D27","lib"
"lib\SmartLockWebServer\src\WebServer.h","9250","27464E81F258E3AF33C1EC87A1DF0FFEBE8754A9968B250400625F1427446D21","lib"
"lib\SmartLockWebServer\src\detail\mimetable.cpp","1078","A582BCA58C1F491237318A3D8009D837012D0E447BBF0131E79D295933686F3A","lib"
"lib\SmartLockWebServer\src\detail\mimetable.h","436","A74EC2D934DB5530D1417F5CFA0E651B84AD399BE716249DBB9D42D0A6741D90","lib"
"lib\SmartLockWebServer\src\detail\RequestDeadline.h","1716","7912990225600B451A7A0FE69160B1224472A9FD170EF7F5259F04F5D6DBE08D","lib"
"lib\SmartLockWebServer\src\detail\RequestHandler.h","1187","DB5FB8BF6562BE8AE33A34EB59398FBEBBC65B36FEB53DB9EECEA78D23BB7E38","lib"
"lib\SmartLockWebServer\src\detail\RequestHandlersImpl.h","4833","A01869A2F5CC6054516B6D8F8B66495D1A1342B0D52B1D17C26C440715F80228","lib"
"lib\SmartLockWebServer\src\uri\UriBraces.h","2314","914F89B978C43AC9FDFF76DA604851F14D5D51D7CCC50DB109183EC1B3997C23","lib"
"lib\SmartLockWebServer\src\uri\UriGlob.h","565","841C0E3E34ED30B1FB0E4F666C1C5DA82C262BDE3FBDF49CEF9B824F1A92AC27","lib"
"lib\SmartLockWebServer\src\uri\UriRegex.h","1373","CADAF4934DC150D43545F9B22F98B936CD4FA5E6B89E280E2ABE9CA42113C867","lib"
"src\main.cpp","24829","3F0F102A5DFE677771E090B23CAFC3E17300D98C618120EF62DA0D1260B682EC","src"
"src\app\AccessController.cpp","2292","2C8CF06E02D5C371ABF32FDDC4D009AB6AF0B0B404BCCE099CA36A52072DF2EE","src"
"src\app\AccessController.h","847","F9BFF8C908CB35AD65FE2B59046422D23BBCF98F5A53BBEAE51646F82156D941","src"
"src\app\AdminTouchRouter.h","1407","086443CFD1C1BD88DBE50616907257BA1D01A9215905CA01EA5E27895A4D0474","src"
"src\app\AppState.h","194","8A13B252489C9461A93040F710F23F6351DCE299F6D965287D4A15201D4B983A","src"
"src\app\AppStateMachine.cpp","2474","BE067EDDB46FA7854755BE13CE61A5D7CB03F56B13D66BC77C85BF89CE3DAF04","src"
"src\app\AppStateMachine.h","913","6606EE3FC457430A39233A3E365DFCC6795DB017CE27158D51A33F7EB02EBC94","src"
"src\app\EnrollmentManager.cpp","8124","BBB4EB4EACAE0B49C54098DB8C551F3BC92A92B7D5CBF5D1698C05269F9ACA18","src"
"src\app\EnrollmentManager.h","1566","B6B0E8E6E0A8B50C0D4109D6EFC32BE1E77AEB503956B2ED383568184F2534FC","src"
"src\app\FactoryResetController.cpp","4087","FE605FEC0A221AD8E8F2D90AE322C1971192ECC7309FFC91AE09C8DDE6AE5825","src"
"src\app\FactoryResetController.h","994","4F17CA7877E7C9EE8BF7A0FD04623990810CBC71ECF71E95CDF4F5BF6BE091C7","src"
"src\app\FirstOwnerSetup.cpp","3403","EB84B14699A01585AEF89A31310AC333F35A9381F03497B6492499807AD74CF5","src"
"src\app\FirstOwnerSetup.h","1348","FCB6B811DB97F4E6D1871CA3D682B2DFBD1C8458DDA47F795723E037C1A95CE0","src"
"src\app\LocalFallbackTouch.h","1265","7C68272319DDE7869086DD438BC45D6959E81B614568206A7F4E58EB48583C7B","src"
"src\app\PhysicalAdmin.cpp","1605","CF7E61872A33DFBD13F2554B6874F37FE7C286F2811EE6A0AA4C8EFAA4C13740","src"
"src\app\PhysicalAdmin.h","1291","259244F22D1BFF1C3DC96D5E6DB13793A0E5E36660C65B244FD2FB5B0BD173AE","src"
"src\app\RegistrationRecovery.cpp","1198","F725B3BADEEB8BEA0EFA5A6E17EA264CEEB33E72A6F95D85F0A49F305AE92657","src"
"src\app\RegistrationRecovery.h","483","D1B57310CBECC9F6DFBFA9C79740F764C26CFDD9F325F2CC7AC66662D40E6D8A","src"
"src\events\Diagnostics.cpp","2336","552A9730117C63FF61E821925258AB1D40A2B63402F906238967C9E83D6BEEDB","src"
"src\events\Diagnostics.h","100","99BBD816B5EAA6E0755173EDF28FF93CB41EB65A631B3A816478D671F65C0537","src"
"src\events\TimeManager.cpp","941","80D255A9D73D8692A233CC7F91A146B38E52CFF2C116EE209667664FD5CBA0BE","src"
"src\events\TimeManager.h","275","75FE8B49B6F56018C2CC561D6DA39C99AA26499318E3B1B7C0EAEB438A0F06A4","src"
"src\hardware\AdminBitmaps.h","21120","D9F1339DAD2EBB8ED25B0D6153D8C904AA783DD7E53E887EDA5FD8F3CB51F188","src"
"src\hardware\AdminDisplay.cpp","1633","329D52F71C6B260C00CB7AF7D75816CCC3ECCA605BBFF4F0A525D25E44E87B2B","src"
"src\hardware\AdminDisplay.h","129","1D7BBFA1823F773DC8DA0BB53277A0A79A11F7F6601155353672C3D6191E66F5","src"
"src\hardware\DisplayManager.cpp","4167","9BDF21CB3FDE5438EC1FCF224118046C9474DB1118A22C03086522F349888308","src"
"src\hardware\DisplayManager.h","292","2203E401BE6D762EB0A3337A7536BD52A73BFCD9CFBB95C8EFFCB5C7D86DFC8B","src"
"src\hardware\LocalFallbackBitmaps.h","8312","518500D68CA0F90F33D1110642157A08E4E9A95173E0B231645B7220CE2C72A3","src"
"src\hardware\LockController.cpp","1928","0DF22A9B342789F5B072D17FA572253A5F4BB681C1137FB9B2A1E7DC41135913","src"
"src\hardware\LockController.h","769","4B6FC97FAD8632944ABAE19EA5A9EB36B8E9213BC338B95958D883142F7E4B55","src"
"src\hardware\ThaiResetBitmaps.h","21146","DA7AAF233585C6115A9F0955858DE62E06E6EA7153740DEC8777888E20446B4B","src"
"src\hardware\TouchManager.cpp","1237","9E31567C1B1D6DE625737A2552597AFA32BAEB7235C10C709CE2AD390AA1C039","src"
"src\hardware\TouchManager.h","911","CF2D53B5B215F6C2050EE56A343560FAE97B4B10A721B98BBDD5F623C41F4C38","src"
"src\network\CanonicalOrigin.cpp","3033","55E0328E52EC2C1725D1ACC11B059E08014882BDC75633001AB98FA5B1EBDDE7","src"
"src\network\CanonicalOrigin.h","501","2AC56571F5E45C6A44B77F9641A0072573A5949572CDDDF25566D61B1C8666C7","src"
"src\network\CaptivePortal.cpp","267","1908781E12AD9A71066A5311369A92AACD177093864CE2017E5651A22BFD943B","src"
"src\network\CaptivePortal.h","200","B7AA5CDA6CDAC2F19445D2544C688207677CD79B1DE2415EC91200BBB872338A","src"
"src\network\NetworkManager.cpp","10166","1308AF186953AFEBA621F78139014B34798F034A3B3C7387912FAE7C26752111","src"
"src\network\NetworkManager.h","1806","6C50CD58775CED22BC38E3FE67FE206E53EF8FDEF66191230A32B22C2D90977B","src"
"src\network\WebServerManager.cpp","41015","37A874AE9CB8204D468F556DC425DD8E85F4FE90EC4A2A1C9C7317492ADE5A97","src"
"src\network\WebServerManager.h","2562","6133E516937F305A0D4F813AE501631A539B39F34571159F50D479D7ABB1B0B8","src"
"src\notifications\LineNotifications.cpp","35904","C6FC9F8CB7E2422CF06C63ABAC16CAB9FC82E4AD310AAB3E72EBC1702BF0CE96","src"
"src\notifications\LineNotifications.h","1673","B5E6056F8C573ED7087D90A5D4AE0327CB483D7005B8B0BE89E0DF0BD494E161","src"
"src\notifications\LineProtocol.h","3192","44FB04B81DD62E8DB6E46BDC43F761FA13A3F4BA236DA31F95643B8B33FE702B","src"
"src\qr\QrManager.cpp","3437","B82E5C8FC5DFCC1E883CF1541BB906F0EBC6CDD9376088E0279C03D85D045761","src"
"src\qr\QrManager.h","451","ECADEA46A551FFB4F7857F8CBDD1468225003ADAEC423FEA6EC25BE038816819","src"
"src\qr\SessionManager.cpp","3158","494BE06FAFD3357B5C939EEB600F7A43BE4901A70071BC2175C8C77C9A296204","src"
"src\qr\SessionManager.h","1061","CD1D72E8850F20EE5B8FE439676D9A55B6B1DE980D538C4D2B950390BD741411","src"
"src\security\AdminPin.cpp","4032","89651BA62D1050FEF0B77EC43768BEC4F9466E0E6911DB11B02048BD4E7A1CD8","src"
"src\security\AdminPin.h","781","F69B45BC3F0BDC6D4AC8CA941BC0C22A59CE227B48758657764EDA0485790E39","src"
"src\security\RequestPolicy.h","2138","67767C2190FA0F74495C2262F3E708B7AEE657A2BECC5A1BC203268784894475","src"
"src\storage\AtomicFileStore.cpp","4883","5786671099FE15B00FC931613E41E9E9D1184538C101867E259538C1AB55DD4B","src"
"src\storage\AtomicFileStore.h","975","4CAA8E52537D68D8C2647C68F822ED1376A6C63D41266168B448A772CC58A82B","src"
"src\storage\AuthStore.cpp","11157","99C71CD4FC0BDDF8BE0EB5DDE3FF9E4288C78092471A8ABDAEFF9B79C79084A3","src"
"src\storage\AuthStore.h","1428","0F2F80E9618A61E6B82B92E09D86500ADAD276226AAFCF9DB67C0941C58E41AB","src"
"src\storage\ConfigStore.cpp","4319","736D4629B8E323D2D30D907A761D190DD2EB251E6EECB1FE5C9A02D14177DBB4","src"
"src\storage\ConfigStore.h","1090","A78B4BBB04036708EC8C5B0207C054472A7677536F5ED3CCE5A48CA4177F2789","src"
"src\storage\DeviceStore.cpp","4264","C7F0BCFEC7B36E9E2851A4295A22F7193B9372B54DE5557A4F4A734BA0E3ADB7","src"
"src\storage\DeviceStore.h","444","DC083904EF361EB946441B118614FF54D423BBE3AD60C22EB3E2DE8999751CF4","src"
"src\storage\IdentityStore.cpp","9832","78DAD5A6464E43A5D00B864B1402B04C56864E00FA362EEDADE7411166AFFD5B","src"
"src\storage\IdentityStore.h","802","F4699A82FD103AAA8E070AC3A1F4A0A58101B1A7AF917E0A34D67EC4081C14D7","src"
"src\storage\InstallationMetadata.cpp","2277","489034F9525CC5D72A668D5A0C10F86DA928559C5FFB09E23DA0A68DA9E82A0D","src"
"src\storage\InstallationMetadata.h","415","527F94281E6385B8980C63968F9C9B63A4CBF019AB859247A1540DC75B60D7FF","src"
"src\storage\NetworkSecrets.cpp","2253","834FC27B20CB341B9D155135E2C990970D560EED1A37678ED0C910BCDE50B91D","src"
"src\storage\NetworkSecrets.h","488","44EE2AA032BFD5D3E51401581BF698846CDC1AC387C54704FA0C331A2D2E9694","src"
"src\storage\Phase2SelfTest.cpp","6172","77B3FB64147B557EA71E5EDD1CBB6E46AA8A1BA783A340D5AE2470F4BE5B01DA","src"
"src\storage\Phase2SelfTest.h","116","22D3C80B40D17485409417DB3D3496E4590E958C6C7A3B231CE39E644379911F","src"
"src\storage\RecordCodec.cpp","13166","BCF4F9F978645D090E02B6C1ADC4368078C4C1B40A75B4CC97C5566CB7CB576D","src"
"src\storage\RecordCodec.h","2075","F8C712D500E1C6DCE35B89FF07749C944FA24BE323166DD29BE1B5705C8A435A","src"
"src\storage\StaSecrets.cpp","3995","C1437AC25EA39BC95E82ED24EBDBA6292D5CC8ABE0B3D5F31820A1D888E50125","src"
"src\storage\StaSecrets.h","619","C3352DD26B5FF6FDA6E8695DEEB0811C1182D56D86DBA09FD10EC5427CDDA2A4","src"
"src\storage\StorageHealth.cpp","2035","5EB35BA7290FEBE46FEC586CF2DCA2D0AD16D938C2890FDC4D16064B379DCD9B","src"
"src\storage\StorageHealth.h","266","854D4B95A862BBEB2B8D6A090F57263A588580DBDD8E20AB8F78E0371B1DF107","src"
"src\storage\UserStore.cpp","4339","F01E646F58EAD52BE0AD0C2FB4D14668BC3D5BA6C1FF7179E8B8B021743588C6","src"
"src\storage\UserStore.h","438","6A3FF567830759A061129DF7C9E31E2A0FE6C87C7E2A5B32BDDEE93C81256258","src"
"src\web\WebAssets.h","100787","5EA64B2985A0F0584134CF64CC1FF1DE3D01952BD30682956D7005E8457BCB6B","src"
"tests\run_defect_fix_regression.py","2315","D5AE46A7C810AB71D2634DE3F3F7139FF4827F1E74D4B326AF8F43244C9298A8","tests"
"tests\admin\admin_menu_boot_check.py","1484","E1C52B32D3CCD3D4EDF23141215D10D534AABB4ABF406A8B4041BFA629868E70","tests"
"tests\admin\admin_test.cpp","5476","0ABD927C87542A299656DA9910E0232A5FA99FA5427C24DCC3C42B5189CEA4BA","tests"
"tests\admin\admin_transition_test.cpp","7302","1C587FDCF55413507A71EBC4E6F12582EAFE6359D527DA3D1D7D886248DBFA7E","tests"
"tests\admin\cleanup_live_check.py","2662","B81E62961BCAA56843341CBA5CF2960CB4E90257385F91BD3F3368FEA5E5B779","tests"
"tests\admin\cleanup_precheck.py","906","FCB7A191FEBF4978FFD0780F8430EF754B272E9D3CB2D1B347A03BE3F120B889","tests"
"tests\admin\cleanup_ui.test.js","1970","30BDDECABBE67B6764C3714A03C0577F02C11131570891B2BF83BFE64C0208DA","tests"
"tests\admin\line_maintenance_test.py","12607","751167123ED6C7FD54C5D0BB80E11F4E049FBF010B5F50AE11C7A5600B8212A2","tests"
"tests\admin\line_management_browser_test.py","12833","C64352BF4D2239667C1A719E41A632FED633978CEC910F48ACDB42939A06990D","tests"
"tests\admin\live_check.py","1949","5D0AE2EB2982E607D206C01DDFF2FAA7D5895098FC9392E0D253F5F5F1440E54","tests"
"tests\admin\run_admin_tests.py","3926","F0FEA5B3F8B4CEF10F0CC224EC3FC5E2326B64E98B1279E436664F5A1CDEEBA5","tests"
"tests\admin\setup_backend_test.py","5732","82790C14BE656D770F8034C468C784916F53F8C0507A9E4F11BB91E748068F32","tests"
"tests\admin\setup_browser_test.js","3223","CEABC45C50CC41506B81877CFF26A2D6C031A77D42B4B029647F4B9E6A31AB50","tests"
"tests\admin\web_test.js","6492","4718F7FE1D5FCD095E83EE71FB74E34EAACABE7F0781AAD8A6DF21419BBC4663","tests"
"tests\admin\__pycache__\line_management_browser_test.cpython-314.pyc","19922","91547B9ABFD25341C01AD06FF55F97E6C7DCCC7EAB67C2A5F9022A3986F8ECCA","tests"
"tests\archive\event_history\Audit.cpp","11498","1F3B01E2274FEEF79F3D67EF0DCBDB7AA1535C8FF99C47023601158D9ED82CF9","tests"
"tests\archive\event_history\Audit.h","892","79E3E58EEEC1DA2DC1CD8B5994AA3AD973536469E0BC4055668BAF834B6935BD","tests"
"tests\archive\event_history\EventLog.cpp","48444","1D062768167F05CE7FE3E218A1D195F4FA99FF6D53C8F0A53270BB0F6567E62F","tests"
"tests\archive\event_history\EventLog.h","6103","82260295F15F1F389440DB2AEB11404245375EB61A7D3F0B3FCCF76BFB27B65D","tests"
"tests\archive\event_history\README.md","338","A7AFF9C8FC4278597F7BE76BA34B674DF4CB49614210E13D444FBBC3AC3C75A1","tests"
"tests\archive\phase13\phase13_ui.test.js","10680","E8639059BD39445E634C8178786CC9D1AA52CA1EC1F093C01FDBE9D1B4D43A10","tests"
"tests\archive\phase13\README.md","610","402F61F8B0CB520EC1972CE4FAC1553F1A7FC19250DAFBFFCD32A1E84BF763FE","tests"
"tests\archive\phase13\maintenance\generation_store_test.cpp","11589","7185ACA49181CE43F48C0DEC9521A01E3E48C6E8288FB0C081FD44B27AC26D40","tests"
"tests\archive\phase13\maintenance\generation_store_test_fakes.cpp","7897","C046F7C10BB1A06BD96F762473DAADBD10C1432863E3DE62E2DFBA02C2F61D12","tests"
"tests\archive\phase13\maintenance\generation_store_test_support.h","786","7C17BBBFE219A382488B1067C6379A3CFED93649BC75BCB205314F498039B16C","tests"
"tests\archive\phase13\maintenance\ota_manager_test.cpp","14187","D69661442DB8C34D4FAD76672FE04F94944DE3AF656D6EB3C4EBE2B244B53088","tests"
"tests\archive\phase13\maintenance\ota_transfer_test.cpp","9796","52A06A10D82CCD6F4D45C15604B94F8A83C162BCCBF545D259B4BE7EC9018896","tests"
"tests\archive\phase13\maintenance\README.md","3282","A983C31D18F262B435EEE92BA508C67E91FFADDDBB5A0EED70945F1DA9603FAC","tests"
"tests\archive\phase13\maintenance\restore_coordinator_test.cpp","18975","261E417F980B97F61E987DA8EAAC04B54E402EA6BBED57598A21E8CA707B83F0","tests"
"tests\archive\phase13\maintenance\run_generation_store_tests.py","3831","4F06527C1603F4C1823E2E9FE09B712F9D0C4B9B48478AFF0C5E2F69B9B5E97C","tests"
"tests\archive\phase13\maintenance\run_ota_manager_tests.py","5350","4191813AC235362CD373BDB5017139A940D9CE790D566B064E26E1302268B3E8","tests"
"tests\archive\phase13\maintenance\run_ota_tests.py","2913","026172BA67F5A78E3791106079E8643184C694A014A5B5FCD29D9C972AA643A5","tests"
"tests\archive\phase13\maintenance\run_restore_coordinator_tests.py","2937","EC8FE5DD4552992808F482B5C11FBA338659FCDCF8CFFCD044703952BB573E27","tests"
"tests\archive\phase13\maintenance\run_snapshot_validator_tests.py","4096","B3D1EE5B92C9FF812FB89C1F5F0B8BE8B16E25CD1619414174BD0DE85D84395F","tests"
"tests\archive\phase13\maintenance\snapshot_validator_test.cpp","12287","DE2BED80E6EB01021C141690F78A42DE3265DFF8F19E74B0C04F385B61A57EB3","tests"
"tests\archive\phase13\maintenance\mocks\Arduino.h","72","74625DCF71AA1D7EB77B3BB506FDF20381D92B242D1B392444590CD8C2479893","tests"
"tests\archive\phase13\maintenance\mocks\esp_system.h","157","5D1F67260282C288C0213029FC2E0876ED6FE247B1D9F484D3425E6914C85693","tests"
"tests\archive\phase13\maintenance\mocks\Preferences.h","665","2890ED9BAD4F154BEE3C8FEEB92384C9FBF459E8C2B84BDB320299E458CFC391","tests"
"tests\archive\phase13\maintenance\ota_manager_mocks\Arduino.h","294","12AAD824D4072FEA26DA593555E15843A734EEEB142CB3E63CA0D48F209BCFF5","tests"
"tests\archive\phase13\maintenance\ota_manager_mocks\ConfigStore.h","35","6BAEBCCFCE5286E1B7083181B84269F933A47867355737E6E9EE504D25C8A787","tests"
"tests\archive\phase13\maintenance\ota_manager_mocks\EnrollmentManager.h","246","8A02C8B136A902EE6378DF6D09C232A6468BBE3AB54C0D90A7A1E2D3CBE993D2","tests"
"tests\archive\phase13\maintenance\ota_manager_mocks\esp_ota_ops.h","971","FF29763BC7FC8E3AB353E2AE02FECD70DAEAD5A5A957814E5E7528B289669A8D","tests"
"tests\archive\phase13\maintenance\ota_manager_mocks\esp_system.h","93","BC191B09F8F447E4F6CC07ADC605C7614A260DE3B816C81CD6F42804F3AFD1F3","tests"
"tests\archive\phase13\maintenance\ota_manager_mocks\Preferences.h","1212","3143F32A32C284EF07A703AB326DA5B22254F960A3C0EF604F7386A0E85D89D5","tests"
"tests\archive\phase13\maintenance\ota_manager_mocks\SecureBackup.h","619","464718A31229221AC406124A4B8FB56BD01CB57815DA00A0F224F594E8B8DE08","tests"
"tests\archive\phase13\maintenance\ota_manager_mocks\mbedtls\sha256.h","539","1CB6E8C13A5AEBFC71D7F255E79DD8EDBD13CFAA69CE64066D3E8F933C895A39","tests"
"tests\archive\phase13\maintenance\__pycache__\run_restore_coordinator_tests.cpython-314.pyc","5201","9F0811D0EA64138967B62CAB0B89C4B5111522894CD9DE292F0D748B0CE2B0EB","tests"
"tests\archive\phase13\maintenance\__pycache__\run_snapshot_validator_tests.cpython-314.pyc","7383","347E4EC44B04F241C6C4C388FB8305B3A50D8F4701BFFE1154B4EC17A3EB397C","tests"
"tests\events\audit_test.cpp","4561","5094DEE237FEC4BA7F6C572F8747A996EA9BAC82160EFA06EAA1F439362E6C86","tests"
"tests\events\event_log_test.cpp","15242","4065AC297A016379CE6084C928074289317A9DC4BB87F007391B08BBE5AB43C3","tests"
"tests\events\installation_metadata_test.cpp","1063","51D50827075D66ED287A2D576D434022AB23A2121BF8A4C857CA59D34B8962AF","tests"
"tests\events\log_browser_test.js","2099","B67FBE0179C6AD42D97AAB7082E3505F86362D8A77682C8FB819AED4238BBADE","tests"
"tests\events\run_event_log_tests.py","3772","3060921B74029B3749F65B746EC340BEB39E3BA674381BEC4F7C03A735E54C77","tests"
"tests\events\mocks\Arduino.h","659","B3B9E0628E1E9B0B864C361DC48D4805C7EB1761076460B5457DF2271E4BAB6B","tests"
"tests\events\mocks\bootloader_random.h","99","214E5776411D2D1F26006587F7D3B09289E15680E0C71E1366A1CB2AF9005313","tests"
"tests\events\mocks\esp_system.h","104","25A38FB271A0676CE6407BCE6D92709830FFF7A5076C5E2B983B6A7DC952F463","tests"
"tests\events\mocks\esp_wifi.h","201","4EE70F4353B1BFF01DEEDF32304143103D53E4FFDC1521C36678E975AB6A3C25","tests"
"tests\events\mocks\Preferences.h","2292","C25336A65F721556163FE06310609BD1D9CE6C0A4FC18BC0935550E70B4C07F9","tests"
"tests\events\mocks\SD.h","4471","247E3FB0392222CAC7F1EE2BFD025E1BE3F24EED977E5DB94243116F76CAA7FA","tests"
"tests\events\mocks\WiFi.h","168","FDF7989D0F4EEB32FCA7670B978ED87A9D455C367FB4B41D610984EC19679435","tests"
"tests\events\mocks\driver\gpio.h","13","B3ADF106D95B8934F690943F2921308B90BE5B766C4C8BA250C792DE56400201","tests"
"tests\http_deadline\Arduino.h","77","D23B7430FF76B1B180C2DA09EF9926F5B9B8943B8C8AB5FB85946E56855801FF","tests"
"tests\http_deadline\request_deadline_test.cpp","2748","342DB3786AC904F5EF28700153E68E013D590A93EBF8E6B16F68F2E5E1E2DFA5","tests"
"tests\http_deadline\run_http_deadline_tests.py","2686","BE187D3AECB413A9048FA60BF82B8AD1A73D7C3241BD2F64723B35CB2E5AC7DF","tests"
"tests\identity\access_attribution_test.cpp","2961","55448973C88898153EBA481ACFC295DAF6A90753EA8434B99E585C1D8C0DED4A","tests"
"tests\identity\browser_identity.test.js","9345","BA23BB53BCDD6AC97BC4ABAB42B300D82E0DCBC8375968245007C7146999DFE7","tests"
"tests\identity\cleanup_smoke.cpp","4959","7EF1B55B4C707559BE0F3E8CE588DD8BB5B78B51684437B00BDFB8E537466919","tests"
"tests\identity\identity_store_test.cpp","13254","CA428A6DB1C65A595FAED6CA097B30F9D3DC7A6966F113F743E0E4BD567A018A","tests"
"tests\identity\identity_test_fakes.cpp","3590","7F9010885F0EB02AD2C2FE0F60E3ACE6C42959705C0ED3A393DFE8520B151D28","tests"
"tests\identity\identity_test_support.h","1945","D31256431CA63591286E2223DE08C2553F7159DFC65E728E144E5E012A11A2AB","tests"
"tests\identity\management_auth_expiry_test.cpp","4528","696B73816B32159FDBFC7753E23903F1DAC602EABD76731C79A793485685B70B","tests"
"tests\identity\run_identity_tests.py","5079","8A71B8855E9AA834C474A86B4FDFF174DBC94E092455B286269918579DAF92C7","tests"
"tests\identity\session_display_test.cpp","872","24363F91BB338C4E5A131E81493B2709C0003D5FD76CEF246FB3008054359DD1","tests"
"tests\identity\session_display_test_support.h","847","5F46E34870DE487A12522A9272C5F9B2F522A4D878C496DFB36DA46548D92DA0","tests"
"tests\identity\stale_enrollment.test.js","3787","AFF0464CBE6B632F88C8C1E3284AEEDD356C0BBEA6DCEF05F01B6D70A5970C3C","tests"
"tests\identity\mocks\Arduino.h","831","251695BF031695B78CDDAC86D23BD032231DB8E74AF01A1B2C32940F858DC7AC","tests"
"tests\identity\mocks\bootloader_random.h","153","B41826BDC113AC34B5C4D8C8352F6FB70AB3EC21F17580CEE6A66F8C339FF180","tests"
"tests\identity\mocks\esp_system.h","89","5061C0284C937D3A9ED147BA76E5863714CC457D012BFA9895183749420CBB6F","tests"
"tests\identity\mocks\esp_wifi.h","178","D7995581256172AEC7E4B57B8BBB5EBBB4971A07691FA5F515F2128187618AD6","tests"
"tests\identity\mocks\SD.h","3733","F22365124BF4D0CB53958FBA5821850E163C8BBA4BB125B020B8BFE6A17D638B","tests"
"tests\identity\__pycache__\run_identity_tests.cpython-314.pyc","9406","8680C3CF6A9C7188487EC5BC8F0376B223C25D6292E8F7B6B5E748C668861A2C","tests"
"tests\line\line_notifications_host.cpp","13603","8C8BFB3A2A24FE2700BB2AD87F6EF87F16C4011C78E307BC5217BEC9B3661A87","tests"
"tests\line\run_line_tests.py","2599","7306B6219D1825F838A81F1B505D4D25CCC1C9977C89B1082F1655F3CFEA2229","tests"
"tests\line\fakes\Arduino.h","1076","C3D2B508E3E438DCA4DBD4628D653241613E0582188D5B3F7B68AF9E28513DF1","tests"
"tests\line\fakes\esp_heap_caps.h","277","F3E776DB80D0C40D4BE5B0952D30D1D25FDFAAE72019235507D2835B12655EFE","tests"
"tests\line\fakes\esp_system.h","56","DAA615D1917FF878C1B2B450654636848907B10A236CE9C98BA9C3DFF30BF907","tests"
"tests\line\fakes\Preferences.h","500","CA31E7216C25E5D157E04E3A0968C763237E01F88CA0650A2DA2D9E0F1490274","tests"
"tests\line\fakes\strings.h","63","025043734CA3608AA0FDDC3F0CF865F1E2C44C83335EE23EA79D1EB97FB12C2A","tests"
"tests\line\fakes\WiFi.h","13","B3ADF106D95B8934F690943F2921308B90BE5B766C4C8BA250C792DE56400201","tests"
"tests\line\fakes\WiFiClientSecure.h","612","D485F9E68DC324F9367C54846A7F3F8631591040254AF00DF600292F71AFFD4D","tests"
"tests\line\__pycache__\run_line_tests.cpython-314.pyc","5115","28FB18620D2268F46565E4C2EA7BE236EE27C3E283D8A0C98E274B3903ADD258","tests"
"tests\network\canonical_origin_browser_test.py","4335","54FD72200BB72C78471389BF9D50061EA302069B74782835FF5C65F76F72D08A","tests"
"tests\network\canonical_origin_test.cpp","5061","DA6527836197338FF369FCC3488E4656E0249EF0303BCB1AECD28F8AE89CBAA0","tests"
"tests\network\network_manager_test.cpp","17991","B8EA94ACF27D3C2421498A09B88D5E39FDEF69026371DB2BCA31C342DC95ED32","tests"
"tests\network\network_manager_test_fakes.cpp","2205","A5BFB3AFF0C625178C612EEDD8F3210F6C927D9B2EEBDAEC71184A902771AA0F","tests"
"tests\network\network_manager_test_support.h","301","0ED1FA60F589E9E4F0DD10D7C79AA064B419EFB6C48810AFA6021F29276175DB","tests"
"tests\network\README.md","1758","0BD1EFCB1B4FEA1A6164C3CE350BC365615C33B7E89FB5ABA59495EF44AD702B","tests"
"tests\network\run_canonical_origin_tests.py","3749","5B6C0CFEF584EA61A4B6337D89A2D2E12F6797C612AD840FA1B8352BAD21AE67","tests"
"tests\network\run_network_manager_tests.py","4240","7F3F60D8DC69BB69DEDAA5A65AA463D94A60175FF546C36ABD2D12935205AA70","tests"
"tests\network\canonical_origin_mocks\Arduino.h","220","A6A9ACDACAA069DA6DD1328AA13B0DFDEE2A63834223585E500AD2426179DAC1","tests"
"tests\network\canonical_origin_mocks\ESPmDNS.h","280","1797FE39966FEDEA9E5FAC9625B1B3F581CC879A0297795D353F9130D3D4C43F","tests"
"tests\network\canonical_origin_mocks\IPAddress.h","381","3664F35399446D352A833F8900363AE5EA6E2DE7E58924FB6E5B95E0BC67328B","tests"
"tests\network\mocks\Arduino.h","659","FF74384ED49958B0BFB4391F3AC11CC93743ED662B5FE17E351E27B59CDEE406","tests"
"tests\network\mocks\IPAddress.h","698","85D6673151FBB7076397A990975529509D4C3B921CB63C6AC44314E5C592EBD9","tests"
"tests\network\mocks\Preferences.h","36","32F8837693C6EE7BC06C4A9A4D33DC760257691BA88308E0300643BD485AE23B","tests"
"tests\network\mocks\WiFi.h","2509","366CFB09DE0EFFAA04E66C2231E9A0D00451B1516BC24EF52AC319107FDCF535","tests"
"tests\network\__pycache__\run_network_manager_tests.cpython-314.pyc","6529","EBC45B361DFFFD3C5489682247C41437B7DDAD4A88A8C87CF30AD45098CA3141","tests"
"tests\phone2\enroll_browser_test.js","3404","0F168924F74DD15DC183EDACCA6A2350011C70DDA9FFD9DF0ACF689E874D35CE","tests"
"tests\phone2\phone2_test.cpp","19656","7D82E3EC589AFA3DBDD4948DD9C02D1E80EDEF98EEADD5363F748491EBB479C1","tests"
"tests\phone2\phone2_test_base.h","150","AF2990CBE9044867530B3E14FC704B17A65B78C6043CFFD46C14BA1AFEAC6011","tests"
"tests\phone2\phone2_test_fakes.cpp","5022","27EDC3B57C02EDD9F48C3B3E831C25FDAA87F9EE9EA5799BBA8C270DF02EAE87","tests"
"tests\phone2\phone2_test_support.h","2604","71EBA24BEE7C1028741A57EFB249A2F058C5CCA12F3541D696234482238141B9","tests"
"tests\phone2\README.md","1990","4F39FDAF06E14B0ACA197AD8064C03CA40F18335750A4F075F7316947D13C04E","tests"
"tests\phone2\run_phone2_tests.py","4737","DA1FA57367051CC867BE0BD10A2E56162354262AA41725702A8CB482F1636FFA","tests"
"tests\phone2\mocks\Arduino.h","772","957615955AAFE61532D6EA9128106CDBA9614DAAF8564D8C8D934CC30E2D8440","tests"
"tests\registration\authstore_lookup_test.cpp","3561","3C9483DEBE931347F69D242A600DD862B75836566B2CEDEEB9B87F1A36A2D03B","tests"
"tests\registration\authstore_test_support.h","166","ADB8AB009A9A623A9C44FF07155E69829EF430A40D3251CE79986056344CF2BA","tests"
"tests\registration\registration_browser_test.js","18126","40B9B8BB6B737346783EA71CEE8CAD04470F0D8C1785FEC083AE27EF6BE46DB8","tests"
"tests\registration\registration_recovery_test.cpp","2818","85646F387ECBC7CD1BDF5B2A3C0289ED52919A343644257CFABEDA082DEB6EDA","tests"
"tests\registration\run_registration_tests.py","4027","D13FE7D4813BD961CD1B884400CF4CB35B33A06BE58CA6AEB8E297E3975C0F00","tests"
"tests\registration\session_display_test.js","3324","6366A9CCC54CE536AFA113461F3825A2B57B9C9529635FB68F9822E35ED50FE3","tests"
"tests\registration\mocks\Arduino.h","53","A139B078FE622204C87FF232851EB5F125486504191112B226166EBFDA0B90A8","tests"
"tests\registration\mocks\esp_system.h","192","94E067D6095E146C088C8F561AF89B2BB5AEB76133698076678BDD0D95EBCABF","tests"
"tests\registration\mocks\esp_wifi.h","255","4677BD85D9C2AE2888FA48DBFC3CE4E3B8237CF6A8EAC468EAA0CC33B5EE32E3","tests"
"tests\registration\mocks\mbedtls\sha256.h","180","4805222EC277EE35008D61D4B945F0B2AC38E7608E2EAC864E4CAF00E6014D69","tests"
"tests\registration\__pycache__\run_registration_tests.cpython-314.pyc","7503","8CC5F3DED602D85CF0797D3305A9B9A2ED01169C70F3DB75162738C5E3FAF631","tests"
"tests\security\live_http_negative.py","2225","1C28E8B54A052DCEB6CB8A89E983B39C61410380473EB7835DFB8721E27AF5EA","tests"
"tests\security\README.md","1659","14A97D1B5DAA50E2FC67583138458630D0A3FA624486D7569984FC0AECE6AA57","tests"
"tests\security\request_policy_test.cpp","3530","10C2AFCA1CD3E61F19B332F59B02DC91F618A5B0C53F87F774C90BF3D9AA70AA","tests"
"tests\security\run_security_policy_tests.py","5587","99594D3D6D14A511446B4A3E3524BE732EB0AEC5CE71CFBF6ACB1CDCC331A474","tests"
"tests\security\__pycache__\run_security_policy_tests.cpython-314.pyc","8200","E5849547EDC623E8B0A1E3557FE6E241593B87399875D4349ACD9F110C12621C","tests"
"tests\touch\run_touch_state_tests.py","1220","FDE0C3263750DFB91EE32FBA1BA9F2260C98E95FDD797076C601E1571637342C","tests"
"tests\touch\touch_state_test.cpp","2137","9B28575814A62F186DE73CC3B53F4EBFC9541365510CC8A0D05FEB3D30041C66","tests"
"tests\touch\mocks\TFT_eSPI.h","163","82B81CDC8CEB6BDA3F1A4FF0620A19C04703E91034E1F894346F6067A58BC846","tests"
"tests\__pycache__\run_defect_fix_regression.cpython-314.pyc","3908","2E971DA098CA2FD4AE1D66E4F68E261B4E3D2FEFE2C61E51913CB4B128566A2D","tests"
